"Station","Species","DateTimeOriginal","Date","Time","delta.time.secs","delta.time.mins","delta.time.hours","delta.time.days","Directory","FileName","metadata_Species","n_images","HierarchicalSubject"
"af1","Bird",2025-09-06 19:32:09,2025-09-07,"19:32:09",0,0,0,0,"E:/alexfraser_tagged/af1_nov1/101RECNX","RCNX0655.JPG","Bird",3,"Species|Bird"
"af1","Bird",2025-09-07 06:59:04,2025-09-07,"06:59:04",41203,686.7,11.4,0.5,"E:/alexfraser_tagged/af1_nov1/101RECNX","RCNX0658.JPG","Bird",5,"Species|Bird"
"af1","Bird",2025-09-16 08:47:43,2025-09-16,"08:47:43",784115,13068.6,217.8,9.1,"E:/alexfraser_tagged/af1_nov1/101RECNX","RCNX0665.JPG","Bird",4,"Species|Bird"
"af1","Bird",2025-10-03 14:30:12,2025-10-03,"14:30:12",1489320,24822,413.7,17.2,"E:/alexfraser_tagged/af1_nov1/101RECNX","RCNX0670.JPG","Bird",8,"Species|Bird"
"af1","Bird",2025-10-12 14:11:35,2025-10-12,"14:11:35",776403,12940,215.7,9,"E:/alexfraser_tagged/af1_nov1/101RECNX","RCNX0681.JPG","Bird",1,"Species|Bird"
"af1","Bird",2025-10-12 14:22:20,2025-10-12,"14:22:20",645,10.8,0.2,0,"E:/alexfraser_tagged/af1_nov1/101RECNX","RCNX0682.JPG","Bird",1,"Species|Bird"
"af1","Black bear",2025-07-23 16:50:05,2025-07-23,"16:50:05",0,0,0,0,"E:/alexfraser_tagged/af1_nov1/101RECNX","RCNX0106.JPG","Black bear",2,"Species|Black bear"
"af1","Black bear",2025-07-30 11:02:36,2025-07-30,"11:02:36",583950,9732.5,162.2,6.8,"E:/alexfraser_tagged/af1_nov1/101RECNX","RCNX0108.JPG","Black bear",1,"Species|Black bear"
"af1","Black bear",2025-08-07 08:23:27,2025-08-07,"08:23:27",681651,11360.9,189.3,7.9,"E:/alexfraser_tagged/af1_nov1/101RECNX","RCNX0109.JPG","Black bear",15,"Species|Black bear"
"af1","Black bear",2025-08-11 09:41:04,2025-08-11,"09:41:04",350030,5833.8,97.2,4,"E:/alexfraser_tagged/af1_nov1/101RECNX","RCNX0129.JPG","Black bear",1,"Species|Black bear"
"af1","Black bear",2025-08-13 12:36:27,2025-08-13,"12:36:27",183323,3055.4,50.9,2.1,"E:/alexfraser_tagged/af1_nov1/101RECNX","RCNX0130.JPG","Black bear",124,"Species|Black bear"
"af1","Black bear",2025-08-16 12:26:18,2025-08-16,"12:26:18",258115,4301.9,71.7,3,"E:/alexfraser_tagged/af1_nov1/101RECNX","RCNX0265.JPG","Black bear",4,"Species|Black bear"
"af1","Black bear",2025-08-20 09:24:47,2025-08-20,"09:24:47",334703,5578.4,93,3.9,"E:/alexfraser_tagged/af1_nov1/101RECNX","RCNX0269.JPG","Black bear",142,"Species|Black bear"
"af1","Black bear",2025-08-21 15:58:45,2025-08-21,"15:58:45",109629,1827.2,30.5,1.3,"E:/alexfraser_tagged/af1_nov1/101RECNX","RCNX0419.JPG","Black bear",95,"Species|Black bear"
"af1","Black bear",2025-08-22 16:30:01,2025-08-22,"16:30:01",87834,1463.9,24.4,1,"E:/alexfraser_tagged/af1_nov1/101RECNX","RCNX0520.JPG","Black bear",39,"Species|Black bear"
"af1","Black bear",2025-08-23 10:35:18,2025-08-23,"10:35:18",64882,1081.4,18,0.8,"E:/alexfraser_tagged/af1_nov1/101RECNX","RCNX0559.JPG","Black bear",24,"Species|Black bear"
"af1","Black bear",2025-08-25 01:59:41,2025-08-25,"01:59:41",141816,2363.6,39.4,1.6,"E:/alexfraser_tagged/af1_nov1/101RECNX","RCNX0583.JPG","Black bear",14,"Species|Black bear"
"af1","Black bear",2025-08-25 02:07:00,2025-08-25,"02:07:00",381,6.3,0.1,0,"E:/alexfraser_tagged/af1_nov1/101RECNX","RCNX0597.JPG","Black bear",1,"Species|Black bear"
"af1","Black bear",2025-08-25 20:14:28,2025-08-26,"20:14:28",65248,1087.5,18.1,0.8,"E:/alexfraser_tagged/af1_nov1/101RECNX","RCNX0598.JPG","Black bear",2,"Species|Black bear"
"af1","Black bear",2025-08-27 05:53:38,2025-08-27,"05:53:38",121148,2019.1,33.7,1.4,"E:/alexfraser_tagged/af1_nov1/101RECNX","RCNX0600.JPG","Black bear",21,"Species|Black bear"
"af1","Black bear",2025-08-27 10:29:50,2025-08-27,"10:29:50",16476,274.6,4.6,0.2,"E:/alexfraser_tagged/af1_nov1/101RECNX","RCNX0624.JPG","Black bear",2,"Species|Black bear"
"af1","Black bear",2025-08-27 17:00:11,2025-08-28,"17:00:11",23420,390.3,6.5,0.3,"E:/alexfraser_tagged/af1_nov1/101RECNX","RCNX0626.JPG","Black bear",5,"Species|Black bear"
"af1","Black bear",2025-09-01 08:12:40,2025-09-01,"08:12:40",400276,6671.3,111.2,4.6,"E:/alexfraser_tagged/af1_nov1/101RECNX","RCNX0637.JPG","Black bear",18,"Species|Black bear"
"af1","Marten",2025-08-29 20:35:55,2025-08-30,"20:35:55",0,0,0,0,"E:/alexfraser_tagged/af1_nov1/101RECNX","RCNX0632.JPG","Marten",4,"Species|Marten"
"af1","Moose",2025-08-11 05:38:32,2025-08-11,"05:38:32",0,0,0,0,"E:/alexfraser_tagged/af1_nov1/101RECNX","RCNX0128.JPG","Moose",1,"Species|Moose"
"af1","Mule deer",2025-07-16 08:35:08,2025-07-16,"08:35:08",0,0,0,0,"E:/alexfraser_tagged/af1_nov1/101RECNX","RCNX0012.JPG","Mule deer",50,"Species|Mule deer"
"af1","Mule deer",2025-07-19 09:30:54,2025-07-19,"09:30:54",262495,4374.9,72.9,3,"E:/alexfraser_tagged/af1_nov1/101RECNX","RCNX0068.JPG","Mule deer",6,"Species|Mule deer"
"af1","Mule deer",2025-07-20 13:33:08,2025-07-20,"13:33:08",100928,1682.1,28,1.2,"E:/alexfraser_tagged/af1_nov1/101RECNX","RCNX0075.JPG","Mule deer",1,"Species|Mule deer"
"af1","Mule deer",2025-07-21 06:01:04,2025-07-21,"06:01:04",59276,987.9,16.5,0.7,"E:/alexfraser_tagged/af1_nov1/101RECNX","RCNX0076.JPG","Mule deer",12,"Species|Mule deer"
"af1","Mule deer",2025-10-27 13:17:27,2025-10-27,"13:17:27",8493371,141556.2,2359.3,98.3,"E:/alexfraser_tagged/af1_nov1/101RECNX","RCNX0686.JPG","Mule deer",1,"Species|Mule deer"
"af1","Mule deer",2025-10-27 15:46:24,2025-10-27,"15:46:24",8937,148.9,2.5,0.1,"E:/alexfraser_tagged/af1_nov1/101RECNX","RCNX0687.JPG","Mule deer",38,"Species|Mule deer"
"af1","Mule deer",2025-10-27 15:54:20,2025-10-27,"15:54:20",375,6.2,0.1,0,"E:/alexfraser_tagged/af1_nov1/101RECNX","RCNX0728.JPG","Mule deer",11,"Species|Mule deer"
"af1","Mule deer",2025-10-27 16:25:11,2025-10-27,"16:25:11",1783,29.7,0.5,0,"E:/alexfraser_tagged/af1_nov1/101RECNX","RCNX0739.JPG","Mule deer",2,"Species|Mule deer"
"af1","Nothing",2025-07-15 09:18:10,2025-07-15,"09:18:10",0,0,0,0,"E:/alexfraser_tagged/af1_nov1/101RECNX","RCNX0001.JPG","Nothing",11,"Species|Nothing"
"af1","Nothing",2025-07-16 08:36:00,2025-07-16,"08:36:00",83816,1396.9,23.3,1,"E:/alexfraser_tagged/af1_nov1/101RECNX","RCNX0066.JPG","Nothing",2,"Species|Nothing"
"af1","Nothing",2025-07-19 09:31:01,2025-07-19,"09:31:01",262500,4375,72.9,3,"E:/alexfraser_tagged/af1_nov1/101RECNX","RCNX0074.JPG","Nothing",1,"Species|Nothing"
"af1","Nothing",2025-08-07 08:27:16,2025-08-07,"08:27:16",1637775,27296.2,454.9,19,"E:/alexfraser_tagged/af1_nov1/101RECNX","RCNX0125.JPG","Nothing",2,"Species|Nothing"
"af1","Nothing",2025-08-14 09:00:10,2025-08-14,"09:00:10",606772,10112.9,168.5,7,"E:/alexfraser_tagged/af1_nov1/101RECNX","RCNX0261.JPG","Nothing",4,"Species|Nothing"
"af1","Nothing",2025-09-10 15:40:56,2025-09-10,"15:40:56",2356843,39280.7,654.7,27.3,"E:/alexfraser_tagged/af1_nov1/101RECNX","RCNX0664.JPG","Nothing",1,"Species|Nothing"
"af1","Nothing",2025-10-06 06:53:12,2025-10-06,"06:53:12",2214736,36912.3,615.2,25.6,"E:/alexfraser_tagged/af1_nov1/101RECNX","RCNX0679.JPG","Nothing",1,"Species|Nothing"
"af1","Nothing",2025-10-08 21:16:39,2025-10-09,"21:16:39",224607,3743.4,62.4,2.6,"E:/alexfraser_tagged/af1_nov1/101RECNX","RCNX0680.JPG","Nothing",1,"Species|Nothing"
"af1","Nothing",2025-10-13 19:03:30,2025-10-14,"19:03:30",424011,7066.9,117.8,4.9,"E:/alexfraser_tagged/af1_nov1/101RECNX","RCNX0683.JPG","Nothing",1,"Species|Nothing"
"af1","Nothing",2025-10-20 23:57:17,2025-10-21,"23:57:17",622427,10373.8,172.9,7.2,"E:/alexfraser_tagged/af1_nov1/101RECNX","RCNX0684.JPG","Nothing",1,"Species|Nothing"
"af1","Nothing",2025-10-23 02:54:25,2025-10-23,"02:54:25",183428,3057.1,51,2.1,"E:/alexfraser_tagged/af1_nov1/101RECNX","RCNX0685.JPG","Nothing",1,"Species|Nothing"
"af1","People",2025-07-15 08:48:12,2025-07-15,"08:48:12",0,0,0,0,"E:/alexfraser_tagged/af1_nov1/100RECNX","RCNX0001.JPG","People",28,"Species|People"
"af1","People",2025-09-10 08:28:51,2025-09-10,"08:28:51",4923597,82060,1367.7,57,"E:/alexfraser_tagged/af1_nov1/101RECNX","RCNX0663.JPG","People",1,"Species|People"
"af1","People",2025-11-01 08:59:15,2025-11-01,"08:59:15",4494624,74910.4,1248.5,52,"E:/alexfraser_tagged/af1_nov1/101RECNX","RCNX0741.JPG","People",37,"Species|People"
"af1","Unknown",2025-07-21 22:20:02,2025-07-22,"22:20:02",0,0,0,0,"E:/alexfraser_tagged/af1_nov1/101RECNX","RCNX0088.JPG","Unknown",18,"Species|Unknown"
"af10","Bird",2025-08-10 15:29:06,2025-08-10,"15:29:06",0,0,0,0,"E:/alexfraser_tagged/af10_nov1/103RECNX","RCNX0018.JPG","Bird",1,"Species|Bird"
"af10","Bird",2025-08-24 09:43:41,2025-08-24,"09:43:41",1188875,19814.6,330.2,13.8,"E:/alexfraser_tagged/af10_nov1/103RECNX","RCNX0145.JPG","Bird",3,"Species|Bird"
"af10","Bird",2025-09-02 12:42:23,2025-09-02,"12:42:23",788309,13138.5,219,9.1,"E:/alexfraser_tagged/af10_nov1/103RECNX","RCNX0232.JPG","Bird",1,"Species|Bird"
"af10","Bird",2025-09-11 13:42:18,2025-09-11,"13:42:18",781195,13019.9,217,9,"E:/alexfraser_tagged/af10_nov1/103RECNX","RCNX0389.JPG","Bird",2,"Species|Bird"
"af10","Bird",2025-09-11 17:19:03,2025-09-12,"17:19:03",13003,216.7,3.6,0.1,"E:/alexfraser_tagged/af10_nov1/103RECNX","RCNX0391.JPG","Bird",1,"Species|Bird"
"af10","Bird",2025-09-19 15:13:33,2025-09-19,"15:13:33",683670,11394.5,189.9,7.9,"E:/alexfraser_tagged/af10_nov1/103RECNX","RCNX0428.JPG","Bird",2,"Species|Bird"
"af10","Bird",2025-09-20 06:51:55,2025-09-20,"06:51:55",56301,938.4,15.6,0.7,"E:/alexfraser_tagged/af10_nov1/103RECNX","RCNX0440.JPG","Bird",2,"Species|Bird"
"af10","Bird",2025-09-22 11:14:28,2025-09-22,"11:14:28",188551,3142.5,52.4,2.2,"E:/alexfraser_tagged/af10_nov1/103RECNX","RCNX0448.JPG","Bird",2,"Species|Bird"
"af10","Bird",2025-10-02 07:17:13,2025-10-02,"07:17:13",849756,14162.6,236,9.8,"E:/alexfraser_tagged/af10_nov1/103RECNX","RCNX0528.JPG","Bird",1,"Species|Bird"
"af10","Bird",2025-10-02 16:58:50,2025-10-02,"16:58:50",34897,581.6,9.7,0.4,"E:/alexfraser_tagged/af10_nov1/103RECNX","RCNX0529.JPG","Bird",1,"Species|Bird"
"af10","Bird",2025-10-02 17:04:05,2025-10-03,"17:04:05",315,5.2,0.1,0,"E:/alexfraser_tagged/af10_nov1/103RECNX","RCNX0530.JPG","Bird",2,"Species|Bird"
"af10","Bird",2025-10-14 18:10:29,2025-10-15,"18:10:29",1040781,17346.3,289.1,12,"E:/alexfraser_tagged/af10_nov1/103RECNX","RCNX0643.JPG","Bird",3,"Species|Bird"
"af10","Bird",2025-10-15 13:51:43,2025-10-15,"13:51:43",70859,1181,19.7,0.8,"E:/alexfraser_tagged/af10_nov1/103RECNX","RCNX0652.JPG","Bird",3,"Species|Bird"
"af10","Bird",2025-10-29 17:07:56,2025-10-30,"17:07:56",1221326,20355.4,339.3,14.1,"E:/alexfraser_tagged/af10_nov1/103RECNX","RCNX0813.JPG","Bird",2,"Species|Bird"
"af10","Flying squirrel",2025-08-17 02:19:40,2025-08-17,"02:19:40",0,0,0,0,"E:/alexfraser_tagged/af10_nov1/103RECNX","RCNX0071.JPG","Flying squirrel",1,"Species|Flying squirrel"
"af10","Mouse",2025-10-08 05:00:01,2025-10-08,"05:00:01",0,0,0,0,"E:/alexfraser_tagged/af10_nov1/103RECNX","RCNX0599.JPG","Mouse",1,"Species|Mouse"
"af10","Mouse",2025-10-27 02:20:35,2025-10-27,"02:20:35",1632034,27200.6,453.3,18.9,"E:/alexfraser_tagged/af10_nov1/103RECNX","RCNX0794.JPG","Mouse",1,"Species|Mouse"
"af10","Mule deer",2025-10-22 08:05:45,2025-10-22,"08:05:45",0,0,0,0,"E:/alexfraser_tagged/af10_nov1/103RECNX","RCNX0699.JPG","Mule deer",12,"Species|Mule deer"
"af10","Mule deer",2025-10-22 08:50:23,2025-10-22,"08:50:23",2649,44.1,0.7,0,"E:/alexfraser_tagged/af10_nov1/103RECNX","RCNX0713.JPG","Mule deer",40,"Species|Mule deer"
"af10","Mule deer",2025-10-22 09:30:13,2025-10-22,"09:30:13",1943,32.4,0.5,0,"E:/alexfraser_tagged/af10_nov1/103RECNX","RCNX0756.JPG","Mule deer",1,"Species|Mule deer"
"af10","Mule deer",2025-10-22 10:35:15,2025-10-22,"10:35:15",3902,65,1.1,0,"E:/alexfraser_tagged/af10_nov1/103RECNX","RCNX0757.JPG","Mule deer",5,"Species|Mule deer"
"af10","Nothing",2025-08-09 18:53:28,2025-08-10,"18:53:28",0,0,0,0,"E:/alexfraser_tagged/af10_nov1/103RECNX","RCNX0011.JPG","Nothing",2,"Species|Nothing"
"af10","Nothing",2025-08-10 12:50:26,2025-08-10,"12:50:26",64617,1077,18,0.8,"E:/alexfraser_tagged/af10_nov1/103RECNX","RCNX0017.JPG","Nothing",1,"Species|Nothing"
"af10","Nothing",2025-08-10 19:32:08,2025-08-11,"19:32:08",24102,401.7,6.7,0.3,"E:/alexfraser_tagged/af10_nov1/103RECNX","RCNX0019.JPG","Nothing",1,"Species|Nothing"
"af10","Nothing",2025-08-12 05:51:18,2025-08-12,"05:51:18",123550,2059.2,34.3,1.4,"E:/alexfraser_tagged/af10_nov1/103RECNX","RCNX0033.JPG","Nothing",1,"Species|Nothing"
"af10","Nothing",2025-08-19 08:25:55,2025-08-19,"08:25:55",614077,10234.6,170.6,7.1,"E:/alexfraser_tagged/af10_nov1/103RECNX","RCNX0076.JPG","Nothing",1,"Species|Nothing"
"af10","Nothing",2025-08-20 18:53:56,2025-08-21,"18:53:56",124081,2068,34.5,1.4,"E:/alexfraser_tagged/af10_nov1/103RECNX","RCNX0079.JPG","Nothing",1,"Species|Nothing"
"af10","Nothing",2025-08-21 09:29:41,2025-08-21,"09:29:41",52545,875.8,14.6,0.6,"E:/alexfraser_tagged/af10_nov1/103RECNX","RCNX0090.JPG","Nothing",1,"Species|Nothing"
"af10","Nothing",2025-08-21 11:47:17,2025-08-21,"11:47:17",8256,137.6,2.3,0.1,"E:/alexfraser_tagged/af10_nov1/103RECNX","RCNX0092.JPG","Nothing",1,"Species|Nothing"
"af10","Nothing",2025-08-21 12:00:24,2025-08-21,"12:00:24",787,13.1,0.2,0,"E:/alexfraser_tagged/af10_nov1/103RECNX","RCNX0093.JPG","Nothing",1,"Species|Nothing"
"af10","Nothing",2025-08-21 14:09:49,2025-08-21,"14:09:49",7765,129.4,2.2,0.1,"E:/alexfraser_tagged/af10_nov1/103RECNX","RCNX0094.JPG","Nothing",1,"Species|Nothing"
"af10","Nothing",2025-08-23 10:26:33,2025-08-23,"10:26:33",159404,2656.7,44.3,1.8,"E:/alexfraser_tagged/af10_nov1/103RECNX","RCNX0125.JPG","Nothing",1,"Species|Nothing"
"af10","Nothing",2025-08-26 07:30:05,2025-08-26,"07:30:05",248612,4143.5,69.1,2.9,"E:/alexfraser_tagged/af10_nov1/103RECNX","RCNX0160.JPG","Nothing",1,"Species|Nothing"
"af10","Nothing",2025-08-28 05:58:02,2025-08-28,"05:58:02",167277,2787.9,46.5,1.9,"E:/alexfraser_tagged/af10_nov1/103RECNX","RCNX0191.JPG","Nothing",1,"Species|Nothing"
"af10","Nothing",2025-08-29 20:18:55,2025-08-30,"20:18:55",138053,2300.9,38.3,1.6,"E:/alexfraser_tagged/af10_nov1/103RECNX","RCNX0194.JPG","Nothing",2,"Species|Nothing"
"af10","Nothing",2025-08-30 00:12:14,2025-08-30,"00:12:14",13998,233.3,3.9,0.2,"E:/alexfraser_tagged/af10_nov1/103RECNX","RCNX0209.JPG","Nothing",1,"Species|Nothing"
"af10","Nothing",2025-08-31 19:46:38,2025-09-01,"19:46:38",156864,2614.4,43.6,1.8,"E:/alexfraser_tagged/af10_nov1/103RECNX","RCNX0220.JPG","Nothing",1,"Species|Nothing"
"af10","Nothing",2025-09-03 00:25:36,2025-09-03,"00:25:36",189538,3159,52.6,2.2,"E:/alexfraser_tagged/af10_nov1/103RECNX","RCNX0235.JPG","Nothing",1,"Species|Nothing"
"af10","Nothing",2025-09-09 06:06:27,2025-09-09,"06:06:27",538851,8980.9,149.7,6.2,"E:/alexfraser_tagged/af10_nov1/103RECNX","RCNX0321.JPG","Nothing",1,"Species|Nothing"
"af10","Nothing",2025-09-09 19:40:01,2025-09-10,"19:40:01",48814,813.6,13.6,0.6,"E:/alexfraser_tagged/af10_nov1/103RECNX","RCNX0322.JPG","Nothing",15,"Species|Nothing"
"af10","Nothing",2025-09-10 00:34:41,2025-09-10,"00:34:41",17538,292.3,4.9,0.2,"E:/alexfraser_tagged/af10_nov1/103RECNX","RCNX0340.JPG","Nothing",2,"Species|Nothing"
"af10","Nothing",2025-09-12 05:20:28,2025-09-12,"05:20:28",189946,3165.8,52.8,2.2,"E:/alexfraser_tagged/af10_nov1/103RECNX","RCNX0393.JPG","Nothing",1,"Species|Nothing"
"af10","Nothing",2025-09-12 10:04:42,2025-09-12,"10:04:42",17054,284.2,4.7,0.2,"E:/alexfraser_tagged/af10_nov1/103RECNX","RCNX0394.JPG","Nothing",3,"Species|Nothing"
"af10","Nothing",2025-09-12 16:41:15,2025-09-12,"16:41:15",23777,396.3,6.6,0.3,"E:/alexfraser_tagged/af10_nov1/103RECNX","RCNX0398.JPG","Nothing",1,"Species|Nothing"
"af10","Nothing",2025-09-14 19:28:45,2025-09-15,"19:28:45",182850,3047.5,50.8,2.1,"E:/alexfraser_tagged/af10_nov1/103RECNX","RCNX0408.JPG","Nothing",1,"Species|Nothing"
"af10","Nothing",2025-09-15 18:26:33,2025-09-16,"18:26:33",82668,1377.8,23,1,"E:/alexfraser_tagged/af10_nov1/103RECNX","RCNX0416.JPG","Nothing",1,"Species|Nothing"
"af10","Nothing",2025-09-16 07:35:24,2025-09-16,"07:35:24",47331,788.9,13.1,0.5,"E:/alexfraser_tagged/af10_nov1/103RECNX","RCNX0418.JPG","Nothing",1,"Species|Nothing"
"af10","Nothing",2025-09-16 11:53:54,2025-09-16,"11:53:54",15510,258.5,4.3,0.2,"E:/alexfraser_tagged/af10_nov1/103RECNX","RCNX0421.JPG","Nothing",1,"Species|Nothing"
"af10","Nothing",2025-09-17 10:28:23,2025-09-17,"10:28:23",81269,1354.5,22.6,0.9,"E:/alexfraser_tagged/af10_nov1/103RECNX","RCNX0422.JPG","Nothing",1,"Species|Nothing"
"af10","Nothing",2025-09-19 02:36:29,2025-09-19,"02:36:29",144486,2408.1,40.1,1.7,"E:/alexfraser_tagged/af10_nov1/103RECNX","RCNX0426.JPG","Nothing",1,"Species|Nothing"
"af10","Nothing",2025-09-19 06:32:52,2025-09-19,"06:32:52",14183,236.4,3.9,0.2,"E:/alexfraser_tagged/af10_nov1/103RECNX","RCNX0427.JPG","Nothing",1,"Species|Nothing"
"af10","Nothing",2025-09-22 11:40:17,2025-09-22,"11:40:17",277645,4627.4,77.1,3.2,"E:/alexfraser_tagged/af10_nov1/103RECNX","RCNX0450.JPG","Nothing",1,"Species|Nothing"
"af10","Nothing",2025-09-24 11:25:07,2025-09-24,"11:25:07",171890,2864.8,47.7,2,"E:/alexfraser_tagged/af10_nov1/103RECNX","RCNX0461.JPG","Nothing",1,"Species|Nothing"
"af10","Nothing",2025-09-25 06:43:36,2025-09-25,"06:43:36",69509,1158.5,19.3,0.8,"E:/alexfraser_tagged/af10_nov1/103RECNX","RCNX0462.JPG","Nothing",1,"Species|Nothing"
"af10","Nothing",2025-09-25 12:22:37,2025-09-25,"12:22:37",20341,339,5.7,0.2,"E:/alexfraser_tagged/af10_nov1/103RECNX","RCNX0463.JPG","Nothing",2,"Species|Nothing"
"af10","Nothing",2025-10-01 14:36:28,2025-10-01,"14:36:28",526429,8773.8,146.2,6.1,"E:/alexfraser_tagged/af10_nov1/103RECNX","RCNX0488.JPG","Nothing",2,"Species|Nothing"
"af10","Nothing",2025-10-03 18:16:07,2025-10-04,"18:16:07",185978,3099.6,51.7,2.2,"E:/alexfraser_tagged/af10_nov1/103RECNX","RCNX0540.JPG","Nothing",1,"Species|Nothing"
"af10","Nothing",2025-10-04 00:42:05,2025-10-04,"00:42:05",23158,386,6.4,0.3,"E:/alexfraser_tagged/af10_nov1/103RECNX","RCNX0541.JPG","Nothing",1,"Species|Nothing"
"af10","Nothing",2025-10-05 02:39:42,2025-10-05,"02:39:42",93457,1557.6,26,1.1,"E:/alexfraser_tagged/af10_nov1/103RECNX","RCNX0559.JPG","Nothing",1,"Species|Nothing"
"af10","Nothing",2025-10-07 07:20:42,2025-10-07,"07:20:42",189660,3161,52.7,2.2,"E:/alexfraser_tagged/af10_nov1/103RECNX","RCNX0584.JPG","Nothing",1,"Species|Nothing"
"af10","Nothing",2025-10-07 09:15:58,2025-10-07,"09:15:58",6916,115.3,1.9,0.1,"E:/alexfraser_tagged/af10_nov1/103RECNX","RCNX0585.JPG","Nothing",2,"Species|Nothing"
"af10","Nothing",2025-10-07 12:34:46,2025-10-07,"12:34:46",11926,198.8,3.3,0.1,"E:/alexfraser_tagged/af10_nov1/103RECNX","RCNX0587.JPG","Nothing",1,"Species|Nothing"
"af10","Nothing",2025-10-08 17:49:30,2025-10-09,"17:49:30",105284,1754.7,29.2,1.2,"E:/alexfraser_tagged/af10_nov1/103RECNX","RCNX0603.JPG","Nothing",1,"Species|Nothing"
"af10","Nothing",2025-10-11 07:12:45,2025-10-11,"07:12:45",220995,3683.2,61.4,2.6,"E:/alexfraser_tagged/af10_nov1/103RECNX","RCNX0624.JPG","Nothing",1,"Species|Nothing"
"af10","Nothing",2025-10-14 09:07:59,2025-10-14,"09:07:59",266114,4435.2,73.9,3.1,"E:/alexfraser_tagged/af10_nov1/103RECNX","RCNX0640.JPG","Nothing",1,"Species|Nothing"
"af10","Nothing",2025-10-16 09:50:24,2025-10-16,"09:50:24",175345,2922.4,48.7,2,"E:/alexfraser_tagged/af10_nov1/103RECNX","RCNX0655.JPG","Nothing",1,"Species|Nothing"
"af10","Nothing",2025-10-16 18:36:26,2025-10-17,"18:36:26",31562,526,8.8,0.4,"E:/alexfraser_tagged/af10_nov1/103RECNX","RCNX0657.JPG","Nothing",1,"Species|Nothing"
"af10","Nothing",2025-10-16 22:58:12,2025-10-17,"22:58:12",15706,261.8,4.4,0.2,"E:/alexfraser_tagged/af10_nov1/103RECNX","RCNX0659.JPG","Nothing",3,"Species|Nothing"
"af10","Nothing",2025-10-18 02:11:13,2025-10-18,"02:11:13",97977,1633,27.2,1.1,"E:/alexfraser_tagged/af10_nov1/103RECNX","RCNX0664.JPG","Nothing",1,"Species|Nothing"
"af10","Nothing",2025-10-19 16:35:24,2025-10-19,"16:35:24",138251,2304.2,38.4,1.6,"E:/alexfraser_tagged/af10_nov1/103RECNX","RCNX0682.JPG","Nothing",1,"Species|Nothing"
"af10","Nothing",2025-10-22 17:01:02,2025-10-23,"17:01:02",260738,4345.6,72.4,3,"E:/alexfraser_tagged/af10_nov1/103RECNX","RCNX0762.JPG","Nothing",1,"Species|Nothing"
"af10","Nothing",2025-10-23 00:25:21,2025-10-23,"00:25:21",26659,444.3,7.4,0.3,"E:/alexfraser_tagged/af10_nov1/103RECNX","RCNX0772.JPG","Nothing",1,"Species|Nothing"
"af10","Nothing",2025-10-28 18:40:24,2025-10-29,"18:40:24",497703,8295,138.2,5.8,"E:/alexfraser_tagged/af10_nov1/103RECNX","RCNX0809.JPG","Nothing",1,"Species|Nothing"
"af10","Nothing",2025-10-30 16:58:59,2025-10-30,"16:58:59",166715,2778.6,46.3,1.9,"E:/alexfraser_tagged/af10_nov1/103RECNX","RCNX0846.JPG","Nothing",1,"Species|Nothing"
"af10","Nothing",2025-10-31 11:56:51,2025-10-31,"11:56:51",68272,1137.9,19,0.8,"E:/alexfraser_tagged/af10_nov1/103RECNX","RCNX0850.JPG","Nothing",1,"Species|Nothing"
"af10","Nothing",2025-10-31 23:58:27,2025-11-01,"23:58:27",43296,721.6,12,0.5,"E:/alexfraser_tagged/af10_nov1/103RECNX","RCNX0857.JPG","Nothing",1,"Species|Nothing"
"af10","Nothing",2025-11-01 08:25:42,2025-11-01,"08:25:42",30435,507.2,8.5,0.4,"E:/alexfraser_tagged/af10_nov1/103RECNX","RCNX0859.JPG","Nothing",1,"Species|Nothing"
"af10","People",2025-08-05 15:43:52,2025-08-05,"15:43:52",0,0,0,0,"E:/alexfraser_tagged/af10_nov1/101RECNX","RCNX0001.JPG","People",50,"Species|People"
"af10","People",2025-11-01 10:57:30,2025-11-01,"10:57:30",7585806,126430.1,2107.2,87.8,"E:/alexfraser_tagged/af10_nov1/103RECNX","RCNX0861.JPG","People",20,"Species|People"
"af10","People",2025-11-01 11:04:35,2025-11-01,"11:04:35",358,6,0.1,0,"E:/alexfraser_tagged/af10_nov1/103RECNX","RCNX0882.JPG","People",16,"Species|People"
"af10","People",2025-11-14 12:21:20,2025-11-14,"12:21:20",1130961,18849.3,314.2,13.1,"E:/alexfraser_tagged/af10_nov1/103RECNX","RCNX0899.JPG","People",2,"Species|People"
"af10","Red squirrel",2025-08-06 08:34:12,2025-08-06,"08:34:12",0,0,0,0,"E:/alexfraser_tagged/af10_nov1/103RECNX","RCNX0001.JPG","Red squirrel",2,"Species|Red squirrel"
"af10","Red squirrel",2025-08-11 09:53:29,2025-08-11,"09:53:29",436756,7279.3,121.3,5.1,"E:/alexfraser_tagged/af10_nov1/103RECNX","RCNX0025.JPG","Red squirrel",1,"Species|Red squirrel"
"af10","Red squirrel",2025-08-12 09:38:21,2025-08-12,"09:38:21",85492,1424.9,23.7,1,"E:/alexfraser_tagged/af10_nov1/103RECNX","RCNX0034.JPG","Red squirrel",1,"Species|Red squirrel"
"af10","Red squirrel",2025-08-13 20:03:01,2025-08-14,"20:03:01",123880,2064.7,34.4,1.4,"E:/alexfraser_tagged/af10_nov1/103RECNX","RCNX0046.JPG","Red squirrel",1,"Species|Red squirrel"
"af10","Red squirrel",2025-08-17 07:09:47,2025-08-17,"07:09:47",299206,4986.8,83.1,3.5,"E:/alexfraser_tagged/af10_nov1/103RECNX","RCNX0072.JPG","Red squirrel",1,"Species|Red squirrel"
"af10","Red squirrel",2025-08-18 09:03:24,2025-08-18,"09:03:24",93217,1553.6,25.9,1.1,"E:/alexfraser_tagged/af10_nov1/103RECNX","RCNX0073.JPG","Red squirrel",1,"Species|Red squirrel"
"af10","Red squirrel",2025-08-18 18:35:57,2025-08-19,"18:35:57",34353,572.5,9.5,0.4,"E:/alexfraser_tagged/af10_nov1/103RECNX","RCNX0074.JPG","Red squirrel",2,"Species|Red squirrel"
"af10","Red squirrel",2025-08-19 09:55:40,2025-08-19,"09:55:40",55181,919.7,15.3,0.6,"E:/alexfraser_tagged/af10_nov1/103RECNX","RCNX0077.JPG","Red squirrel",1,"Species|Red squirrel"
"af10","Red squirrel",2025-08-19 15:57:21,2025-08-19,"15:57:21",21701,361.7,6,0.2,"E:/alexfraser_tagged/af10_nov1/103RECNX","RCNX0078.JPG","Red squirrel",1,"Species|Red squirrel"
"af10","Red squirrel",2025-08-21 07:21:04,2025-08-21,"07:21:04",141823,2363.7,39.4,1.6,"E:/alexfraser_tagged/af10_nov1/103RECNX","RCNX0086.JPG","Red squirrel",4,"Species|Red squirrel"
"af10","Red squirrel",2025-08-21 11:42:37,2025-08-21,"11:42:37",15366,256.1,4.3,0.2,"E:/alexfraser_tagged/af10_nov1/103RECNX","RCNX0091.JPG","Red squirrel",1,"Species|Red squirrel"
"af10","Red squirrel",2025-08-21 14:10:17,2025-08-21,"14:10:17",8860,147.7,2.5,0.1,"E:/alexfraser_tagged/af10_nov1/103RECNX","RCNX0095.JPG","Red squirrel",4,"Species|Red squirrel"
"af10","Red squirrel",2025-08-21 18:47:40,2025-08-22,"18:47:40",16620,277,4.6,0.2,"E:/alexfraser_tagged/af10_nov1/103RECNX","RCNX0099.JPG","Red squirrel",1,"Species|Red squirrel"
"af10","Red squirrel",2025-08-22 18:10:27,2025-08-23,"18:10:27",84167,1402.8,23.4,1,"E:/alexfraser_tagged/af10_nov1/103RECNX","RCNX0119.JPG","Red squirrel",1,"Species|Red squirrel"
"af10","Red squirrel",2025-08-23 05:55:36,2025-08-23,"05:55:36",42309,705.1,11.8,0.5,"E:/alexfraser_tagged/af10_nov1/103RECNX","RCNX0124.JPG","Red squirrel",1,"Species|Red squirrel"
"af10","Red squirrel",2025-08-24 13:05:57,2025-08-24,"13:05:57",112221,1870.3,31.2,1.3,"E:/alexfraser_tagged/af10_nov1/103RECNX","RCNX0148.JPG","Red squirrel",2,"Species|Red squirrel"
"af10","Red squirrel",2025-08-25 08:32:25,2025-08-25,"08:32:25",69947,1165.8,19.4,0.8,"E:/alexfraser_tagged/af10_nov1/103RECNX","RCNX0154.JPG","Red squirrel",1,"Species|Red squirrel"
"af10","Red squirrel",2025-08-27 07:45:02,2025-08-27,"07:45:02",169957,2832.6,47.2,2,"E:/alexfraser_tagged/af10_nov1/103RECNX","RCNX0173.JPG","Red squirrel",1,"Species|Red squirrel"
"af10","Red squirrel",2025-08-30 19:14:13,2025-08-31,"19:14:13",300551,5009.2,83.5,3.5,"E:/alexfraser_tagged/af10_nov1/103RECNX","RCNX0210.JPG","Red squirrel",1,"Species|Red squirrel"
"af10","Red squirrel",2025-08-31 08:36:55,2025-08-31,"08:36:55",48162,802.7,13.4,0.6,"E:/alexfraser_tagged/af10_nov1/103RECNX","RCNX0219.JPG","Red squirrel",1,"Species|Red squirrel"
"af10","Red squirrel",2025-09-10 12:35:58,2025-09-10,"12:35:58",878343,14639,244,10.2,"E:/alexfraser_tagged/af10_nov1/103RECNX","RCNX0377.JPG","Red squirrel",1,"Species|Red squirrel"
"af10","Red squirrel",2025-09-10 17:41:31,2025-09-11,"17:41:31",18333,305.6,5.1,0.2,"E:/alexfraser_tagged/af10_nov1/103RECNX","RCNX0378.JPG","Red squirrel",1,"Species|Red squirrel"
"af10","Red squirrel",2025-09-11 17:37:50,2025-09-12,"17:37:50",86179,1436.3,23.9,1,"E:/alexfraser_tagged/af10_nov1/103RECNX","RCNX0392.JPG","Red squirrel",1,"Species|Red squirrel"
"af10","Red squirrel",2025-09-12 11:23:29,2025-09-12,"11:23:29",63939,1065.7,17.8,0.7,"E:/alexfraser_tagged/af10_nov1/103RECNX","RCNX0397.JPG","Red squirrel",1,"Species|Red squirrel"
"af10","Red squirrel",2025-09-14 10:47:37,2025-09-14,"10:47:37",170648,2844.1,47.4,2,"E:/alexfraser_tagged/af10_nov1/103RECNX","RCNX0402.JPG","Red squirrel",2,"Species|Red squirrel"
"af10","Red squirrel",2025-09-14 15:50:49,2025-09-14,"15:50:49",18190,303.2,5.1,0.2,"E:/alexfraser_tagged/af10_nov1/103RECNX","RCNX0404.JPG","Red squirrel",2,"Species|Red squirrel"
"af10","Red squirrel",2025-09-14 15:58:06,2025-09-14,"15:58:06",436,7.3,0.1,0,"E:/alexfraser_tagged/af10_nov1/103RECNX","RCNX0406.JPG","Red squirrel",2,"Species|Red squirrel"
"af10","Red squirrel",2025-09-15 06:36:51,2025-09-15,"06:36:51",52723,878.7,14.6,0.6,"E:/alexfraser_tagged/af10_nov1/103RECNX","RCNX0413.JPG","Red squirrel",3,"Species|Red squirrel"
"af10","Red squirrel",2025-09-16 02:23:03,2025-09-16,"02:23:03",71169,1186.2,19.8,0.8,"E:/alexfraser_tagged/af10_nov1/103RECNX","RCNX0417.JPG","Red squirrel",1,"Species|Red squirrel"
"af10","Red squirrel",2025-09-16 09:16:33,2025-09-16,"09:16:33",24810,413.5,6.9,0.3,"E:/alexfraser_tagged/af10_nov1/103RECNX","RCNX0419.JPG","Red squirrel",2,"Species|Red squirrel"
"af10","Red squirrel",2025-09-19 16:46:43,2025-09-19,"16:46:43",286204,4770.1,79.5,3.3,"E:/alexfraser_tagged/af10_nov1/103RECNX","RCNX0430.JPG","Red squirrel",1,"Species|Red squirrel"
"af10","Red squirrel",2025-09-30 08:06:44,2025-09-30,"08:06:44",919201,15320,255.3,10.6,"E:/alexfraser_tagged/af10_nov1/103RECNX","RCNX0474.JPG","Red squirrel",1,"Species|Red squirrel"
"af10","Red squirrel",2025-09-30 17:01:03,2025-10-01,"17:01:03",32059,534.3,8.9,0.4,"E:/alexfraser_tagged/af10_nov1/103RECNX","RCNX0475.JPG","Red squirrel",1,"Species|Red squirrel"
"af10","Red squirrel",2025-10-01 07:16:25,2025-10-01,"07:16:25",51322,855.4,14.3,0.6,"E:/alexfraser_tagged/af10_nov1/103RECNX","RCNX0484.JPG","Red squirrel",4,"Species|Red squirrel"
"af10","Red squirrel",2025-10-03 10:08:20,2025-10-03,"10:08:20",183110,3051.8,50.9,2.1,"E:/alexfraser_tagged/af10_nov1/103RECNX","RCNX0537.JPG","Red squirrel",2,"Species|Red squirrel"
"af10","Red squirrel",2025-10-03 15:02:43,2025-10-03,"15:02:43",17662,294.4,4.9,0.2,"E:/alexfraser_tagged/af10_nov1/103RECNX","RCNX0539.JPG","Red squirrel",1,"Species|Red squirrel"
"af10","Red squirrel",2025-10-05 08:54:10,2025-10-05,"08:54:10",150687,2511.4,41.9,1.7,"E:/alexfraser_tagged/af10_nov1/103RECNX","RCNX0569.JPG","Red squirrel",2,"Species|Red squirrel"
"af10","Red squirrel",2025-10-05 09:01:03,2025-10-05,"09:01:03",412,6.9,0.1,0,"E:/alexfraser_tagged/af10_nov1/103RECNX","RCNX0571.JPG","Red squirrel",2,"Species|Red squirrel"
"af10","Red squirrel",2025-10-05 15:46:42,2025-10-05,"15:46:42",24338,405.6,6.8,0.3,"E:/alexfraser_tagged/af10_nov1/103RECNX","RCNX0573.JPG","Red squirrel",2,"Species|Red squirrel"
"af10","Red squirrel",2025-10-06 03:56:06,2025-10-06,"03:56:06",43763,729.4,12.2,0.5,"E:/alexfraser_tagged/af10_nov1/103RECNX","RCNX0577.JPG","Red squirrel",1,"Species|Red squirrel"
"af10","Red squirrel",2025-10-06 14:35:05,2025-10-06,"14:35:05",38339,639,10.7,0.4,"E:/alexfraser_tagged/af10_nov1/103RECNX","RCNX0578.JPG","Red squirrel",1,"Species|Red squirrel"
"af10","Red squirrel",2025-10-07 15:27:43,2025-10-07,"15:27:43",89558,1492.6,24.9,1,"E:/alexfraser_tagged/af10_nov1/103RECNX","RCNX0588.JPG","Red squirrel",1,"Species|Red squirrel"
"af10","Red squirrel",2025-10-08 07:32:44,2025-10-08,"07:32:44",57901,965,16.1,0.7,"E:/alexfraser_tagged/af10_nov1/103RECNX","RCNX0602.JPG","Red squirrel",1,"Species|Red squirrel"
"af10","Red squirrel",2025-10-09 09:17:45,2025-10-09,"09:17:45",92701,1545,25.8,1.1,"E:/alexfraser_tagged/af10_nov1/103RECNX","RCNX0613.JPG","Red squirrel",3,"Species|Red squirrel"
"af10","Red squirrel",2025-10-12 07:51:05,2025-10-12,"07:51:05",253990,4233.2,70.6,2.9,"E:/alexfraser_tagged/af10_nov1/103RECNX","RCNX0625.JPG","Red squirrel",1,"Species|Red squirrel"
"af10","Red squirrel",2025-10-12 11:18:22,2025-10-12,"11:18:22",12437,207.3,3.5,0.1,"E:/alexfraser_tagged/af10_nov1/103RECNX","RCNX0626.JPG","Red squirrel",1,"Species|Red squirrel"
"af10","Red squirrel",2025-10-13 09:04:18,2025-10-13,"09:04:18",78356,1305.9,21.8,0.9,"E:/alexfraser_tagged/af10_nov1/103RECNX","RCNX0634.JPG","Red squirrel",4,"Species|Red squirrel"
"af10","Red squirrel",2025-10-13 10:37:32,2025-10-13,"10:37:32",5586,93.1,1.6,0.1,"E:/alexfraser_tagged/af10_nov1/103RECNX","RCNX0638.JPG","Red squirrel",2,"Species|Red squirrel"
"af10","Red squirrel",2025-10-14 10:23:07,2025-10-14,"10:23:07",85534,1425.6,23.8,1,"E:/alexfraser_tagged/af10_nov1/103RECNX","RCNX0641.JPG","Red squirrel",1,"Species|Red squirrel"
"af10","Red squirrel",2025-10-14 15:27:17,2025-10-14,"15:27:17",18250,304.2,5.1,0.2,"E:/alexfraser_tagged/af10_nov1/103RECNX","RCNX0642.JPG","Red squirrel",1,"Species|Red squirrel"
"af10","Red squirrel",2025-10-15 09:36:46,2025-10-15,"09:36:46",65369,1089.5,18.2,0.8,"E:/alexfraser_tagged/af10_nov1/103RECNX","RCNX0651.JPG","Red squirrel",1,"Species|Red squirrel"
"af10","Red squirrel",2025-10-16 15:16:39,2025-10-16,"15:16:39",106793,1779.9,29.7,1.2,"E:/alexfraser_tagged/af10_nov1/103RECNX","RCNX0656.JPG","Red squirrel",1,"Species|Red squirrel"
"af10","Red squirrel",2025-10-18 15:14:53,2025-10-18,"15:14:53",172694,2878.2,48,2,"E:/alexfraser_tagged/af10_nov1/103RECNX","RCNX0667.JPG","Red squirrel",1,"Species|Red squirrel"
"af10","Red squirrel",2025-10-18 17:19:18,2025-10-19,"17:19:18",7465,124.4,2.1,0.1,"E:/alexfraser_tagged/af10_nov1/103RECNX","RCNX0668.JPG","Red squirrel",1,"Species|Red squirrel"
"af10","Red squirrel",2025-10-19 13:33:40,2025-10-19,"13:33:40",72862,1214.4,20.2,0.8,"E:/alexfraser_tagged/af10_nov1/103RECNX","RCNX0681.JPG","Red squirrel",1,"Species|Red squirrel"
"af10","Red squirrel",2025-10-20 10:12:39,2025-10-20,"10:12:39",74339,1239,20.6,0.9,"E:/alexfraser_tagged/af10_nov1/103RECNX","RCNX0686.JPG","Red squirrel",1,"Species|Red squirrel"
"af10","Red squirrel",2025-10-20 11:59:39,2025-10-20,"11:59:39",6420,107,1.8,0.1,"E:/alexfraser_tagged/af10_nov1/103RECNX","RCNX0687.JPG","Red squirrel",1,"Species|Red squirrel"
"af10","Red squirrel",2025-10-21 12:22:52,2025-10-21,"12:22:52",87793,1463.2,24.4,1,"E:/alexfraser_tagged/af10_nov1/103RECNX","RCNX0690.JPG","Red squirrel",1,"Species|Red squirrel"
"af10","Red squirrel",2025-10-22 07:39:53,2025-10-22,"07:39:53",69421,1157,19.3,0.8,"E:/alexfraser_tagged/af10_nov1/103RECNX","RCNX0697.JPG","Red squirrel",2,"Species|Red squirrel"
"af10","Red squirrel",2025-10-22 08:44:57,2025-10-22,"08:44:57",3902,65,1.1,0,"E:/alexfraser_tagged/af10_nov1/103RECNX","RCNX0712.JPG","Red squirrel",1,"Species|Red squirrel"
"af10","Red squirrel",2025-10-22 09:11:02,2025-10-22,"09:11:02",1565,26.1,0.4,0,"E:/alexfraser_tagged/af10_nov1/103RECNX","RCNX0755.JPG","Red squirrel",1,"Species|Red squirrel"
"af10","Red squirrel",2025-10-23 09:24:57,2025-10-23,"09:24:57",87235,1453.9,24.2,1,"E:/alexfraser_tagged/af10_nov1/103RECNX","RCNX0774.JPG","Red squirrel",1,"Species|Red squirrel"
"af10","Red squirrel",2025-10-24 08:59:43,2025-10-24,"08:59:43",84886,1414.8,23.6,1,"E:/alexfraser_tagged/af10_nov1/103RECNX","RCNX0780.JPG","Red squirrel",3,"Species|Red squirrel"
"af10","Red squirrel",2025-10-24 12:21:01,2025-10-24,"12:21:01",12056,200.9,3.3,0.1,"E:/alexfraser_tagged/af10_nov1/103RECNX","RCNX0783.JPG","Red squirrel",1,"Species|Red squirrel"
"af10","Red squirrel",2025-10-28 10:45:13,2025-10-28,"10:45:13",339852,5664.2,94.4,3.9,"E:/alexfraser_tagged/af10_nov1/103RECNX","RCNX0803.JPG","Red squirrel",1,"Species|Red squirrel"
"af10","Red squirrel",2025-11-01 08:28:03,2025-11-01,"08:28:03",337370,5622.8,93.7,3.9,"E:/alexfraser_tagged/af10_nov1/103RECNX","RCNX0860.JPG","Red squirrel",1,"Species|Red squirrel"
"af10","Short-tailed weasel",2025-10-08 00:46:14,2025-10-08,"00:46:14",0,0,0,0,"E:/alexfraser_tagged/af10_nov1/103RECNX","RCNX0589.JPG","Short-tailed weasel",3,"Species|Short-tailed weasel"
"af10","Snowshoe hare",2025-08-07 03:25:52,2025-08-07,"03:25:52",0,0,0,0,"E:/alexfraser_tagged/af10_nov1/103RECNX","RCNX0003.JPG","Snowshoe hare",5,"Species|Snowshoe hare"
"af10","Snowshoe hare",2025-08-09 01:03:05,2025-08-09,"01:03:05",164218,2737,45.6,1.9,"E:/alexfraser_tagged/af10_nov1/103RECNX","RCNX0008.JPG","Snowshoe hare",1,"Species|Snowshoe hare"
"af10","Snowshoe hare",2025-08-09 02:18:21,2025-08-09,"02:18:21",4516,75.3,1.3,0.1,"E:/alexfraser_tagged/af10_nov1/103RECNX","RCNX0009.JPG","Snowshoe hare",2,"Species|Snowshoe hare"
"af10","Snowshoe hare",2025-08-10 05:12:50,2025-08-10,"05:12:50",96868,1614.5,26.9,1.1,"E:/alexfraser_tagged/af10_nov1/103RECNX","RCNX0013.JPG","Snowshoe hare",3,"Species|Snowshoe hare"
"af10","Snowshoe hare",2025-08-11 02:17:14,2025-08-11,"02:17:14",75859,1264.3,21.1,0.9,"E:/alexfraser_tagged/af10_nov1/103RECNX","RCNX0020.JPG","Snowshoe hare",5,"Species|Snowshoe hare"
"af10","Snowshoe hare",2025-08-11 20:41:22,2025-08-12,"20:41:22",66224,1103.7,18.4,0.8,"E:/alexfraser_tagged/af10_nov1/103RECNX","RCNX0026.JPG","Snowshoe hare",7,"Species|Snowshoe hare"
"af10","Snowshoe hare",2025-08-13 04:09:46,2025-08-13,"04:09:46",113153,1885.9,31.4,1.3,"E:/alexfraser_tagged/af10_nov1/103RECNX","RCNX0035.JPG","Snowshoe hare",2,"Species|Snowshoe hare"
"af10","Snowshoe hare",2025-08-13 19:59:38,2025-08-14,"19:59:38",56991,949.9,15.8,0.7,"E:/alexfraser_tagged/af10_nov1/103RECNX","RCNX0037.JPG","Snowshoe hare",9,"Species|Snowshoe hare"
"af10","Snowshoe hare",2025-08-14 06:05:40,2025-08-14,"06:05:40",36345,605.8,10.1,0.4,"E:/alexfraser_tagged/af10_nov1/103RECNX","RCNX0047.JPG","Snowshoe hare",2,"Species|Snowshoe hare"
"af10","Snowshoe hare",2025-08-16 17:08:42,2025-08-17,"17:08:42",212567,3542.8,59,2.5,"E:/alexfraser_tagged/af10_nov1/103RECNX","RCNX0049.JPG","Snowshoe hare",3,"Species|Snowshoe hare"
"af10","Snowshoe hare",2025-08-16 20:13:07,2025-08-17,"20:13:07",11048,184.1,3.1,0.1,"E:/alexfraser_tagged/af10_nov1/103RECNX","RCNX0052.JPG","Snowshoe hare",7,"Species|Snowshoe hare"
"af10","Snowshoe hare",2025-08-16 20:24:00,2025-08-17,"20:24:00",604,10.1,0.2,0,"E:/alexfraser_tagged/af10_nov1/103RECNX","RCNX0059.JPG","Snowshoe hare",10,"Species|Snowshoe hare"
"af10","Snowshoe hare",2025-08-17 01:25:44,2025-08-17,"01:25:44",17872,297.9,5,0.2,"E:/alexfraser_tagged/af10_nov1/103RECNX","RCNX0069.JPG","Snowshoe hare",2,"Species|Snowshoe hare"
"af10","Snowshoe hare",2025-08-20 20:36:48,2025-08-21,"20:36:48",328263,5471,91.2,3.8,"E:/alexfraser_tagged/af10_nov1/103RECNX","RCNX0080.JPG","Snowshoe hare",6,"Species|Snowshoe hare"
"af10","Snowshoe hare",2025-08-21 21:21:56,2025-08-22,"21:21:56",89093,1484.9,24.7,1,"E:/alexfraser_tagged/af10_nov1/103RECNX","RCNX0100.JPG","Snowshoe hare",9,"Species|Snowshoe hare"
"af10","Snowshoe hare",2025-08-21 22:26:31,2025-08-22,"22:26:31",3863,64.4,1.1,0,"E:/alexfraser_tagged/af10_nov1/103RECNX","RCNX0109.JPG","Snowshoe hare",5,"Species|Snowshoe hare"
"af10","Snowshoe hare",2025-08-22 02:05:49,2025-08-22,"02:05:49",13147,219.1,3.7,0.2,"E:/alexfraser_tagged/af10_nov1/103RECNX","RCNX0114.JPG","Snowshoe hare",3,"Species|Snowshoe hare"
"af10","Snowshoe hare",2025-08-22 04:54:41,2025-08-22,"04:54:41",10130,168.8,2.8,0.1,"E:/alexfraser_tagged/af10_nov1/103RECNX","RCNX0117.JPG","Snowshoe hare",2,"Species|Snowshoe hare"
"af10","Snowshoe hare",2025-08-22 18:48:02,2025-08-23,"18:48:02",49997,833.3,13.9,0.6,"E:/alexfraser_tagged/af10_nov1/103RECNX","RCNX0120.JPG","Snowshoe hare",3,"Species|Snowshoe hare"
"af10","Snowshoe hare",2025-08-22 21:33:41,2025-08-23,"21:33:41",9937,165.6,2.8,0.1,"E:/alexfraser_tagged/af10_nov1/103RECNX","RCNX0123.JPG","Snowshoe hare",1,"Species|Snowshoe hare"
"af10","Snowshoe hare",2025-08-23 20:34:21,2025-08-24,"20:34:21",82840,1380.7,23,1,"E:/alexfraser_tagged/af10_nov1/103RECNX","RCNX0126.JPG","Snowshoe hare",2,"Species|Snowshoe hare"
"af10","Snowshoe hare",2025-08-23 21:34:45,2025-08-24,"21:34:45",3621,60.4,1,0,"E:/alexfraser_tagged/af10_nov1/103RECNX","RCNX0128.JPG","Snowshoe hare",1,"Species|Snowshoe hare"
"af10","Snowshoe hare",2025-08-24 05:28:59,2025-08-24,"05:28:59",28454,474.2,7.9,0.3,"E:/alexfraser_tagged/af10_nov1/103RECNX","RCNX0129.JPG","Snowshoe hare",6,"Species|Snowshoe hare"
"af10","Snowshoe hare",2025-08-24 05:54:40,2025-08-24,"05:54:40",1425,23.8,0.4,0,"E:/alexfraser_tagged/af10_nov1/103RECNX","RCNX0135.JPG","Snowshoe hare",10,"Species|Snowshoe hare"
"af10","Snowshoe hare",2025-08-25 04:51:10,2025-08-25,"04:51:10",82400,1373.3,22.9,1,"E:/alexfraser_tagged/af10_nov1/103RECNX","RCNX0150.JPG","Snowshoe hare",4,"Species|Snowshoe hare"
"af10","Snowshoe hare",2025-08-25 08:57:44,2025-08-25,"08:57:44",14544,242.4,4,0.2,"E:/alexfraser_tagged/af10_nov1/103RECNX","RCNX0155.JPG","Snowshoe hare",1,"Species|Snowshoe hare"
"af10","Snowshoe hare",2025-08-25 22:50:55,2025-08-26,"22:50:55",49991,833.2,13.9,0.6,"E:/alexfraser_tagged/af10_nov1/103RECNX","RCNX0157.JPG","Snowshoe hare",2,"Species|Snowshoe hare"
"af10","Snowshoe hare",2025-08-26 05:29:25,2025-08-26,"05:29:25",23909,398.5,6.6,0.3,"E:/alexfraser_tagged/af10_nov1/103RECNX","RCNX0159.JPG","Snowshoe hare",1,"Species|Snowshoe hare"
"af10","Snowshoe hare",2025-08-26 20:32:36,2025-08-27,"20:32:36",54191,903.2,15.1,0.6,"E:/alexfraser_tagged/af10_nov1/103RECNX","RCNX0161.JPG","Snowshoe hare",12,"Species|Snowshoe hare"
"af10","Snowshoe hare",2025-08-27 22:36:23,2025-08-28,"22:36:23",93440,1557.3,26,1.1,"E:/alexfraser_tagged/af10_nov1/103RECNX","RCNX0174.JPG","Snowshoe hare",6,"Species|Snowshoe hare"
"af10","Snowshoe hare",2025-08-28 05:07:20,2025-08-28,"05:07:20",23403,390,6.5,0.3,"E:/alexfraser_tagged/af10_nov1/103RECNX","RCNX0180.JPG","Snowshoe hare",8,"Species|Snowshoe hare"
"af10","Snowshoe hare",2025-08-28 05:32:01,2025-08-28,"05:32:01",1470,24.5,0.4,0,"E:/alexfraser_tagged/af10_nov1/103RECNX","RCNX0189.JPG","Snowshoe hare",2,"Species|Snowshoe hare"
"af10","Snowshoe hare",2025-08-29 20:06:16,2025-08-30,"20:06:16",138832,2313.9,38.6,1.6,"E:/alexfraser_tagged/af10_nov1/103RECNX","RCNX0192.JPG","Snowshoe hare",1,"Species|Snowshoe hare"
"af10","Snowshoe hare",2025-08-29 20:19:35,2025-08-30,"20:19:35",799,13.3,0.2,0,"E:/alexfraser_tagged/af10_nov1/103RECNX","RCNX0196.JPG","Snowshoe hare",13,"Species|Snowshoe hare"
"af10","Snowshoe hare",2025-08-30 19:34:57,2025-08-31,"19:34:57",83567,1392.8,23.2,1,"E:/alexfraser_tagged/af10_nov1/103RECNX","RCNX0211.JPG","Snowshoe hare",2,"Species|Snowshoe hare"
"af10","Snowshoe hare",2025-08-31 05:26:50,2025-08-31,"05:26:50",35512,591.9,9.9,0.4,"E:/alexfraser_tagged/af10_nov1/103RECNX","RCNX0213.JPG","Snowshoe hare",5,"Species|Snowshoe hare"
"af10","Snowshoe hare",2025-08-31 20:21:44,2025-09-01,"20:21:44",53685,894.8,14.9,0.6,"E:/alexfraser_tagged/af10_nov1/103RECNX","RCNX0221.JPG","Snowshoe hare",2,"Species|Snowshoe hare"
"af10","Snowshoe hare",2025-09-01 02:12:51,2025-09-01,"02:12:51",21065,351.1,5.9,0.2,"E:/alexfraser_tagged/af10_nov1/103RECNX","RCNX0223.JPG","Snowshoe hare",5,"Species|Snowshoe hare"
"af10","Snowshoe hare",2025-09-01 20:38:19,2025-09-02,"20:38:19",66316,1105.3,18.4,0.8,"E:/alexfraser_tagged/af10_nov1/103RECNX","RCNX0229.JPG","Snowshoe hare",1,"Species|Snowshoe hare"
"af10","Snowshoe hare",2025-09-02 05:42:51,2025-09-02,"05:42:51",32672,544.5,9.1,0.4,"E:/alexfraser_tagged/af10_nov1/103RECNX","RCNX0231.JPG","Snowshoe hare",1,"Species|Snowshoe hare"
"af10","Snowshoe hare",2025-09-03 03:44:35,2025-09-03,"03:44:35",79304,1321.7,22,0.9,"E:/alexfraser_tagged/af10_nov1/103RECNX","RCNX0236.JPG","Snowshoe hare",6,"Species|Snowshoe hare"
"af10","Snowshoe hare",2025-09-03 05:57:43,2025-09-03,"05:57:43",7903,131.7,2.2,0.1,"E:/alexfraser_tagged/af10_nov1/103RECNX","RCNX0242.JPG","Snowshoe hare",5,"Species|Snowshoe hare"
"af10","Snowshoe hare",2025-09-03 06:15:44,2025-09-03,"06:15:44",987,16.4,0.3,0,"E:/alexfraser_tagged/af10_nov1/103RECNX","RCNX0247.JPG","Snowshoe hare",7,"Species|Snowshoe hare"
"af10","Snowshoe hare",2025-09-05 05:39:42,2025-09-05,"05:39:42",170476,2841.3,47.4,2,"E:/alexfraser_tagged/af10_nov1/103RECNX","RCNX0254.JPG","Snowshoe hare",18,"Species|Snowshoe hare"
"af10","Snowshoe hare",2025-09-06 02:10:39,2025-09-06,"02:10:39",73391,1223.2,20.4,0.8,"E:/alexfraser_tagged/af10_nov1/103RECNX","RCNX0272.JPG","Snowshoe hare",12,"Species|Snowshoe hare"
"af10","Snowshoe hare",2025-09-06 04:04:50,2025-09-06,"04:04:50",6692,111.5,1.9,0.1,"E:/alexfraser_tagged/af10_nov1/103RECNX","RCNX0286.JPG","Snowshoe hare",5,"Species|Snowshoe hare"
"af10","Snowshoe hare",2025-09-07 23:16:38,2025-09-08,"23:16:38",155479,2591.3,43.2,1.8,"E:/alexfraser_tagged/af10_nov1/103RECNX","RCNX0292.JPG","Snowshoe hare",1,"Species|Snowshoe hare"
"af10","Snowshoe hare",2025-09-09 05:38:34,2025-09-09,"05:38:34",109316,1821.9,30.4,1.3,"E:/alexfraser_tagged/af10_nov1/103RECNX","RCNX0293.JPG","Snowshoe hare",1,"Species|Snowshoe hare"
"af10","Snowshoe hare",2025-09-09 05:43:47,2025-09-09,"05:43:47",313,5.2,0.1,0,"E:/alexfraser_tagged/af10_nov1/103RECNX","RCNX0294.JPG","Snowshoe hare",9,"Species|Snowshoe hare"
"af10","Snowshoe hare",2025-09-09 05:55:24,2025-09-09,"05:55:24",640,10.7,0.2,0,"E:/alexfraser_tagged/af10_nov1/103RECNX","RCNX0303.JPG","Snowshoe hare",18,"Species|Snowshoe hare"
"af10","Snowshoe hare",2025-09-10 01:06:09,2025-09-10,"01:06:09",68650,1144.2,19.1,0.8,"E:/alexfraser_tagged/af10_nov1/103RECNX","RCNX0342.JPG","Snowshoe hare",7,"Species|Snowshoe hare"
"af10","Snowshoe hare",2025-09-10 05:21:48,2025-09-10,"05:21:48",15048,250.8,4.2,0.2,"E:/alexfraser_tagged/af10_nov1/103RECNX","RCNX0350.JPG","Snowshoe hare",6,"Species|Snowshoe hare"
"af10","Snowshoe hare",2025-09-10 05:53:24,2025-09-10,"05:53:24",1882,31.4,0.5,0,"E:/alexfraser_tagged/af10_nov1/103RECNX","RCNX0356.JPG","Snowshoe hare",13,"Species|Snowshoe hare"
"af10","Snowshoe hare",2025-09-10 06:25:45,2025-09-10,"06:25:45",1836,30.6,0.5,0,"E:/alexfraser_tagged/af10_nov1/103RECNX","RCNX0369.JPG","Snowshoe hare",8,"Species|Snowshoe hare"
"af10","Snowshoe hare",2025-09-11 01:42:08,2025-09-11,"01:42:08",69307,1155.1,19.3,0.8,"E:/alexfraser_tagged/af10_nov1/103RECNX","RCNX0379.JPG","Snowshoe hare",8,"Species|Snowshoe hare"
"af10","Snowshoe hare",2025-09-11 06:22:12,2025-09-11,"06:22:12",16748,279.1,4.7,0.2,"E:/alexfraser_tagged/af10_nov1/103RECNX","RCNX0388.JPG","Snowshoe hare",1,"Species|Snowshoe hare"
"af10","Snowshoe hare",2025-09-14 20:46:24,2025-09-15,"20:46:24",311052,5184.2,86.4,3.6,"E:/alexfraser_tagged/af10_nov1/103RECNX","RCNX0409.JPG","Snowshoe hare",3,"Species|Snowshoe hare"
"af10","Snowshoe hare",2025-09-17 19:58:52,2025-09-18,"19:58:52",256346,4272.4,71.2,3,"E:/alexfraser_tagged/af10_nov1/103RECNX","RCNX0423.JPG","Snowshoe hare",3,"Species|Snowshoe hare"
"af10","Snowshoe hare",2025-09-19 19:25:02,2025-09-20,"19:25:02",170767,2846.1,47.4,2,"E:/alexfraser_tagged/af10_nov1/103RECNX","RCNX0431.JPG","Snowshoe hare",7,"Species|Snowshoe hare"
"af10","Snowshoe hare",2025-09-20 07:25:27,2025-09-20,"07:25:27",43199,720,12,0.5,"E:/alexfraser_tagged/af10_nov1/103RECNX","RCNX0443.JPG","Snowshoe hare",1,"Species|Snowshoe hare"
"af10","Snowshoe hare",2025-09-20 18:14:01,2025-09-21,"18:14:01",38914,648.6,10.8,0.4,"E:/alexfraser_tagged/af10_nov1/103RECNX","RCNX0444.JPG","Snowshoe hare",1,"Species|Snowshoe hare"
"af10","Snowshoe hare",2025-09-22 06:13:51,2025-09-22,"06:13:51",129590,2159.8,36,1.5,"E:/alexfraser_tagged/af10_nov1/103RECNX","RCNX0446.JPG","Snowshoe hare",2,"Species|Snowshoe hare"
"af10","Snowshoe hare",2025-09-22 23:57:57,2025-09-23,"23:57:57",63703,1061.7,17.7,0.7,"E:/alexfraser_tagged/af10_nov1/103RECNX","RCNX0451.JPG","Snowshoe hare",5,"Species|Snowshoe hare"
"af10","Snowshoe hare",2025-09-23 06:32:04,2025-09-23,"06:32:04",23641,394,6.6,0.3,"E:/alexfraser_tagged/af10_nov1/103RECNX","RCNX0456.JPG","Snowshoe hare",4,"Species|Snowshoe hare"
"af10","Snowshoe hare",2025-09-23 06:39:14,2025-09-23,"06:39:14",328,5.5,0.1,0,"E:/alexfraser_tagged/af10_nov1/103RECNX","RCNX0460.JPG","Snowshoe hare",1,"Species|Snowshoe hare"
"af10","Snowshoe hare",2025-09-25 17:27:04,2025-09-26,"17:27:04",211670,3527.8,58.8,2.4,"E:/alexfraser_tagged/af10_nov1/103RECNX","RCNX0465.JPG","Snowshoe hare",1,"Species|Snowshoe hare"
"af10","Snowshoe hare",2025-09-25 18:39:56,2025-09-26,"18:39:56",4372,72.9,1.2,0,"E:/alexfraser_tagged/af10_nov1/103RECNX","RCNX0466.JPG","Snowshoe hare",3,"Species|Snowshoe hare"
"af10","Snowshoe hare",2025-09-26 06:50:10,2025-09-26,"06:50:10",43811,730.2,12.2,0.5,"E:/alexfraser_tagged/af10_nov1/103RECNX","RCNX0469.JPG","Snowshoe hare",1,"Species|Snowshoe hare"
"af10","Snowshoe hare",2025-09-27 18:26:05,2025-09-28,"18:26:05",128155,2135.9,35.6,1.5,"E:/alexfraser_tagged/af10_nov1/103RECNX","RCNX0470.JPG","Snowshoe hare",2,"Species|Snowshoe hare"
"af10","Snowshoe hare",2025-09-27 18:48:22,2025-09-28,"18:48:22",1336,22.3,0.4,0,"E:/alexfraser_tagged/af10_nov1/103RECNX","RCNX0472.JPG","Snowshoe hare",2,"Species|Snowshoe hare"
"af10","Snowshoe hare",2025-09-30 19:58:28,2025-10-01,"19:58:28",263405,4390.1,73.2,3.1,"E:/alexfraser_tagged/af10_nov1/103RECNX","RCNX0476.JPG","Snowshoe hare",2,"Species|Snowshoe hare"
"af10","Snowshoe hare",2025-10-01 06:10:37,2025-10-01,"06:10:37",36728,612.1,10.2,0.4,"E:/alexfraser_tagged/af10_nov1/103RECNX","RCNX0478.JPG","Snowshoe hare",2,"Species|Snowshoe hare"
"af10","Snowshoe hare",2025-10-01 06:52:45,2025-10-01,"06:52:45",2527,42.1,0.7,0,"E:/alexfraser_tagged/af10_nov1/103RECNX","RCNX0480.JPG","Snowshoe hare",4,"Species|Snowshoe hare"
"af10","Snowshoe hare",2025-10-01 17:21:31,2025-10-02,"17:21:31",37428,623.8,10.4,0.4,"E:/alexfraser_tagged/af10_nov1/103RECNX","RCNX0490.JPG","Snowshoe hare",5,"Species|Snowshoe hare"
"af10","Snowshoe hare",2025-10-01 20:13:36,2025-10-02,"20:13:36",10279,171.3,2.9,0.1,"E:/alexfraser_tagged/af10_nov1/103RECNX","RCNX0495.JPG","Snowshoe hare",23,"Species|Snowshoe hare"
"af10","Snowshoe hare",2025-10-02 00:54:58,2025-10-02,"00:54:58",16786,279.8,4.7,0.2,"E:/alexfraser_tagged/af10_nov1/103RECNX","RCNX0519.JPG","Snowshoe hare",6,"Species|Snowshoe hare"
"af10","Snowshoe hare",2025-10-02 06:38:02,2025-10-02,"06:38:02",20571,342.9,5.7,0.2,"E:/alexfraser_tagged/af10_nov1/103RECNX","RCNX0525.JPG","Snowshoe hare",3,"Species|Snowshoe hare"
"af10","Snowshoe hare",2025-10-02 23:22:13,2025-10-03,"23:22:13",60218,1003.6,16.7,0.7,"E:/alexfraser_tagged/af10_nov1/103RECNX","RCNX0532.JPG","Snowshoe hare",2,"Species|Snowshoe hare"
"af10","Snowshoe hare",2025-10-03 04:59:02,2025-10-03,"04:59:02",20207,336.8,5.6,0.2,"E:/alexfraser_tagged/af10_nov1/103RECNX","RCNX0534.JPG","Snowshoe hare",2,"Species|Snowshoe hare"
"af10","Snowshoe hare",2025-10-04 02:27:58,2025-10-04,"02:27:58",77335,1288.9,21.5,0.9,"E:/alexfraser_tagged/af10_nov1/103RECNX","RCNX0542.JPG","Snowshoe hare",3,"Species|Snowshoe hare"
"af10","Snowshoe hare",2025-10-04 03:42:55,2025-10-04,"03:42:55",4494,74.9,1.2,0,"E:/alexfraser_tagged/af10_nov1/103RECNX","RCNX0545.JPG","Snowshoe hare",1,"Species|Snowshoe hare"
"af10","Snowshoe hare",2025-10-04 20:18:26,2025-10-05,"20:18:26",59731,995.5,16.6,0.7,"E:/alexfraser_tagged/af10_nov1/103RECNX","RCNX0546.JPG","Snowshoe hare",5,"Species|Snowshoe hare"
"af10","Snowshoe hare",2025-10-04 20:29:55,2025-10-05,"20:29:55",675,11.2,0.2,0,"E:/alexfraser_tagged/af10_nov1/103RECNX","RCNX0551.JPG","Snowshoe hare",1,"Species|Snowshoe hare"
"af10","Snowshoe hare",2025-10-05 02:39:12,2025-10-05,"02:39:12",22157,369.3,6.2,0.3,"E:/alexfraser_tagged/af10_nov1/103RECNX","RCNX0552.JPG","Snowshoe hare",7,"Species|Snowshoe hare"
"af10","Snowshoe hare",2025-10-05 02:52:33,2025-10-05,"02:52:33",774,12.9,0.2,0,"E:/alexfraser_tagged/af10_nov1/103RECNX","RCNX0560.JPG","Snowshoe hare",2,"Species|Snowshoe hare"
"af10","Snowshoe hare",2025-10-05 04:10:23,2025-10-05,"04:10:23",4668,77.8,1.3,0.1,"E:/alexfraser_tagged/af10_nov1/103RECNX","RCNX0563.JPG","Snowshoe hare",6,"Species|Snowshoe hare"
"af10","Snowshoe hare",2025-10-06 01:42:27,2025-10-06,"01:42:27",77504,1291.7,21.5,0.9,"E:/alexfraser_tagged/af10_nov1/103RECNX","RCNX0575.JPG","Snowshoe hare",1,"Species|Snowshoe hare"
"af10","Snowshoe hare",2025-10-07 00:37:50,2025-10-07,"00:37:50",82523,1375.4,22.9,1,"E:/alexfraser_tagged/af10_nov1/103RECNX","RCNX0579.JPG","Snowshoe hare",2,"Species|Snowshoe hare"
"af10","Snowshoe hare",2025-10-07 05:56:29,2025-10-07,"05:56:29",19116,318.6,5.3,0.2,"E:/alexfraser_tagged/af10_nov1/103RECNX","RCNX0581.JPG","Snowshoe hare",2,"Species|Snowshoe hare"
"af10","Snowshoe hare",2025-10-08 04:39:23,2025-10-08,"04:39:23",81773,1362.9,22.7,0.9,"E:/alexfraser_tagged/af10_nov1/103RECNX","RCNX0592.JPG","Snowshoe hare",7,"Species|Snowshoe hare"
"af10","Snowshoe hare",2025-10-08 06:32:20,2025-10-08,"06:32:20",6729,112.2,1.9,0.1,"E:/alexfraser_tagged/af10_nov1/103RECNX","RCNX0600.JPG","Snowshoe hare",2,"Species|Snowshoe hare"
"af10","Snowshoe hare",2025-10-08 18:46:18,2025-10-09,"18:46:18",44030,733.8,12.2,0.5,"E:/alexfraser_tagged/af10_nov1/103RECNX","RCNX0604.JPG","Snowshoe hare",2,"Species|Snowshoe hare"
"af10","Snowshoe hare",2025-10-08 20:07:54,2025-10-09,"20:07:54",4894,81.6,1.4,0.1,"E:/alexfraser_tagged/af10_nov1/103RECNX","RCNX0606.JPG","Snowshoe hare",4,"Species|Snowshoe hare"
"af10","Snowshoe hare",2025-10-09 07:43:36,2025-10-09,"07:43:36",41737,695.6,11.6,0.5,"E:/alexfraser_tagged/af10_nov1/103RECNX","RCNX0611.JPG","Snowshoe hare",2,"Species|Snowshoe hare"
"af10","Snowshoe hare",2025-10-09 19:29:31,2025-10-10,"19:29:31",42353,705.9,11.8,0.5,"E:/alexfraser_tagged/af10_nov1/103RECNX","RCNX0616.JPG","Snowshoe hare",5,"Species|Snowshoe hare"
"af10","Snowshoe hare",2025-10-09 23:13:52,2025-10-10,"23:13:52",13444,224.1,3.7,0.2,"E:/alexfraser_tagged/af10_nov1/103RECNX","RCNX0622.JPG","Snowshoe hare",2,"Species|Snowshoe hare"
"af10","Snowshoe hare",2025-10-12 17:43:32,2025-10-13,"17:43:32",239379,3989.7,66.5,2.8,"E:/alexfraser_tagged/af10_nov1/103RECNX","RCNX0627.JPG","Snowshoe hare",1,"Species|Snowshoe hare"
"af10","Snowshoe hare",2025-10-12 23:35:27,2025-10-13,"23:35:27",21115,351.9,5.9,0.2,"E:/alexfraser_tagged/af10_nov1/103RECNX","RCNX0628.JPG","Snowshoe hare",4,"Species|Snowshoe hare"
"af10","Snowshoe hare",2025-10-13 05:14:12,2025-10-13,"05:14:12",20304,338.4,5.6,0.2,"E:/alexfraser_tagged/af10_nov1/103RECNX","RCNX0632.JPG","Snowshoe hare",1,"Species|Snowshoe hare"
"af10","Snowshoe hare",2025-10-14 22:56:23,2025-10-15,"22:56:23",150131,2502.2,41.7,1.7,"E:/alexfraser_tagged/af10_nov1/103RECNX","RCNX0646.JPG","Snowshoe hare",2,"Species|Snowshoe hare"
"af10","Snowshoe hare",2025-10-14 23:27:50,2025-10-15,"23:27:50",1886,31.4,0.5,0,"E:/alexfraser_tagged/af10_nov1/103RECNX","RCNX0648.JPG","Snowshoe hare",2,"Species|Snowshoe hare"
"af10","Snowshoe hare",2025-10-18 02:11:11,2025-10-18,"02:11:11",269000,4483.3,74.7,3.1,"E:/alexfraser_tagged/af10_nov1/103RECNX","RCNX0663.JPG","Snowshoe hare",1,"Species|Snowshoe hare"
"af10","Snowshoe hare",2025-10-18 06:46:40,2025-10-18,"06:46:40",16529,275.5,4.6,0.2,"E:/alexfraser_tagged/af10_nov1/103RECNX","RCNX0665.JPG","Snowshoe hare",2,"Species|Snowshoe hare"
"af10","Snowshoe hare",2025-10-18 18:01:19,2025-10-19,"18:01:19",40478,674.6,11.2,0.5,"E:/alexfraser_tagged/af10_nov1/103RECNX","RCNX0669.JPG","Snowshoe hare",8,"Species|Snowshoe hare"
"af10","Snowshoe hare",2025-10-19 04:47:13,2025-10-19,"04:47:13",38553,642.5,10.7,0.4,"E:/alexfraser_tagged/af10_nov1/103RECNX","RCNX0677.JPG","Snowshoe hare",4,"Species|Snowshoe hare"
"af10","Snowshoe hare",2025-10-19 18:50:35,2025-10-20,"18:50:35",50597,843.3,14.1,0.6,"E:/alexfraser_tagged/af10_nov1/103RECNX","RCNX0683.JPG","Snowshoe hare",1,"Species|Snowshoe hare"
"af10","Snowshoe hare",2025-10-19 19:11:49,2025-10-20,"19:11:49",1274,21.2,0.4,0,"E:/alexfraser_tagged/af10_nov1/103RECNX","RCNX0684.JPG","Snowshoe hare",2,"Species|Snowshoe hare"
"af10","Snowshoe hare",2025-10-21 04:48:02,2025-10-21,"04:48:02",120972,2016.2,33.6,1.4,"E:/alexfraser_tagged/af10_nov1/103RECNX","RCNX0688.JPG","Snowshoe hare",2,"Species|Snowshoe hare"
"af10","Snowshoe hare",2025-10-21 15:50:02,2025-10-21,"15:50:02",39719,662,11,0.5,"E:/alexfraser_tagged/af10_nov1/103RECNX","RCNX0691.JPG","Snowshoe hare",1,"Species|Snowshoe hare"
"af10","Snowshoe hare",2025-10-22 00:59:04,2025-10-22,"00:59:04",32942,549,9.2,0.4,"E:/alexfraser_tagged/af10_nov1/103RECNX","RCNX0692.JPG","Snowshoe hare",5,"Species|Snowshoe hare"
"af10","Snowshoe hare",2025-10-22 18:57:59,2025-10-23,"18:57:59",64728,1078.8,18,0.8,"E:/alexfraser_tagged/af10_nov1/103RECNX","RCNX0763.JPG","Snowshoe hare",8,"Species|Snowshoe hare"
"af10","Snowshoe hare",2025-10-23 02:58:37,2025-10-23,"02:58:37",28823,480.4,8,0.3,"E:/alexfraser_tagged/af10_nov1/103RECNX","RCNX0773.JPG","Snowshoe hare",1,"Species|Snowshoe hare"
"af10","Snowshoe hare",2025-10-24 05:33:13,2025-10-24,"05:33:13",95676,1594.6,26.6,1.1,"E:/alexfraser_tagged/af10_nov1/103RECNX","RCNX0775.JPG","Snowshoe hare",4,"Species|Snowshoe hare"
"af10","Snowshoe hare",2025-10-24 18:32:25,2025-10-25,"18:32:25",46747,779.1,13,0.5,"E:/alexfraser_tagged/af10_nov1/103RECNX","RCNX0784.JPG","Snowshoe hare",1,"Species|Snowshoe hare"
"af10","Snowshoe hare",2025-10-26 01:14:54,2025-10-26,"01:14:54",110549,1842.5,30.7,1.3,"E:/alexfraser_tagged/af10_nov1/103RECNX","RCNX0785.JPG","Snowshoe hare",5,"Species|Snowshoe hare"
"af10","Snowshoe hare",2025-10-26 18:36:08,2025-10-27,"18:36:08",62377,1039.6,17.3,0.7,"E:/alexfraser_tagged/af10_nov1/103RECNX","RCNX0790.JPG","Snowshoe hare",2,"Species|Snowshoe hare"
"af10","Snowshoe hare",2025-10-27 02:10:01,2025-10-27,"02:10:01",27232,453.9,7.6,0.3,"E:/alexfraser_tagged/af10_nov1/103RECNX","RCNX0792.JPG","Snowshoe hare",2,"Species|Snowshoe hare"
"af10","Snowshoe hare",2025-10-27 04:19:47,2025-10-27,"04:19:47",7771,129.5,2.2,0.1,"E:/alexfraser_tagged/af10_nov1/103RECNX","RCNX0795.JPG","Snowshoe hare",1,"Species|Snowshoe hare"
"af10","Snowshoe hare",2025-10-27 06:07:49,2025-10-27,"06:07:49",6482,108,1.8,0.1,"E:/alexfraser_tagged/af10_nov1/103RECNX","RCNX0796.JPG","Snowshoe hare",2,"Species|Snowshoe hare"
"af10","Snowshoe hare",2025-10-27 06:16:50,2025-10-27,"06:16:50",534,8.9,0.1,0,"E:/alexfraser_tagged/af10_nov1/103RECNX","RCNX0798.JPG","Snowshoe hare",3,"Species|Snowshoe hare"
"af10","Snowshoe hare",2025-10-27 18:14:11,2025-10-28,"18:14:11",43038,717.3,12,0.5,"E:/alexfraser_tagged/af10_nov1/103RECNX","RCNX0801.JPG","Snowshoe hare",1,"Species|Snowshoe hare"
"af10","Snowshoe hare",2025-10-27 18:21:01,2025-10-28,"18:21:01",410,6.8,0.1,0,"E:/alexfraser_tagged/af10_nov1/103RECNX","RCNX0802.JPG","Snowshoe hare",1,"Species|Snowshoe hare"
"af10","Snowshoe hare",2025-10-28 16:41:32,2025-10-28,"16:41:32",80431,1340.5,22.3,0.9,"E:/alexfraser_tagged/af10_nov1/103RECNX","RCNX0804.JPG","Snowshoe hare",3,"Species|Snowshoe hare"
"af10","Snowshoe hare",2025-10-28 18:04:30,2025-10-29,"18:04:30",4817,80.3,1.3,0.1,"E:/alexfraser_tagged/af10_nov1/103RECNX","RCNX0807.JPG","Snowshoe hare",2,"Species|Snowshoe hare"
"af10","Snowshoe hare",2025-10-29 16:25:02,2025-10-29,"16:25:02",80425,1340.4,22.3,0.9,"E:/alexfraser_tagged/af10_nov1/103RECNX","RCNX0810.JPG","Snowshoe hare",3,"Species|Snowshoe hare"
"af10","Snowshoe hare",2025-10-29 20:35:09,2025-10-30,"20:35:09",14965,249.4,4.2,0.2,"E:/alexfraser_tagged/af10_nov1/103RECNX","RCNX0815.JPG","Snowshoe hare",4,"Species|Snowshoe hare"
"af10","Snowshoe hare",2025-10-29 22:02:28,2025-10-30,"22:02:28",5233,87.2,1.5,0.1,"E:/alexfraser_tagged/af10_nov1/103RECNX","RCNX0819.JPG","Snowshoe hare",2,"Species|Snowshoe hare"
"af10","Snowshoe hare",2025-10-29 23:42:07,2025-10-30,"23:42:07",5971,99.5,1.7,0.1,"E:/alexfraser_tagged/af10_nov1/103RECNX","RCNX0821.JPG","Snowshoe hare",5,"Species|Snowshoe hare"
"af10","Snowshoe hare",2025-10-30 01:00:13,2025-10-30,"01:00:13",4678,78,1.3,0.1,"E:/alexfraser_tagged/af10_nov1/103RECNX","RCNX0826.JPG","Snowshoe hare",2,"Species|Snowshoe hare"
"af10","Snowshoe hare",2025-10-30 01:31:32,2025-10-30,"01:31:32",1878,31.3,0.5,0,"E:/alexfraser_tagged/af10_nov1/103RECNX","RCNX0828.JPG","Snowshoe hare",3,"Species|Snowshoe hare"
"af10","Snowshoe hare",2025-10-30 03:28:58,2025-10-30,"03:28:58",7040,117.3,2,0.1,"E:/alexfraser_tagged/af10_nov1/103RECNX","RCNX0831.JPG","Snowshoe hare",1,"Species|Snowshoe hare"
"af10","Snowshoe hare",2025-10-30 03:44:30,2025-10-30,"03:44:30",932,15.5,0.3,0,"E:/alexfraser_tagged/af10_nov1/103RECNX","RCNX0833.JPG","Snowshoe hare",4,"Species|Snowshoe hare"
"af10","Snowshoe hare",2025-10-30 04:02:36,2025-10-30,"04:02:36",1082,18,0.3,0,"E:/alexfraser_tagged/af10_nov1/103RECNX","RCNX0837.JPG","Snowshoe hare",8,"Species|Snowshoe hare"
"af10","Snowshoe hare",2025-10-30 23:57:09,2025-10-31,"23:57:09",71649,1194.2,19.9,0.8,"E:/alexfraser_tagged/af10_nov1/103RECNX","RCNX0847.JPG","Snowshoe hare",3,"Species|Snowshoe hare"
"af10","Snowshoe hare",2025-10-31 18:02:11,2025-11-01,"18:02:11",65088,1084.8,18.1,0.8,"E:/alexfraser_tagged/af10_nov1/103RECNX","RCNX0851.JPG","Snowshoe hare",2,"Species|Snowshoe hare"
"af10","Snowshoe hare",2025-10-31 22:33:27,2025-11-01,"22:33:27",16274,271.2,4.5,0.2,"E:/alexfraser_tagged/af10_nov1/103RECNX","RCNX0853.JPG","Snowshoe hare",3,"Species|Snowshoe hare"
"af10","Snowshoe hare",2025-10-31 23:58:18,2025-11-01,"23:58:18",5089,84.8,1.4,0.1,"E:/alexfraser_tagged/af10_nov1/103RECNX","RCNX0856.JPG","Snowshoe hare",1,"Species|Snowshoe hare"
"af10","Unknown",2025-09-02 17:23:52,2025-09-03,"17:23:52",0,0,0,0,"E:/alexfraser_tagged/af10_nov1/103RECNX","RCNX0233.JPG","Unknown",2,"Species|Unknown"
"af10","Unknown",2025-09-09 19:40:02,2025-09-10,"19:40:02",612969,10216.1,170.3,7.1,"E:/alexfraser_tagged/af10_nov1/103RECNX","RCNX0323.JPG","Unknown",2,"Species|Unknown"
"af10","Unknown",2025-09-13 00:52:53,2025-09-13,"00:52:53",277967,4632.8,77.2,3.2,"E:/alexfraser_tagged/af10_nov1/103RECNX","RCNX0399.JPG","Unknown",1,"Species|Unknown"
"af10","Unknown",2025-09-14 06:40:07,2025-09-14,"06:40:07",107234,1787.2,29.8,1.2,"E:/alexfraser_tagged/af10_nov1/103RECNX","RCNX0400.JPG","Unknown",2,"Species|Unknown"
"af10","Unknown",2025-09-20 03:39:51,2025-09-20,"03:39:51",507583,8459.7,141,5.9,"E:/alexfraser_tagged/af10_nov1/103RECNX","RCNX0439.JPG","Unknown",1,"Species|Unknown"
"af10","Unknown",2025-09-20 07:10:18,2025-09-20,"07:10:18",12627,210.4,3.5,0.1,"E:/alexfraser_tagged/af10_nov1/103RECNX","RCNX0442.JPG","Unknown",1,"Species|Unknown"
"af10","Unknown",2025-09-21 19:52:30,2025-09-22,"19:52:30",132132,2202.2,36.7,1.5,"E:/alexfraser_tagged/af10_nov1/103RECNX","RCNX0445.JPG","Unknown",1,"Species|Unknown"
"af10","Unknown",2025-10-06 03:49:01,2025-10-06,"03:49:01",1238191,20636.5,343.9,14.3,"E:/alexfraser_tagged/af10_nov1/103RECNX","RCNX0576.JPG","Unknown",1,"Species|Unknown"
"af11","Bird",2025-10-06 13:33:29,2025-10-06,"13:33:29",0,0,0,0,"E:/alexfraser_tagged/af11_nov1/102RECNX","RCNX0326.JPG","Bird",17,"Species|Bird"
"af11","Bird",2025-10-20 09:51:08,2025-10-20,"09:51:08",1196154,19935.9,332.3,13.8,"E:/alexfraser_tagged/af11_nov1/102RECNX","RCNX0411.JPG","Bird",2,"Species|Bird"
"af11","Canada Lynx",2025-10-04 17:19:10,2025-10-05,"17:19:10",0,0,0,0,"E:/alexfraser_tagged/af11_nov1/102RECNX","RCNX0306.JPG","Canada Lynx",3,"Species|Canada Lynx"
"af11","Flying squirrel",2025-08-24 02:58:28,2025-08-24,"02:58:28",0,0,0,0,"E:/alexfraser_tagged/af11_nov1/102RECNX","RCNX0096.JPG","Flying squirrel",1,"Species|Flying squirrel"
"af11","Nothing",2025-08-07 08:03:41,2025-08-07,"08:03:41",0,0,0,0,"E:/alexfraser_tagged/af11_nov1/102RECNX","RCNX0001.JPG","Nothing",1,"Species|Nothing"
"af11","Nothing",2025-08-09 09:50:18,2025-08-09,"09:50:18",179197,2986.6,49.8,2.1,"E:/alexfraser_tagged/af11_nov1/102RECNX","RCNX0012.JPG","Nothing",1,"Species|Nothing"
"af11","Nothing",2025-08-14 18:13:49,2025-08-15,"18:13:49",462211,7703.5,128.4,5.4,"E:/alexfraser_tagged/af11_nov1/102RECNX","RCNX0081.JPG","Nothing",1,"Species|Nothing"
"af11","Nothing",2025-08-19 06:12:22,2025-08-19,"06:12:22",388713,6478.6,108,4.5,"E:/alexfraser_tagged/af11_nov1/102RECNX","RCNX0088.JPG","Nothing",1,"Species|Nothing"
"af11","Nothing",2025-08-19 10:01:14,2025-08-19,"10:01:14",13732,228.9,3.8,0.2,"E:/alexfraser_tagged/af11_nov1/102RECNX","RCNX0089.JPG","Nothing",1,"Species|Nothing"
"af11","Nothing",2025-09-01 13:19:52,2025-09-01,"13:19:52",1135118,18918.6,315.3,13.1,"E:/alexfraser_tagged/af11_nov1/102RECNX","RCNX0159.JPG","Nothing",1,"Species|Nothing"
"af11","Nothing",2025-09-02 13:00:49,2025-09-02,"13:00:49",85257,1421,23.7,1,"E:/alexfraser_tagged/af11_nov1/102RECNX","RCNX0160.JPG","Nothing",1,"Species|Nothing"
"af11","Nothing",2025-09-04 01:51:48,2025-09-04,"01:51:48",132659,2211,36.9,1.5,"E:/alexfraser_tagged/af11_nov1/102RECNX","RCNX0173.JPG","Nothing",1,"Species|Nothing"
"af11","Nothing",2025-09-04 16:43:36,2025-09-04,"16:43:36",53508,891.8,14.9,0.6,"E:/alexfraser_tagged/af11_nov1/102RECNX","RCNX0174.JPG","Nothing",1,"Species|Nothing"
"af11","Nothing",2025-09-04 19:10:43,2025-09-05,"19:10:43",8827,147.1,2.5,0.1,"E:/alexfraser_tagged/af11_nov1/102RECNX","RCNX0175.JPG","Nothing",1,"Species|Nothing"
"af11","Nothing",2025-09-07 09:36:30,2025-09-07,"09:36:30",224747,3745.8,62.4,2.6,"E:/alexfraser_tagged/af11_nov1/102RECNX","RCNX0182.JPG","Nothing",1,"Species|Nothing"
"af11","Nothing",2025-09-09 13:09:27,2025-09-09,"13:09:27",185577,3092.9,51.5,2.1,"E:/alexfraser_tagged/af11_nov1/102RECNX","RCNX0194.JPG","Nothing",1,"Species|Nothing"
"af11","Nothing",2025-09-11 20:55:31,2025-09-12,"20:55:31",200764,3346.1,55.8,2.3,"E:/alexfraser_tagged/af11_nov1/102RECNX","RCNX0200.JPG","Nothing",1,"Species|Nothing"
"af11","Nothing",2025-09-17 05:18:09,2025-09-17,"05:18:09",462158,7702.6,128.4,5.4,"E:/alexfraser_tagged/af11_nov1/102RECNX","RCNX0254.JPG","Nothing",1,"Species|Nothing"
"af11","Nothing",2025-09-17 07:42:06,2025-09-17,"07:42:06",8637,143.9,2.4,0.1,"E:/alexfraser_tagged/af11_nov1/102RECNX","RCNX0267.JPG","Nothing",1,"Species|Nothing"
"af11","Nothing",2025-09-18 06:56:57,2025-09-18,"06:56:57",83691,1394.8,23.2,1,"E:/alexfraser_tagged/af11_nov1/102RECNX","RCNX0273.JPG","Nothing",1,"Species|Nothing"
"af11","Nothing",2025-09-18 11:15:27,2025-09-18,"11:15:27",15510,258.5,4.3,0.2,"E:/alexfraser_tagged/af11_nov1/102RECNX","RCNX0274.JPG","Nothing",2,"Species|Nothing"
"af11","Nothing",2025-09-19 22:13:27,2025-09-20,"22:13:27",125879,2098,35,1.5,"E:/alexfraser_tagged/af11_nov1/102RECNX","RCNX0277.JPG","Nothing",2,"Species|Nothing"
"af11","Nothing",2025-09-20 09:30:17,2025-09-20,"09:30:17",40489,674.8,11.2,0.5,"E:/alexfraser_tagged/af11_nov1/102RECNX","RCNX0283.JPG","Nothing",1,"Species|Nothing"
"af11","Nothing",2025-09-22 05:26:05,2025-09-22,"05:26:05",158148,2635.8,43.9,1.8,"E:/alexfraser_tagged/af11_nov1/102RECNX","RCNX0291.JPG","Nothing",1,"Species|Nothing"
"af11","Nothing",2025-09-23 00:00:24,2025-09-23,"00:00:24",66859,1114.3,18.6,0.8,"E:/alexfraser_tagged/af11_nov1/102RECNX","RCNX0292.JPG","Nothing",1,"Species|Nothing"
"af11","Nothing",2025-09-24 06:49:16,2025-09-24,"06:49:16",110932,1848.9,30.8,1.3,"E:/alexfraser_tagged/af11_nov1/102RECNX","RCNX0294.JPG","Nothing",1,"Species|Nothing"
"af11","Nothing",2025-09-26 12:13:01,2025-09-26,"12:13:01",192225,3203.8,53.4,2.2,"E:/alexfraser_tagged/af11_nov1/102RECNX","RCNX0297.JPG","Nothing",1,"Species|Nothing"
"af11","Nothing",2025-09-26 20:22:58,2025-09-27,"20:22:58",29397,490,8.2,0.3,"E:/alexfraser_tagged/af11_nov1/102RECNX","RCNX0298.JPG","Nothing",1,"Species|Nothing"
"af11","Nothing",2025-09-28 13:54:57,2025-09-28,"13:54:57",149519,2492,41.5,1.7,"E:/alexfraser_tagged/af11_nov1/102RECNX","RCNX0299.JPG","Nothing",1,"Species|Nothing"
"af11","Nothing",2025-10-04 15:27:22,2025-10-04,"15:27:22",523945,8732.4,145.5,6.1,"E:/alexfraser_tagged/af11_nov1/102RECNX","RCNX0305.JPG","Nothing",1,"Species|Nothing"
"af11","Nothing",2025-10-05 14:30:19,2025-10-05,"14:30:19",82977,1383,23,1,"E:/alexfraser_tagged/af11_nov1/102RECNX","RCNX0320.JPG","Nothing",1,"Species|Nothing"
"af11","Nothing",2025-10-09 08:25:17,2025-10-09,"08:25:17",323698,5395,89.9,3.7,"E:/alexfraser_tagged/af11_nov1/102RECNX","RCNX0366.JPG","Nothing",1,"Species|Nothing"
"af11","Nothing",2025-10-13 02:03:09,2025-10-13,"02:03:09",322672,5377.9,89.6,3.7,"E:/alexfraser_tagged/af11_nov1/102RECNX","RCNX0381.JPG","Nothing",1,"Species|Nothing"
"af11","Nothing",2025-10-17 16:16:53,2025-10-17,"16:16:53",396824,6613.7,110.2,4.6,"E:/alexfraser_tagged/af11_nov1/102RECNX","RCNX0405.JPG","Nothing",1,"Species|Nothing"
"af11","Nothing",2025-10-19 23:07:48,2025-10-20,"23:07:48",197455,3290.9,54.8,2.3,"E:/alexfraser_tagged/af11_nov1/102RECNX","RCNX0408.JPG","Nothing",1,"Species|Nothing"
"af11","Nothing",2025-10-20 04:40:46,2025-10-20,"04:40:46",19978,333,5.6,0.2,"E:/alexfraser_tagged/af11_nov1/102RECNX","RCNX0410.JPG","Nothing",1,"Species|Nothing"
"af11","Nothing",2025-10-21 15:22:55,2025-10-21,"15:22:55",124929,2082.2,34.7,1.4,"E:/alexfraser_tagged/af11_nov1/102RECNX","RCNX0413.JPG","Nothing",1,"Species|Nothing"
"af11","Nothing",2025-10-30 15:52:23,2025-10-30,"15:52:23",779368,12989.5,216.5,9,"E:/alexfraser_tagged/af11_nov1/102RECNX","RCNX0428.JPG","Nothing",1,"Species|Nothing"
"af11","People",2025-08-05 16:43:11,2025-08-05,"16:43:11",0,0,0,0,"E:/alexfraser_tagged/af11_nov1/100RECNX","RCNX0001.JPG","People",48,"Species|People"
"af11","People",2025-11-01 10:36:46,2025-11-01,"10:36:46",7580940,126349,2105.8,87.7,"E:/alexfraser_tagged/af11_nov1/102RECNX","RCNX0433.JPG","People",23,"Species|People"
"af11","People",2025-11-01 10:46:19,2025-11-01,"10:46:19",541,9,0.1,0,"E:/alexfraser_tagged/af11_nov1/102RECNX","RCNX0457.JPG","People",11,"Species|People"
"af11","People",2025-11-01 11:04:38,2025-11-01,"11:04:38",655,10.9,0.2,0,"E:/alexfraser_tagged/af11_nov1/102RECNX","RCNX0468.JPG","People",10,"Species|People"
"af11","People",2025-11-01 11:11:38,2025-11-01,"11:11:38",406,6.8,0.1,0,"E:/alexfraser_tagged/af11_nov1/102RECNX","RCNX0479.JPG","People",10,"Species|People"
"af11","People",2025-11-14 12:26:07,2025-11-14,"12:26:07",1131217,18853.6,314.2,13.1,"E:/alexfraser_tagged/af11_nov1/102RECNX","RCNX0489.JPG","People",3,"Species|People"
"af11","Red squirrel",2025-08-09 08:58:40,2025-08-09,"08:58:40",0,0,0,0,"E:/alexfraser_tagged/af11_nov1/102RECNX","RCNX0010.JPG","Red squirrel",2,"Species|Red squirrel"
"af11","Red squirrel",2025-08-09 17:11:00,2025-08-10,"17:11:00",29536,492.3,8.2,0.3,"E:/alexfraser_tagged/af11_nov1/102RECNX","RCNX0013.JPG","Red squirrel",2,"Species|Red squirrel"
"af11","Red squirrel",2025-08-12 18:04:28,2025-08-13,"18:04:28",262336,4372.3,72.9,3,"E:/alexfraser_tagged/af11_nov1/102RECNX","RCNX0075.JPG","Red squirrel",2,"Species|Red squirrel"
"af11","Red squirrel",2025-08-13 03:40:03,2025-08-13,"03:40:03",34533,575.5,9.6,0.4,"E:/alexfraser_tagged/af11_nov1/102RECNX","RCNX0077.JPG","Red squirrel",1,"Species|Red squirrel"
"af11","Red squirrel",2025-08-13 09:02:34,2025-08-13,"09:02:34",19351,322.5,5.4,0.2,"E:/alexfraser_tagged/af11_nov1/102RECNX","RCNX0078.JPG","Red squirrel",1,"Species|Red squirrel"
"af11","Red squirrel",2025-08-13 09:53:50,2025-08-13,"09:53:50",3076,51.3,0.9,0,"E:/alexfraser_tagged/af11_nov1/102RECNX","RCNX0079.JPG","Red squirrel",2,"Species|Red squirrel"
"af11","Red squirrel",2025-08-18 10:52:41,2025-08-18,"10:52:41",435528,7258.8,121,5,"E:/alexfraser_tagged/af11_nov1/102RECNX","RCNX0086.JPG","Red squirrel",2,"Species|Red squirrel"
"af11","Red squirrel",2025-08-26 12:12:20,2025-08-26,"12:12:20",695962,11599.4,193.3,8.1,"E:/alexfraser_tagged/af11_nov1/102RECNX","RCNX0124.JPG","Red squirrel",3,"Species|Red squirrel"
"af11","Red squirrel",2025-09-01 09:34:24,2025-09-01,"09:34:24",508922,8482,141.4,5.9,"E:/alexfraser_tagged/af11_nov1/102RECNX","RCNX0155.JPG","Red squirrel",1,"Species|Red squirrel"
"af11","Red squirrel",2025-09-01 10:41:20,2025-09-01,"10:41:20",4016,66.9,1.1,0,"E:/alexfraser_tagged/af11_nov1/102RECNX","RCNX0156.JPG","Red squirrel",3,"Species|Red squirrel"
"af11","Red squirrel",2025-09-02 17:19:00,2025-09-03,"17:19:00",110258,1837.6,30.6,1.3,"E:/alexfraser_tagged/af11_nov1/102RECNX","RCNX0161.JPG","Red squirrel",1,"Species|Red squirrel"
"af11","Red squirrel",2025-09-02 18:28:20,2025-09-03,"18:28:20",4160,69.3,1.2,0,"E:/alexfraser_tagged/af11_nov1/102RECNX","RCNX0162.JPG","Red squirrel",2,"Species|Red squirrel"
"af11","Red squirrel",2025-09-05 12:46:17,2025-09-05,"12:46:17",238673,3977.9,66.3,2.8,"E:/alexfraser_tagged/af11_nov1/102RECNX","RCNX0176.JPG","Red squirrel",1,"Species|Red squirrel"
"af11","Red squirrel",2025-09-06 09:00:08,2025-09-06,"09:00:08",72831,1213.8,20.2,0.8,"E:/alexfraser_tagged/af11_nov1/102RECNX","RCNX0178.JPG","Red squirrel",3,"Species|Red squirrel"
"af11","Red squirrel",2025-09-10 15:39:08,2025-09-10,"15:39:08",369536,6158.9,102.6,4.3,"E:/alexfraser_tagged/af11_nov1/102RECNX","RCNX0198.JPG","Red squirrel",2,"Species|Red squirrel"
"af11","Red squirrel",2025-09-18 14:30:07,2025-09-18,"14:30:07",687049,11450.8,190.8,8,"E:/alexfraser_tagged/af11_nov1/102RECNX","RCNX0276.JPG","Red squirrel",1,"Species|Red squirrel"
"af11","Red squirrel",2025-09-20 08:13:09,2025-09-20,"08:13:09",150182,2503,41.7,1.7,"E:/alexfraser_tagged/af11_nov1/102RECNX","RCNX0279.JPG","Red squirrel",2,"Species|Red squirrel"
"af11","Red squirrel",2025-09-20 08:23:21,2025-09-20,"08:23:21",611,10.2,0.2,0,"E:/alexfraser_tagged/af11_nov1/102RECNX","RCNX0281.JPG","Red squirrel",2,"Species|Red squirrel"
"af11","Red squirrel",2025-09-20 09:43:28,2025-09-20,"09:43:28",4806,80.1,1.3,0.1,"E:/alexfraser_tagged/af11_nov1/102RECNX","RCNX0284.JPG","Red squirrel",2,"Species|Red squirrel"
"af11","Red squirrel",2025-09-20 17:13:49,2025-09-21,"17:13:49",27020,450.3,7.5,0.3,"E:/alexfraser_tagged/af11_nov1/102RECNX","RCNX0286.JPG","Red squirrel",1,"Species|Red squirrel"
"af11","Red squirrel",2025-09-20 17:53:13,2025-09-21,"17:53:13",2364,39.4,0.7,0,"E:/alexfraser_tagged/af11_nov1/102RECNX","RCNX0287.JPG","Red squirrel",1,"Species|Red squirrel"
"af11","Red squirrel",2025-09-21 15:31:24,2025-09-21,"15:31:24",77891,1298.2,21.6,0.9,"E:/alexfraser_tagged/af11_nov1/102RECNX","RCNX0288.JPG","Red squirrel",1,"Species|Red squirrel"
"af11","Red squirrel",2025-10-03 09:51:47,2025-10-03,"09:51:47",1016423,16940.4,282.3,11.8,"E:/alexfraser_tagged/af11_nov1/102RECNX","RCNX0301.JPG","Red squirrel",2,"Species|Red squirrel"
"af11","Red squirrel",2025-10-05 09:30:35,2025-10-05,"09:30:35",171431,2857.2,47.6,2,"E:/alexfraser_tagged/af11_nov1/102RECNX","RCNX0314.JPG","Red squirrel",6,"Species|Red squirrel"
"af11","Red squirrel",2025-10-06 13:01:15,2025-10-06,"13:01:15",98874,1647.9,27.5,1.1,"E:/alexfraser_tagged/af11_nov1/102RECNX","RCNX0323.JPG","Red squirrel",3,"Species|Red squirrel"
"af11","Red squirrel",2025-10-08 09:19:29,2025-10-08,"09:19:29",159478,2658,44.3,1.8,"E:/alexfraser_tagged/af11_nov1/102RECNX","RCNX0365.JPG","Red squirrel",1,"Species|Red squirrel"
"af11","Red squirrel",2025-10-09 14:32:07,2025-10-09,"14:32:07",105158,1752.6,29.2,1.2,"E:/alexfraser_tagged/af11_nov1/102RECNX","RCNX0367.JPG","Red squirrel",1,"Species|Red squirrel"
"af11","Red squirrel",2025-10-12 16:17:15,2025-10-12,"16:17:15",265508,4425.1,73.8,3.1,"E:/alexfraser_tagged/af11_nov1/102RECNX","RCNX0371.JPG","Red squirrel",8,"Species|Red squirrel"
"af11","Red squirrel",2025-10-14 07:30:29,2025-10-14,"07:30:29",141108,2351.8,39.2,1.6,"E:/alexfraser_tagged/af11_nov1/102RECNX","RCNX0387.JPG","Red squirrel",4,"Species|Red squirrel"
"af11","Red squirrel",2025-10-16 07:44:07,2025-10-16,"07:44:07",173611,2893.5,48.2,2,"E:/alexfraser_tagged/af11_nov1/102RECNX","RCNX0395.JPG","Red squirrel",4,"Species|Red squirrel"
"af11","Red squirrel",2025-10-28 12:28:18,2025-10-28,"12:28:18",1053802,17563.4,292.7,12.2,"E:/alexfraser_tagged/af11_nov1/102RECNX","RCNX0426.JPG","Red squirrel",2,"Species|Red squirrel"
"af11","Red squirrel",2025-10-31 08:42:39,2025-10-31,"08:42:39",245654,4094.2,68.2,2.8,"E:/alexfraser_tagged/af11_nov1/102RECNX","RCNX0429.JPG","Red squirrel",2,"Species|Red squirrel"
"af11","Red squirrel",2025-10-31 09:47:05,2025-10-31,"09:47:05",3864,64.4,1.1,0,"E:/alexfraser_tagged/af11_nov1/102RECNX","RCNX0432.JPG","Red squirrel",1,"Species|Red squirrel"
"af11","Snowshoe hare",2025-08-07 22:47:36,2025-08-08,"22:47:36",0,0,0,0,"E:/alexfraser_tagged/af11_nov1/102RECNX","RCNX0002.JPG","Snowshoe hare",8,"Species|Snowshoe hare"
"af11","Snowshoe hare",2025-08-10 04:31:29,2025-08-10,"04:31:29",193362,3222.7,53.7,2.2,"E:/alexfraser_tagged/af11_nov1/102RECNX","RCNX0015.JPG","Snowshoe hare",1,"Species|Snowshoe hare"
"af11","Snowshoe hare",2025-08-11 21:50:07,2025-08-12,"21:50:07",148718,2478.6,41.3,1.7,"E:/alexfraser_tagged/af11_nov1/102RECNX","RCNX0016.JPG","Snowshoe hare",56,"Species|Snowshoe hare"
"af11","Snowshoe hare",2025-08-17 04:43:23,2025-08-17,"04:43:23",456561,7609.4,126.8,5.3,"E:/alexfraser_tagged/af11_nov1/102RECNX","RCNX0082.JPG","Snowshoe hare",4,"Species|Snowshoe hare"
"af11","Snowshoe hare",2025-08-20 21:23:52,2025-08-21,"21:23:52",319212,5320.2,88.7,3.7,"E:/alexfraser_tagged/af11_nov1/102RECNX","RCNX0090.JPG","Snowshoe hare",4,"Species|Snowshoe hare"
"af11","Snowshoe hare",2025-08-24 21:18:33,2025-08-25,"21:18:33",345272,5754.5,95.9,4,"E:/alexfraser_tagged/af11_nov1/102RECNX","RCNX0097.JPG","Snowshoe hare",2,"Species|Snowshoe hare"
"af11","Snowshoe hare",2025-08-25 22:01:19,2025-08-26,"22:01:19",88959,1482.7,24.7,1,"E:/alexfraser_tagged/af11_nov1/102RECNX","RCNX0100.JPG","Snowshoe hare",23,"Species|Snowshoe hare"
"af11","Snowshoe hare",2025-08-27 23:13:10,2025-08-28,"23:13:10",176971,2949.5,49.2,2.1,"E:/alexfraser_tagged/af11_nov1/102RECNX","RCNX0127.JPG","Snowshoe hare",2,"Species|Snowshoe hare"
"af11","Snowshoe hare",2025-08-28 02:57:50,2025-08-28,"02:57:50",13477,224.6,3.7,0.2,"E:/alexfraser_tagged/af11_nov1/102RECNX","RCNX0129.JPG","Snowshoe hare",3,"Species|Snowshoe hare"
"af11","Snowshoe hare",2025-08-29 21:44:14,2025-08-30,"21:44:14",153975,2566.2,42.8,1.8,"E:/alexfraser_tagged/af11_nov1/102RECNX","RCNX0132.JPG","Snowshoe hare",6,"Species|Snowshoe hare"
"af11","Snowshoe hare",2025-08-30 01:02:34,2025-08-30,"01:02:34",11894,198.2,3.3,0.1,"E:/alexfraser_tagged/af11_nov1/102RECNX","RCNX0138.JPG","Snowshoe hare",3,"Species|Snowshoe hare"
"af11","Snowshoe hare",2025-08-30 01:39:01,2025-08-30,"01:39:01",2182,36.4,0.6,0,"E:/alexfraser_tagged/af11_nov1/102RECNX","RCNX0141.JPG","Snowshoe hare",7,"Species|Snowshoe hare"
"af11","Snowshoe hare",2025-08-31 00:23:30,2025-08-31,"00:23:30",81853,1364.2,22.7,0.9,"E:/alexfraser_tagged/af11_nov1/102RECNX","RCNX0148.JPG","Snowshoe hare",4,"Species|Snowshoe hare"
"af11","Snowshoe hare",2025-09-03 22:17:28,2025-09-04,"22:17:28",337993,5633.2,93.9,3.9,"E:/alexfraser_tagged/af11_nov1/102RECNX","RCNX0164.JPG","Snowshoe hare",9,"Species|Snowshoe hare"
"af11","Snowshoe hare",2025-09-06 04:59:10,2025-09-06,"04:59:10",196663,3277.7,54.6,2.3,"E:/alexfraser_tagged/af11_nov1/102RECNX","RCNX0177.JPG","Snowshoe hare",1,"Species|Snowshoe hare"
"af11","Snowshoe hare",2025-09-08 20:54:18,2025-09-09,"20:54:18",230108,3835.1,63.9,2.7,"E:/alexfraser_tagged/af11_nov1/102RECNX","RCNX0184.JPG","Snowshoe hare",10,"Species|Snowshoe hare"
"af11","Snowshoe hare",2025-09-09 20:56:01,2025-09-10,"20:56:01",86474,1441.2,24,1,"E:/alexfraser_tagged/af11_nov1/102RECNX","RCNX0195.JPG","Snowshoe hare",3,"Species|Snowshoe hare"
"af11","Snowshoe hare",2025-09-12 00:04:04,2025-09-12,"00:04:04",184037,3067.3,51.1,2.1,"E:/alexfraser_tagged/af11_nov1/102RECNX","RCNX0201.JPG","Snowshoe hare",30,"Species|Snowshoe hare"
"af11","Snowshoe hare",2025-09-12 01:39:22,2025-09-12,"01:39:22",5493,91.6,1.5,0.1,"E:/alexfraser_tagged/af11_nov1/102RECNX","RCNX0232.JPG","Snowshoe hare",7,"Species|Snowshoe hare"
"af11","Snowshoe hare",2025-09-13 00:20:50,2025-09-13,"00:20:50",81680,1361.3,22.7,0.9,"E:/alexfraser_tagged/af11_nov1/102RECNX","RCNX0240.JPG","Snowshoe hare",3,"Species|Snowshoe hare"
"af11","Snowshoe hare",2025-09-13 23:02:32,2025-09-14,"23:02:32",81543,1359,22.6,0.9,"E:/alexfraser_tagged/af11_nov1/102RECNX","RCNX0244.JPG","Snowshoe hare",4,"Species|Snowshoe hare"
"af11","Snowshoe hare",2025-09-15 03:57:51,2025-09-15,"03:57:51",104113,1735.2,28.9,1.2,"E:/alexfraser_tagged/af11_nov1/102RECNX","RCNX0248.JPG","Snowshoe hare",3,"Species|Snowshoe hare"
"af11","Snowshoe hare",2025-09-15 04:38:00,2025-09-15,"04:38:00",2407,40.1,0.7,0,"E:/alexfraser_tagged/af11_nov1/102RECNX","RCNX0251.JPG","Snowshoe hare",2,"Species|Snowshoe hare"
"af11","Snowshoe hare",2025-09-17 05:41:10,2025-09-17,"05:41:10",176588,2943.1,49.1,2,"E:/alexfraser_tagged/af11_nov1/102RECNX","RCNX0255.JPG","Snowshoe hare",9,"Species|Snowshoe hare"
"af11","Snowshoe hare",2025-09-17 07:02:32,2025-09-17,"07:02:32",4867,81.1,1.4,0.1,"E:/alexfraser_tagged/af11_nov1/102RECNX","RCNX0266.JPG","Snowshoe hare",1,"Species|Snowshoe hare"
"af11","Snowshoe hare",2025-09-18 00:40:37,2025-09-18,"00:40:37",63485,1058.1,17.6,0.7,"E:/alexfraser_tagged/af11_nov1/102RECNX","RCNX0268.JPG","Snowshoe hare",2,"Species|Snowshoe hare"
"af11","Snowshoe hare",2025-09-22 00:28:05,2025-09-22,"00:28:05",344847,5747.4,95.8,4,"E:/alexfraser_tagged/af11_nov1/102RECNX","RCNX0289.JPG","Snowshoe hare",2,"Species|Snowshoe hare"
"af11","Snowshoe hare",2025-09-23 05:04:35,2025-09-23,"05:04:35",102989,1716.5,28.6,1.2,"E:/alexfraser_tagged/af11_nov1/102RECNX","RCNX0293.JPG","Snowshoe hare",1,"Species|Snowshoe hare"
"af11","Snowshoe hare",2025-09-25 00:54:46,2025-09-25,"00:54:46",157811,2630.2,43.8,1.8,"E:/alexfraser_tagged/af11_nov1/102RECNX","RCNX0295.JPG","Snowshoe hare",2,"Species|Snowshoe hare"
"af11","Snowshoe hare",2025-09-29 19:50:05,2025-09-30,"19:50:05",413718,6895.3,114.9,4.8,"E:/alexfraser_tagged/af11_nov1/102RECNX","RCNX0300.JPG","Snowshoe hare",1,"Species|Snowshoe hare"
"af11","Snowshoe hare",2025-10-03 20:06:57,2025-10-04,"20:06:57",346612,5776.9,96.3,4,"E:/alexfraser_tagged/af11_nov1/102RECNX","RCNX0303.JPG","Snowshoe hare",2,"Species|Snowshoe hare"
"af11","Snowshoe hare",2025-10-04 20:07:41,2025-10-05,"20:07:41",86442,1440.7,24,1,"E:/alexfraser_tagged/af11_nov1/102RECNX","RCNX0309.JPG","Snowshoe hare",4,"Species|Snowshoe hare"
"af11","Snowshoe hare",2025-10-05 05:31:13,2025-10-05,"05:31:13",33794,563.2,9.4,0.4,"E:/alexfraser_tagged/af11_nov1/102RECNX","RCNX0313.JPG","Snowshoe hare",1,"Species|Snowshoe hare"
"af11","Snowshoe hare",2025-10-06 00:38:44,2025-10-06,"00:38:44",68851,1147.5,19.1,0.8,"E:/alexfraser_tagged/af11_nov1/102RECNX","RCNX0321.JPG","Snowshoe hare",2,"Species|Snowshoe hare"
"af11","Snowshoe hare",2025-10-07 03:14:01,2025-10-07,"03:14:01",95716,1595.3,26.6,1.1,"E:/alexfraser_tagged/af11_nov1/102RECNX","RCNX0344.JPG","Snowshoe hare",3,"Species|Snowshoe hare"
"af11","Snowshoe hare",2025-10-07 18:57:54,2025-10-08,"18:57:54",56630,943.8,15.7,0.7,"E:/alexfraser_tagged/af11_nov1/102RECNX","RCNX0347.JPG","Snowshoe hare",5,"Species|Snowshoe hare"
"af11","Snowshoe hare",2025-10-07 19:20:05,2025-10-08,"19:20:05",1270,21.2,0.4,0,"E:/alexfraser_tagged/af11_nov1/102RECNX","RCNX0352.JPG","Snowshoe hare",3,"Species|Snowshoe hare"
"af11","Snowshoe hare",2025-10-07 19:43:47,2025-10-08,"19:43:47",1419,23.6,0.4,0,"E:/alexfraser_tagged/af11_nov1/102RECNX","RCNX0355.JPG","Snowshoe hare",6,"Species|Snowshoe hare"
"af11","Snowshoe hare",2025-10-08 04:15:37,2025-10-08,"04:15:37",30239,504,8.4,0.4,"E:/alexfraser_tagged/af11_nov1/102RECNX","RCNX0361.JPG","Snowshoe hare",4,"Species|Snowshoe hare"
"af11","Snowshoe hare",2025-10-11 20:53:55,2025-10-12,"20:53:55",319091,5318.2,88.6,3.7,"E:/alexfraser_tagged/af11_nov1/102RECNX","RCNX0368.JPG","Snowshoe hare",3,"Species|Snowshoe hare"
"af11","Snowshoe hare",2025-10-12 21:37:37,2025-10-13,"21:37:37",89020,1483.7,24.7,1,"E:/alexfraser_tagged/af11_nov1/102RECNX","RCNX0379.JPG","Snowshoe hare",2,"Species|Snowshoe hare"
"af11","Snowshoe hare",2025-10-13 03:52:53,2025-10-13,"03:52:53",22487,374.8,6.2,0.3,"E:/alexfraser_tagged/af11_nov1/102RECNX","RCNX0382.JPG","Snowshoe hare",1,"Species|Snowshoe hare"
"af11","Snowshoe hare",2025-10-13 20:17:00,2025-10-14,"20:17:00",59047,984.1,16.4,0.7,"E:/alexfraser_tagged/af11_nov1/102RECNX","RCNX0383.JPG","Snowshoe hare",3,"Species|Snowshoe hare"
"af11","Snowshoe hare",2025-10-15 21:08:01,2025-10-16,"21:08:01",175856,2930.9,48.8,2,"E:/alexfraser_tagged/af11_nov1/102RECNX","RCNX0391.JPG","Snowshoe hare",4,"Species|Snowshoe hare"
"af11","Snowshoe hare",2025-10-17 02:18:06,2025-10-17,"02:18:06",104993,1749.9,29.2,1.2,"E:/alexfraser_tagged/af11_nov1/102RECNX","RCNX0401.JPG","Snowshoe hare",4,"Species|Snowshoe hare"
"af11","Snowshoe hare",2025-10-17 18:56:24,2025-10-18,"18:56:24",59894,998.2,16.6,0.7,"E:/alexfraser_tagged/af11_nov1/102RECNX","RCNX0406.JPG","Snowshoe hare",2,"Species|Snowshoe hare"
"af11","Snowshoe hare",2025-10-21 19:08:44,2025-10-22,"19:08:44",346328,5772.1,96.2,4,"E:/alexfraser_tagged/af11_nov1/102RECNX","RCNX0414.JPG","Snowshoe hare",1,"Species|Snowshoe hare"
"af11","Snowshoe hare",2025-10-23 04:48:07,2025-10-23,"04:48:07",121163,2019.4,33.7,1.4,"E:/alexfraser_tagged/af11_nov1/102RECNX","RCNX0415.JPG","Snowshoe hare",1,"Species|Snowshoe hare"
"af11","Snowshoe hare",2025-10-23 21:33:25,2025-10-24,"21:33:25",60318,1005.3,16.8,0.7,"E:/alexfraser_tagged/af11_nov1/102RECNX","RCNX0416.JPG","Snowshoe hare",1,"Species|Snowshoe hare"
"af11","Snowshoe hare",2025-10-25 06:15:29,2025-10-25,"06:15:29",117724,1962.1,32.7,1.4,"E:/alexfraser_tagged/af11_nov1/102RECNX","RCNX0417.JPG","Snowshoe hare",1,"Species|Snowshoe hare"
"af11","Snowshoe hare",2025-10-27 00:13:45,2025-10-27,"00:13:45",151096,2518.3,42,1.8,"E:/alexfraser_tagged/af11_nov1/102RECNX","RCNX0418.JPG","Snowshoe hare",3,"Species|Snowshoe hare"
"af11","Snowshoe hare",2025-10-27 02:42:35,2025-10-27,"02:42:35",8925,148.8,2.5,0.1,"E:/alexfraser_tagged/af11_nov1/102RECNX","RCNX0421.JPG","Snowshoe hare",2,"Species|Snowshoe hare"
"af11","Snowshoe hare",2025-10-27 05:42:54,2025-10-27,"05:42:54",10815,180.2,3,0.1,"E:/alexfraser_tagged/af11_nov1/102RECNX","RCNX0423.JPG","Snowshoe hare",3,"Species|Snowshoe hare"
"af11","Unknown",2025-08-22 23:00:32,2025-08-23,"23:00:32",0,0,0,0,"E:/alexfraser_tagged/af11_nov1/102RECNX","RCNX0094.JPG","Unknown",2,"Species|Unknown"
"af11","Unknown",2025-08-31 22:08:24,2025-09-01,"22:08:24",774471,12907.9,215.1,9,"E:/alexfraser_tagged/af11_nov1/102RECNX","RCNX0152.JPG","Unknown",3,"Species|Unknown"
"af11","Unknown",2025-09-07 23:11:37,2025-09-08,"23:11:37",608489,10141.5,169,7,"E:/alexfraser_tagged/af11_nov1/102RECNX","RCNX0183.JPG","Unknown",1,"Species|Unknown"
"af11","Unknown",2025-09-18 03:38:50,2025-09-18,"03:38:50",880033,14667.2,244.5,10.2,"E:/alexfraser_tagged/af11_nov1/102RECNX","RCNX0270.JPG","Unknown",1,"Species|Unknown"
"af11","Unknown",2025-09-18 06:26:24,2025-09-18,"06:26:24",10054,167.6,2.8,0.1,"E:/alexfraser_tagged/af11_nov1/102RECNX","RCNX0271.JPG","Unknown",2,"Species|Unknown"
"af11","Unknown",2025-10-16 15:18:03,2025-10-16,"15:18:03",2451092,40851.5,680.9,28.4,"E:/alexfraser_tagged/af11_nov1/102RECNX","RCNX0399.JPG","Unknown",2,"Species|Unknown"
"af12","Bird",2025-09-08 11:25:34,2025-09-08,"11:25:34",0,0,0,0,"E:/alexfraser_tagged/af12_nov1/101RECNX","RCNX0256.JPG","Bird",1,"Species|Bird"
"af12","Bird",2025-10-23 17:30:19,2025-10-24,"17:30:19",3909885,65164.8,1086.1,45.3,"E:/alexfraser_tagged/af12_nov1/101RECNX","RCNX0277.JPG","Bird",1,"Species|Bird"
"af12","Bird",2025-10-27 09:29:42,2025-10-27,"09:29:42",316763,5279.4,88,3.7,"E:/alexfraser_tagged/af12_nov1/101RECNX","RCNX0279.JPG","Bird",1,"Species|Bird"
"af12","Black bear",2025-08-11 07:08:14,2025-08-11,"07:08:14",0,0,0,0,"E:/alexfraser_tagged/af12_nov1/101RECNX","RCNX0191.JPG","Black bear",13,"Species|Black bear"
"af12","Black bear",2025-08-11 10:05:27,2025-08-11,"10:05:27",10614,176.9,2.9,0.1,"E:/alexfraser_tagged/af12_nov1/101RECNX","RCNX0204.JPG","Black bear",29,"Species|Black bear"
"af12","Mule deer",2025-08-06 10:49:11,2025-08-06,"10:49:11",0,0,0,0,"E:/alexfraser_tagged/af12_nov1/101RECNX","RCNX0001.JPG","Mule deer",29,"Species|Mule deer"
"af12","Mule deer",2025-08-09 11:41:13,2025-08-09,"11:41:13",262281,4371.4,72.9,3,"E:/alexfraser_tagged/af12_nov1/101RECNX","RCNX0031.JPG","Mule deer",130,"Species|Mule deer"
"af12","Mule deer",2025-08-09 12:06:37,2025-08-09,"12:06:37",675,11.2,0.2,0,"E:/alexfraser_tagged/af12_nov1/101RECNX","RCNX0173.JPG","Mule deer",18,"Species|Mule deer"
"af12","Mule deer",2025-08-18 07:40:20,2025-08-18,"07:40:20",761602,12693.4,211.6,8.8,"E:/alexfraser_tagged/af12_nov1/101RECNX","RCNX0234.JPG","Mule deer",13,"Species|Mule deer"
"af12","Mule deer",2025-08-19 10:21:16,2025-08-19,"10:21:16",96039,1600.7,26.7,1.1,"E:/alexfraser_tagged/af12_nov1/101RECNX","RCNX0247.JPG","Mule deer",1,"Species|Mule deer"
"af12","Mule deer",2025-09-08 19:41:10,2025-09-09,"19:41:10",1761594,29359.9,489.3,20.4,"E:/alexfraser_tagged/af12_nov1/101RECNX","RCNX0257.JPG","Mule deer",7,"Species|Mule deer"
"af12","Nothing",2025-08-22 13:45:22,2025-08-22,"13:45:22",0,0,0,0,"E:/alexfraser_tagged/af12_nov1/101RECNX","RCNX0248.JPG","Nothing",1,"Species|Nothing"
"af12","Nothing",2025-08-23 06:32:07,2025-08-23,"06:32:07",60405,1006.8,16.8,0.7,"E:/alexfraser_tagged/af12_nov1/101RECNX","RCNX0249.JPG","Nothing",1,"Species|Nothing"
"af12","Nothing",2025-08-23 08:23:20,2025-08-23,"08:23:20",6673,111.2,1.9,0.1,"E:/alexfraser_tagged/af12_nov1/101RECNX","RCNX0250.JPG","Nothing",1,"Species|Nothing"
"af12","Nothing",2025-08-26 19:14:32,2025-08-27,"19:14:32",298272,4971.2,82.9,3.5,"E:/alexfraser_tagged/af12_nov1/101RECNX","RCNX0251.JPG","Nothing",1,"Species|Nothing"
"af12","Nothing",2025-08-27 14:20:48,2025-08-27,"14:20:48",68776,1146.3,19.1,0.8,"E:/alexfraser_tagged/af12_nov1/101RECNX","RCNX0252.JPG","Nothing",1,"Species|Nothing"
"af12","Nothing",2025-08-31 14:36:09,2025-08-31,"14:36:09",346521,5775.4,96.3,4,"E:/alexfraser_tagged/af12_nov1/101RECNX","RCNX0253.JPG","Nothing",2,"Species|Nothing"
"af12","Nothing",2025-09-07 02:25:25,2025-09-07,"02:25:25",560855,9347.6,155.8,6.5,"E:/alexfraser_tagged/af12_nov1/101RECNX","RCNX0255.JPG","Nothing",1,"Species|Nothing"
"af12","Nothing",2025-10-10 07:41:24,2025-10-10,"07:41:24",2870159,47836,797.3,33.2,"E:/alexfraser_tagged/af12_nov1/101RECNX","RCNX0267.JPG","Nothing",1,"Species|Nothing"
"af12","Nothing",2025-10-10 09:25:44,2025-10-10,"09:25:44",6260,104.3,1.7,0.1,"E:/alexfraser_tagged/af12_nov1/101RECNX","RCNX0268.JPG","Nothing",1,"Species|Nothing"
"af12","Nothing",2025-10-13 16:14:40,2025-10-13,"16:14:40",283736,4728.9,78.8,3.3,"E:/alexfraser_tagged/af12_nov1/101RECNX","RCNX0273.JPG","Nothing",1,"Species|Nothing"
"af12","Nothing",2025-10-22 16:15:16,2025-10-22,"16:15:16",777636,12960.6,216,9,"E:/alexfraser_tagged/af12_nov1/101RECNX","RCNX0276.JPG","Nothing",1,"Species|Nothing"
"af12","Nothing",2025-10-31 14:16:51,2025-10-31,"14:16:51",770495,12841.6,214,8.9,"E:/alexfraser_tagged/af12_nov1/101RECNX","RCNX0280.JPG","Nothing",1,"Species|Nothing"
"af12","Nothing",2025-11-01 08:32:45,2025-11-01,"08:32:45",65754,1095.9,18.3,0.8,"E:/alexfraser_tagged/af12_nov1/101RECNX","RCNX0281.JPG","Nothing",1,"Species|Nothing"
"af12","People",2025-08-06 07:47:06,2025-08-06,"07:47:06",0,0,0,0,"E:/alexfraser_tagged/af12_nov1/100RECNX","RCNX0001.JPG","People",23,"Species|People"
"af12","People",2025-11-02 10:09:49,2025-11-02,"10:09:49",7615320,126922,2115.4,88.1,"E:/alexfraser_tagged/af12_nov1/101RECNX","RCNX0282.JPG","People",24,"Species|People"
"af12","Red squirrel",2025-10-09 07:55:57,2025-10-09,"07:55:57",0,0,0,0,"E:/alexfraser_tagged/af12_nov1/101RECNX","RCNX0264.JPG","Red squirrel",1,"Species|Red squirrel"
"af12","Red squirrel",2025-10-09 08:13:34,2025-10-09,"08:13:34",1057,17.6,0.3,0,"E:/alexfraser_tagged/af12_nov1/101RECNX","RCNX0265.JPG","Red squirrel",2,"Species|Red squirrel"
"af12","Red squirrel",2025-10-10 09:53:28,2025-10-10,"09:53:28",92389,1539.8,25.7,1.1,"E:/alexfraser_tagged/af12_nov1/101RECNX","RCNX0269.JPG","Red squirrel",4,"Species|Red squirrel"
"af12","Red squirrel",2025-10-21 07:25:07,2025-10-21,"07:25:07",941437,15690.6,261.5,10.9,"E:/alexfraser_tagged/af12_nov1/101RECNX","RCNX0274.JPG","Red squirrel",1,"Species|Red squirrel"
"af12","Red squirrel",2025-10-22 07:33:28,2025-10-22,"07:33:28",86901,1448.3,24.1,1,"E:/alexfraser_tagged/af12_nov1/101RECNX","RCNX0275.JPG","Red squirrel",1,"Species|Red squirrel"
"af13","Black bear",2025-08-08 15:06:27,2025-08-08,"15:06:27",0,0,0,0,"E:/alexfraser_tagged/af13_nov1/101RECNX","RCNX0007.JPG","Black bear",13,"Species|Black bear"
"af13","Black bear",2025-08-14 06:48:24,2025-08-14,"06:48:24",488490,8141.5,135.7,5.7,"E:/alexfraser_tagged/af13_nov1/101RECNX","RCNX0040.JPG","Black bear",8,"Species|Black bear"
"af13","Marten",2025-10-16 10:28:53,2025-10-16,"10:28:53",0,0,0,0,"E:/alexfraser_tagged/af13_nov1/101RECNX","RCNX0215.JPG","Marten",3,"Species|Marten"
"af13","Mule deer",2025-08-12 06:35:43,2025-08-12,"06:35:43",0,0,0,0,"E:/alexfraser_tagged/af13_nov1/101RECNX","RCNX0020.JPG","Mule deer",18,"Species|Mule deer"
"af13","Mule deer",2025-08-23 08:41:13,2025-08-23,"08:41:13",957897,15965,266.1,11.1,"E:/alexfraser_tagged/af13_nov1/101RECNX","RCNX0052.JPG","Mule deer",9,"Species|Mule deer"
"af13","Mule deer",2025-08-25 21:40:02,2025-08-26,"21:40:02",219496,3658.3,61,2.5,"E:/alexfraser_tagged/af13_nov1/101RECNX","RCNX0066.JPG","Mule deer",13,"Species|Mule deer"
"af13","Mule deer",2025-09-07 10:07:29,2025-09-07,"10:07:29",1081444,18024.1,300.4,12.5,"E:/alexfraser_tagged/af13_nov1/101RECNX","RCNX0080.JPG","Mule deer",34,"Species|Mule deer"
"af13","Mule deer",2025-09-09 07:08:35,2025-09-09,"07:08:35",162004,2700.1,45,1.9,"E:/alexfraser_tagged/af13_nov1/101RECNX","RCNX0119.JPG","Mule deer",7,"Species|Mule deer"
"af13","Mule deer",2025-09-21 03:34:30,2025-09-21,"03:34:30",1023899,17065,284.4,11.8,"E:/alexfraser_tagged/af13_nov1/101RECNX","RCNX0126.JPG","Mule deer",7,"Species|Mule deer"
"af13","Mule deer",2025-09-22 02:10:15,2025-09-22,"02:10:15",81335,1355.6,22.6,0.9,"E:/alexfraser_tagged/af13_nov1/101RECNX","RCNX0134.JPG","Mule deer",23,"Species|Mule deer"
"af13","Mule deer",2025-09-23 22:36:45,2025-09-24,"22:36:45",159934,2665.6,44.4,1.8,"E:/alexfraser_tagged/af13_nov1/101RECNX","RCNX0160.JPG","Mule deer",4,"Species|Mule deer"
"af13","Mule deer",2025-10-06 10:10:42,2025-10-06,"10:10:42",1078434,17973.9,299.6,12.5,"E:/alexfraser_tagged/af13_nov1/101RECNX","RCNX0165.JPG","Mule deer",9,"Species|Mule deer"
"af13","Mule deer",2025-10-11 19:17:59,2025-10-12,"19:17:59",464822,7747,129.1,5.4,"E:/alexfraser_tagged/af13_nov1/101RECNX","RCNX0182.JPG","Mule deer",14,"Species|Mule deer"
"af13","Mule deer",2025-10-12 07:27:30,2025-10-12,"07:27:30",43735,728.9,12.1,0.5,"E:/alexfraser_tagged/af13_nov1/101RECNX","RCNX0197.JPG","Mule deer",5,"Species|Mule deer"
"af13","Mule deer",2025-10-13 11:12:25,2025-10-13,"11:12:25",99890,1664.8,27.7,1.2,"E:/alexfraser_tagged/af13_nov1/101RECNX","RCNX0203.JPG","Mule deer",11,"Species|Mule deer"
"af13","Mule deer",2025-10-18 09:08:21,2025-10-18,"09:08:21",424499,7075,117.9,4.9,"E:/alexfraser_tagged/af13_nov1/101RECNX","RCNX0229.JPG","Mule deer",8,"Species|Mule deer"
"af13","Mule deer",2025-10-18 16:54:03,2025-10-18,"16:54:03",27926,465.4,7.8,0.3,"E:/alexfraser_tagged/af13_nov1/101RECNX","RCNX0237.JPG","Mule deer",34,"Species|Mule deer"
"af13","Mule deer",2025-10-18 19:14:45,2025-10-19,"19:14:45",8394,139.9,2.3,0.1,"E:/alexfraser_tagged/af13_nov1/101RECNX","RCNX0274.JPG","Mule deer",9,"Species|Mule deer"
"af13","Mule deer",2025-10-19 11:38:37,2025-10-19,"11:38:37",59022,983.7,16.4,0.7,"E:/alexfraser_tagged/af13_nov1/101RECNX","RCNX0286.JPG","Mule deer",8,"Species|Mule deer"
"af13","Mule deer",2025-10-24 02:16:25,2025-10-24,"02:16:25",398261,6637.7,110.6,4.6,"E:/alexfraser_tagged/af13_nov1/101RECNX","RCNX0307.JPG","Mule deer",7,"Species|Mule deer"
"af13","Mule deer",2025-10-24 19:13:24,2025-10-25,"19:13:24",61013,1016.9,16.9,0.7,"E:/alexfraser_tagged/af13_nov1/101RECNX","RCNX0314.JPG","Mule deer",5,"Species|Mule deer"
"af13","Mule deer",2025-10-30 07:25:05,2025-10-30,"07:25:05",475897,7931.6,132.2,5.5,"E:/alexfraser_tagged/af13_nov1/101RECNX","RCNX0332.JPG","Mule deer",4,"Species|Mule deer"
"af13","Mule deer",2025-10-30 08:44:41,2025-10-30,"08:44:41",4772,79.5,1.3,0.1,"E:/alexfraser_tagged/af13_nov1/101RECNX","RCNX0336.JPG","Mule deer",3,"Species|Mule deer"
"af13","Mule deer",2025-10-31 07:06:02,2025-10-31,"07:06:02",80478,1341.3,22.4,0.9,"E:/alexfraser_tagged/af13_nov1/101RECNX","RCNX0339.JPG","Mule deer",5,"Species|Mule deer"
"af13","Mule deer",2025-10-31 13:37:38,2025-10-31,"13:37:38",23491,391.5,6.5,0.3,"E:/alexfraser_tagged/af13_nov1/101RECNX","RCNX0344.JPG","Mule deer",28,"Species|Mule deer"
"af13","Nothing",2025-08-19 08:40:27,2025-08-19,"08:40:27",0,0,0,0,"E:/alexfraser_tagged/af13_nov1/101RECNX","RCNX0050.JPG","Nothing",1,"Species|Nothing"
"af13","Nothing",2025-08-20 11:30:26,2025-08-20,"11:30:26",96599,1610,26.8,1.1,"E:/alexfraser_tagged/af13_nov1/101RECNX","RCNX0051.JPG","Nothing",1,"Species|Nothing"
"af13","Nothing",2025-08-24 08:38:25,2025-08-24,"08:38:25",335279,5588,93.1,3.9,"E:/alexfraser_tagged/af13_nov1/101RECNX","RCNX0064.JPG","Nothing",2,"Species|Nothing"
"af13","People",2025-08-06 08:46:28,2025-08-06,"08:46:28",0,0,0,0,"E:/alexfraser_tagged/af13_nov1/100RECNX","RCNX0001.JPG","People",22,"Species|People"
"af13","People",2025-11-02 10:59:55,2025-11-02,"10:59:55",7614774,126912.9,2115.2,88.1,"E:/alexfraser_tagged/af13_nov1/101RECNX","RCNX0374.JPG","People",6,"Species|People"
"af13","Red squirrel",2025-08-08 11:02:11,2025-08-08,"11:02:11",0,0,0,0,"E:/alexfraser_tagged/af13_nov1/101RECNX","RCNX0001.JPG","Red squirrel",6,"Species|Red squirrel"
"af13","Red squirrel",2025-08-13 06:03:50,2025-08-13,"06:03:50",414080,6901.3,115,4.8,"E:/alexfraser_tagged/af13_nov1/101RECNX","RCNX0039.JPG","Red squirrel",1,"Species|Red squirrel"
"af13","Red squirrel",2025-08-17 11:54:45,2025-08-17,"11:54:45",366655,6110.9,101.8,4.2,"E:/alexfraser_tagged/af13_nov1/101RECNX","RCNX0048.JPG","Red squirrel",2,"Species|Red squirrel"
"af13","Red squirrel",2025-09-08 15:36:21,2025-09-08,"15:36:21",1913889,31898.2,531.6,22.2,"E:/alexfraser_tagged/af13_nov1/101RECNX","RCNX0117.JPG","Red squirrel",2,"Species|Red squirrel"
"af13","Red squirrel",2025-10-09 08:16:04,2025-10-09,"08:16:04",2651982,44199.7,736.7,30.7,"E:/alexfraser_tagged/af13_nov1/101RECNX","RCNX0181.JPG","Red squirrel",1,"Species|Red squirrel"
"af13","Red squirrel",2025-10-13 07:46:16,2025-10-13,"07:46:16",343812,5730.2,95.5,4,"E:/alexfraser_tagged/af13_nov1/101RECNX","RCNX0202.JPG","Red squirrel",1,"Species|Red squirrel"
"af13","Red squirrel",2025-10-16 15:00:30,2025-10-16,"15:00:30",285254,4754.2,79.2,3.3,"E:/alexfraser_tagged/af13_nov1/101RECNX","RCNX0218.JPG","Red squirrel",2,"Species|Red squirrel"
"af13","Red squirrel",2025-10-17 07:57:50,2025-10-17,"07:57:50",61037,1017.3,17,0.7,"E:/alexfraser_tagged/af13_nov1/101RECNX","RCNX0228.JPG","Red squirrel",1,"Species|Red squirrel"
"af13","Red squirrel",2025-10-27 11:22:41,2025-10-27,"11:22:41",876291,14604.9,243.4,10.1,"E:/alexfraser_tagged/af13_nov1/101RECNX","RCNX0319.JPG","Red squirrel",2,"Species|Red squirrel"
"af13","Red squirrel",2025-10-27 11:38:09,2025-10-27,"11:38:09",917,15.3,0.3,0,"E:/alexfraser_tagged/af13_nov1/101RECNX","RCNX0321.JPG","Red squirrel",1,"Species|Red squirrel"
"af13","Red squirrel",2025-10-27 11:47:50,2025-10-27,"11:47:50",581,9.7,0.2,0,"E:/alexfraser_tagged/af13_nov1/101RECNX","RCNX0322.JPG","Red squirrel",1,"Species|Red squirrel"
"af13","Red squirrel",2025-10-27 14:56:48,2025-10-27,"14:56:48",11338,189,3.1,0.1,"E:/alexfraser_tagged/af13_nov1/101RECNX","RCNX0323.JPG","Red squirrel",1,"Species|Red squirrel"
"af13","Snowshoe hare",2025-10-09 01:07:52,2025-10-09,"01:07:52",0,0,0,0,"E:/alexfraser_tagged/af13_nov1/101RECNX","RCNX0174.JPG","Snowshoe hare",7,"Species|Snowshoe hare"
"af13","Snowshoe hare",2025-10-16 21:55:52,2025-10-17,"21:55:52",679646,11327.4,188.8,7.9,"E:/alexfraser_tagged/af13_nov1/101RECNX","RCNX0220.JPG","Snowshoe hare",7,"Species|Snowshoe hare"
"af13","Snowshoe hare",2025-10-28 06:24:48,2025-10-28,"06:24:48",980914,16348.6,272.5,11.4,"E:/alexfraser_tagged/af13_nov1/101RECNX","RCNX0324.JPG","Snowshoe hare",5,"Species|Snowshoe hare"
"af13","Unknown",2025-10-29 08:35:29,2025-10-29,"08:35:29",0,0,0,0,"E:/alexfraser_tagged/af13_nov1/101RECNX","RCNX0330.JPG","Unknown",2,"Species|Unknown"
"af13","Wolf",2025-10-21 21:18:05,2025-10-22,"21:18:05",0,0,0,0,"E:/alexfraser_tagged/af13_nov1/101RECNX","RCNX0294.JPG","Wolf",12,"Species|Wolf"
"af14","Bird",2025-08-21 06:41:02,2025-08-21,"06:41:02",0,0,0,0,"E:/alexfraser_tagged/af14_nov1/101RECNX","RCNX0113.JPG","Bird",5,"Species|Bird"
"af14","Bird",2025-08-28 10:12:38,2025-08-28,"10:12:38",617482,10291.4,171.5,7.1,"E:/alexfraser_tagged/af14_nov1/101RECNX","RCNX0222.JPG","Bird",5,"Species|Bird"
"af14","Bird",2025-09-22 09:38:39,2025-09-22,"09:38:39",2157953,35965.9,599.4,25,"E:/alexfraser_tagged/af14_nov1/101RECNX","RCNX0342.JPG","Bird",3,"Species|Bird"
"af14","Bird",2025-09-30 16:24:22,2025-09-30,"16:24:22",715540,11925.7,198.8,8.3,"E:/alexfraser_tagged/af14_nov1/101RECNX","RCNX0355.JPG","Bird",2,"Species|Bird"
"af14","Bird",2025-10-15 09:39:10,2025-10-15,"09:39:10",1271685,21194.8,353.2,14.7,"E:/alexfraser_tagged/af14_nov1/101RECNX","RCNX0409.JPG","Bird",1,"Species|Bird"
"af14","Black bear",2025-08-28 16:59:15,2025-08-28,"16:59:15",0,0,0,0,"E:/alexfraser_tagged/af14_nov1/101RECNX","RCNX0227.JPG","Black bear",4,"Species|Black bear"
"af14","Canada Lynx",2025-08-19 17:52:44,2025-08-20,"17:52:44",0,0,0,0,"E:/alexfraser_tagged/af14_nov1/101RECNX","RCNX0103.JPG","Canada Lynx",9,"Species|Canada Lynx"
"af14","Canada Lynx",2025-09-24 14:23:31,2025-09-24,"14:23:31",3097838,51630.6,860.5,35.9,"E:/alexfraser_tagged/af14_nov1/101RECNX","RCNX0349.JPG","Canada Lynx",3,"Species|Canada Lynx"
"af14","Mule deer",2025-08-16 16:52:28,2025-08-16,"16:52:28",0,0,0,0,"E:/alexfraser_tagged/af14_nov1/101RECNX","RCNX0067.JPG","Mule deer",23,"Species|Mule deer"
"af14","Mule deer",2025-08-23 17:06:11,2025-08-24,"17:06:11",605588,10093.1,168.2,7,"E:/alexfraser_tagged/af14_nov1/101RECNX","RCNX0143.JPG","Mule deer",7,"Species|Mule deer"
"af14","Mule deer",2025-08-23 18:07:43,2025-08-24,"18:07:43",3685,61.4,1,0,"E:/alexfraser_tagged/af14_nov1/101RECNX","RCNX0150.JPG","Mule deer",3,"Species|Mule deer"
"af14","Mule deer",2025-08-27 13:00:14,2025-08-27,"13:00:14",327149,5452.5,90.9,3.8,"E:/alexfraser_tagged/af14_nov1/101RECNX","RCNX0189.JPG","Mule deer",4,"Species|Mule deer"
"af14","Mule deer",2025-08-27 13:26:22,2025-08-27,"13:26:22",1565,26.1,0.4,0,"E:/alexfraser_tagged/af14_nov1/101RECNX","RCNX0194.JPG","Mule deer",15,"Species|Mule deer"
"af14","Mule deer",2025-10-04 22:09:48,2025-10-05,"22:09:48",3314363,55239.4,920.7,38.4,"E:/alexfraser_tagged/af14_nov1/101RECNX","RCNX0372.JPG","Mule deer",10,"Species|Mule deer"
"af14","Nothing",2025-08-10 06:58:16,2025-08-10,"06:58:16",0,0,0,0,"E:/alexfraser_tagged/af14_nov1/101RECNX","RCNX0035.JPG","Nothing",1,"Species|Nothing"
"af14","Nothing",2025-08-19 20:08:02,2025-08-20,"20:08:02",824986,13749.8,229.2,9.5,"E:/alexfraser_tagged/af14_nov1/101RECNX","RCNX0112.JPG","Nothing",1,"Species|Nothing"
"af14","Nothing",2025-09-15 07:10:50,2025-09-15,"07:10:50",2286168,38102.8,635,26.5,"E:/alexfraser_tagged/af14_nov1/101RECNX","RCNX0309.JPG","Nothing",1,"Species|Nothing"
"af14","Nothing",2025-10-14 15:54:59,2025-10-14,"15:54:59",2537049,42284.2,704.7,29.4,"E:/alexfraser_tagged/af14_nov1/101RECNX","RCNX0408.JPG","Nothing",1,"Species|Nothing"
"af14","Nothing",2025-10-16 02:14:25,2025-10-16,"02:14:25",123566,2059.4,34.3,1.4,"E:/alexfraser_tagged/af14_nov1/101RECNX","RCNX0413.JPG","Nothing",1,"Species|Nothing"
"af14","Nothing",2025-10-17 16:44:43,2025-10-17,"16:44:43",138618,2310.3,38.5,1.6,"E:/alexfraser_tagged/af14_nov1/101RECNX","RCNX0419.JPG","Nothing",1,"Species|Nothing"
"af14","Nothing",2025-10-30 06:01:44,2025-10-30,"06:01:44",1084621,18077,301.3,12.6,"E:/alexfraser_tagged/af14_nov1/101RECNX","RCNX0468.JPG","Nothing",1,"Species|Nothing"
"af14","People",2025-08-06 09:30:58,2025-08-06,"09:30:58",0,0,0,0,"E:/alexfraser_tagged/af14_nov1/100RECNX","RCNX0001.JPG","People",22,"Species|People"
"af14","People",2025-11-02 11:13:29,2025-11-02,"11:13:29",7612918,126882,2114.7,88.1,"E:/alexfraser_tagged/af14_nov1/101RECNX","RCNX0481.JPG","People",32,"Species|People"
"af14","Red fox",2025-08-23 00:17:33,2025-08-23,"00:17:33",0,0,0,0,"E:/alexfraser_tagged/af14_nov1/101RECNX","RCNX0138.JPG","Red fox",2,"Species|Red fox"
"af14","Red squirrel",2025-08-08 14:59:48,2025-08-08,"14:59:48",0,0,0,0,"E:/alexfraser_tagged/af14_nov1/101RECNX","RCNX0010.JPG","Red squirrel",3,"Species|Red squirrel"
"af14","Red squirrel",2025-08-11 13:51:16,2025-08-11,"13:51:16",255079,4251.3,70.9,3,"E:/alexfraser_tagged/af14_nov1/101RECNX","RCNX0036.JPG","Red squirrel",1,"Species|Red squirrel"
"af14","Red squirrel",2025-08-11 16:37:49,2025-08-11,"16:37:49",9993,166.6,2.8,0.1,"E:/alexfraser_tagged/af14_nov1/101RECNX","RCNX0037.JPG","Red squirrel",1,"Species|Red squirrel"
"af14","Red squirrel",2025-08-24 08:24:28,2025-08-24,"08:24:28",1093599,18226.7,303.8,12.7,"E:/alexfraser_tagged/af14_nov1/101RECNX","RCNX0158.JPG","Red squirrel",2,"Species|Red squirrel"
"af14","Red squirrel",2025-08-24 11:05:17,2025-08-24,"11:05:17",9647,160.8,2.7,0.1,"E:/alexfraser_tagged/af14_nov1/101RECNX","RCNX0160.JPG","Red squirrel",1,"Species|Red squirrel"
"af14","Red squirrel",2025-09-03 06:35:05,2025-09-03,"06:35:05",847788,14129.8,235.5,9.8,"E:/alexfraser_tagged/af14_nov1/101RECNX","RCNX0262.JPG","Red squirrel",1,"Species|Red squirrel"
"af14","Red squirrel",2025-09-10 18:48:16,2025-09-11,"18:48:16",648791,10813.2,180.2,7.5,"E:/alexfraser_tagged/af14_nov1/101RECNX","RCNX0298.JPG","Red squirrel",1,"Species|Red squirrel"
"af14","Red squirrel",2025-09-12 11:40:58,2025-09-12,"11:40:58",147162,2452.7,40.9,1.7,"E:/alexfraser_tagged/af14_nov1/101RECNX","RCNX0303.JPG","Red squirrel",1,"Species|Red squirrel"
"af14","Red squirrel",2025-09-12 16:21:48,2025-09-12,"16:21:48",16850,280.8,4.7,0.2,"E:/alexfraser_tagged/af14_nov1/101RECNX","RCNX0304.JPG","Red squirrel",1,"Species|Red squirrel"
"af14","Red squirrel",2025-09-14 08:15:48,2025-09-14,"08:15:48",143640,2394,39.9,1.7,"E:/alexfraser_tagged/af14_nov1/101RECNX","RCNX0307.JPG","Red squirrel",1,"Species|Red squirrel"
"af14","Red squirrel",2025-09-17 17:11:19,2025-09-18,"17:11:19",291331,4855.5,80.9,3.4,"E:/alexfraser_tagged/af14_nov1/101RECNX","RCNX0315.JPG","Red squirrel",1,"Species|Red squirrel"
"af14","Red squirrel",2025-09-22 11:46:28,2025-09-22,"11:46:28",412509,6875.1,114.6,4.8,"E:/alexfraser_tagged/af14_nov1/101RECNX","RCNX0345.JPG","Red squirrel",2,"Species|Red squirrel"
"af14","Red squirrel",2025-09-23 10:15:10,2025-09-23,"10:15:10",80921,1348.7,22.5,0.9,"E:/alexfraser_tagged/af14_nov1/101RECNX","RCNX0347.JPG","Red squirrel",2,"Species|Red squirrel"
"af14","Red squirrel",2025-09-25 07:17:50,2025-09-25,"07:17:50",162159,2702.7,45,1.9,"E:/alexfraser_tagged/af14_nov1/101RECNX","RCNX0352.JPG","Red squirrel",1,"Species|Red squirrel"
"af14","Red squirrel",2025-09-29 14:36:50,2025-09-29,"14:36:50",371940,6199,103.3,4.3,"E:/alexfraser_tagged/af14_nov1/101RECNX","RCNX0354.JPG","Red squirrel",1,"Species|Red squirrel"
"af14","Red squirrel",2025-10-02 12:24:33,2025-10-02,"12:24:33",251263,4187.7,69.8,2.9,"E:/alexfraser_tagged/af14_nov1/101RECNX","RCNX0365.JPG","Red squirrel",5,"Species|Red squirrel"
"af14","Red squirrel",2025-10-07 15:05:15,2025-10-07,"15:05:15",441621,7360.4,122.7,5.1,"E:/alexfraser_tagged/af14_nov1/101RECNX","RCNX0383.JPG","Red squirrel",1,"Species|Red squirrel"
"af14","Red squirrel",2025-10-10 09:30:56,2025-10-10,"09:30:56",239141,3985.7,66.4,2.8,"E:/alexfraser_tagged/af14_nov1/101RECNX","RCNX0388.JPG","Red squirrel",1,"Species|Red squirrel"
"af14","Red squirrel",2025-10-12 15:34:19,2025-10-12,"15:34:19",194603,3243.4,54.1,2.3,"E:/alexfraser_tagged/af14_nov1/101RECNX","RCNX0394.JPG","Red squirrel",1,"Species|Red squirrel"
"af14","Red squirrel",2025-10-16 13:52:00,2025-10-16,"13:52:00",339461,5657.7,94.3,3.9,"E:/alexfraser_tagged/af14_nov1/101RECNX","RCNX0414.JPG","Red squirrel",1,"Species|Red squirrel"
"af14","Red squirrel",2025-10-18 07:40:48,2025-10-18,"07:40:48",150528,2508.8,41.8,1.7,"E:/alexfraser_tagged/af14_nov1/101RECNX","RCNX0420.JPG","Red squirrel",1,"Species|Red squirrel"
"af14","Red squirrel",2025-10-21 07:56:09,2025-10-21,"07:56:09",260121,4335.4,72.3,3,"E:/alexfraser_tagged/af14_nov1/101RECNX","RCNX0431.JPG","Red squirrel",4,"Species|Red squirrel"
"af14","Red squirrel",2025-10-28 08:00:39,2025-10-28,"08:00:39",605065,10084.4,168.1,7,"E:/alexfraser_tagged/af14_nov1/101RECNX","RCNX0448.JPG","Red squirrel",1,"Species|Red squirrel"
"af14","Snowshoe hare",2025-08-08 03:11:30,2025-08-08,"03:11:30",0,0,0,0,"E:/alexfraser_tagged/af14_nov1/101RECNX","RCNX0001.JPG","Snowshoe hare",9,"Species|Snowshoe hare"
"af14","Snowshoe hare",2025-08-09 04:01:08,2025-08-09,"04:01:08",89332,1488.9,24.8,1,"E:/alexfraser_tagged/af14_nov1/101RECNX","RCNX0013.JPG","Snowshoe hare",5,"Species|Snowshoe hare"
"af14","Snowshoe hare",2025-08-09 21:21:00,2025-08-10,"21:21:00",62373,1039.6,17.3,0.7,"E:/alexfraser_tagged/af14_nov1/101RECNX","RCNX0018.JPG","Snowshoe hare",14,"Species|Snowshoe hare"
"af14","Snowshoe hare",2025-08-10 00:10:27,2025-08-10,"00:10:27",9799,163.3,2.7,0.1,"E:/alexfraser_tagged/af14_nov1/101RECNX","RCNX0033.JPG","Snowshoe hare",1,"Species|Snowshoe hare"
"af14","Snowshoe hare",2025-08-10 01:26:20,2025-08-10,"01:26:20",4553,75.9,1.3,0.1,"E:/alexfraser_tagged/af14_nov1/101RECNX","RCNX0034.JPG","Snowshoe hare",1,"Species|Snowshoe hare"
"af14","Snowshoe hare",2025-08-11 21:51:39,2025-08-12,"21:51:39",159919,2665.3,44.4,1.8,"E:/alexfraser_tagged/af14_nov1/101RECNX","RCNX0038.JPG","Snowshoe hare",6,"Species|Snowshoe hare"
"af14","Snowshoe hare",2025-08-12 22:19:35,2025-08-13,"22:19:35",88062,1467.7,24.5,1,"E:/alexfraser_tagged/af14_nov1/101RECNX","RCNX0045.JPG","Snowshoe hare",5,"Species|Snowshoe hare"
"af14","Snowshoe hare",2025-08-13 21:28:47,2025-08-14,"21:28:47",83330,1388.8,23.1,1,"E:/alexfraser_tagged/af14_nov1/101RECNX","RCNX0051.JPG","Snowshoe hare",1,"Species|Snowshoe hare"
"af14","Snowshoe hare",2025-08-14 05:09:24,2025-08-14,"05:09:24",27637,460.6,7.7,0.3,"E:/alexfraser_tagged/af14_nov1/101RECNX","RCNX0052.JPG","Snowshoe hare",8,"Species|Snowshoe hare"
"af14","Snowshoe hare",2025-08-15 21:30:22,2025-08-16,"21:30:22",145023,2417.1,40.3,1.7,"E:/alexfraser_tagged/af14_nov1/101RECNX","RCNX0062.JPG","Snowshoe hare",3,"Species|Snowshoe hare"
"af14","Snowshoe hare",2025-08-16 20:16:05,2025-08-17,"20:16:05",81937,1365.6,22.8,1,"E:/alexfraser_tagged/af14_nov1/101RECNX","RCNX0092.JPG","Snowshoe hare",6,"Species|Snowshoe hare"
"af14","Snowshoe hare",2025-08-16 22:41:16,2025-08-17,"22:41:16",8700,145,2.4,0.1,"E:/alexfraser_tagged/af14_nov1/101RECNX","RCNX0098.JPG","Snowshoe hare",1,"Species|Snowshoe hare"
"af14","Snowshoe hare",2025-08-18 20:51:37,2025-08-19,"20:51:37",166221,2770.3,46.2,1.9,"E:/alexfraser_tagged/af14_nov1/101RECNX","RCNX0099.JPG","Snowshoe hare",1,"Species|Snowshoe hare"
"af14","Snowshoe hare",2025-08-19 05:24:27,2025-08-19,"05:24:27",30770,512.8,8.5,0.4,"E:/alexfraser_tagged/af14_nov1/101RECNX","RCNX0100.JPG","Snowshoe hare",3,"Species|Snowshoe hare"
"af14","Snowshoe hare",2025-08-21 20:40:24,2025-08-22,"20:40:24",227744,3795.7,63.3,2.6,"E:/alexfraser_tagged/af14_nov1/101RECNX","RCNX0118.JPG","Snowshoe hare",3,"Species|Snowshoe hare"
"af14","Snowshoe hare",2025-08-22 03:19:13,2025-08-22,"03:19:13",23855,397.6,6.6,0.3,"E:/alexfraser_tagged/af14_nov1/101RECNX","RCNX0121.JPG","Snowshoe hare",6,"Species|Snowshoe hare"
"af14","Snowshoe hare",2025-08-22 03:39:34,2025-08-22,"03:39:34",1213,20.2,0.3,0,"E:/alexfraser_tagged/af14_nov1/101RECNX","RCNX0127.JPG","Snowshoe hare",2,"Species|Snowshoe hare"
"af14","Snowshoe hare",2025-08-22 05:19:16,2025-08-22,"05:19:16",5981,99.7,1.7,0.1,"E:/alexfraser_tagged/af14_nov1/101RECNX","RCNX0129.JPG","Snowshoe hare",7,"Species|Snowshoe hare"
"af14","Snowshoe hare",2025-08-22 19:08:26,2025-08-23,"19:08:26",49741,829,13.8,0.6,"E:/alexfraser_tagged/af14_nov1/101RECNX","RCNX0136.JPG","Snowshoe hare",1,"Species|Snowshoe hare"
"af14","Snowshoe hare",2025-08-23 00:08:32,2025-08-23,"00:08:32",18006,300.1,5,0.2,"E:/alexfraser_tagged/af14_nov1/101RECNX","RCNX0137.JPG","Snowshoe hare",1,"Species|Snowshoe hare"
"af14","Snowshoe hare",2025-08-23 00:47:29,2025-08-23,"00:47:29",2337,39,0.7,0,"E:/alexfraser_tagged/af14_nov1/101RECNX","RCNX0140.JPG","Snowshoe hare",2,"Species|Snowshoe hare"
"af14","Snowshoe hare",2025-08-23 05:46:30,2025-08-23,"05:46:30",17940,299,5,0.2,"E:/alexfraser_tagged/af14_nov1/101RECNX","RCNX0142.JPG","Snowshoe hare",1,"Species|Snowshoe hare"
"af14","Snowshoe hare",2025-08-23 21:32:01,2025-08-24,"21:32:01",56731,945.5,15.8,0.7,"E:/alexfraser_tagged/af14_nov1/101RECNX","RCNX0153.JPG","Snowshoe hare",4,"Species|Snowshoe hare"
"af14","Snowshoe hare",2025-08-25 03:19:04,2025-08-25,"03:19:04",107220,1787,29.8,1.2,"E:/alexfraser_tagged/af14_nov1/101RECNX","RCNX0161.JPG","Snowshoe hare",5,"Species|Snowshoe hare"
"af14","Snowshoe hare",2025-08-25 05:26:26,2025-08-25,"05:26:26",7621,127,2.1,0.1,"E:/alexfraser_tagged/af14_nov1/101RECNX","RCNX0166.JPG","Snowshoe hare",2,"Species|Snowshoe hare"
"af14","Snowshoe hare",2025-08-25 21:17:03,2025-08-26,"21:17:03",57021,950.4,15.8,0.7,"E:/alexfraser_tagged/af14_nov1/101RECNX","RCNX0168.JPG","Snowshoe hare",8,"Species|Snowshoe hare"
"af14","Snowshoe hare",2025-08-27 03:58:23,2025-08-27,"03:58:23",110464,1841.1,30.7,1.3,"E:/alexfraser_tagged/af14_nov1/101RECNX","RCNX0176.JPG","Snowshoe hare",4,"Species|Snowshoe hare"
"af14","Snowshoe hare",2025-08-27 04:37:41,2025-08-27,"04:37:41",2355,39.2,0.7,0,"E:/alexfraser_tagged/af14_nov1/101RECNX","RCNX0180.JPG","Snowshoe hare",7,"Species|Snowshoe hare"
"af14","Snowshoe hare",2025-08-27 20:36:07,2025-08-28,"20:36:07",57498,958.3,16,0.7,"E:/alexfraser_tagged/af14_nov1/101RECNX","RCNX0211.JPG","Snowshoe hare",10,"Species|Snowshoe hare"
"af14","Snowshoe hare",2025-08-29 06:11:20,2025-08-29,"06:11:20",120704,2011.7,33.5,1.4,"E:/alexfraser_tagged/af14_nov1/101RECNX","RCNX0231.JPG","Snowshoe hare",3,"Species|Snowshoe hare"
"af14","Snowshoe hare",2025-08-30 04:52:50,2025-08-30,"04:52:50",81687,1361.4,22.7,0.9,"E:/alexfraser_tagged/af14_nov1/101RECNX","RCNX0234.JPG","Snowshoe hare",7,"Species|Snowshoe hare"
"af14","Snowshoe hare",2025-08-30 21:03:26,2025-08-31,"21:03:26",58130,968.8,16.1,0.7,"E:/alexfraser_tagged/af14_nov1/101RECNX","RCNX0241.JPG","Snowshoe hare",6,"Species|Snowshoe hare"
"af14","Snowshoe hare",2025-08-31 05:58:29,2025-08-31,"05:58:29",32086,534.8,8.9,0.4,"E:/alexfraser_tagged/af14_nov1/101RECNX","RCNX0247.JPG","Snowshoe hare",2,"Species|Snowshoe hare"
"af14","Snowshoe hare",2025-09-01 05:32:18,2025-09-01,"05:32:18",84828,1413.8,23.6,1,"E:/alexfraser_tagged/af14_nov1/101RECNX","RCNX0249.JPG","Snowshoe hare",6,"Species|Snowshoe hare"
"af14","Snowshoe hare",2025-09-01 21:23:59,2025-09-02,"21:23:59",56518,942,15.7,0.7,"E:/alexfraser_tagged/af14_nov1/101RECNX","RCNX0255.JPG","Snowshoe hare",1,"Species|Snowshoe hare"
"af14","Snowshoe hare",2025-09-02 05:59:10,2025-09-02,"05:59:10",30911,515.2,8.6,0.4,"E:/alexfraser_tagged/af14_nov1/101RECNX","RCNX0256.JPG","Snowshoe hare",6,"Species|Snowshoe hare"
"af14","Snowshoe hare",2025-09-03 20:39:06,2025-09-04,"20:39:06",139178,2319.6,38.7,1.6,"E:/alexfraser_tagged/af14_nov1/101RECNX","RCNX0263.JPG","Snowshoe hare",3,"Species|Snowshoe hare"
"af14","Snowshoe hare",2025-09-03 20:45:39,2025-09-04,"20:45:39",370,6.2,0.1,0,"E:/alexfraser_tagged/af14_nov1/101RECNX","RCNX0267.JPG","Snowshoe hare",8,"Species|Snowshoe hare"
"af14","Snowshoe hare",2025-09-04 21:18:53,2025-09-05,"21:18:53",88225,1470.4,24.5,1,"E:/alexfraser_tagged/af14_nov1/101RECNX","RCNX0276.JPG","Snowshoe hare",4,"Species|Snowshoe hare"
"af14","Snowshoe hare",2025-09-05 01:52:42,2025-09-05,"01:52:42",16293,271.6,4.5,0.2,"E:/alexfraser_tagged/af14_nov1/101RECNX","RCNX0280.JPG","Snowshoe hare",1,"Species|Snowshoe hare"
"af14","Snowshoe hare",2025-09-05 03:11:24,2025-09-05,"03:11:24",4722,78.7,1.3,0.1,"E:/alexfraser_tagged/af14_nov1/101RECNX","RCNX0281.JPG","Snowshoe hare",1,"Species|Snowshoe hare"
"af14","Snowshoe hare",2025-09-06 04:51:16,2025-09-06,"04:51:16",92392,1539.9,25.7,1.1,"E:/alexfraser_tagged/af14_nov1/101RECNX","RCNX0282.JPG","Snowshoe hare",4,"Species|Snowshoe hare"
"af14","Snowshoe hare",2025-09-07 20:44:03,2025-09-08,"20:44:03",143483,2391.4,39.9,1.7,"E:/alexfraser_tagged/af14_nov1/101RECNX","RCNX0286.JPG","Snowshoe hare",3,"Species|Snowshoe hare"
"af14","Snowshoe hare",2025-09-09 05:27:39,2025-09-09,"05:27:39",117810,1963.5,32.7,1.4,"E:/alexfraser_tagged/af14_nov1/101RECNX","RCNX0289.JPG","Snowshoe hare",3,"Species|Snowshoe hare"
"af14","Snowshoe hare",2025-09-10 02:46:34,2025-09-10,"02:46:34",76727,1278.8,21.3,0.9,"E:/alexfraser_tagged/af14_nov1/101RECNX","RCNX0292.JPG","Snowshoe hare",5,"Species|Snowshoe hare"
"af14","Snowshoe hare",2025-09-10 06:26:02,2025-09-10,"06:26:02",13162,219.4,3.7,0.2,"E:/alexfraser_tagged/af14_nov1/101RECNX","RCNX0297.JPG","Snowshoe hare",1,"Species|Snowshoe hare"
"af14","Snowshoe hare",2025-09-12 00:56:18,2025-09-12,"00:56:18",153016,2550.3,42.5,1.8,"E:/alexfraser_tagged/af14_nov1/101RECNX","RCNX0299.JPG","Snowshoe hare",4,"Species|Snowshoe hare"
"af14","Snowshoe hare",2025-09-13 00:59:40,2025-09-13,"00:59:40",86592,1443.2,24.1,1,"E:/alexfraser_tagged/af14_nov1/101RECNX","RCNX0305.JPG","Snowshoe hare",2,"Species|Snowshoe hare"
"af14","Snowshoe hare",2025-09-15 06:07:52,2025-09-15,"06:07:52",191291,3188.2,53.1,2.2,"E:/alexfraser_tagged/af14_nov1/101RECNX","RCNX0308.JPG","Snowshoe hare",1,"Species|Snowshoe hare"
"af14","Snowshoe hare",2025-09-15 23:58:35,2025-09-16,"23:58:35",64243,1070.7,17.8,0.7,"E:/alexfraser_tagged/af14_nov1/101RECNX","RCNX0310.JPG","Snowshoe hare",1,"Species|Snowshoe hare"
"af14","Snowshoe hare",2025-09-16 03:54:12,2025-09-16,"03:54:12",14137,235.6,3.9,0.2,"E:/alexfraser_tagged/af14_nov1/101RECNX","RCNX0312.JPG","Snowshoe hare",3,"Species|Snowshoe hare"
"af14","Snowshoe hare",2025-09-18 05:28:16,2025-09-18,"05:28:16",178332,2972.2,49.5,2.1,"E:/alexfraser_tagged/af14_nov1/101RECNX","RCNX0316.JPG","Snowshoe hare",12,"Species|Snowshoe hare"
"af14","Snowshoe hare",2025-09-18 23:29:41,2025-09-19,"23:29:41",64790,1079.8,18,0.8,"E:/alexfraser_tagged/af14_nov1/101RECNX","RCNX0329.JPG","Snowshoe hare",4,"Species|Snowshoe hare"
"af14","Snowshoe hare",2025-09-20 19:54:02,2025-09-21,"19:54:02",159831,2663.8,44.4,1.8,"E:/alexfraser_tagged/af14_nov1/101RECNX","RCNX0333.JPG","Snowshoe hare",2,"Species|Snowshoe hare"
"af14","Snowshoe hare",2025-09-20 20:02:26,2025-09-21,"20:02:26",486,8.1,0.1,0,"E:/alexfraser_tagged/af14_nov1/101RECNX","RCNX0335.JPG","Snowshoe hare",2,"Species|Snowshoe hare"
"af14","Snowshoe hare",2025-09-20 20:30:30,2025-09-21,"20:30:30",1683,28,0.5,0,"E:/alexfraser_tagged/af14_nov1/101RECNX","RCNX0337.JPG","Snowshoe hare",1,"Species|Snowshoe hare"
"af14","Snowshoe hare",2025-09-22 04:29:52,2025-09-22,"04:29:52",115162,1919.4,32,1.3,"E:/alexfraser_tagged/af14_nov1/101RECNX","RCNX0338.JPG","Snowshoe hare",3,"Species|Snowshoe hare"
"af14","Snowshoe hare",2025-09-22 06:25:14,2025-09-22,"06:25:14",6918,115.3,1.9,0.1,"E:/alexfraser_tagged/af14_nov1/101RECNX","RCNX0341.JPG","Snowshoe hare",1,"Species|Snowshoe hare"
"af14","Snowshoe hare",2025-09-28 02:58:17,2025-09-28,"02:58:17",505983,8433,140.6,5.9,"E:/alexfraser_tagged/af14_nov1/101RECNX","RCNX0353.JPG","Snowshoe hare",1,"Species|Snowshoe hare"
"af14","Snowshoe hare",2025-09-30 19:26:45,2025-10-01,"19:26:45",232108,3868.5,64.5,2.7,"E:/alexfraser_tagged/af14_nov1/101RECNX","RCNX0357.JPG","Snowshoe hare",5,"Species|Snowshoe hare"
"af14","Snowshoe hare",2025-09-30 19:36:51,2025-10-01,"19:36:51",600,10,0.2,0,"E:/alexfraser_tagged/af14_nov1/101RECNX","RCNX0362.JPG","Snowshoe hare",1,"Species|Snowshoe hare"
"af14","Snowshoe hare",2025-10-01 03:50:41,2025-10-01,"03:50:41",29630,493.8,8.2,0.3,"E:/alexfraser_tagged/af14_nov1/101RECNX","RCNX0363.JPG","Snowshoe hare",1,"Species|Snowshoe hare"
"af14","Snowshoe hare",2025-10-01 06:44:10,2025-10-01,"06:44:10",10409,173.5,2.9,0.1,"E:/alexfraser_tagged/af14_nov1/101RECNX","RCNX0364.JPG","Snowshoe hare",1,"Species|Snowshoe hare"
"af14","Snowshoe hare",2025-10-03 19:25:39,2025-10-04,"19:25:39",218489,3641.5,60.7,2.5,"E:/alexfraser_tagged/af14_nov1/101RECNX","RCNX0370.JPG","Snowshoe hare",2,"Species|Snowshoe hare"
"af14","Snowshoe hare",2025-10-05 18:29:57,2025-10-06,"18:29:57",169434,2823.9,47.1,2,"E:/alexfraser_tagged/af14_nov1/101RECNX","RCNX0382.JPG","Snowshoe hare",1,"Species|Snowshoe hare"
"af14","Snowshoe hare",2025-10-09 19:23:47,2025-10-10,"19:23:47",348830,5813.8,96.9,4,"E:/alexfraser_tagged/af14_nov1/101RECNX","RCNX0384.JPG","Snowshoe hare",2,"Species|Snowshoe hare"
"af14","Snowshoe hare",2025-10-10 06:52:25,2025-10-10,"06:52:25",41317,688.6,11.5,0.5,"E:/alexfraser_tagged/af14_nov1/101RECNX","RCNX0386.JPG","Snowshoe hare",2,"Species|Snowshoe hare"
"af14","Snowshoe hare",2025-10-10 19:25:02,2025-10-11,"19:25:02",45156,752.6,12.5,0.5,"E:/alexfraser_tagged/af14_nov1/101RECNX","RCNX0389.JPG","Snowshoe hare",3,"Species|Snowshoe hare"
"af14","Snowshoe hare",2025-10-11 02:45:23,2025-10-11,"02:45:23",26413,440.2,7.3,0.3,"E:/alexfraser_tagged/af14_nov1/101RECNX","RCNX0392.JPG","Snowshoe hare",2,"Species|Snowshoe hare"
"af14","Snowshoe hare",2025-10-13 00:05:33,2025-10-13,"00:05:33",163209,2720.2,45.3,1.9,"E:/alexfraser_tagged/af14_nov1/101RECNX","RCNX0395.JPG","Snowshoe hare",3,"Species|Snowshoe hare"
"af14","Snowshoe hare",2025-10-13 18:48:41,2025-10-14,"18:48:41",67385,1123.1,18.7,0.8,"E:/alexfraser_tagged/af14_nov1/101RECNX","RCNX0398.JPG","Snowshoe hare",1,"Species|Snowshoe hare"
"af14","Snowshoe hare",2025-10-14 03:33:00,2025-10-14,"03:33:00",31459,524.3,8.7,0.4,"E:/alexfraser_tagged/af14_nov1/101RECNX","RCNX0399.JPG","Snowshoe hare",7,"Species|Snowshoe hare"
"af14","Snowshoe hare",2025-10-14 04:55:43,2025-10-14,"04:55:43",4883,81.4,1.4,0.1,"E:/alexfraser_tagged/af14_nov1/101RECNX","RCNX0406.JPG","Snowshoe hare",1,"Species|Snowshoe hare"
"af14","Snowshoe hare",2025-10-15 20:15:51,2025-10-16,"20:15:51",141608,2360.1,39.3,1.6,"E:/alexfraser_tagged/af14_nov1/101RECNX","RCNX0410.JPG","Snowshoe hare",3,"Species|Snowshoe hare"
"af14","Snowshoe hare",2025-10-17 06:46:11,2025-10-17,"06:46:11",124218,2070.3,34.5,1.4,"E:/alexfraser_tagged/af14_nov1/101RECNX","RCNX0415.JPG","Snowshoe hare",4,"Species|Snowshoe hare"
"af14","Snowshoe hare",2025-10-20 22:59:56,2025-10-21,"22:59:56",317618,5293.6,88.2,3.7,"E:/alexfraser_tagged/af14_nov1/101RECNX","RCNX0421.JPG","Snowshoe hare",5,"Species|Snowshoe hare"
"af14","Snowshoe hare",2025-10-21 06:59:50,2025-10-21,"06:59:50",28750,479.2,8,0.3,"E:/alexfraser_tagged/af14_nov1/101RECNX","RCNX0426.JPG","Snowshoe hare",5,"Species|Snowshoe hare"
"af14","Snowshoe hare",2025-10-23 04:13:46,2025-10-23,"04:13:46",162820,2713.7,45.2,1.9,"E:/alexfraser_tagged/af14_nov1/101RECNX","RCNX0435.JPG","Snowshoe hare",3,"Species|Snowshoe hare"
"af14","Snowshoe hare",2025-10-24 07:05:50,2025-10-24,"07:05:50",96715,1611.9,26.9,1.1,"E:/alexfraser_tagged/af14_nov1/101RECNX","RCNX0438.JPG","Snowshoe hare",4,"Species|Snowshoe hare"
"af14","Snowshoe hare",2025-10-25 07:13:16,2025-10-25,"07:13:16",86831,1447.2,24.1,1,"E:/alexfraser_tagged/af14_nov1/101RECNX","RCNX0442.JPG","Snowshoe hare",5,"Species|Snowshoe hare"
"af14","Snowshoe hare",2025-10-29 07:03:56,2025-10-29,"07:03:56",344999,5750,95.8,4,"E:/alexfraser_tagged/af14_nov1/101RECNX","RCNX0449.JPG","Snowshoe hare",3,"Species|Snowshoe hare"
"af14","Snowshoe hare",2025-10-29 18:11:49,2025-10-30,"18:11:49",40069,667.8,11.1,0.5,"E:/alexfraser_tagged/af14_nov1/101RECNX","RCNX0452.JPG","Snowshoe hare",10,"Species|Snowshoe hare"
"af14","Snowshoe hare",2025-10-29 19:59:04,2025-10-30,"19:59:04",6329,105.5,1.8,0.1,"E:/alexfraser_tagged/af14_nov1/101RECNX","RCNX0462.JPG","Snowshoe hare",3,"Species|Snowshoe hare"
"af14","Snowshoe hare",2025-10-30 04:34:53,2025-10-30,"04:34:53",30945,515.8,8.6,0.4,"E:/alexfraser_tagged/af14_nov1/101RECNX","RCNX0465.JPG","Snowshoe hare",3,"Species|Snowshoe hare"
"af14","Snowshoe hare",2025-10-31 18:03:49,2025-11-01,"18:03:49",134908,2248.5,37.5,1.6,"E:/alexfraser_tagged/af14_nov1/101RECNX","RCNX0469.JPG","Snowshoe hare",1,"Species|Snowshoe hare"
"af14","Snowshoe hare",2025-11-01 01:15:20,2025-11-01,"01:15:20",25891,431.5,7.2,0.3,"E:/alexfraser_tagged/af14_nov1/101RECNX","RCNX0470.JPG","Snowshoe hare",2,"Species|Snowshoe hare"
"af14","Snowshoe hare",2025-11-01 22:18:00,2025-11-02,"22:18:00",75759,1262.7,21,0.9,"E:/alexfraser_tagged/af14_nov1/101RECNX","RCNX0472.JPG","Snowshoe hare",4,"Species|Snowshoe hare"
"af14","Snowshoe hare",2025-11-02 01:02:20,2025-11-02,"01:02:20",9851,164.2,2.7,0.1,"E:/alexfraser_tagged/af14_nov1/101RECNX","RCNX0476.JPG","Snowshoe hare",5,"Species|Snowshoe hare"
"af14","Striped Skunk",2025-08-16 03:20:31,2025-08-16,"03:20:31",0,0,0,0,"E:/alexfraser_tagged/af14_nov1/101RECNX","RCNX0065.JPG","Striped Skunk",2,"Species|Striped Skunk"
"af14","Unknown",2025-08-14 20:24:57,2025-08-15,"20:24:57",0,0,0,0,"E:/alexfraser_tagged/af14_nov1/101RECNX","RCNX0060.JPG","Unknown",1,"Species|Unknown"
"af14","Unknown",2025-08-15 00:36:48,2025-08-15,"00:36:48",15111,251.8,4.2,0.2,"E:/alexfraser_tagged/af14_nov1/101RECNX","RCNX0061.JPG","Unknown",1,"Species|Unknown"
"af14","Unknown",2025-08-27 05:25:39,2025-08-27,"05:25:39",1054131,17568.8,292.8,12.2,"E:/alexfraser_tagged/af14_nov1/101RECNX","RCNX0187.JPG","Unknown",2,"Species|Unknown"
"af14","Unknown",2025-10-26 07:30:50,2025-10-26,"07:30:50",5191478,86524.6,1442.1,60.1,"E:/alexfraser_tagged/af14_nov1/101RECNX","RCNX0447.JPG","Unknown",1,"Species|Unknown"
"af15","Bird",2025-10-10 08:27:25,2025-10-10,"08:27:25",0,0,0,0,"E:/alexfraser_tagged/af15_nov1/105RECNX","RCNX1855.JPG","Bird",4,"Species|Bird"
"af15","Bird",2025-10-21 12:25:43,2025-10-21,"12:25:43",964694,16078.2,268,11.2,"E:/alexfraser_tagged/af15_nov1/105RECNX","RCNX2177.JPG","Bird",2,"Species|Bird"
"af15","Black bear",2025-08-12 13:26:25,2025-08-12,"13:26:25",0,0,0,0,"E:/alexfraser_tagged/af15_nov1/105RECNX","RCNX0120.JPG","Black bear",62,"Species|Black bear"
"af15","Canada Lynx",2025-10-06 20:39:04,2025-10-07,"20:39:04",0,0,0,0,"E:/alexfraser_tagged/af15_nov1/105RECNX","RCNX1695.JPG","Canada Lynx",12,"Species|Canada Lynx"
"af15","Cattle",2025-08-25 16:30:30,2025-08-25,"16:30:30",0,0,0,0,"E:/alexfraser_tagged/af15_nov1/105RECNX","RCNX0415.JPG","Cattle",15,"Species|Cattle"
"af15","Cattle",2025-09-26 13:22:26,2025-09-26,"13:22:26",2753486,45891.4,764.9,31.9,"E:/alexfraser_tagged/af15_nov1/105RECNX","RCNX1209.JPG","Cattle",28,"Species|Cattle"
"af15","Cougar",2025-10-13 12:40:12,2025-10-13,"12:40:12",0,0,0,0,"E:/alexfraser_tagged/af15_nov1/105RECNX","RCNX2000.JPG","Cougar",6,"Species|Cougar"
"af15","Coyote",2025-09-02 09:25:49,2025-09-02,"09:25:49",0,0,0,0,"E:/alexfraser_tagged/af15_nov1/105RECNX","RCNX0532.JPG","Coyote",3,"Species|Coyote"
"af15","Coyote",2025-09-25 11:00:37,2025-09-25,"11:00:37",1992886,33214.8,553.6,23.1,"E:/alexfraser_tagged/af15_nov1/105RECNX","RCNX1181.JPG","Coyote",1,"Species|Coyote"
"af15","Coyote",2025-09-25 18:35:41,2025-09-26,"18:35:41",27304,455.1,7.6,0.3,"E:/alexfraser_tagged/af15_nov1/105RECNX","RCNX1182.JPG","Coyote",1,"Species|Coyote"
"af15","Coyote",2025-10-10 19:46:02,2025-10-11,"19:46:02",1300221,21670.3,361.2,15,"E:/alexfraser_tagged/af15_nov1/105RECNX","RCNX1859.JPG","Coyote",14,"Species|Coyote"
"af15","Flying squirrel",2025-08-07 22:58:47,2025-08-08,"22:58:47",0,0,0,0,"E:/alexfraser_tagged/af15_nov1/105RECNX","RCNX0011.JPG","Flying squirrel",2,"Species|Flying squirrel"
"af15","Flying squirrel",2025-08-07 23:57:08,2025-08-08,"23:57:08",3498,58.3,1,0,"E:/alexfraser_tagged/af15_nov1/105RECNX","RCNX0013.JPG","Flying squirrel",1,"Species|Flying squirrel"
"af15","Moose",2025-09-29 11:22:12,2025-09-29,"11:22:12",0,0,0,0,"E:/alexfraser_tagged/af15_nov1/105RECNX","RCNX1323.JPG","Moose",15,"Species|Moose"
"af15","Mule deer",2025-08-24 08:27:33,2025-08-24,"08:27:33",0,0,0,0,"E:/alexfraser_tagged/af15_nov1/105RECNX","RCNX0363.JPG","Mule deer",12,"Species|Mule deer"
"af15","Mule deer",2025-09-26 19:17:16,2025-09-27,"19:17:16",2890142,48169,802.8,33.4,"E:/alexfraser_tagged/af15_nov1/105RECNX","RCNX1238.JPG","Mule deer",23,"Species|Mule deer"
"af15","Mule deer",2025-09-30 17:52:04,2025-10-01,"17:52:04",340441,5674,94.6,3.9,"E:/alexfraser_tagged/af15_nov1/105RECNX","RCNX1421.JPG","Mule deer",5,"Species|Mule deer"
"af15","Mule deer",2025-10-08 01:00:14,2025-10-08,"01:00:14",630485,10508.1,175.1,7.3,"E:/alexfraser_tagged/af15_nov1/105RECNX","RCNX1745.JPG","Mule deer",1,"Species|Mule deer"
"af15","Mule deer",2025-10-11 06:50:17,2025-10-11,"06:50:17",280203,4670,77.8,3.2,"E:/alexfraser_tagged/af15_nov1/105RECNX","RCNX1875.JPG","Mule deer",1,"Species|Mule deer"
"af15","Nothing",2025-08-06 10:29:05,2025-08-06,"10:29:05",0,0,0,0,"E:/alexfraser_tagged/af15_nov1/105RECNX","RCNX0001.JPG","Nothing",2,"Species|Nothing"
"af15","Nothing",2025-08-09 05:51:37,2025-08-09,"05:51:37",242550,4042.5,67.4,2.8,"E:/alexfraser_tagged/af15_nov1/105RECNX","RCNX0039.JPG","Nothing",1,"Species|Nothing"
"af15","Nothing",2025-08-09 12:28:00,2025-08-09,"12:28:00",23783,396.4,6.6,0.3,"E:/alexfraser_tagged/af15_nov1/105RECNX","RCNX0041.JPG","Nothing",1,"Species|Nothing"
"af15","Nothing",2025-08-09 15:30:28,2025-08-09,"15:30:28",10948,182.5,3,0.1,"E:/alexfraser_tagged/af15_nov1/105RECNX","RCNX0042.JPG","Nothing",1,"Species|Nothing"
"af15","Nothing",2025-08-11 03:06:42,2025-08-11,"03:06:42",128174,2136.2,35.6,1.5,"E:/alexfraser_tagged/af15_nov1/105RECNX","RCNX0110.JPG","Nothing",1,"Species|Nothing"
"af15","Nothing",2025-08-13 08:29:02,2025-08-13,"08:29:02",192140,3202.3,53.4,2.2,"E:/alexfraser_tagged/af15_nov1/105RECNX","RCNX0184.JPG","Nothing",1,"Species|Nothing"
"af15","Nothing",2025-08-13 19:29:50,2025-08-14,"19:29:50",39648,660.8,11,0.5,"E:/alexfraser_tagged/af15_nov1/105RECNX","RCNX0185.JPG","Nothing",1,"Species|Nothing"
"af15","Nothing",2025-08-13 23:26:17,2025-08-14,"23:26:17",14187,236.4,3.9,0.2,"E:/alexfraser_tagged/af15_nov1/105RECNX","RCNX0186.JPG","Nothing",1,"Species|Nothing"
"af15","Nothing",2025-08-14 18:11:31,2025-08-15,"18:11:31",67514,1125.2,18.8,0.8,"E:/alexfraser_tagged/af15_nov1/105RECNX","RCNX0206.JPG","Nothing",1,"Species|Nothing"
"af15","Nothing",2025-08-16 05:42:22,2025-08-16,"05:42:22",127851,2130.8,35.5,1.5,"E:/alexfraser_tagged/af15_nov1/105RECNX","RCNX0217.JPG","Nothing",1,"Species|Nothing"
"af15","Nothing",2025-08-17 04:37:25,2025-08-17,"04:37:25",82503,1375,22.9,1,"E:/alexfraser_tagged/af15_nov1/105RECNX","RCNX0238.JPG","Nothing",2,"Species|Nothing"
"af15","Nothing",2025-08-18 01:54:22,2025-08-18,"01:54:22",76616,1276.9,21.3,0.9,"E:/alexfraser_tagged/af15_nov1/105RECNX","RCNX0263.JPG","Nothing",1,"Species|Nothing"
"af15","Nothing",2025-08-18 05:07:43,2025-08-18,"05:07:43",11601,193.3,3.2,0.1,"E:/alexfraser_tagged/af15_nov1/105RECNX","RCNX0264.JPG","Nothing",3,"Species|Nothing"
"af15","Nothing",2025-08-18 09:24:00,2025-08-18,"09:24:00",15292,254.9,4.2,0.2,"E:/alexfraser_tagged/af15_nov1/105RECNX","RCNX0268.JPG","Nothing",1,"Species|Nothing"
"af15","Nothing",2025-08-20 02:17:47,2025-08-20,"02:17:47",147227,2453.8,40.9,1.7,"E:/alexfraser_tagged/af15_nov1/105RECNX","RCNX0283.JPG","Nothing",1,"Species|Nothing"
"af15","Nothing",2025-08-20 04:30:16,2025-08-20,"04:30:16",7949,132.5,2.2,0.1,"E:/alexfraser_tagged/af15_nov1/105RECNX","RCNX0284.JPG","Nothing",1,"Species|Nothing"
"af15","Nothing",2025-08-20 16:52:07,2025-08-20,"16:52:07",44511,741.9,12.4,0.5,"E:/alexfraser_tagged/af15_nov1/105RECNX","RCNX0292.JPG","Nothing",1,"Species|Nothing"
"af15","Nothing",2025-08-22 12:47:53,2025-08-22,"12:47:53",158146,2635.8,43.9,1.8,"E:/alexfraser_tagged/af15_nov1/105RECNX","RCNX0307.JPG","Nothing",1,"Species|Nothing"
"af15","Nothing",2025-08-23 09:31:38,2025-08-23,"09:31:38",74625,1243.8,20.7,0.9,"E:/alexfraser_tagged/af15_nov1/105RECNX","RCNX0321.JPG","Nothing",1,"Species|Nothing"
"af15","Nothing",2025-08-24 09:25:55,2025-08-24,"09:25:55",86057,1434.3,23.9,1,"E:/alexfraser_tagged/af15_nov1/105RECNX","RCNX0375.JPG","Nothing",1,"Species|Nothing"
"af15","Nothing",2025-08-24 18:58:51,2025-08-25,"18:58:51",34376,572.9,9.5,0.4,"E:/alexfraser_tagged/af15_nov1/105RECNX","RCNX0376.JPG","Nothing",1,"Species|Nothing"
"af15","Nothing",2025-08-25 16:01:45,2025-08-25,"16:01:45",75774,1262.9,21,0.9,"E:/alexfraser_tagged/af15_nov1/105RECNX","RCNX0414.JPG","Nothing",1,"Species|Nothing"
"af15","Nothing",2025-08-26 08:46:11,2025-08-26,"08:46:11",60266,1004.4,16.7,0.7,"E:/alexfraser_tagged/af15_nov1/105RECNX","RCNX0435.JPG","Nothing",1,"Species|Nothing"
"af15","Nothing",2025-08-26 11:48:34,2025-08-26,"11:48:34",10943,182.4,3,0.1,"E:/alexfraser_tagged/af15_nov1/105RECNX","RCNX0436.JPG","Nothing",1,"Species|Nothing"
"af15","Nothing",2025-08-26 17:47:49,2025-08-27,"17:47:49",21555,359.2,6,0.2,"E:/alexfraser_tagged/af15_nov1/105RECNX","RCNX0438.JPG","Nothing",1,"Species|Nothing"
"af15","Nothing",2025-08-27 11:05:46,2025-08-27,"11:05:46",62277,1038,17.3,0.7,"E:/alexfraser_tagged/af15_nov1/105RECNX","RCNX0456.JPG","Nothing",1,"Species|Nothing"
"af15","Nothing",2025-08-28 13:53:55,2025-08-28,"13:53:55",96489,1608.2,26.8,1.1,"E:/alexfraser_tagged/af15_nov1/105RECNX","RCNX0464.JPG","Nothing",1,"Species|Nothing"
"af15","Nothing",2025-08-31 05:35:45,2025-08-31,"05:35:45",229310,3821.8,63.7,2.7,"E:/alexfraser_tagged/af15_nov1/105RECNX","RCNX0508.JPG","Nothing",2,"Species|Nothing"
"af15","Nothing",2025-09-01 02:50:53,2025-09-01,"02:50:53",76507,1275.1,21.3,0.9,"E:/alexfraser_tagged/af15_nov1/105RECNX","RCNX0512.JPG","Nothing",1,"Species|Nothing"
"af15","Nothing",2025-09-01 06:06:51,2025-09-01,"06:06:51",11758,196,3.3,0.1,"E:/alexfraser_tagged/af15_nov1/105RECNX","RCNX0518.JPG","Nothing",1,"Species|Nothing"
"af15","Nothing",2025-09-01 21:59:18,2025-09-02,"21:59:18",57147,952.5,15.9,0.7,"E:/alexfraser_tagged/af15_nov1/105RECNX","RCNX0523.JPG","Nothing",1,"Species|Nothing"
"af15","Nothing",2025-09-03 07:47:29,2025-09-03,"07:47:29",121691,2028.2,33.8,1.4,"E:/alexfraser_tagged/af15_nov1/105RECNX","RCNX0566.JPG","Nothing",1,"Species|Nothing"
"af15","Nothing",2025-09-06 00:48:47,2025-09-06,"00:48:47",234078,3901.3,65,2.7,"E:/alexfraser_tagged/af15_nov1/105RECNX","RCNX0609.JPG","Nothing",1,"Species|Nothing"
"af15","Nothing",2025-09-06 05:59:13,2025-09-06,"05:59:13",18626,310.4,5.2,0.2,"E:/alexfraser_tagged/af15_nov1/105RECNX","RCNX0617.JPG","Nothing",4,"Species|Nothing"
"af15","Nothing",2025-09-07 09:22:45,2025-09-07,"09:22:45",98587,1643.1,27.4,1.1,"E:/alexfraser_tagged/af15_nov1/105RECNX","RCNX0667.JPG","Nothing",1,"Species|Nothing"
"af15","Nothing",2025-09-08 23:35:55,2025-09-09,"23:35:55",137590,2293.2,38.2,1.6,"E:/alexfraser_tagged/af15_nov1/105RECNX","RCNX0742.JPG","Nothing",2,"Species|Nothing"
"af15","Nothing",2025-09-13 20:45:09,2025-09-14,"20:45:09",421753,7029.2,117.2,4.9,"E:/alexfraser_tagged/af15_nov1/105RECNX","RCNX0868.JPG","Nothing",2,"Species|Nothing"
"af15","Nothing",2025-09-15 13:59:59,2025-09-15,"13:59:59",148488,2474.8,41.2,1.7,"E:/alexfraser_tagged/af15_nov1/105RECNX","RCNX0938.JPG","Nothing",1,"Species|Nothing"
"af15","Nothing",2025-09-18 19:23:16,2025-09-19,"19:23:16",278597,4643.3,77.4,3.2,"E:/alexfraser_tagged/af15_nov1/105RECNX","RCNX1020.JPG","Nothing",2,"Species|Nothing"
"af15","Nothing",2025-09-19 22:17:01,2025-09-20,"22:17:01",96814,1613.6,26.9,1.1,"E:/alexfraser_tagged/af15_nov1/105RECNX","RCNX1040.JPG","Nothing",2,"Species|Nothing"
"af15","Nothing",2025-09-21 02:46:59,2025-09-21,"02:46:59",102594,1709.9,28.5,1.2,"E:/alexfraser_tagged/af15_nov1/105RECNX","RCNX1054.JPG","Nothing",3,"Species|Nothing"
"af15","Nothing",2025-09-21 10:28:09,2025-09-21,"10:28:09",27664,461.1,7.7,0.3,"E:/alexfraser_tagged/af15_nov1/105RECNX","RCNX1059.JPG","Nothing",1,"Species|Nothing"
"af15","Nothing",2025-09-21 17:24:06,2025-09-22,"17:24:06",24957,416,6.9,0.3,"E:/alexfraser_tagged/af15_nov1/105RECNX","RCNX1066.JPG","Nothing",1,"Species|Nothing"
"af15","Nothing",2025-09-22 21:44:14,2025-09-23,"21:44:14",102008,1700.1,28.3,1.2,"E:/alexfraser_tagged/af15_nov1/105RECNX","RCNX1094.JPG","Nothing",17,"Species|Nothing"
"af15","Nothing",2025-09-23 05:34:46,2025-09-23,"05:34:46",28179,469.6,7.8,0.3,"E:/alexfraser_tagged/af15_nov1/105RECNX","RCNX1129.JPG","Nothing",7,"Species|Nothing"
"af15","Nothing",2025-09-23 06:19:08,2025-09-23,"06:19:08",2656,44.3,0.7,0,"E:/alexfraser_tagged/af15_nov1/105RECNX","RCNX1136.JPG","Nothing",2,"Species|Nothing"
"af15","Nothing",2025-09-28 09:58:28,2025-09-28,"09:58:28",445159,7419.3,123.7,5.2,"E:/alexfraser_tagged/af15_nov1/105RECNX","RCNX1292.JPG","Nothing",1,"Species|Nothing"
"af15","Nothing",2025-09-28 12:50:22,2025-09-28,"12:50:22",10314,171.9,2.9,0.1,"E:/alexfraser_tagged/af15_nov1/105RECNX","RCNX1293.JPG","Nothing",1,"Species|Nothing"
"af15","Nothing",2025-09-28 23:32:48,2025-09-29,"23:32:48",38546,642.4,10.7,0.4,"E:/alexfraser_tagged/af15_nov1/105RECNX","RCNX1295.JPG","Nothing",1,"Species|Nothing"
"af15","Nothing",2025-09-29 17:35:37,2025-09-30,"17:35:37",64969,1082.8,18,0.8,"E:/alexfraser_tagged/af15_nov1/105RECNX","RCNX1339.JPG","Nothing",1,"Species|Nothing"
"af15","Nothing",2025-09-30 09:25:31,2025-09-30,"09:25:31",56994,949.9,15.8,0.7,"E:/alexfraser_tagged/af15_nov1/105RECNX","RCNX1406.JPG","Nothing",2,"Species|Nothing"
"af15","Nothing",2025-10-01 18:20:52,2025-10-02,"18:20:52",118508,1975.1,32.9,1.4,"E:/alexfraser_tagged/af15_nov1/105RECNX","RCNX1453.JPG","Nothing",2,"Species|Nothing"
"af15","Nothing",2025-10-01 18:28:39,2025-10-02,"18:28:39",313,5.2,0.1,0,"E:/alexfraser_tagged/af15_nov1/105RECNX","RCNX1455.JPG","Nothing",3,"Species|Nothing"
"af15","Nothing",2025-10-02 12:17:13,2025-10-02,"12:17:13",64105,1068.4,17.8,0.7,"E:/alexfraser_tagged/af15_nov1/105RECNX","RCNX1511.JPG","Nothing",1,"Species|Nothing"
"af15","Nothing",2025-10-03 11:31:21,2025-10-03,"11:31:21",83648,1394.1,23.2,1,"E:/alexfraser_tagged/af15_nov1/105RECNX","RCNX1577.JPG","Nothing",1,"Species|Nothing"
"af15","Nothing",2025-10-05 16:39:39,2025-10-05,"16:39:39",191298,3188.3,53.1,2.2,"E:/alexfraser_tagged/af15_nov1/105RECNX","RCNX1683.JPG","Nothing",1,"Species|Nothing"
"af15","Nothing",2025-10-06 11:34:39,2025-10-06,"11:34:39",68100,1135,18.9,0.8,"E:/alexfraser_tagged/af15_nov1/105RECNX","RCNX1693.JPG","Nothing",1,"Species|Nothing"
"af15","Nothing",2025-10-06 19:30:44,2025-10-07,"19:30:44",28565,476.1,7.9,0.3,"E:/alexfraser_tagged/af15_nov1/105RECNX","RCNX1694.JPG","Nothing",1,"Species|Nothing"
"af15","Nothing",2025-10-08 16:47:14,2025-10-08,"16:47:14",162990,2716.5,45.3,1.9,"E:/alexfraser_tagged/af15_nov1/105RECNX","RCNX1760.JPG","Nothing",1,"Species|Nothing"
"af15","Nothing",2025-10-09 09:34:28,2025-10-09,"09:34:28",60434,1007.2,16.8,0.7,"E:/alexfraser_tagged/af15_nov1/105RECNX","RCNX1811.JPG","Nothing",1,"Species|Nothing"
"af15","Nothing",2025-10-11 08:30:10,2025-10-11,"08:30:10",168942,2815.7,46.9,2,"E:/alexfraser_tagged/af15_nov1/105RECNX","RCNX1876.JPG","Nothing",1,"Species|Nothing"
"af15","Nothing",2025-10-11 11:56:36,2025-10-11,"11:56:36",12386,206.4,3.4,0.1,"E:/alexfraser_tagged/af15_nov1/105RECNX","RCNX1878.JPG","Nothing",1,"Species|Nothing"
"af15","Nothing",2025-10-12 18:25:23,2025-10-13,"18:25:23",109727,1828.8,30.5,1.3,"E:/alexfraser_tagged/af15_nov1/105RECNX","RCNX1947.JPG","Nothing",1,"Species|Nothing"
"af15","Nothing",2025-10-14 21:11:40,2025-10-15,"21:11:40",182777,3046.3,50.8,2.1,"E:/alexfraser_tagged/af15_nov1/105RECNX","RCNX2081.JPG","Nothing",2,"Species|Nothing"
"af15","Nothing",2025-10-17 05:51:58,2025-10-17,"05:51:58",204015,3400.2,56.7,2.4,"E:/alexfraser_tagged/af15_nov1/105RECNX","RCNX2116.JPG","Nothing",1,"Species|Nothing"
"af15","Nothing",2025-10-18 09:23:40,2025-10-18,"09:23:40",99102,1651.7,27.5,1.1,"E:/alexfraser_tagged/af15_nov1/105RECNX","RCNX2140.JPG","Nothing",1,"Species|Nothing"
"af15","Nothing",2025-10-24 17:17:34,2025-10-25,"17:17:34",546834,9113.9,151.9,6.3,"E:/alexfraser_tagged/af15_nov1/105RECNX","RCNX2200.JPG","Nothing",1,"Species|Nothing"
"af15","Nothing",2025-10-25 20:07:41,2025-10-26,"20:07:41",96607,1610.1,26.8,1.1,"E:/alexfraser_tagged/af15_nov1/105RECNX","RCNX2256.JPG","Nothing",1,"Species|Nothing"
"af15","Nothing",2025-10-28 22:02:59,2025-10-29,"22:02:59",266118,4435.3,73.9,3.1,"E:/alexfraser_tagged/af15_nov1/105RECNX","RCNX2299.JPG","Nothing",1,"Species|Nothing"
"af15","Nothing",2025-10-29 08:19:58,2025-10-29,"08:19:58",37019,617,10.3,0.4,"E:/alexfraser_tagged/af15_nov1/105RECNX","RCNX2305.JPG","Nothing",1,"Species|Nothing"
"af15","Nothing",2025-10-30 08:06:38,2025-10-30,"08:06:38",85600,1426.7,23.8,1,"E:/alexfraser_tagged/af15_nov1/105RECNX","RCNX2330.JPG","Nothing",1,"Species|Nothing"
"af15","Nothing",2025-10-30 15:26:17,2025-10-30,"15:26:17",26379,439.6,7.3,0.3,"E:/alexfraser_tagged/af15_nov1/105RECNX","RCNX2338.JPG","Nothing",1,"Species|Nothing"
"af15","Nothing",2025-11-01 19:55:06,2025-11-02,"19:55:06",188929,3148.8,52.5,2.2,"E:/alexfraser_tagged/af15_nov1/105RECNX","RCNX2371.JPG","Nothing",4,"Species|Nothing"
"af15","Nothing",2025-11-02 11:25:17,2025-11-02,"11:25:17",59405,990.1,16.5,0.7,"E:/alexfraser_tagged/af15_nov1/105RECNX","RCNX2390.JPG","Nothing",1,"Species|Nothing"
"af15","People",2025-08-06 10:09:39,2025-08-06,"10:09:39",0,0,0,0,"E:/alexfraser_tagged/af15_nov1/100RECNX","RCNX0001.JPG","People",82,"Species|People"
"af15","People",2025-11-02 11:25:29,2025-11-02,"11:25:29",7610614,126843.6,2114.1,88.1,"E:/alexfraser_tagged/af15_nov1/105RECNX","RCNX2391.JPG","People",7,"Species|People"
"af15","Red squirrel",2025-08-07 19:50:06,2025-08-08,"19:50:06",0,0,0,0,"E:/alexfraser_tagged/af15_nov1/105RECNX","RCNX0005.JPG","Red squirrel",2,"Species|Red squirrel"
"af15","Red squirrel",2025-08-09 06:06:08,2025-08-09,"06:06:08",123361,2056,34.3,1.4,"E:/alexfraser_tagged/af15_nov1/105RECNX","RCNX0040.JPG","Red squirrel",1,"Species|Red squirrel"
"af15","Red squirrel",2025-08-11 07:51:58,2025-08-11,"07:51:58",179150,2985.8,49.8,2.1,"E:/alexfraser_tagged/af15_nov1/105RECNX","RCNX0111.JPG","Red squirrel",2,"Species|Red squirrel"
"af15","Red squirrel",2025-08-11 09:32:20,2025-08-11,"09:32:20",6021,100.3,1.7,0.1,"E:/alexfraser_tagged/af15_nov1/105RECNX","RCNX0113.JPG","Red squirrel",2,"Species|Red squirrel"
"af15","Red squirrel",2025-08-11 20:23:47,2025-08-12,"20:23:47",39086,651.4,10.9,0.5,"E:/alexfraser_tagged/af15_nov1/105RECNX","RCNX0115.JPG","Red squirrel",1,"Species|Red squirrel"
"af15","Red squirrel",2025-08-12 08:47:53,2025-08-12,"08:47:53",44646,744.1,12.4,0.5,"E:/alexfraser_tagged/af15_nov1/105RECNX","RCNX0118.JPG","Red squirrel",2,"Species|Red squirrel"
"af15","Red squirrel",2025-08-14 06:21:31,2025-08-14,"06:21:31",163827,2730.4,45.5,1.9,"E:/alexfraser_tagged/af15_nov1/105RECNX","RCNX0205.JPG","Red squirrel",1,"Species|Red squirrel"
"af15","Red squirrel",2025-08-14 18:53:03,2025-08-15,"18:53:03",45092,751.5,12.5,0.5,"E:/alexfraser_tagged/af15_nov1/105RECNX","RCNX0207.JPG","Red squirrel",1,"Species|Red squirrel"
"af15","Red squirrel",2025-08-16 11:06:10,2025-08-16,"11:06:10",144787,2413.1,40.2,1.7,"E:/alexfraser_tagged/af15_nov1/105RECNX","RCNX0218.JPG","Red squirrel",2,"Species|Red squirrel"
"af15","Red squirrel",2025-08-16 11:25:28,2025-08-16,"11:25:28",1157,19.3,0.3,0,"E:/alexfraser_tagged/af15_nov1/105RECNX","RCNX0220.JPG","Red squirrel",1,"Species|Red squirrel"
"af15","Red squirrel",2025-08-16 19:23:19,2025-08-17,"19:23:19",28671,477.9,8,0.3,"E:/alexfraser_tagged/af15_nov1/105RECNX","RCNX0221.JPG","Red squirrel",1,"Species|Red squirrel"
"af15","Red squirrel",2025-08-18 05:41:30,2025-08-18,"05:41:30",123491,2058.2,34.3,1.4,"E:/alexfraser_tagged/af15_nov1/105RECNX","RCNX0267.JPG","Red squirrel",1,"Species|Red squirrel"
"af15","Red squirrel",2025-08-18 20:14:02,2025-08-19,"20:14:02",52352,872.5,14.5,0.6,"E:/alexfraser_tagged/af15_nov1/105RECNX","RCNX0269.JPG","Red squirrel",1,"Species|Red squirrel"
"af15","Red squirrel",2025-08-21 18:28:57,2025-08-22,"18:28:57",252895,4214.9,70.2,2.9,"E:/alexfraser_tagged/af15_nov1/105RECNX","RCNX0293.JPG","Red squirrel",1,"Species|Red squirrel"
"af15","Red squirrel",2025-08-21 19:47:46,2025-08-22,"19:47:46",4729,78.8,1.3,0.1,"E:/alexfraser_tagged/af15_nov1/105RECNX","RCNX0294.JPG","Red squirrel",2,"Species|Red squirrel"
"af15","Red squirrel",2025-08-22 08:34:32,2025-08-22,"08:34:32",46003,766.7,12.8,0.5,"E:/alexfraser_tagged/af15_nov1/105RECNX","RCNX0306.JPG","Red squirrel",1,"Species|Red squirrel"
"af15","Red squirrel",2025-08-22 13:20:38,2025-08-22,"13:20:38",17166,286.1,4.8,0.2,"E:/alexfraser_tagged/af15_nov1/105RECNX","RCNX0308.JPG","Red squirrel",1,"Species|Red squirrel"
"af15","Red squirrel",2025-08-22 18:08:24,2025-08-23,"18:08:24",17266,287.8,4.8,0.2,"E:/alexfraser_tagged/af15_nov1/105RECNX","RCNX0309.JPG","Red squirrel",1,"Species|Red squirrel"
"af15","Red squirrel",2025-08-24 19:04:22,2025-08-25,"19:04:22",176158,2936,48.9,2,"E:/alexfraser_tagged/af15_nov1/105RECNX","RCNX0377.JPG","Red squirrel",1,"Species|Red squirrel"
"af15","Red squirrel",2025-08-25 06:22:10,2025-08-25,"06:22:10",40668,677.8,11.3,0.5,"E:/alexfraser_tagged/af15_nov1/105RECNX","RCNX0390.JPG","Red squirrel",2,"Species|Red squirrel"
"af15","Red squirrel",2025-08-25 08:08:08,2025-08-25,"08:08:08",6354,105.9,1.8,0.1,"E:/alexfraser_tagged/af15_nov1/105RECNX","RCNX0392.JPG","Red squirrel",5,"Species|Red squirrel"
"af15","Red squirrel",2025-08-25 08:56:08,2025-08-25,"08:56:08",2647,44.1,0.7,0,"E:/alexfraser_tagged/af15_nov1/105RECNX","RCNX0397.JPG","Red squirrel",2,"Species|Red squirrel"
"af15","Red squirrel",2025-08-25 09:05:39,2025-08-25,"09:05:39",570,9.5,0.2,0,"E:/alexfraser_tagged/af15_nov1/105RECNX","RCNX0399.JPG","Red squirrel",9,"Species|Red squirrel"
"af15","Red squirrel",2025-08-25 09:50:59,2025-08-25,"09:50:59",1994,33.2,0.6,0,"E:/alexfraser_tagged/af15_nov1/105RECNX","RCNX0408.JPG","Red squirrel",2,"Species|Red squirrel"
"af15","Red squirrel",2025-08-25 11:13:02,2025-08-25,"11:13:02",4913,81.9,1.4,0.1,"E:/alexfraser_tagged/af15_nov1/105RECNX","RCNX0410.JPG","Red squirrel",1,"Species|Red squirrel"
"af15","Red squirrel",2025-08-25 11:19:03,2025-08-25,"11:19:03",361,6,0.1,0,"E:/alexfraser_tagged/af15_nov1/105RECNX","RCNX0411.JPG","Red squirrel",2,"Species|Red squirrel"
"af15","Red squirrel",2025-08-25 11:27:09,2025-08-25,"11:27:09",360,6,0.1,0,"E:/alexfraser_tagged/af15_nov1/105RECNX","RCNX0413.JPG","Red squirrel",1,"Species|Red squirrel"
"af15","Red squirrel",2025-08-26 12:33:06,2025-08-26,"12:33:06",90357,1506,25.1,1,"E:/alexfraser_tagged/af15_nov1/105RECNX","RCNX0437.JPG","Red squirrel",1,"Species|Red squirrel"
"af15","Red squirrel",2025-08-27 09:50:23,2025-08-27,"09:50:23",76637,1277.3,21.3,0.9,"E:/alexfraser_tagged/af15_nov1/105RECNX","RCNX0453.JPG","Red squirrel",3,"Species|Red squirrel"
"af15","Red squirrel",2025-08-28 09:52:23,2025-08-28,"09:52:23",86497,1441.6,24,1,"E:/alexfraser_tagged/af15_nov1/105RECNX","RCNX0460.JPG","Red squirrel",1,"Species|Red squirrel"
"af15","Red squirrel",2025-08-28 11:47:19,2025-08-28,"11:47:19",6896,114.9,1.9,0.1,"E:/alexfraser_tagged/af15_nov1/105RECNX","RCNX0461.JPG","Red squirrel",3,"Species|Red squirrel"
"af15","Red squirrel",2025-08-30 09:58:24,2025-08-30,"09:58:24",166250,2770.8,46.2,1.9,"E:/alexfraser_tagged/af15_nov1/105RECNX","RCNX0506.JPG","Red squirrel",1,"Species|Red squirrel"
"af15","Red squirrel",2025-08-31 06:32:57,2025-08-31,"06:32:57",74073,1234.6,20.6,0.9,"E:/alexfraser_tagged/af15_nov1/105RECNX","RCNX0510.JPG","Red squirrel",1,"Species|Red squirrel"
"af15","Red squirrel",2025-08-31 10:20:24,2025-08-31,"10:20:24",13647,227.4,3.8,0.2,"E:/alexfraser_tagged/af15_nov1/105RECNX","RCNX0511.JPG","Red squirrel",1,"Species|Red squirrel"
"af15","Red squirrel",2025-09-01 09:41:52,2025-09-01,"09:41:52",84088,1401.5,23.4,1,"E:/alexfraser_tagged/af15_nov1/105RECNX","RCNX0519.JPG","Red squirrel",2,"Species|Red squirrel"
"af15","Red squirrel",2025-09-02 08:31:28,2025-09-02,"08:31:28",82171,1369.5,22.8,1,"E:/alexfraser_tagged/af15_nov1/105RECNX","RCNX0526.JPG","Red squirrel",1,"Species|Red squirrel"
"af15","Red squirrel",2025-09-02 08:42:04,2025-09-02,"08:42:04",636,10.6,0.2,0,"E:/alexfraser_tagged/af15_nov1/105RECNX","RCNX0527.JPG","Red squirrel",1,"Species|Red squirrel"
"af15","Red squirrel",2025-09-02 08:52:26,2025-09-02,"08:52:26",622,10.4,0.2,0,"E:/alexfraser_tagged/af15_nov1/105RECNX","RCNX0528.JPG","Red squirrel",1,"Species|Red squirrel"
"af15","Red squirrel",2025-09-02 09:17:28,2025-09-02,"09:17:28",1502,25,0.4,0,"E:/alexfraser_tagged/af15_nov1/105RECNX","RCNX0529.JPG","Red squirrel",3,"Species|Red squirrel"
"af15","Red squirrel",2025-09-03 07:10:31,2025-09-03,"07:10:31",78714,1311.9,21.9,0.9,"E:/alexfraser_tagged/af15_nov1/105RECNX","RCNX0565.JPG","Red squirrel",1,"Species|Red squirrel"
"af15","Red squirrel",2025-09-04 18:36:39,2025-09-05,"18:36:39",127568,2126.1,35.4,1.5,"E:/alexfraser_tagged/af15_nov1/105RECNX","RCNX0583.JPG","Red squirrel",2,"Species|Red squirrel"
"af15","Red squirrel",2025-09-05 19:16:36,2025-09-06,"19:16:36",88796,1479.9,24.7,1,"E:/alexfraser_tagged/af15_nov1/105RECNX","RCNX0603.JPG","Red squirrel",1,"Species|Red squirrel"
"af15","Red squirrel",2025-09-07 11:05:22,2025-09-07,"11:05:22",143326,2388.8,39.8,1.7,"E:/alexfraser_tagged/af15_nov1/105RECNX","RCNX0668.JPG","Red squirrel",1,"Species|Red squirrel"
"af15","Red squirrel",2025-09-07 19:18:12,2025-09-08,"19:18:12",29570,492.8,8.2,0.3,"E:/alexfraser_tagged/af15_nov1/105RECNX","RCNX0669.JPG","Red squirrel",4,"Species|Red squirrel"
"af15","Red squirrel",2025-09-09 10:46:47,2025-09-09,"10:46:47",142092,2368.2,39.5,1.6,"E:/alexfraser_tagged/af15_nov1/105RECNX","RCNX0793.JPG","Red squirrel",1,"Species|Red squirrel"
"af15","Red squirrel",2025-09-09 13:59:38,2025-09-09,"13:59:38",11571,192.8,3.2,0.1,"E:/alexfraser_tagged/af15_nov1/105RECNX","RCNX0794.JPG","Red squirrel",1,"Species|Red squirrel"
"af15","Red squirrel",2025-09-11 07:27:55,2025-09-11,"07:27:55",149297,2488.3,41.5,1.7,"E:/alexfraser_tagged/af15_nov1/105RECNX","RCNX0832.JPG","Red squirrel",2,"Species|Red squirrel"
"af15","Red squirrel",2025-09-13 19:38:52,2025-09-14,"19:38:52",216656,3610.9,60.2,2.5,"E:/alexfraser_tagged/af15_nov1/105RECNX","RCNX0866.JPG","Red squirrel",2,"Species|Red squirrel"
"af15","Red squirrel",2025-09-14 06:24:51,2025-09-14,"06:24:51",38758,646,10.8,0.4,"E:/alexfraser_tagged/af15_nov1/105RECNX","RCNX0889.JPG","Red squirrel",1,"Species|Red squirrel"
"af15","Red squirrel",2025-09-14 12:37:49,2025-09-14,"12:37:49",22378,373,6.2,0.3,"E:/alexfraser_tagged/af15_nov1/105RECNX","RCNX0890.JPG","Red squirrel",1,"Species|Red squirrel"
"af15","Red squirrel",2025-09-15 06:21:45,2025-09-15,"06:21:45",63836,1063.9,17.7,0.7,"E:/alexfraser_tagged/af15_nov1/105RECNX","RCNX0937.JPG","Red squirrel",1,"Species|Red squirrel"
"af15","Red squirrel",2025-09-15 15:39:26,2025-09-15,"15:39:26",33461,557.7,9.3,0.4,"E:/alexfraser_tagged/af15_nov1/105RECNX","RCNX0939.JPG","Red squirrel",1,"Species|Red squirrel"
"af15","Red squirrel",2025-09-16 09:00:17,2025-09-16,"09:00:17",62451,1040.8,17.3,0.7,"E:/alexfraser_tagged/af15_nov1/105RECNX","RCNX0958.JPG","Red squirrel",2,"Species|Red squirrel"
"af15","Red squirrel",2025-09-18 06:26:27,2025-09-18,"06:26:27",163563,2726.1,45.4,1.9,"E:/alexfraser_tagged/af15_nov1/105RECNX","RCNX1019.JPG","Red squirrel",1,"Species|Red squirrel"
"af15","Red squirrel",2025-09-19 06:21:45,2025-09-19,"06:21:45",86118,1435.3,23.9,1,"E:/alexfraser_tagged/af15_nov1/105RECNX","RCNX1029.JPG","Red squirrel",1,"Species|Red squirrel"
"af15","Red squirrel",2025-09-19 07:30:09,2025-09-19,"07:30:09",4104,68.4,1.1,0,"E:/alexfraser_tagged/af15_nov1/105RECNX","RCNX1030.JPG","Red squirrel",2,"Species|Red squirrel"
"af15","Red squirrel",2025-09-19 13:12:34,2025-09-19,"13:12:34",20539,342.3,5.7,0.2,"E:/alexfraser_tagged/af15_nov1/105RECNX","RCNX1032.JPG","Red squirrel",1,"Species|Red squirrel"
"af15","Red squirrel",2025-09-19 18:31:49,2025-09-20,"18:31:49",19155,319.2,5.3,0.2,"E:/alexfraser_tagged/af15_nov1/105RECNX","RCNX1033.JPG","Red squirrel",1,"Species|Red squirrel"
"af15","Red squirrel",2025-09-19 18:56:43,2025-09-20,"18:56:43",1494,24.9,0.4,0,"E:/alexfraser_tagged/af15_nov1/105RECNX","RCNX1034.JPG","Red squirrel",2,"Species|Red squirrel"
"af15","Red squirrel",2025-09-21 10:27:28,2025-09-21,"10:27:28",142244,2370.7,39.5,1.6,"E:/alexfraser_tagged/af15_nov1/105RECNX","RCNX1057.JPG","Red squirrel",2,"Species|Red squirrel"
"af15","Red squirrel",2025-09-21 10:49:06,2025-09-21,"10:49:06",1271,21.2,0.4,0,"E:/alexfraser_tagged/af15_nov1/105RECNX","RCNX1060.JPG","Red squirrel",2,"Species|Red squirrel"
"af15","Red squirrel",2025-09-21 13:00:34,2025-09-21,"13:00:34",7880,131.3,2.2,0.1,"E:/alexfraser_tagged/af15_nov1/105RECNX","RCNX1062.JPG","Red squirrel",1,"Species|Red squirrel"
"af15","Red squirrel",2025-09-21 14:08:34,2025-09-21,"14:08:34",4080,68,1.1,0,"E:/alexfraser_tagged/af15_nov1/105RECNX","RCNX1063.JPG","Red squirrel",2,"Species|Red squirrel"
"af15","Red squirrel",2025-09-21 15:32:19,2025-09-21,"15:32:19",5022,83.7,1.4,0.1,"E:/alexfraser_tagged/af15_nov1/105RECNX","RCNX1065.JPG","Red squirrel",1,"Species|Red squirrel"
"af15","Red squirrel",2025-09-23 09:41:02,2025-09-23,"09:41:02",151723,2528.7,42.1,1.8,"E:/alexfraser_tagged/af15_nov1/105RECNX","RCNX1138.JPG","Red squirrel",2,"Species|Red squirrel"
"af15","Red squirrel",2025-09-23 18:44:41,2025-09-24,"18:44:41",32571,542.9,9,0.4,"E:/alexfraser_tagged/af15_nov1/105RECNX","RCNX1140.JPG","Red squirrel",2,"Species|Red squirrel"
"af15","Red squirrel",2025-09-25 07:33:43,2025-09-25,"07:33:43",132536,2208.9,36.8,1.5,"E:/alexfraser_tagged/af15_nov1/105RECNX","RCNX1179.JPG","Red squirrel",2,"Species|Red squirrel"
"af15","Red squirrel",2025-09-27 14:23:19,2025-09-27,"14:23:19",197094,3284.9,54.7,2.3,"E:/alexfraser_tagged/af15_nov1/105RECNX","RCNX1264.JPG","Red squirrel",2,"Species|Red squirrel"
"af15","Red squirrel",2025-09-27 17:33:28,2025-09-28,"17:33:28",11404,190.1,3.2,0.1,"E:/alexfraser_tagged/af15_nov1/105RECNX","RCNX1266.JPG","Red squirrel",1,"Species|Red squirrel"
"af15","Red squirrel",2025-09-28 09:20:26,2025-09-28,"09:20:26",56818,947,15.8,0.7,"E:/alexfraser_tagged/af15_nov1/105RECNX","RCNX1291.JPG","Red squirrel",1,"Species|Red squirrel"
"af15","Red squirrel",2025-09-28 15:30:23,2025-09-28,"15:30:23",22197,370,6.2,0.3,"E:/alexfraser_tagged/af15_nov1/105RECNX","RCNX1294.JPG","Red squirrel",1,"Species|Red squirrel"
"af15","Red squirrel",2025-09-29 18:25:51,2025-09-30,"18:25:51",96928,1615.5,26.9,1.1,"E:/alexfraser_tagged/af15_nov1/105RECNX","RCNX1340.JPG","Red squirrel",4,"Species|Red squirrel"
"af15","Red squirrel",2025-09-29 18:41:57,2025-09-30,"18:41:57",958,16,0.3,0,"E:/alexfraser_tagged/af15_nov1/105RECNX","RCNX1344.JPG","Red squirrel",1,"Species|Red squirrel"
"af15","Red squirrel",2025-09-30 07:12:06,2025-09-30,"07:12:06",45009,750.1,12.5,0.5,"E:/alexfraser_tagged/af15_nov1/105RECNX","RCNX1405.JPG","Red squirrel",1,"Species|Red squirrel"
"af15","Red squirrel",2025-09-30 10:25:43,2025-09-30,"10:25:43",11617,193.6,3.2,0.1,"E:/alexfraser_tagged/af15_nov1/105RECNX","RCNX1408.JPG","Red squirrel",1,"Species|Red squirrel"
"af15","Red squirrel",2025-09-30 11:29:04,2025-09-30,"11:29:04",3801,63.4,1.1,0,"E:/alexfraser_tagged/af15_nov1/105RECNX","RCNX1409.JPG","Red squirrel",12,"Species|Red squirrel"
"af15","Red squirrel",2025-09-30 18:30:02,2025-10-01,"18:30:02",24873,414.6,6.9,0.3,"E:/alexfraser_tagged/af15_nov1/105RECNX","RCNX1426.JPG","Red squirrel",2,"Species|Red squirrel"
"af15","Red squirrel",2025-09-30 18:58:27,2025-10-01,"18:58:27",1697,28.3,0.5,0,"E:/alexfraser_tagged/af15_nov1/105RECNX","RCNX1428.JPG","Red squirrel",1,"Species|Red squirrel"
"af15","Red squirrel",2025-10-01 10:23:54,2025-10-01,"10:23:54",55527,925.5,15.4,0.6,"E:/alexfraser_tagged/af15_nov1/105RECNX","RCNX1451.JPG","Red squirrel",1,"Species|Red squirrel"
"af15","Red squirrel",2025-10-01 17:58:49,2025-10-02,"17:58:49",27295,454.9,7.6,0.3,"E:/alexfraser_tagged/af15_nov1/105RECNX","RCNX1452.JPG","Red squirrel",1,"Species|Red squirrel"
"af15","Red squirrel",2025-10-01 18:44:06,2025-10-02,"18:44:06",2717,45.3,0.8,0,"E:/alexfraser_tagged/af15_nov1/105RECNX","RCNX1458.JPG","Red squirrel",1,"Species|Red squirrel"
"af15","Red squirrel",2025-10-02 06:54:30,2025-10-02,"06:54:30",43824,730.4,12.2,0.5,"E:/alexfraser_tagged/af15_nov1/105RECNX","RCNX1499.JPG","Red squirrel",1,"Species|Red squirrel"
"af15","Red squirrel",2025-10-02 07:06:18,2025-10-02,"07:06:18",708,11.8,0.2,0,"E:/alexfraser_tagged/af15_nov1/105RECNX","RCNX1500.JPG","Red squirrel",5,"Species|Red squirrel"
"af15","Red squirrel",2025-10-02 11:08:44,2025-10-02,"11:08:44",14288,238.1,4,0.2,"E:/alexfraser_tagged/af15_nov1/105RECNX","RCNX1505.JPG","Red squirrel",3,"Species|Red squirrel"
"af15","Red squirrel",2025-10-02 12:08:16,2025-10-02,"12:08:16",3568,59.5,1,0,"E:/alexfraser_tagged/af15_nov1/105RECNX","RCNX1508.JPG","Red squirrel",3,"Species|Red squirrel"
"af15","Red squirrel",2025-10-02 16:26:06,2025-10-02,"16:26:06",15463,257.7,4.3,0.2,"E:/alexfraser_tagged/af15_nov1/105RECNX","RCNX1512.JPG","Red squirrel",4,"Species|Red squirrel"
"af15","Red squirrel",2025-10-02 16:58:09,2025-10-02,"16:58:09",1875,31.2,0.5,0,"E:/alexfraser_tagged/af15_nov1/105RECNX","RCNX1516.JPG","Red squirrel",2,"Species|Red squirrel"
"af15","Red squirrel",2025-10-03 07:38:12,2025-10-03,"07:38:12",52801,880,14.7,0.6,"E:/alexfraser_tagged/af15_nov1/105RECNX","RCNX1565.JPG","Red squirrel",11,"Species|Red squirrel"
"af15","Red squirrel",2025-10-03 16:44:27,2025-10-03,"16:44:27",32555,542.6,9,0.4,"E:/alexfraser_tagged/af15_nov1/105RECNX","RCNX1578.JPG","Red squirrel",4,"Species|Red squirrel"
"af15","Red squirrel",2025-10-03 18:38:03,2025-10-04,"18:38:03",6764,112.7,1.9,0.1,"E:/alexfraser_tagged/af15_nov1/105RECNX","RCNX1582.JPG","Red squirrel",2,"Species|Red squirrel"
"af15","Red squirrel",2025-10-04 09:40:10,2025-10-04,"09:40:10",54125,902.1,15,0.6,"E:/alexfraser_tagged/af15_nov1/105RECNX","RCNX1610.JPG","Red squirrel",1,"Species|Red squirrel"
"af15","Red squirrel",2025-10-04 12:12:18,2025-10-04,"12:12:18",9128,152.1,2.5,0.1,"E:/alexfraser_tagged/af15_nov1/105RECNX","RCNX1611.JPG","Red squirrel",6,"Species|Red squirrel"
"af15","Red squirrel",2025-10-04 18:38:33,2025-10-05,"18:38:33",23093,384.9,6.4,0.3,"E:/alexfraser_tagged/af15_nov1/105RECNX","RCNX1617.JPG","Red squirrel",4,"Species|Red squirrel"
"af15","Red squirrel",2025-10-05 13:32:39,2025-10-05,"13:32:39",68002,1133.4,18.9,0.8,"E:/alexfraser_tagged/af15_nov1/105RECNX","RCNX1676.JPG","Red squirrel",2,"Species|Red squirrel"
"af15","Red squirrel",2025-10-05 16:19:30,2025-10-05,"16:19:30",10008,166.8,2.8,0.1,"E:/alexfraser_tagged/af15_nov1/105RECNX","RCNX1678.JPG","Red squirrel",2,"Species|Red squirrel"
"af15","Red squirrel",2025-10-05 16:29:58,2025-10-05,"16:29:58",627,10.4,0.2,0,"E:/alexfraser_tagged/af15_nov1/105RECNX","RCNX1680.JPG","Red squirrel",3,"Species|Red squirrel"
"af15","Red squirrel",2025-10-06 07:13:23,2025-10-06,"07:13:23",52997,883.3,14.7,0.6,"E:/alexfraser_tagged/af15_nov1/105RECNX","RCNX1687.JPG","Red squirrel",2,"Species|Red squirrel"
"af15","Red squirrel",2025-10-06 09:43:30,2025-10-06,"09:43:30",9006,150.1,2.5,0.1,"E:/alexfraser_tagged/af15_nov1/105RECNX","RCNX1689.JPG","Red squirrel",1,"Species|Red squirrel"
"af15","Red squirrel",2025-10-06 11:27:31,2025-10-06,"11:27:31",6241,104,1.7,0.1,"E:/alexfraser_tagged/af15_nov1/105RECNX","RCNX1690.JPG","Red squirrel",3,"Species|Red squirrel"
"af15","Red squirrel",2025-10-07 18:27:56,2025-10-08,"18:27:56",111623,1860.4,31,1.3,"E:/alexfraser_tagged/af15_nov1/105RECNX","RCNX1724.JPG","Red squirrel",2,"Species|Red squirrel"
"af15","Red squirrel",2025-10-08 07:59:46,2025-10-08,"07:59:46",48709,811.8,13.5,0.6,"E:/alexfraser_tagged/af15_nov1/105RECNX","RCNX1746.JPG","Red squirrel",6,"Species|Red squirrel"
"af15","Red squirrel",2025-10-08 08:23:11,2025-10-08,"08:23:11",1394,23.2,0.4,0,"E:/alexfraser_tagged/af15_nov1/105RECNX","RCNX1752.JPG","Red squirrel",1,"Species|Red squirrel"
"af15","Red squirrel",2025-10-08 09:13:30,2025-10-08,"09:13:30",3019,50.3,0.8,0,"E:/alexfraser_tagged/af15_nov1/105RECNX","RCNX1753.JPG","Red squirrel",4,"Species|Red squirrel"
"af15","Red squirrel",2025-10-08 14:15:51,2025-10-08,"14:15:51",18013,300.2,5,0.2,"E:/alexfraser_tagged/af15_nov1/105RECNX","RCNX1757.JPG","Red squirrel",1,"Species|Red squirrel"
"af15","Red squirrel",2025-10-08 14:21:53,2025-10-08,"14:21:53",362,6,0.1,0,"E:/alexfraser_tagged/af15_nov1/105RECNX","RCNX1758.JPG","Red squirrel",1,"Species|Red squirrel"
"af15","Red squirrel",2025-10-08 14:27:06,2025-10-08,"14:27:06",313,5.2,0.1,0,"E:/alexfraser_tagged/af15_nov1/105RECNX","RCNX1759.JPG","Red squirrel",1,"Species|Red squirrel"
"af15","Red squirrel",2025-10-08 18:19:43,2025-10-09,"18:19:43",13957,232.6,3.9,0.2,"E:/alexfraser_tagged/af15_nov1/105RECNX","RCNX1761.JPG","Red squirrel",2,"Species|Red squirrel"
"af15","Red squirrel",2025-10-09 08:03:51,2025-10-09,"08:03:51",49447,824.1,13.7,0.6,"E:/alexfraser_tagged/af15_nov1/105RECNX","RCNX1809.JPG","Red squirrel",2,"Species|Red squirrel"
"af15","Red squirrel",2025-10-09 13:15:05,2025-10-09,"13:15:05",18672,311.2,5.2,0.2,"E:/alexfraser_tagged/af15_nov1/105RECNX","RCNX1812.JPG","Red squirrel",4,"Species|Red squirrel"
"af15","Red squirrel",2025-10-09 18:17:30,2025-10-10,"18:17:30",18128,302.1,5,0.2,"E:/alexfraser_tagged/af15_nov1/105RECNX","RCNX1816.JPG","Red squirrel",1,"Species|Red squirrel"
"af15","Red squirrel",2025-10-10 07:18:18,2025-10-10,"07:18:18",46848,780.8,13,0.5,"E:/alexfraser_tagged/af15_nov1/105RECNX","RCNX1854.JPG","Red squirrel",1,"Species|Red squirrel"
"af15","Red squirrel",2025-10-11 10:35:41,2025-10-11,"10:35:41",98243,1637.4,27.3,1.1,"E:/alexfraser_tagged/af15_nov1/105RECNX","RCNX1877.JPG","Red squirrel",1,"Species|Red squirrel"
"af15","Red squirrel",2025-10-11 16:31:11,2025-10-11,"16:31:11",21330,355.5,5.9,0.2,"E:/alexfraser_tagged/af15_nov1/105RECNX","RCNX1879.JPG","Red squirrel",2,"Species|Red squirrel"
"af15","Red squirrel",2025-10-11 18:09:01,2025-10-12,"18:09:01",5869,97.8,1.6,0.1,"E:/alexfraser_tagged/af15_nov1/105RECNX","RCNX1881.JPG","Red squirrel",2,"Species|Red squirrel"
"af15","Red squirrel",2025-10-12 09:45:35,2025-10-12,"09:45:35",56192,936.5,15.6,0.7,"E:/alexfraser_tagged/af15_nov1/105RECNX","RCNX1926.JPG","Red squirrel",4,"Species|Red squirrel"
"af15","Red squirrel",2025-10-12 09:52:13,2025-10-12,"09:52:13",313,5.2,0.1,0,"E:/alexfraser_tagged/af15_nov1/105RECNX","RCNX1931.JPG","Red squirrel",8,"Species|Red squirrel"
"af15","Red squirrel",2025-10-12 18:20:23,2025-10-13,"18:20:23",30366,506.1,8.4,0.4,"E:/alexfraser_tagged/af15_nov1/105RECNX","RCNX1941.JPG","Red squirrel",6,"Species|Red squirrel"
"af15","Red squirrel",2025-10-13 09:03:53,2025-10-13,"09:03:53",52919,882,14.7,0.6,"E:/alexfraser_tagged/af15_nov1/105RECNX","RCNX1998.JPG","Red squirrel",2,"Species|Red squirrel"
"af15","Red squirrel",2025-10-13 14:54:15,2025-10-13,"14:54:15",20987,349.8,5.8,0.2,"E:/alexfraser_tagged/af15_nov1/105RECNX","RCNX2006.JPG","Red squirrel",6,"Species|Red squirrel"
"af15","Red squirrel",2025-10-13 15:01:53,2025-10-13,"15:01:53",344,5.7,0.1,0,"E:/alexfraser_tagged/af15_nov1/105RECNX","RCNX2012.JPG","Red squirrel",8,"Species|Red squirrel"
"af15","Red squirrel",2025-10-13 15:18:50,2025-10-13,"15:18:50",784,13.1,0.2,0,"E:/alexfraser_tagged/af15_nov1/105RECNX","RCNX2020.JPG","Red squirrel",8,"Species|Red squirrel"
"af15","Red squirrel",2025-10-13 18:11:52,2025-10-14,"18:11:52",10331,172.2,2.9,0.1,"E:/alexfraser_tagged/af15_nov1/105RECNX","RCNX2029.JPG","Red squirrel",6,"Species|Red squirrel"
"af15","Red squirrel",2025-10-14 12:25:06,2025-10-14,"12:25:06",65400,1090,18.2,0.8,"E:/alexfraser_tagged/af15_nov1/105RECNX","RCNX2056.JPG","Red squirrel",2,"Species|Red squirrel"
"af15","Red squirrel",2025-10-14 17:25:13,2025-10-15,"17:25:13",17996,299.9,5,0.2,"E:/alexfraser_tagged/af15_nov1/105RECNX","RCNX2058.JPG","Red squirrel",3,"Species|Red squirrel"
"af15","Red squirrel",2025-10-14 17:46:43,2025-10-15,"17:46:43",1283,21.4,0.4,0,"E:/alexfraser_tagged/af15_nov1/105RECNX","RCNX2061.JPG","Red squirrel",9,"Species|Red squirrel"
"af15","Red squirrel",2025-10-15 08:21:01,2025-10-15,"08:21:01",52367,872.8,14.5,0.6,"E:/alexfraser_tagged/af15_nov1/105RECNX","RCNX2085.JPG","Red squirrel",1,"Species|Red squirrel"
"af15","Red squirrel",2025-10-15 10:52:30,2025-10-15,"10:52:30",9089,151.5,2.5,0.1,"E:/alexfraser_tagged/af15_nov1/105RECNX","RCNX2086.JPG","Red squirrel",1,"Species|Red squirrel"
"af15","Red squirrel",2025-10-15 11:40:01,2025-10-15,"11:40:01",2851,47.5,0.8,0,"E:/alexfraser_tagged/af15_nov1/105RECNX","RCNX2087.JPG","Red squirrel",2,"Species|Red squirrel"
"af15","Red squirrel",2025-10-15 15:03:24,2025-10-15,"15:03:24",12198,203.3,3.4,0.1,"E:/alexfraser_tagged/af15_nov1/105RECNX","RCNX2089.JPG","Red squirrel",3,"Species|Red squirrel"
"af15","Red squirrel",2025-10-15 17:52:02,2025-10-16,"17:52:02",10099,168.3,2.8,0.1,"E:/alexfraser_tagged/af15_nov1/105RECNX","RCNX2092.JPG","Red squirrel",1,"Species|Red squirrel"
"af15","Red squirrel",2025-10-17 08:33:27,2025-10-17,"08:33:27",139285,2321.4,38.7,1.6,"E:/alexfraser_tagged/af15_nov1/105RECNX","RCNX2122.JPG","Red squirrel",8,"Species|Red squirrel"
"af15","Red squirrel",2025-10-18 07:47:14,2025-10-18,"07:47:14",83515,1391.9,23.2,1,"E:/alexfraser_tagged/af15_nov1/105RECNX","RCNX2135.JPG","Red squirrel",5,"Species|Red squirrel"
"af15","Red squirrel",2025-10-20 10:55:29,2025-10-20,"10:55:29",183897,3064.9,51.1,2.1,"E:/alexfraser_tagged/af15_nov1/105RECNX","RCNX2157.JPG","Red squirrel",1,"Species|Red squirrel"
"af15","Red squirrel",2025-10-21 08:31:57,2025-10-21,"08:31:57",77788,1296.5,21.6,0.9,"E:/alexfraser_tagged/af15_nov1/105RECNX","RCNX2170.JPG","Red squirrel",7,"Species|Red squirrel"
"af15","Red squirrel",2025-10-24 16:59:45,2025-10-24,"16:59:45",289562,4826,80.4,3.4,"E:/alexfraser_tagged/af15_nov1/105RECNX","RCNX2197.JPG","Red squirrel",3,"Species|Red squirrel"
"af15","Red squirrel",2025-10-27 14:55:00,2025-10-27,"14:55:00",251712,4195.2,69.9,2.9,"E:/alexfraser_tagged/af15_nov1/105RECNX","RCNX2287.JPG","Red squirrel",1,"Species|Red squirrel"
"af15","Red squirrel",2025-10-27 15:22:47,2025-10-27,"15:22:47",1667,27.8,0.5,0,"E:/alexfraser_tagged/af15_nov1/105RECNX","RCNX2288.JPG","Red squirrel",7,"Species|Red squirrel"
"af15","Red squirrel",2025-10-29 08:18:02,2025-10-29,"08:18:02",147173,2452.9,40.9,1.7,"E:/alexfraser_tagged/af15_nov1/105RECNX","RCNX2300.JPG","Red squirrel",8,"Species|Red squirrel"
"af15","Red squirrel",2025-10-29 13:36:07,2025-10-29,"13:36:07",18711,311.9,5.2,0.2,"E:/alexfraser_tagged/af15_nov1/105RECNX","RCNX2309.JPG","Red squirrel",1,"Species|Red squirrel"
"af15","Red squirrel",2025-10-30 09:23:46,2025-10-30,"09:23:46",71259,1187.7,19.8,0.8,"E:/alexfraser_tagged/af15_nov1/105RECNX","RCNX2331.JPG","Red squirrel",4,"Species|Red squirrel"
"af15","Red squirrel",2025-10-30 13:32:03,2025-10-30,"13:32:03",14893,248.2,4.1,0.2,"E:/alexfraser_tagged/af15_nov1/105RECNX","RCNX2335.JPG","Red squirrel",3,"Species|Red squirrel"
"af15","Red squirrel",2025-10-31 10:37:48,2025-10-31,"10:37:48",75943,1265.7,21.1,0.9,"E:/alexfraser_tagged/af15_nov1/105RECNX","RCNX2339.JPG","Red squirrel",1,"Species|Red squirrel"
"af15","Red squirrel",2025-10-31 16:20:55,2025-10-31,"16:20:55",20587,343.1,5.7,0.2,"E:/alexfraser_tagged/af15_nov1/105RECNX","RCNX2340.JPG","Red squirrel",1,"Species|Red squirrel"
"af15","Red squirrel",2025-11-01 08:17:05,2025-11-01,"08:17:05",57370,956.2,15.9,0.7,"E:/alexfraser_tagged/af15_nov1/105RECNX","RCNX2352.JPG","Red squirrel",5,"Species|Red squirrel"
"af15","Red squirrel",2025-11-01 22:01:41,2025-11-02,"22:01:41",49468,824.5,13.7,0.6,"E:/alexfraser_tagged/af15_nov1/105RECNX","RCNX2375.JPG","Red squirrel",1,"Species|Red squirrel"
"af15","Red squirrel",2025-11-02 01:28:25,2025-11-02,"01:28:25",16004,266.7,4.4,0.2,"E:/alexfraser_tagged/af15_nov1/105RECNX","RCNX2376.JPG","Red squirrel",2,"Species|Red squirrel"
"af15","Snowshoe hare",2025-08-06 21:10:19,2025-08-07,"21:10:19",0,0,0,0,"E:/alexfraser_tagged/af15_nov1/105RECNX","RCNX0003.JPG","Snowshoe hare",1,"Species|Snowshoe hare"
"af15","Snowshoe hare",2025-08-07 04:34:04,2025-08-07,"04:34:04",26625,443.8,7.4,0.3,"E:/alexfraser_tagged/af15_nov1/105RECNX","RCNX0004.JPG","Snowshoe hare",1,"Species|Snowshoe hare"
"af15","Snowshoe hare",2025-08-07 21:46:28,2025-08-08,"21:46:28",61944,1032.4,17.2,0.7,"E:/alexfraser_tagged/af15_nov1/105RECNX","RCNX0007.JPG","Snowshoe hare",3,"Species|Snowshoe hare"
"af15","Snowshoe hare",2025-08-08 02:29:57,2025-08-08,"02:29:57",16884,281.4,4.7,0.2,"E:/alexfraser_tagged/af15_nov1/105RECNX","RCNX0014.JPG","Snowshoe hare",3,"Species|Snowshoe hare"
"af15","Snowshoe hare",2025-08-08 04:29:31,2025-08-08,"04:29:31",7097,118.3,2,0.1,"E:/alexfraser_tagged/af15_nov1/105RECNX","RCNX0017.JPG","Snowshoe hare",2,"Species|Snowshoe hare"
"af15","Snowshoe hare",2025-08-08 23:49:27,2025-08-09,"23:49:27",69576,1159.6,19.3,0.8,"E:/alexfraser_tagged/af15_nov1/105RECNX","RCNX0020.JPG","Snowshoe hare",2,"Species|Snowshoe hare"
"af15","Snowshoe hare",2025-08-08 23:59:32,2025-08-09,"23:59:32",604,10.1,0.2,0,"E:/alexfraser_tagged/af15_nov1/105RECNX","RCNX0022.JPG","Snowshoe hare",3,"Species|Snowshoe hare"
"af15","Snowshoe hare",2025-08-09 00:37:45,2025-08-09,"00:37:45",2250,37.5,0.6,0,"E:/alexfraser_tagged/af15_nov1/105RECNX","RCNX0025.JPG","Snowshoe hare",9,"Species|Snowshoe hare"
"af15","Snowshoe hare",2025-08-09 02:27:42,2025-08-09,"02:27:42",6472,107.9,1.8,0.1,"E:/alexfraser_tagged/af15_nov1/105RECNX","RCNX0035.JPG","Snowshoe hare",4,"Species|Snowshoe hare"
"af15","Snowshoe hare",2025-08-10 00:42:59,2025-08-10,"00:42:59",80105,1335.1,22.3,0.9,"E:/alexfraser_tagged/af15_nov1/105RECNX","RCNX0043.JPG","Snowshoe hare",12,"Species|Snowshoe hare"
"af15","Snowshoe hare",2025-08-10 00:53:26,2025-08-10,"00:53:26",391,6.5,0.1,0,"E:/alexfraser_tagged/af15_nov1/105RECNX","RCNX0055.JPG","Snowshoe hare",36,"Species|Snowshoe hare"
"af15","Snowshoe hare",2025-08-10 01:20:37,2025-08-10,"01:20:37",1138,19,0.3,0,"E:/alexfraser_tagged/af15_nov1/105RECNX","RCNX0092.JPG","Snowshoe hare",9,"Species|Snowshoe hare"
"af15","Snowshoe hare",2025-08-10 02:13:40,2025-08-10,"02:13:40",2904,48.4,0.8,0,"E:/alexfraser_tagged/af15_nov1/105RECNX","RCNX0101.JPG","Snowshoe hare",1,"Species|Snowshoe hare"
"af15","Snowshoe hare",2025-08-10 03:58:47,2025-08-10,"03:58:47",6307,105.1,1.8,0.1,"E:/alexfraser_tagged/af15_nov1/105RECNX","RCNX0102.JPG","Snowshoe hare",4,"Species|Snowshoe hare"
"af15","Snowshoe hare",2025-08-11 01:50:38,2025-08-11,"01:50:38",78693,1311.6,21.9,0.9,"E:/alexfraser_tagged/af15_nov1/105RECNX","RCNX0109.JPG","Snowshoe hare",1,"Species|Snowshoe hare"
"af15","Snowshoe hare",2025-08-14 00:31:03,2025-08-14,"00:31:03",254425,4240.4,70.7,2.9,"E:/alexfraser_tagged/af15_nov1/105RECNX","RCNX0187.JPG","Snowshoe hare",6,"Species|Snowshoe hare"
"af15","Snowshoe hare",2025-08-14 01:43:52,2025-08-14,"01:43:52",4363,72.7,1.2,0,"E:/alexfraser_tagged/af15_nov1/105RECNX","RCNX0193.JPG","Snowshoe hare",7,"Species|Snowshoe hare"
"af15","Snowshoe hare",2025-08-14 04:34:01,2025-08-14,"04:34:01",10201,170,2.8,0.1,"E:/alexfraser_tagged/af15_nov1/105RECNX","RCNX0200.JPG","Snowshoe hare",2,"Species|Snowshoe hare"
"af15","Snowshoe hare",2025-08-14 05:01:19,2025-08-14,"05:01:19",1635,27.2,0.5,0,"E:/alexfraser_tagged/af15_nov1/105RECNX","RCNX0202.JPG","Snowshoe hare",3,"Species|Snowshoe hare"
"af15","Snowshoe hare",2025-08-14 22:42:26,2025-08-15,"22:42:26",63663,1061,17.7,0.7,"E:/alexfraser_tagged/af15_nov1/105RECNX","RCNX0208.JPG","Snowshoe hare",4,"Species|Snowshoe hare"
"af15","Snowshoe hare",2025-08-15 01:44:19,2025-08-15,"01:44:19",10904,181.7,3,0.1,"E:/alexfraser_tagged/af15_nov1/105RECNX","RCNX0212.JPG","Snowshoe hare",5,"Species|Snowshoe hare"
"af15","Snowshoe hare",2025-08-16 20:42:35,2025-08-17,"20:42:35",154626,2577.1,43,1.8,"E:/alexfraser_tagged/af15_nov1/105RECNX","RCNX0222.JPG","Snowshoe hare",1,"Species|Snowshoe hare"
"af15","Snowshoe hare",2025-08-17 01:32:21,2025-08-17,"01:32:21",17386,289.8,4.8,0.2,"E:/alexfraser_tagged/af15_nov1/105RECNX","RCNX0223.JPG","Snowshoe hare",2,"Species|Snowshoe hare"
"af15","Snowshoe hare",2025-08-17 01:39:59,2025-08-17,"01:39:59",420,7,0.1,0,"E:/alexfraser_tagged/af15_nov1/105RECNX","RCNX0225.JPG","Snowshoe hare",3,"Species|Snowshoe hare"
"af15","Snowshoe hare",2025-08-17 02:25:52,2025-08-17,"02:25:52",2745,45.8,0.8,0,"E:/alexfraser_tagged/af15_nov1/105RECNX","RCNX0228.JPG","Snowshoe hare",4,"Species|Snowshoe hare"
"af15","Snowshoe hare",2025-08-17 04:34:13,2025-08-17,"04:34:13",7695,128.2,2.1,0.1,"E:/alexfraser_tagged/af15_nov1/105RECNX","RCNX0232.JPG","Snowshoe hare",22,"Species|Snowshoe hare"
"af15","Snowshoe hare",2025-08-17 22:28:13,2025-08-18,"22:28:13",63534,1058.9,17.6,0.7,"E:/alexfraser_tagged/af15_nov1/105RECNX","RCNX0256.JPG","Snowshoe hare",1,"Species|Snowshoe hare"
"af15","Snowshoe hare",2025-08-17 23:15:59,2025-08-18,"23:15:59",2866,47.8,0.8,0,"E:/alexfraser_tagged/af15_nov1/105RECNX","RCNX0257.JPG","Snowshoe hare",5,"Species|Snowshoe hare"
"af15","Snowshoe hare",2025-08-18 00:30:46,2025-08-18,"00:30:46",4482,74.7,1.2,0,"E:/alexfraser_tagged/af15_nov1/105RECNX","RCNX0262.JPG","Snowshoe hare",1,"Species|Snowshoe hare"
"af15","Snowshoe hare",2025-08-18 20:48:57,2025-08-19,"20:48:57",73091,1218.2,20.3,0.8,"E:/alexfraser_tagged/af15_nov1/105RECNX","RCNX0270.JPG","Snowshoe hare",11,"Species|Snowshoe hare"
"af15","Snowshoe hare",2025-08-20 05:07:21,2025-08-20,"05:07:21",115942,1932.4,32.2,1.3,"E:/alexfraser_tagged/af15_nov1/105RECNX","RCNX0286.JPG","Snowshoe hare",4,"Species|Snowshoe hare"
"af15","Snowshoe hare",2025-08-20 05:53:03,2025-08-20,"05:53:03",2737,45.6,0.8,0,"E:/alexfraser_tagged/af15_nov1/105RECNX","RCNX0290.JPG","Snowshoe hare",2,"Species|Snowshoe hare"
"af15","Snowshoe hare",2025-08-22 05:08:54,2025-08-22,"05:08:54",170148,2835.8,47.3,2,"E:/alexfraser_tagged/af15_nov1/105RECNX","RCNX0296.JPG","Snowshoe hare",10,"Species|Snowshoe hare"
"af15","Snowshoe hare",2025-08-22 21:29:00,2025-08-23,"21:29:00",58695,978.2,16.3,0.7,"E:/alexfraser_tagged/af15_nov1/105RECNX","RCNX0310.JPG","Snowshoe hare",4,"Species|Snowshoe hare"
"af15","Snowshoe hare",2025-08-23 04:45:39,2025-08-23,"04:45:39",26191,436.5,7.3,0.3,"E:/alexfraser_tagged/af15_nov1/105RECNX","RCNX0314.JPG","Snowshoe hare",6,"Species|Snowshoe hare"
"af15","Snowshoe hare",2025-08-23 21:49:40,2025-08-24,"21:49:40",61345,1022.4,17,0.7,"E:/alexfraser_tagged/af15_nov1/105RECNX","RCNX0322.JPG","Snowshoe hare",3,"Species|Snowshoe hare"
"af15","Snowshoe hare",2025-08-24 03:49:12,2025-08-24,"03:49:12",21554,359.2,6,0.2,"E:/alexfraser_tagged/af15_nov1/105RECNX","RCNX0325.JPG","Snowshoe hare",11,"Species|Snowshoe hare"
"af15","Snowshoe hare",2025-08-24 04:07:53,2025-08-24,"04:07:53",1005,16.8,0.3,0,"E:/alexfraser_tagged/af15_nov1/105RECNX","RCNX0336.JPG","Snowshoe hare",14,"Species|Snowshoe hare"
"af15","Snowshoe hare",2025-08-24 04:48:35,2025-08-24,"04:48:35",1881,31.4,0.5,0,"E:/alexfraser_tagged/af15_nov1/105RECNX","RCNX0351.JPG","Snowshoe hare",1,"Species|Snowshoe hare"
"af15","Snowshoe hare",2025-08-24 05:15:46,2025-08-24,"05:15:46",1631,27.2,0.5,0,"E:/alexfraser_tagged/af15_nov1/105RECNX","RCNX0352.JPG","Snowshoe hare",3,"Species|Snowshoe hare"
"af15","Snowshoe hare",2025-08-24 05:49:55,2025-08-24,"05:49:55",1936,32.3,0.5,0,"E:/alexfraser_tagged/af15_nov1/105RECNX","RCNX0355.JPG","Snowshoe hare",7,"Species|Snowshoe hare"
"af15","Snowshoe hare",2025-08-25 03:58:42,2025-08-25,"03:58:42",79524,1325.4,22.1,0.9,"E:/alexfraser_tagged/af15_nov1/105RECNX","RCNX0378.JPG","Snowshoe hare",4,"Species|Snowshoe hare"
"af15","Snowshoe hare",2025-08-25 05:35:49,2025-08-25,"05:35:49",5823,97,1.6,0.1,"E:/alexfraser_tagged/af15_nov1/105RECNX","RCNX0383.JPG","Snowshoe hare",7,"Species|Snowshoe hare"
"af15","Snowshoe hare",2025-08-26 04:41:30,2025-08-26,"04:41:30",83121,1385.3,23.1,1,"E:/alexfraser_tagged/af15_nov1/105RECNX","RCNX0430.JPG","Snowshoe hare",5,"Species|Snowshoe hare"
"af15","Snowshoe hare",2025-08-26 22:11:04,2025-08-27,"22:11:04",62965,1049.4,17.5,0.7,"E:/alexfraser_tagged/af15_nov1/105RECNX","RCNX0439.JPG","Snowshoe hare",3,"Species|Snowshoe hare"
"af15","Snowshoe hare",2025-08-27 05:17:41,2025-08-27,"05:17:41",25590,426.5,7.1,0.3,"E:/alexfraser_tagged/af15_nov1/105RECNX","RCNX0442.JPG","Snowshoe hare",11,"Species|Snowshoe hare"
"af15","Snowshoe hare",2025-08-28 05:31:36,2025-08-28,"05:31:36",86802,1446.7,24.1,1,"E:/alexfraser_tagged/af15_nov1/105RECNX","RCNX0457.JPG","Snowshoe hare",3,"Species|Snowshoe hare"
"af15","Snowshoe hare",2025-08-29 04:27:14,2025-08-29,"04:27:14",82523,1375.4,22.9,1,"E:/alexfraser_tagged/af15_nov1/105RECNX","RCNX0465.JPG","Snowshoe hare",8,"Species|Snowshoe hare"
"af15","Snowshoe hare",2025-08-29 04:58:25,2025-08-29,"04:58:25",1745,29.1,0.5,0,"E:/alexfraser_tagged/af15_nov1/105RECNX","RCNX0475.JPG","Snowshoe hare",2,"Species|Snowshoe hare"
"af15","Snowshoe hare",2025-08-29 05:10:31,2025-08-29,"05:10:31",723,12.1,0.2,0,"E:/alexfraser_tagged/af15_nov1/105RECNX","RCNX0477.JPG","Snowshoe hare",7,"Species|Snowshoe hare"
"af15","Snowshoe hare",2025-08-29 05:15:44,2025-08-29,"05:15:44",307,5.1,0.1,0,"E:/alexfraser_tagged/af15_nov1/105RECNX","RCNX0485.JPG","Snowshoe hare",9,"Species|Snowshoe hare"
"af15","Snowshoe hare",2025-08-30 05:19:19,2025-08-30,"05:19:19",86565,1442.8,24,1,"E:/alexfraser_tagged/af15_nov1/105RECNX","RCNX0495.JPG","Snowshoe hare",3,"Species|Snowshoe hare"
"af15","Snowshoe hare",2025-08-30 06:04:45,2025-08-30,"06:04:45",2718,45.3,0.8,0,"E:/alexfraser_tagged/af15_nov1/105RECNX","RCNX0498.JPG","Snowshoe hare",8,"Species|Snowshoe hare"
"af15","Snowshoe hare",2025-08-31 03:32:54,2025-08-31,"03:32:54",77251,1287.5,21.5,0.9,"E:/alexfraser_tagged/af15_nov1/105RECNX","RCNX0507.JPG","Snowshoe hare",1,"Species|Snowshoe hare"
"af15","Snowshoe hare",2025-09-01 04:58:39,2025-09-01,"04:58:39",91545,1525.8,25.4,1.1,"E:/alexfraser_tagged/af15_nov1/105RECNX","RCNX0513.JPG","Snowshoe hare",5,"Species|Snowshoe hare"
"af15","Snowshoe hare",2025-09-01 21:28:56,2025-09-02,"21:28:56",59412,990.2,16.5,0.7,"E:/alexfraser_tagged/af15_nov1/105RECNX","RCNX0521.JPG","Snowshoe hare",2,"Species|Snowshoe hare"
"af15","Snowshoe hare",2025-09-01 23:34:49,2025-09-02,"23:34:49",7541,125.7,2.1,0.1,"E:/alexfraser_tagged/af15_nov1/105RECNX","RCNX0524.JPG","Snowshoe hare",2,"Species|Snowshoe hare"
"af15","Snowshoe hare",2025-09-02 21:26:19,2025-09-03,"21:26:19",78687,1311.4,21.9,0.9,"E:/alexfraser_tagged/af15_nov1/105RECNX","RCNX0535.JPG","Snowshoe hare",6,"Species|Snowshoe hare"
"af15","Snowshoe hare",2025-09-02 21:53:58,2025-09-03,"21:53:58",1649,27.5,0.5,0,"E:/alexfraser_tagged/af15_nov1/105RECNX","RCNX0541.JPG","Snowshoe hare",1,"Species|Snowshoe hare"
"af15","Snowshoe hare",2025-09-03 05:26:27,2025-09-03,"05:26:27",27149,452.5,7.5,0.3,"E:/alexfraser_tagged/af15_nov1/105RECNX","RCNX0542.JPG","Snowshoe hare",14,"Species|Snowshoe hare"
"af15","Snowshoe hare",2025-09-03 05:38:41,2025-09-03,"05:38:41",418,7,0.1,0,"E:/alexfraser_tagged/af15_nov1/105RECNX","RCNX0556.JPG","Snowshoe hare",8,"Species|Snowshoe hare"
"af15","Snowshoe hare",2025-09-03 20:28:18,2025-09-04,"20:28:18",52979,883,14.7,0.6,"E:/alexfraser_tagged/af15_nov1/105RECNX","RCNX0567.JPG","Snowshoe hare",6,"Species|Snowshoe hare"
"af15","Snowshoe hare",2025-09-03 20:55:13,2025-09-04,"20:55:13",1592,26.5,0.4,0,"E:/alexfraser_tagged/af15_nov1/105RECNX","RCNX0573.JPG","Snowshoe hare",6,"Species|Snowshoe hare"
"af15","Snowshoe hare",2025-09-04 05:14:01,2025-09-04,"05:14:01",29909,498.5,8.3,0.3,"E:/alexfraser_tagged/af15_nov1/105RECNX","RCNX0580.JPG","Snowshoe hare",3,"Species|Snowshoe hare"
"af15","Snowshoe hare",2025-09-05 02:41:04,2025-09-05,"02:41:04",77212,1286.9,21.4,0.9,"E:/alexfraser_tagged/af15_nov1/105RECNX","RCNX0585.JPG","Snowshoe hare",5,"Species|Snowshoe hare"
"af15","Snowshoe hare",2025-09-05 04:20:27,2025-09-05,"04:20:27",5959,99.3,1.7,0.1,"E:/alexfraser_tagged/af15_nov1/105RECNX","RCNX0590.JPG","Snowshoe hare",2,"Species|Snowshoe hare"
"af15","Snowshoe hare",2025-09-05 05:11:10,2025-09-05,"05:11:10",3042,50.7,0.8,0,"E:/alexfraser_tagged/af15_nov1/105RECNX","RCNX0592.JPG","Snowshoe hare",6,"Species|Snowshoe hare"
"af15","Snowshoe hare",2025-09-05 05:46:23,2025-09-05,"05:46:23",2096,34.9,0.6,0,"E:/alexfraser_tagged/af15_nov1/105RECNX","RCNX0598.JPG","Snowshoe hare",5,"Species|Snowshoe hare"
"af15","Snowshoe hare",2025-09-06 00:25:27,2025-09-06,"00:25:27",67107,1118.4,18.6,0.8,"E:/alexfraser_tagged/af15_nov1/105RECNX","RCNX0604.JPG","Snowshoe hare",5,"Species|Snowshoe hare"
"af15","Snowshoe hare",2025-09-06 03:37:30,2025-09-06,"03:37:30",11511,191.8,3.2,0.1,"E:/alexfraser_tagged/af15_nov1/105RECNX","RCNX0610.JPG","Snowshoe hare",2,"Species|Snowshoe hare"
"af15","Snowshoe hare",2025-09-06 04:21:07,2025-09-06,"04:21:07",2400,40,0.7,0,"E:/alexfraser_tagged/af15_nov1/105RECNX","RCNX0612.JPG","Snowshoe hare",1,"Species|Snowshoe hare"
"af15","Snowshoe hare",2025-09-06 05:09:23,2025-09-06,"05:09:23",2896,48.3,0.8,0,"E:/alexfraser_tagged/af15_nov1/105RECNX","RCNX0613.JPG","Snowshoe hare",4,"Species|Snowshoe hare"
"af15","Snowshoe hare",2025-09-06 06:00:56,2025-09-06,"06:00:56",3085,51.4,0.9,0,"E:/alexfraser_tagged/af15_nov1/105RECNX","RCNX0621.JPG","Snowshoe hare",35,"Species|Snowshoe hare"
"af15","Snowshoe hare",2025-09-07 03:42:04,2025-09-07,"03:42:04",77572,1292.9,21.5,0.9,"E:/alexfraser_tagged/af15_nov1/105RECNX","RCNX0660.JPG","Snowshoe hare",4,"Species|Snowshoe hare"
"af15","Snowshoe hare",2025-09-07 05:14:55,2025-09-07,"05:14:55",5556,92.6,1.5,0.1,"E:/alexfraser_tagged/af15_nov1/105RECNX","RCNX0664.JPG","Snowshoe hare",3,"Species|Snowshoe hare"
"af15","Snowshoe hare",2025-09-07 20:54:05,2025-09-08,"20:54:05",56344,939.1,15.7,0.7,"E:/alexfraser_tagged/af15_nov1/105RECNX","RCNX0673.JPG","Snowshoe hare",4,"Species|Snowshoe hare"
"af15","Snowshoe hare",2025-09-07 22:00:42,2025-09-08,"22:00:42",3993,66.6,1.1,0,"E:/alexfraser_tagged/af15_nov1/105RECNX","RCNX0677.JPG","Snowshoe hare",8,"Species|Snowshoe hare"
"af15","Snowshoe hare",2025-09-08 01:21:14,2025-09-08,"01:21:14",11846,197.4,3.3,0.1,"E:/alexfraser_tagged/af15_nov1/105RECNX","RCNX0685.JPG","Snowshoe hare",3,"Species|Snowshoe hare"
"af15","Snowshoe hare",2025-09-08 01:36:53,2025-09-08,"01:36:53",921,15.3,0.3,0,"E:/alexfraser_tagged/af15_nov1/105RECNX","RCNX0688.JPG","Snowshoe hare",1,"Species|Snowshoe hare"
"af15","Snowshoe hare",2025-09-08 01:48:54,2025-09-08,"01:48:54",721,12,0.2,0,"E:/alexfraser_tagged/af15_nov1/105RECNX","RCNX0689.JPG","Snowshoe hare",3,"Species|Snowshoe hare"
"af15","Snowshoe hare",2025-09-08 03:26:06,2025-09-08,"03:26:06",5827,97.1,1.6,0.1,"E:/alexfraser_tagged/af15_nov1/105RECNX","RCNX0692.JPG","Snowshoe hare",1,"Species|Snowshoe hare"
"af15","Snowshoe hare",2025-09-08 03:32:07,2025-09-08,"03:32:07",361,6,0.1,0,"E:/alexfraser_tagged/af15_nov1/105RECNX","RCNX0694.JPG","Snowshoe hare",8,"Species|Snowshoe hare"
"af15","Snowshoe hare",2025-09-08 03:39:58,2025-09-08,"03:39:58",464,7.7,0.1,0,"E:/alexfraser_tagged/af15_nov1/105RECNX","RCNX0702.JPG","Snowshoe hare",6,"Species|Snowshoe hare"
"af15","Snowshoe hare",2025-09-08 04:50:17,2025-09-08,"04:50:17",4139,69,1.1,0,"E:/alexfraser_tagged/af15_nov1/105RECNX","RCNX0708.JPG","Snowshoe hare",10,"Species|Snowshoe hare"
"af15","Snowshoe hare",2025-09-08 05:44:37,2025-09-08,"05:44:37",2899,48.3,0.8,0,"E:/alexfraser_tagged/af15_nov1/105RECNX","RCNX0720.JPG","Snowshoe hare",4,"Species|Snowshoe hare"
"af15","Snowshoe hare",2025-09-08 22:38:02,2025-09-09,"22:38:02",60798,1013.3,16.9,0.7,"E:/alexfraser_tagged/af15_nov1/105RECNX","RCNX0724.JPG","Snowshoe hare",2,"Species|Snowshoe hare"
"af15","Snowshoe hare",2025-09-08 22:51:24,2025-09-09,"22:51:24",801,13.3,0.2,0,"E:/alexfraser_tagged/af15_nov1/105RECNX","RCNX0726.JPG","Snowshoe hare",1,"Species|Snowshoe hare"
"af15","Snowshoe hare",2025-09-08 23:06:44,2025-09-09,"23:06:44",920,15.3,0.3,0,"E:/alexfraser_tagged/af15_nov1/105RECNX","RCNX0727.JPG","Snowshoe hare",2,"Species|Snowshoe hare"
"af15","Snowshoe hare",2025-09-08 23:26:25,2025-09-09,"23:26:25",1177,19.6,0.3,0,"E:/alexfraser_tagged/af15_nov1/105RECNX","RCNX0729.JPG","Snowshoe hare",13,"Species|Snowshoe hare"
"af15","Snowshoe hare",2025-09-08 23:39:54,2025-09-09,"23:39:54",698,11.6,0.2,0,"E:/alexfraser_tagged/af15_nov1/105RECNX","RCNX0744.JPG","Snowshoe hare",4,"Species|Snowshoe hare"
"af15","Snowshoe hare",2025-09-08 23:46:41,2025-09-09,"23:46:41",371,6.2,0.1,0,"E:/alexfraser_tagged/af15_nov1/105RECNX","RCNX0748.JPG","Snowshoe hare",3,"Species|Snowshoe hare"
"af15","Snowshoe hare",2025-09-08 23:53:09,2025-09-09,"23:53:09",379,6.3,0.1,0,"E:/alexfraser_tagged/af15_nov1/105RECNX","RCNX0753.JPG","Snowshoe hare",9,"Species|Snowshoe hare"
"af15","Snowshoe hare",2025-09-09 02:37:23,2025-09-09,"02:37:23",9591,159.8,2.7,0.1,"E:/alexfraser_tagged/af15_nov1/105RECNX","RCNX0762.JPG","Snowshoe hare",6,"Species|Snowshoe hare"
"af15","Snowshoe hare",2025-09-09 03:00:17,2025-09-09,"03:00:17",1355,22.6,0.4,0,"E:/alexfraser_tagged/af15_nov1/105RECNX","RCNX0768.JPG","Snowshoe hare",1,"Species|Snowshoe hare"
"af15","Snowshoe hare",2025-09-09 03:52:12,2025-09-09,"03:52:12",3115,51.9,0.9,0,"E:/alexfraser_tagged/af15_nov1/105RECNX","RCNX0769.JPG","Snowshoe hare",1,"Species|Snowshoe hare"
"af15","Snowshoe hare",2025-09-09 04:06:28,2025-09-09,"04:06:28",856,14.3,0.2,0,"E:/alexfraser_tagged/af15_nov1/105RECNX","RCNX0770.JPG","Snowshoe hare",1,"Species|Snowshoe hare"
"af15","Snowshoe hare",2025-09-09 04:23:54,2025-09-09,"04:23:54",1046,17.4,0.3,0,"E:/alexfraser_tagged/af15_nov1/105RECNX","RCNX0771.JPG","Snowshoe hare",1,"Species|Snowshoe hare"
"af15","Snowshoe hare",2025-09-09 04:54:38,2025-09-09,"04:54:38",1844,30.7,0.5,0,"E:/alexfraser_tagged/af15_nov1/105RECNX","RCNX0772.JPG","Snowshoe hare",2,"Species|Snowshoe hare"
"af15","Snowshoe hare",2025-09-09 05:21:14,2025-09-09,"05:21:14",1594,26.6,0.4,0,"E:/alexfraser_tagged/af15_nov1/105RECNX","RCNX0774.JPG","Snowshoe hare",18,"Species|Snowshoe hare"
"af15","Snowshoe hare",2025-09-09 20:17:54,2025-09-10,"20:17:54",53482,891.4,14.9,0.6,"E:/alexfraser_tagged/af15_nov1/105RECNX","RCNX0795.JPG","Snowshoe hare",1,"Species|Snowshoe hare"
"af15","Snowshoe hare",2025-09-10 03:11:49,2025-09-10,"03:11:49",24835,413.9,6.9,0.3,"E:/alexfraser_tagged/af15_nov1/105RECNX","RCNX0796.JPG","Snowshoe hare",15,"Species|Snowshoe hare"
"af15","Snowshoe hare",2025-09-11 05:49:02,2025-09-11,"05:49:02",95388,1589.8,26.5,1.1,"E:/alexfraser_tagged/af15_nov1/105RECNX","RCNX0813.JPG","Snowshoe hare",9,"Species|Snowshoe hare"
"af15","Snowshoe hare",2025-09-11 05:57:22,2025-09-11,"05:57:22",306,5.1,0.1,0,"E:/alexfraser_tagged/af15_nov1/105RECNX","RCNX0824.JPG","Snowshoe hare",4,"Species|Snowshoe hare"
"af15","Snowshoe hare",2025-09-11 06:03:42,2025-09-11,"06:03:42",375,6.2,0.1,0,"E:/alexfraser_tagged/af15_nov1/105RECNX","RCNX0828.JPG","Snowshoe hare",4,"Species|Snowshoe hare"
"af15","Snowshoe hare",2025-09-11 19:48:50,2025-09-12,"19:48:50",49505,825.1,13.8,0.6,"E:/alexfraser_tagged/af15_nov1/105RECNX","RCNX0834.JPG","Snowshoe hare",1,"Species|Snowshoe hare"
"af15","Snowshoe hare",2025-09-12 02:20:28,2025-09-12,"02:20:28",23498,391.6,6.5,0.3,"E:/alexfraser_tagged/af15_nov1/105RECNX","RCNX0835.JPG","Snowshoe hare",4,"Species|Snowshoe hare"
"af15","Snowshoe hare",2025-09-12 20:22:12,2025-09-13,"20:22:12",64900,1081.7,18,0.8,"E:/alexfraser_tagged/af15_nov1/105RECNX","RCNX0839.JPG","Snowshoe hare",7,"Species|Snowshoe hare"
"af15","Snowshoe hare",2025-09-13 00:05:52,2025-09-13,"00:05:52",13381,223,3.7,0.2,"E:/alexfraser_tagged/af15_nov1/105RECNX","RCNX0846.JPG","Snowshoe hare",5,"Species|Snowshoe hare"
"af15","Snowshoe hare",2025-09-13 04:18:57,2025-09-13,"04:18:57",15177,252.9,4.2,0.2,"E:/alexfraser_tagged/af15_nov1/105RECNX","RCNX0851.JPG","Snowshoe hare",5,"Species|Snowshoe hare"
"af15","Snowshoe hare",2025-09-13 05:09:50,2025-09-13,"05:09:50",2822,47,0.8,0,"E:/alexfraser_tagged/af15_nov1/105RECNX","RCNX0856.JPG","Snowshoe hare",9,"Species|Snowshoe hare"
"af15","Snowshoe hare",2025-09-14 02:27:35,2025-09-14,"02:27:35",76647,1277.4,21.3,0.9,"E:/alexfraser_tagged/af15_nov1/105RECNX","RCNX0870.JPG","Snowshoe hare",2,"Species|Snowshoe hare"
"af15","Snowshoe hare",2025-09-14 02:39:21,2025-09-14,"02:39:21",705,11.8,0.2,0,"E:/alexfraser_tagged/af15_nov1/105RECNX","RCNX0872.JPG","Snowshoe hare",16,"Species|Snowshoe hare"
"af15","Snowshoe hare",2025-09-15 00:58:15,2025-09-15,"00:58:15",80042,1334,22.2,0.9,"E:/alexfraser_tagged/af15_nov1/105RECNX","RCNX0891.JPG","Snowshoe hare",3,"Species|Snowshoe hare"
"af15","Snowshoe hare",2025-09-15 01:21:19,2025-09-15,"01:21:19",1381,23,0.4,0,"E:/alexfraser_tagged/af15_nov1/105RECNX","RCNX0894.JPG","Snowshoe hare",24,"Species|Snowshoe hare"
"af15","Snowshoe hare",2025-09-15 02:22:41,2025-09-15,"02:22:41",3164,52.7,0.9,0,"E:/alexfraser_tagged/af15_nov1/105RECNX","RCNX0918.JPG","Snowshoe hare",8,"Species|Snowshoe hare"
"af15","Snowshoe hare",2025-09-15 03:32:54,2025-09-15,"03:32:54",3994,66.6,1.1,0,"E:/alexfraser_tagged/af15_nov1/105RECNX","RCNX0928.JPG","Snowshoe hare",7,"Species|Snowshoe hare"
"af15","Snowshoe hare",2025-09-15 05:39:29,2025-09-15,"05:39:29",7536,125.6,2.1,0.1,"E:/alexfraser_tagged/af15_nov1/105RECNX","RCNX0936.JPG","Snowshoe hare",1,"Species|Snowshoe hare"
"af15","Snowshoe hare",2025-09-15 19:59:21,2025-09-16,"19:59:21",51592,859.9,14.3,0.6,"E:/alexfraser_tagged/af15_nov1/105RECNX","RCNX0940.JPG","Snowshoe hare",6,"Species|Snowshoe hare"
"af15","Snowshoe hare",2025-09-15 20:06:32,2025-09-16,"20:06:32",366,6.1,0.1,0,"E:/alexfraser_tagged/af15_nov1/105RECNX","RCNX0947.JPG","Snowshoe hare",2,"Species|Snowshoe hare"
"af15","Snowshoe hare",2025-09-16 00:21:40,2025-09-16,"00:21:40",15298,255,4.2,0.2,"E:/alexfraser_tagged/af15_nov1/105RECNX","RCNX0949.JPG","Snowshoe hare",4,"Species|Snowshoe hare"
"af15","Snowshoe hare",2025-09-16 03:17:43,2025-09-16,"03:17:43",10459,174.3,2.9,0.1,"E:/alexfraser_tagged/af15_nov1/105RECNX","RCNX0953.JPG","Snowshoe hare",5,"Species|Snowshoe hare"
"af15","Snowshoe hare",2025-09-16 22:45:17,2025-09-17,"22:45:17",70036,1167.3,19.5,0.8,"E:/alexfraser_tagged/af15_nov1/105RECNX","RCNX0960.JPG","Snowshoe hare",3,"Species|Snowshoe hare"
"af15","Snowshoe hare",2025-09-18 02:11:18,2025-09-18,"02:11:18",98759,1646,27.4,1.1,"E:/alexfraser_tagged/af15_nov1/105RECNX","RCNX0963.JPG","Snowshoe hare",1,"Species|Snowshoe hare"
"af15","Snowshoe hare",2025-09-18 04:43:42,2025-09-18,"04:43:42",9144,152.4,2.5,0.1,"E:/alexfraser_tagged/af15_nov1/105RECNX","RCNX0964.JPG","Snowshoe hare",6,"Species|Snowshoe hare"
"af15","Snowshoe hare",2025-09-18 04:52:26,2025-09-18,"04:52:26",462,7.7,0.1,0,"E:/alexfraser_tagged/af15_nov1/105RECNX","RCNX0970.JPG","Snowshoe hare",7,"Species|Snowshoe hare"
"af15","Snowshoe hare",2025-09-18 05:16:46,2025-09-18,"05:16:46",1448,24.1,0.4,0,"E:/alexfraser_tagged/af15_nov1/105RECNX","RCNX0977.JPG","Snowshoe hare",5,"Species|Snowshoe hare"
"af15","Snowshoe hare",2025-09-18 06:03:17,2025-09-18,"06:03:17",2781,46.4,0.8,0,"E:/alexfraser_tagged/af15_nov1/105RECNX","RCNX0984.JPG","Snowshoe hare",7,"Species|Snowshoe hare"
"af15","Snowshoe hare",2025-09-18 06:09:57,2025-09-18,"06:09:57",357,6,0.1,0,"E:/alexfraser_tagged/af15_nov1/105RECNX","RCNX0993.JPG","Snowshoe hare",24,"Species|Snowshoe hare"
"af15","Snowshoe hare",2025-09-18 23:52:18,2025-09-19,"23:52:18",63362,1056,17.6,0.7,"E:/alexfraser_tagged/af15_nov1/105RECNX","RCNX1022.JPG","Snowshoe hare",3,"Species|Snowshoe hare"
"af15","Snowshoe hare",2025-09-19 02:36:33,2025-09-19,"02:36:33",9843,164.1,2.7,0.1,"E:/alexfraser_tagged/af15_nov1/105RECNX","RCNX1026.JPG","Snowshoe hare",2,"Species|Snowshoe hare"
"af15","Snowshoe hare",2025-09-19 03:15:39,2025-09-19,"03:15:39",2300,38.3,0.6,0,"E:/alexfraser_tagged/af15_nov1/105RECNX","RCNX1028.JPG","Snowshoe hare",1,"Species|Snowshoe hare"
"af15","Snowshoe hare",2025-09-19 20:06:38,2025-09-20,"20:06:38",60659,1011,16.9,0.7,"E:/alexfraser_tagged/af15_nov1/105RECNX","RCNX1036.JPG","Snowshoe hare",4,"Species|Snowshoe hare"
"af15","Snowshoe hare",2025-09-20 22:22:30,2025-09-21,"22:22:30",94545,1575.8,26.3,1.1,"E:/alexfraser_tagged/af15_nov1/105RECNX","RCNX1043.JPG","Snowshoe hare",2,"Species|Snowshoe hare"
"af15","Snowshoe hare",2025-09-20 22:29:08,2025-09-21,"22:29:08",397,6.6,0.1,0,"E:/alexfraser_tagged/af15_nov1/105RECNX","RCNX1045.JPG","Snowshoe hare",3,"Species|Snowshoe hare"
"af15","Snowshoe hare",2025-09-21 00:07:09,2025-09-21,"00:07:09",5871,97.8,1.6,0.1,"E:/alexfraser_tagged/af15_nov1/105RECNX","RCNX1048.JPG","Snowshoe hare",6,"Species|Snowshoe hare"
"af15","Snowshoe hare",2025-09-21 19:51:37,2025-09-22,"19:51:37",71053,1184.2,19.7,0.8,"E:/alexfraser_tagged/af15_nov1/105RECNX","RCNX1067.JPG","Snowshoe hare",7,"Species|Snowshoe hare"
"af15","Snowshoe hare",2025-09-21 20:20:22,2025-09-22,"20:20:22",1176,19.6,0.3,0,"E:/alexfraser_tagged/af15_nov1/105RECNX","RCNX1074.JPG","Snowshoe hare",1,"Species|Snowshoe hare"
"af15","Snowshoe hare",2025-09-22 03:43:45,2025-09-22,"03:43:45",26603,443.4,7.4,0.3,"E:/alexfraser_tagged/af15_nov1/105RECNX","RCNX1075.JPG","Snowshoe hare",5,"Species|Snowshoe hare"
"af15","Snowshoe hare",2025-09-22 06:09:06,2025-09-22,"06:09:06",8706,145.1,2.4,0.1,"E:/alexfraser_tagged/af15_nov1/105RECNX","RCNX1081.JPG","Snowshoe hare",13,"Species|Snowshoe hare"
"af15","Snowshoe hare",2025-09-22 23:11:51,2025-09-23,"23:11:51",60983,1016.4,16.9,0.7,"E:/alexfraser_tagged/af15_nov1/105RECNX","RCNX1111.JPG","Snowshoe hare",3,"Species|Snowshoe hare"
"af15","Snowshoe hare",2025-09-23 01:10:42,2025-09-23,"01:10:42",7127,118.8,2,0.1,"E:/alexfraser_tagged/af15_nov1/105RECNX","RCNX1115.JPG","Snowshoe hare",13,"Species|Snowshoe hare"
"af15","Snowshoe hare",2025-09-24 00:19:01,2025-09-24,"00:19:01",83261,1387.7,23.1,1,"E:/alexfraser_tagged/af15_nov1/105RECNX","RCNX1142.JPG","Snowshoe hare",5,"Species|Snowshoe hare"
"af15","Snowshoe hare",2025-09-24 06:22:26,2025-09-24,"06:22:26",21798,363.3,6.1,0.3,"E:/alexfraser_tagged/af15_nov1/105RECNX","RCNX1148.JPG","Snowshoe hare",4,"Species|Snowshoe hare"
"af15","Snowshoe hare",2025-09-24 06:33:58,2025-09-24,"06:33:58",674,11.2,0.2,0,"E:/alexfraser_tagged/af15_nov1/105RECNX","RCNX1152.JPG","Snowshoe hare",1,"Species|Snowshoe hare"
"af15","Snowshoe hare",2025-09-24 09:35:21,2025-09-24,"09:35:21",10883,181.4,3,0.1,"E:/alexfraser_tagged/af15_nov1/105RECNX","RCNX1153.JPG","Snowshoe hare",1,"Species|Snowshoe hare"
"af15","Snowshoe hare",2025-09-24 14:03:34,2025-09-24,"14:03:34",16093,268.2,4.5,0.2,"E:/alexfraser_tagged/af15_nov1/105RECNX","RCNX1154.JPG","Snowshoe hare",3,"Species|Snowshoe hare"
"af15","Snowshoe hare",2025-09-24 18:49:35,2025-09-25,"18:49:35",17133,285.6,4.8,0.2,"E:/alexfraser_tagged/af15_nov1/105RECNX","RCNX1157.JPG","Snowshoe hare",1,"Species|Snowshoe hare"
"af15","Snowshoe hare",2025-09-24 19:20:33,2025-09-25,"19:20:33",1858,31,0.5,0,"E:/alexfraser_tagged/af15_nov1/105RECNX","RCNX1158.JPG","Snowshoe hare",1,"Species|Snowshoe hare"
"af15","Snowshoe hare",2025-09-24 19:56:37,2025-09-25,"19:56:37",2164,36.1,0.6,0,"E:/alexfraser_tagged/af15_nov1/105RECNX","RCNX1159.JPG","Snowshoe hare",2,"Species|Snowshoe hare"
"af15","Snowshoe hare",2025-09-24 21:00:23,2025-09-25,"21:00:23",3812,63.5,1.1,0,"E:/alexfraser_tagged/af15_nov1/105RECNX","RCNX1162.JPG","Snowshoe hare",2,"Species|Snowshoe hare"
"af15","Snowshoe hare",2025-09-24 22:56:53,2025-09-25,"22:56:53",6989,116.5,1.9,0.1,"E:/alexfraser_tagged/af15_nov1/105RECNX","RCNX1164.JPG","Snowshoe hare",5,"Species|Snowshoe hare"
"af15","Snowshoe hare",2025-09-25 00:03:54,2025-09-25,"00:03:54",4011,66.8,1.1,0,"E:/alexfraser_tagged/af15_nov1/105RECNX","RCNX1169.JPG","Snowshoe hare",1,"Species|Snowshoe hare"
"af15","Snowshoe hare",2025-09-25 01:14:18,2025-09-25,"01:14:18",4224,70.4,1.2,0,"E:/alexfraser_tagged/af15_nov1/105RECNX","RCNX1170.JPG","Snowshoe hare",1,"Species|Snowshoe hare"
"af15","Snowshoe hare",2025-09-25 05:21:18,2025-09-25,"05:21:18",14820,247,4.1,0.2,"E:/alexfraser_tagged/af15_nov1/105RECNX","RCNX1171.JPG","Snowshoe hare",4,"Species|Snowshoe hare"
"af15","Snowshoe hare",2025-09-25 06:06:51,2025-09-25,"06:06:51",2726,45.4,0.8,0,"E:/alexfraser_tagged/af15_nov1/105RECNX","RCNX1175.JPG","Snowshoe hare",1,"Species|Snowshoe hare"
"af15","Snowshoe hare",2025-09-25 06:28:08,2025-09-25,"06:28:08",1277,21.3,0.4,0,"E:/alexfraser_tagged/af15_nov1/105RECNX","RCNX1176.JPG","Snowshoe hare",3,"Species|Snowshoe hare"
"af15","Snowshoe hare",2025-09-26 01:43:55,2025-09-26,"01:43:55",69343,1155.7,19.3,0.8,"E:/alexfraser_tagged/af15_nov1/105RECNX","RCNX1183.JPG","Snowshoe hare",4,"Species|Snowshoe hare"
"af15","Snowshoe hare",2025-09-26 01:50:29,2025-09-26,"01:50:29",346,5.8,0.1,0,"E:/alexfraser_tagged/af15_nov1/105RECNX","RCNX1187.JPG","Snowshoe hare",4,"Species|Snowshoe hare"
"af15","Snowshoe hare",2025-09-26 05:17:39,2025-09-26,"05:17:39",12420,207,3.5,0.1,"E:/alexfraser_tagged/af15_nov1/105RECNX","RCNX1191.JPG","Snowshoe hare",2,"Species|Snowshoe hare"
"af15","Snowshoe hare",2025-09-26 05:26:01,2025-09-26,"05:26:01",497,8.3,0.1,0,"E:/alexfraser_tagged/af15_nov1/105RECNX","RCNX1193.JPG","Snowshoe hare",9,"Species|Snowshoe hare"
"af15","Snowshoe hare",2025-09-26 05:38:59,2025-09-26,"05:38:59",709,11.8,0.2,0,"E:/alexfraser_tagged/af15_nov1/105RECNX","RCNX1204.JPG","Snowshoe hare",1,"Species|Snowshoe hare"
"af15","Snowshoe hare",2025-09-26 05:44:41,2025-09-26,"05:44:41",342,5.7,0.1,0,"E:/alexfraser_tagged/af15_nov1/105RECNX","RCNX1205.JPG","Snowshoe hare",3,"Species|Snowshoe hare"
"af15","Snowshoe hare",2025-09-26 06:22:04,2025-09-26,"06:22:04",2228,37.1,0.6,0,"E:/alexfraser_tagged/af15_nov1/105RECNX","RCNX1208.JPG","Snowshoe hare",1,"Species|Snowshoe hare"
"af15","Snowshoe hare",2025-09-26 22:25:58,2025-09-27,"22:25:58",57834,963.9,16.1,0.7,"E:/alexfraser_tagged/af15_nov1/105RECNX","RCNX1263.JPG","Snowshoe hare",1,"Species|Snowshoe hare"
"af15","Snowshoe hare",2025-09-27 19:06:34,2025-09-28,"19:06:34",74436,1240.6,20.7,0.9,"E:/alexfraser_tagged/af15_nov1/105RECNX","RCNX1267.JPG","Snowshoe hare",6,"Species|Snowshoe hare"
"af15","Snowshoe hare",2025-09-28 01:07:24,2025-09-28,"01:07:24",21609,360.1,6,0.2,"E:/alexfraser_tagged/af15_nov1/105RECNX","RCNX1273.JPG","Snowshoe hare",6,"Species|Snowshoe hare"
"af15","Snowshoe hare",2025-09-28 02:33:26,2025-09-28,"02:33:26",5121,85.3,1.4,0.1,"E:/alexfraser_tagged/af15_nov1/105RECNX","RCNX1280.JPG","Snowshoe hare",6,"Species|Snowshoe hare"
"af15","Snowshoe hare",2025-09-28 03:03:05,2025-09-28,"03:03:05",1482,24.7,0.4,0,"E:/alexfraser_tagged/af15_nov1/105RECNX","RCNX1286.JPG","Snowshoe hare",1,"Species|Snowshoe hare"
"af15","Snowshoe hare",2025-09-28 05:57:10,2025-09-28,"05:57:10",10445,174.1,2.9,0.1,"E:/alexfraser_tagged/af15_nov1/105RECNX","RCNX1287.JPG","Snowshoe hare",3,"Species|Snowshoe hare"
"af15","Snowshoe hare",2025-09-28 06:29:21,2025-09-28,"06:29:21",1768,29.5,0.5,0,"E:/alexfraser_tagged/af15_nov1/105RECNX","RCNX1290.JPG","Snowshoe hare",1,"Species|Snowshoe hare"
"af15","Snowshoe hare",2025-09-29 02:32:27,2025-09-29,"02:32:27",72186,1203.1,20.1,0.8,"E:/alexfraser_tagged/af15_nov1/105RECNX","RCNX1296.JPG","Snowshoe hare",7,"Species|Snowshoe hare"
"af15","Snowshoe hare",2025-09-29 04:00:12,2025-09-29,"04:00:12",4845,80.8,1.3,0.1,"E:/alexfraser_tagged/af15_nov1/105RECNX","RCNX1303.JPG","Snowshoe hare",3,"Species|Snowshoe hare"
"af15","Snowshoe hare",2025-09-29 04:36:54,2025-09-29,"04:36:54",2194,36.6,0.6,0,"E:/alexfraser_tagged/af15_nov1/105RECNX","RCNX1307.JPG","Snowshoe hare",3,"Species|Snowshoe hare"
"af15","Snowshoe hare",2025-09-29 04:48:10,2025-09-29,"04:48:10",665,11.1,0.2,0,"E:/alexfraser_tagged/af15_nov1/105RECNX","RCNX1311.JPG","Snowshoe hare",12,"Species|Snowshoe hare"
"af15","Snowshoe hare",2025-09-29 22:49:54,2025-09-30,"22:49:54",64750,1079.2,18,0.8,"E:/alexfraser_tagged/af15_nov1/105RECNX","RCNX1345.JPG","Snowshoe hare",8,"Species|Snowshoe hare"
"af15","Snowshoe hare",2025-09-30 00:16:07,2025-09-30,"00:16:07",4730,78.8,1.3,0.1,"E:/alexfraser_tagged/af15_nov1/105RECNX","RCNX1353.JPG","Snowshoe hare",20,"Species|Snowshoe hare"
"af15","Snowshoe hare",2025-09-30 00:36:20,2025-09-30,"00:36:20",836,13.9,0.2,0,"E:/alexfraser_tagged/af15_nov1/105RECNX","RCNX1373.JPG","Snowshoe hare",9,"Species|Snowshoe hare"
"af15","Snowshoe hare",2025-09-30 00:52:55,2025-09-30,"00:52:55",972,16.2,0.3,0,"E:/alexfraser_tagged/af15_nov1/105RECNX","RCNX1384.JPG","Snowshoe hare",1,"Species|Snowshoe hare"
"af15","Snowshoe hare",2025-09-30 01:30:50,2025-09-30,"01:30:50",2275,37.9,0.6,0,"E:/alexfraser_tagged/af15_nov1/105RECNX","RCNX1385.JPG","Snowshoe hare",3,"Species|Snowshoe hare"
"af15","Snowshoe hare",2025-09-30 03:27:47,2025-09-30,"03:27:47",7010,116.8,1.9,0.1,"E:/alexfraser_tagged/af15_nov1/105RECNX","RCNX1389.JPG","Snowshoe hare",2,"Species|Snowshoe hare"
"af15","Snowshoe hare",2025-09-30 03:42:46,2025-09-30,"03:42:46",898,15,0.2,0,"E:/alexfraser_tagged/af15_nov1/105RECNX","RCNX1391.JPG","Snowshoe hare",1,"Species|Snowshoe hare"
"af15","Snowshoe hare",2025-09-30 04:28:35,2025-09-30,"04:28:35",2749,45.8,0.8,0,"E:/alexfraser_tagged/af15_nov1/105RECNX","RCNX1392.JPG","Snowshoe hare",2,"Species|Snowshoe hare"
"af15","Snowshoe hare",2025-09-30 06:08:22,2025-09-30,"06:08:22",5946,99.1,1.7,0.1,"E:/alexfraser_tagged/af15_nov1/105RECNX","RCNX1394.JPG","Snowshoe hare",10,"Species|Snowshoe hare"
"af15","Snowshoe hare",2025-09-30 20:33:38,2025-10-01,"20:33:38",51881,864.7,14.4,0.6,"E:/alexfraser_tagged/af15_nov1/105RECNX","RCNX1429.JPG","Snowshoe hare",6,"Species|Snowshoe hare"
"af15","Snowshoe hare",2025-10-01 06:11:31,2025-10-01,"06:11:31",34635,577.2,9.6,0.4,"E:/alexfraser_tagged/af15_nov1/105RECNX","RCNX1435.JPG","Snowshoe hare",12,"Species|Snowshoe hare"
"af15","Snowshoe hare",2025-10-01 06:36:59,2025-10-01,"06:36:59",1446,24.1,0.4,0,"E:/alexfraser_tagged/af15_nov1/105RECNX","RCNX1448.JPG","Snowshoe hare",3,"Species|Snowshoe hare"
"af15","Snowshoe hare",2025-10-01 19:43:44,2025-10-02,"19:43:44",47199,786.6,13.1,0.5,"E:/alexfraser_tagged/af15_nov1/105RECNX","RCNX1459.JPG","Snowshoe hare",3,"Species|Snowshoe hare"
"af15","Snowshoe hare",2025-10-01 22:01:38,2025-10-02,"22:01:38",8271,137.8,2.3,0.1,"E:/alexfraser_tagged/af15_nov1/105RECNX","RCNX1462.JPG","Snowshoe hare",1,"Species|Snowshoe hare"
"af15","Snowshoe hare",2025-10-01 23:37:35,2025-10-02,"23:37:35",5757,96,1.6,0.1,"E:/alexfraser_tagged/af15_nov1/105RECNX","RCNX1464.JPG","Snowshoe hare",8,"Species|Snowshoe hare"
"af15","Snowshoe hare",2025-10-02 00:18:07,2025-10-02,"00:18:07",1875,31.2,0.5,0,"E:/alexfraser_tagged/af15_nov1/105RECNX","RCNX1472.JPG","Snowshoe hare",14,"Species|Snowshoe hare"
"af15","Snowshoe hare",2025-10-02 00:24:59,2025-10-02,"00:24:59",329,5.5,0.1,0,"E:/alexfraser_tagged/af15_nov1/105RECNX","RCNX1486.JPG","Snowshoe hare",8,"Species|Snowshoe hare"
"af15","Snowshoe hare",2025-10-02 01:45:56,2025-10-02,"01:45:56",4796,79.9,1.3,0.1,"E:/alexfraser_tagged/af15_nov1/105RECNX","RCNX1494.JPG","Snowshoe hare",3,"Species|Snowshoe hare"
"af15","Snowshoe hare",2025-10-02 06:02:32,2025-10-02,"06:02:32",15387,256.4,4.3,0.2,"E:/alexfraser_tagged/af15_nov1/105RECNX","RCNX1498.JPG","Snowshoe hare",1,"Species|Snowshoe hare"
"af15","Snowshoe hare",2025-10-02 18:59:57,2025-10-03,"18:59:57",46645,777.4,13,0.5,"E:/alexfraser_tagged/af15_nov1/105RECNX","RCNX1518.JPG","Snowshoe hare",19,"Species|Snowshoe hare"
"af15","Snowshoe hare",2025-10-02 19:15:18,2025-10-03,"19:15:18",408,6.8,0.1,0,"E:/alexfraser_tagged/af15_nov1/105RECNX","RCNX1538.JPG","Snowshoe hare",16,"Species|Snowshoe hare"
"af15","Snowshoe hare",2025-10-02 23:09:45,2025-10-03,"23:09:45",13753,229.2,3.8,0.2,"E:/alexfraser_tagged/af15_nov1/105RECNX","RCNX1554.JPG","Snowshoe hare",1,"Species|Snowshoe hare"
"af15","Snowshoe hare",2025-10-03 01:35:29,2025-10-03,"01:35:29",8744,145.7,2.4,0.1,"E:/alexfraser_tagged/af15_nov1/105RECNX","RCNX1555.JPG","Snowshoe hare",8,"Species|Snowshoe hare"
"af15","Snowshoe hare",2025-10-03 03:50:50,2025-10-03,"03:50:50",8114,135.2,2.3,0.1,"E:/alexfraser_tagged/af15_nov1/105RECNX","RCNX1563.JPG","Snowshoe hare",2,"Species|Snowshoe hare"
"af15","Snowshoe hare",2025-10-03 20:55:23,2025-10-04,"20:55:23",61472,1024.5,17.1,0.7,"E:/alexfraser_tagged/af15_nov1/105RECNX","RCNX1584.JPG","Snowshoe hare",1,"Species|Snowshoe hare"
"af15","Snowshoe hare",2025-10-03 21:18:04,2025-10-04,"21:18:04",1361,22.7,0.4,0,"E:/alexfraser_tagged/af15_nov1/105RECNX","RCNX1585.JPG","Snowshoe hare",2,"Species|Snowshoe hare"
"af15","Snowshoe hare",2025-10-03 21:33:10,2025-10-04,"21:33:10",879,14.7,0.2,0,"E:/alexfraser_tagged/af15_nov1/105RECNX","RCNX1587.JPG","Snowshoe hare",7,"Species|Snowshoe hare"
"af15","Snowshoe hare",2025-10-03 21:45:11,2025-10-04,"21:45:11",456,7.6,0.1,0,"E:/alexfraser_tagged/af15_nov1/105RECNX","RCNX1595.JPG","Snowshoe hare",4,"Species|Snowshoe hare"
"af15","Snowshoe hare",2025-10-04 01:46:29,2025-10-04,"01:46:29",14450,240.8,4,0.2,"E:/alexfraser_tagged/af15_nov1/105RECNX","RCNX1599.JPG","Snowshoe hare",4,"Species|Snowshoe hare"
"af15","Snowshoe hare",2025-10-04 02:19:17,2025-10-04,"02:19:17",1960,32.7,0.5,0,"E:/alexfraser_tagged/af15_nov1/105RECNX","RCNX1604.JPG","Snowshoe hare",6,"Species|Snowshoe hare"
"af15","Snowshoe hare",2025-10-04 20:20:54,2025-10-05,"20:20:54",64854,1080.9,18,0.8,"E:/alexfraser_tagged/af15_nov1/105RECNX","RCNX1621.JPG","Snowshoe hare",6,"Species|Snowshoe hare"
"af15","Snowshoe hare",2025-10-04 20:37:12,2025-10-05,"20:37:12",970,16.2,0.3,0,"E:/alexfraser_tagged/af15_nov1/105RECNX","RCNX1628.JPG","Snowshoe hare",10,"Species|Snowshoe hare"
"af15","Snowshoe hare",2025-10-04 22:46:36,2025-10-05,"22:46:36",7749,129.2,2.2,0.1,"E:/alexfraser_tagged/af15_nov1/105RECNX","RCNX1639.JPG","Snowshoe hare",7,"Species|Snowshoe hare"
"af15","Snowshoe hare",2025-10-04 22:53:12,2025-10-05,"22:53:12",372,6.2,0.1,0,"E:/alexfraser_tagged/af15_nov1/105RECNX","RCNX1646.JPG","Snowshoe hare",1,"Species|Snowshoe hare"
"af15","Snowshoe hare",2025-10-04 23:36:47,2025-10-05,"23:36:47",2615,43.6,0.7,0,"E:/alexfraser_tagged/af15_nov1/105RECNX","RCNX1647.JPG","Snowshoe hare",4,"Species|Snowshoe hare"
"af15","Snowshoe hare",2025-10-05 00:59:03,2025-10-05,"00:59:03",4917,82,1.4,0.1,"E:/alexfraser_tagged/af15_nov1/105RECNX","RCNX1651.JPG","Snowshoe hare",7,"Species|Snowshoe hare"
"af15","Snowshoe hare",2025-10-05 03:18:17,2025-10-05,"03:18:17",8275,137.9,2.3,0.1,"E:/alexfraser_tagged/af15_nov1/105RECNX","RCNX1658.JPG","Snowshoe hare",8,"Species|Snowshoe hare"
"af15","Snowshoe hare",2025-10-05 03:29:47,2025-10-05,"03:29:47",454,7.6,0.1,0,"E:/alexfraser_tagged/af15_nov1/105RECNX","RCNX1667.JPG","Snowshoe hare",4,"Species|Snowshoe hare"
"af15","Snowshoe hare",2025-10-05 03:36:58,2025-10-05,"03:36:58",404,6.7,0.1,0,"E:/alexfraser_tagged/af15_nov1/105RECNX","RCNX1671.JPG","Snowshoe hare",1,"Species|Snowshoe hare"
"af15","Snowshoe hare",2025-10-05 04:00:55,2025-10-05,"04:00:55",1437,24,0.4,0,"E:/alexfraser_tagged/af15_nov1/105RECNX","RCNX1672.JPG","Snowshoe hare",1,"Species|Snowshoe hare"
"af15","Snowshoe hare",2025-10-05 06:47:44,2025-10-05,"06:47:44",10009,166.8,2.8,0.1,"E:/alexfraser_tagged/af15_nov1/105RECNX","RCNX1673.JPG","Snowshoe hare",3,"Species|Snowshoe hare"
"af15","Snowshoe hare",2025-10-06 06:44:26,2025-10-06,"06:44:26",86200,1436.7,23.9,1,"E:/alexfraser_tagged/af15_nov1/105RECNX","RCNX1684.JPG","Snowshoe hare",3,"Species|Snowshoe hare"
"af15","Snowshoe hare",2025-10-07 02:22:38,2025-10-07,"02:22:38",70689,1178.2,19.6,0.8,"E:/alexfraser_tagged/af15_nov1/105RECNX","RCNX1708.JPG","Snowshoe hare",3,"Species|Snowshoe hare"
"af15","Snowshoe hare",2025-10-07 02:37:14,2025-10-07,"02:37:14",856,14.3,0.2,0,"E:/alexfraser_tagged/af15_nov1/105RECNX","RCNX1711.JPG","Snowshoe hare",3,"Species|Snowshoe hare"
"af15","Snowshoe hare",2025-10-07 03:22:41,2025-10-07,"03:22:41",2718,45.3,0.8,0,"E:/alexfraser_tagged/af15_nov1/105RECNX","RCNX1714.JPG","Snowshoe hare",6,"Species|Snowshoe hare"
"af15","Snowshoe hare",2025-10-07 07:18:13,2025-10-07,"07:18:13",14084,234.7,3.9,0.2,"E:/alexfraser_tagged/af15_nov1/105RECNX","RCNX1720.JPG","Snowshoe hare",4,"Species|Snowshoe hare"
"af15","Snowshoe hare",2025-10-07 19:29:20,2025-10-08,"19:29:20",43864,731.1,12.2,0.5,"E:/alexfraser_tagged/af15_nov1/105RECNX","RCNX1726.JPG","Snowshoe hare",4,"Species|Snowshoe hare"
"af15","Snowshoe hare",2025-10-07 20:59:53,2025-10-08,"20:59:53",5420,90.3,1.5,0.1,"E:/alexfraser_tagged/af15_nov1/105RECNX","RCNX1730.JPG","Snowshoe hare",4,"Species|Snowshoe hare"
"af15","Snowshoe hare",2025-10-08 00:48:59,2025-10-08,"00:48:59",13670,227.8,3.8,0.2,"E:/alexfraser_tagged/af15_nov1/105RECNX","RCNX1734.JPG","Snowshoe hare",11,"Species|Snowshoe hare"
"af15","Snowshoe hare",2025-10-08 19:00:10,2025-10-09,"19:00:10",64955,1082.6,18,0.8,"E:/alexfraser_tagged/af15_nov1/105RECNX","RCNX1763.JPG","Snowshoe hare",3,"Species|Snowshoe hare"
"af15","Snowshoe hare",2025-10-08 19:06:27,2025-10-09,"19:06:27",375,6.2,0.1,0,"E:/alexfraser_tagged/af15_nov1/105RECNX","RCNX1766.JPG","Snowshoe hare",4,"Species|Snowshoe hare"
"af15","Snowshoe hare",2025-10-08 19:11:55,2025-10-09,"19:11:55",325,5.4,0.1,0,"E:/alexfraser_tagged/af15_nov1/105RECNX","RCNX1771.JPG","Snowshoe hare",6,"Species|Snowshoe hare"
"af15","Snowshoe hare",2025-10-08 21:22:17,2025-10-09,"21:22:17",7806,130.1,2.2,0.1,"E:/alexfraser_tagged/af15_nov1/105RECNX","RCNX1777.JPG","Snowshoe hare",6,"Species|Snowshoe hare"
"af15","Snowshoe hare",2025-10-08 21:45:21,2025-10-09,"21:45:21",1251,20.9,0.3,0,"E:/alexfraser_tagged/af15_nov1/105RECNX","RCNX1784.JPG","Snowshoe hare",3,"Species|Snowshoe hare"
"af15","Snowshoe hare",2025-10-09 04:03:41,2025-10-09,"04:03:41",22688,378.1,6.3,0.3,"E:/alexfraser_tagged/af15_nov1/105RECNX","RCNX1787.JPG","Snowshoe hare",9,"Species|Snowshoe hare"
"af15","Snowshoe hare",2025-10-09 05:22:37,2025-10-09,"05:22:37",4522,75.4,1.3,0.1,"E:/alexfraser_tagged/af15_nov1/105RECNX","RCNX1796.JPG","Snowshoe hare",6,"Species|Snowshoe hare"
"af15","Snowshoe hare",2025-10-09 06:48:28,2025-10-09,"06:48:28",5144,85.7,1.4,0.1,"E:/alexfraser_tagged/af15_nov1/105RECNX","RCNX1803.JPG","Snowshoe hare",6,"Species|Snowshoe hare"
"af15","Snowshoe hare",2025-10-09 22:28:42,2025-10-10,"22:28:42",56283,938,15.6,0.7,"E:/alexfraser_tagged/af15_nov1/105RECNX","RCNX1817.JPG","Snowshoe hare",6,"Species|Snowshoe hare"
"af15","Snowshoe hare",2025-10-09 22:59:23,2025-10-10,"22:59:23",1800,30,0.5,0,"E:/alexfraser_tagged/af15_nov1/105RECNX","RCNX1823.JPG","Snowshoe hare",1,"Species|Snowshoe hare"
"af15","Snowshoe hare",2025-10-09 23:21:21,2025-10-10,"23:21:21",1318,22,0.4,0,"E:/alexfraser_tagged/af15_nov1/105RECNX","RCNX1824.JPG","Snowshoe hare",8,"Species|Snowshoe hare"
"af15","Snowshoe hare",2025-10-10 04:43:42,2025-10-10,"04:43:42",19325,322.1,5.4,0.2,"E:/alexfraser_tagged/af15_nov1/105RECNX","RCNX1833.JPG","Snowshoe hare",7,"Species|Snowshoe hare"
"af15","Snowshoe hare",2025-10-10 05:02:56,2025-10-10,"05:02:56",1001,16.7,0.3,0,"E:/alexfraser_tagged/af15_nov1/105RECNX","RCNX1842.JPG","Snowshoe hare",5,"Species|Snowshoe hare"
"af15","Snowshoe hare",2025-10-10 05:43:53,2025-10-10,"05:43:53",2121,35.4,0.6,0,"E:/alexfraser_tagged/af15_nov1/105RECNX","RCNX1847.JPG","Snowshoe hare",5,"Species|Snowshoe hare"
"af15","Snowshoe hare",2025-10-10 06:21:07,2025-10-10,"06:21:07",2224,37.1,0.6,0,"E:/alexfraser_tagged/af15_nov1/105RECNX","RCNX1852.JPG","Snowshoe hare",2,"Species|Snowshoe hare"
"af15","Snowshoe hare",2025-10-11 01:45:58,2025-10-11,"01:45:58",69890,1164.8,19.4,0.8,"E:/alexfraser_tagged/af15_nov1/105RECNX","RCNX1873.JPG","Snowshoe hare",2,"Species|Snowshoe hare"
"af15","Snowshoe hare",2025-10-11 19:21:54,2025-10-12,"19:21:54",63354,1055.9,17.6,0.7,"E:/alexfraser_tagged/af15_nov1/105RECNX","RCNX1883.JPG","Snowshoe hare",4,"Species|Snowshoe hare"
"af15","Snowshoe hare",2025-10-11 22:51:12,2025-10-12,"22:51:12",12554,209.2,3.5,0.1,"E:/alexfraser_tagged/af15_nov1/105RECNX","RCNX1888.JPG","Snowshoe hare",5,"Species|Snowshoe hare"
"af15","Snowshoe hare",2025-10-11 23:01:21,2025-10-12,"23:01:21",602,10,0.2,0,"E:/alexfraser_tagged/af15_nov1/105RECNX","RCNX1893.JPG","Snowshoe hare",2,"Species|Snowshoe hare"
"af15","Snowshoe hare",2025-10-11 23:09:45,2025-10-12,"23:09:45",502,8.4,0.1,0,"E:/alexfraser_tagged/af15_nov1/105RECNX","RCNX1895.JPG","Snowshoe hare",13,"Species|Snowshoe hare"
"af15","Snowshoe hare",2025-10-12 00:46:42,2025-10-12,"00:46:42",5719,95.3,1.6,0.1,"E:/alexfraser_tagged/af15_nov1/105RECNX","RCNX1909.JPG","Snowshoe hare",5,"Species|Snowshoe hare"
"af15","Snowshoe hare",2025-10-12 02:09:08,2025-10-12,"02:09:08",4878,81.3,1.4,0.1,"E:/alexfraser_tagged/af15_nov1/105RECNX","RCNX1914.JPG","Snowshoe hare",3,"Species|Snowshoe hare"
"af15","Snowshoe hare",2025-10-12 05:35:45,2025-10-12,"05:35:45",12368,206.1,3.4,0.1,"E:/alexfraser_tagged/af15_nov1/105RECNX","RCNX1918.JPG","Snowshoe hare",4,"Species|Snowshoe hare"
"af15","Snowshoe hare",2025-10-12 06:30:24,2025-10-12,"06:30:24",3270,54.5,0.9,0,"E:/alexfraser_tagged/af15_nov1/105RECNX","RCNX1922.JPG","Snowshoe hare",4,"Species|Snowshoe hare"
"af15","Snowshoe hare",2025-10-12 20:36:04,2025-10-13,"20:36:04",50732,845.5,14.1,0.6,"E:/alexfraser_tagged/af15_nov1/105RECNX","RCNX1948.JPG","Snowshoe hare",3,"Species|Snowshoe hare"
"af15","Snowshoe hare",2025-10-12 21:03:36,2025-10-13,"21:03:36",1648,27.5,0.5,0,"E:/alexfraser_tagged/af15_nov1/105RECNX","RCNX1951.JPG","Snowshoe hare",11,"Species|Snowshoe hare"
"af15","Snowshoe hare",2025-10-12 23:14:59,2025-10-13,"23:14:59",7858,131,2.2,0.1,"E:/alexfraser_tagged/af15_nov1/105RECNX","RCNX1962.JPG","Snowshoe hare",2,"Species|Snowshoe hare"
"af15","Snowshoe hare",2025-10-13 00:06:14,2025-10-13,"00:06:14",3073,51.2,0.9,0,"E:/alexfraser_tagged/af15_nov1/105RECNX","RCNX1964.JPG","Snowshoe hare",4,"Species|Snowshoe hare"
"af15","Snowshoe hare",2025-10-13 00:19:29,2025-10-13,"00:19:29",533,8.9,0.1,0,"E:/alexfraser_tagged/af15_nov1/105RECNX","RCNX1968.JPG","Snowshoe hare",1,"Species|Snowshoe hare"
"af15","Snowshoe hare",2025-10-13 00:26:39,2025-10-13,"00:26:39",430,7.2,0.1,0,"E:/alexfraser_tagged/af15_nov1/105RECNX","RCNX1969.JPG","Snowshoe hare",9,"Species|Snowshoe hare"
"af15","Snowshoe hare",2025-10-13 01:13:10,2025-10-13,"01:13:10",2673,44.5,0.7,0,"E:/alexfraser_tagged/af15_nov1/105RECNX","RCNX1978.JPG","Snowshoe hare",4,"Species|Snowshoe hare"
"af15","Snowshoe hare",2025-10-13 03:34:55,2025-10-13,"03:34:55",8501,141.7,2.4,0.1,"E:/alexfraser_tagged/af15_nov1/105RECNX","RCNX1982.JPG","Snowshoe hare",4,"Species|Snowshoe hare"
"af15","Snowshoe hare",2025-10-13 04:19:43,2025-10-13,"04:19:43",2635,43.9,0.7,0,"E:/alexfraser_tagged/af15_nov1/105RECNX","RCNX1986.JPG","Snowshoe hare",2,"Species|Snowshoe hare"
"af15","Snowshoe hare",2025-10-13 05:07:15,2025-10-13,"05:07:15",2849,47.5,0.8,0,"E:/alexfraser_tagged/af15_nov1/105RECNX","RCNX1988.JPG","Snowshoe hare",10,"Species|Snowshoe hare"
"af15","Snowshoe hare",2025-10-13 18:44:07,2025-10-14,"18:44:07",48866,814.4,13.6,0.6,"E:/alexfraser_tagged/af15_nov1/105RECNX","RCNX2035.JPG","Snowshoe hare",1,"Species|Snowshoe hare"
"af15","Snowshoe hare",2025-10-13 19:50:19,2025-10-14,"19:50:19",3972,66.2,1.1,0,"E:/alexfraser_tagged/af15_nov1/105RECNX","RCNX2036.JPG","Snowshoe hare",1,"Species|Snowshoe hare"
"af15","Snowshoe hare",2025-10-14 04:55:45,2025-10-14,"04:55:45",32726,545.4,9.1,0.4,"E:/alexfraser_tagged/af15_nov1/105RECNX","RCNX2037.JPG","Snowshoe hare",9,"Species|Snowshoe hare"
"af15","Snowshoe hare",2025-10-14 06:55:59,2025-10-14,"06:55:59",7028,117.1,2,0.1,"E:/alexfraser_tagged/af15_nov1/105RECNX","RCNX2046.JPG","Snowshoe hare",6,"Species|Snowshoe hare"
"af15","Snowshoe hare",2025-10-14 07:07:39,2025-10-14,"07:07:39",474,7.9,0.1,0,"E:/alexfraser_tagged/af15_nov1/105RECNX","RCNX2052.JPG","Snowshoe hare",4,"Species|Snowshoe hare"
"af15","Snowshoe hare",2025-10-14 18:01:59,2025-10-15,"18:01:59",39225,653.8,10.9,0.5,"E:/alexfraser_tagged/af15_nov1/105RECNX","RCNX2070.JPG","Snowshoe hare",4,"Species|Snowshoe hare"
"af15","Snowshoe hare",2025-10-14 18:39:41,2025-10-15,"18:39:41",2259,37.6,0.6,0,"E:/alexfraser_tagged/af15_nov1/105RECNX","RCNX2074.JPG","Snowshoe hare",6,"Species|Snowshoe hare"
"af15","Snowshoe hare",2025-10-15 04:52:57,2025-10-15,"04:52:57",36747,612.5,10.2,0.4,"E:/alexfraser_tagged/af15_nov1/105RECNX","RCNX2083.JPG","Snowshoe hare",1,"Species|Snowshoe hare"
"af15","Snowshoe hare",2025-10-15 06:43:55,2025-10-15,"06:43:55",6658,111,1.9,0.1,"E:/alexfraser_tagged/af15_nov1/105RECNX","RCNX2084.JPG","Snowshoe hare",1,"Species|Snowshoe hare"
"af15","Snowshoe hare",2025-10-16 01:00:53,2025-10-16,"01:00:53",65818,1097,18.3,0.8,"E:/alexfraser_tagged/af15_nov1/105RECNX","RCNX2093.JPG","Snowshoe hare",5,"Species|Snowshoe hare"
"af15","Snowshoe hare",2025-10-16 02:46:01,2025-10-16,"02:46:01",6102,101.7,1.7,0.1,"E:/alexfraser_tagged/af15_nov1/105RECNX","RCNX2098.JPG","Snowshoe hare",10,"Species|Snowshoe hare"
"af15","Snowshoe hare",2025-10-16 06:55:43,2025-10-16,"06:55:43",14738,245.6,4.1,0.2,"E:/alexfraser_tagged/af15_nov1/105RECNX","RCNX2108.JPG","Snowshoe hare",3,"Species|Snowshoe hare"
"af15","Snowshoe hare",2025-10-17 03:03:42,2025-10-17,"03:03:42",72454,1207.6,20.1,0.8,"E:/alexfraser_tagged/af15_nov1/105RECNX","RCNX2111.JPG","Snowshoe hare",5,"Species|Snowshoe hare"
"af15","Snowshoe hare",2025-10-17 07:03:33,2025-10-17,"07:03:33",14386,239.8,4,0.2,"E:/alexfraser_tagged/af15_nov1/105RECNX","RCNX2117.JPG","Snowshoe hare",5,"Species|Snowshoe hare"
"af15","Snowshoe hare",2025-10-17 19:56:44,2025-10-18,"19:56:44",46381,773,12.9,0.5,"E:/alexfraser_tagged/af15_nov1/105RECNX","RCNX2130.JPG","Snowshoe hare",3,"Species|Snowshoe hare"
"af15","Snowshoe hare",2025-10-18 06:43:34,2025-10-18,"06:43:34",38805,646.8,10.8,0.4,"E:/alexfraser_tagged/af15_nov1/105RECNX","RCNX2134.JPG","Snowshoe hare",1,"Species|Snowshoe hare"
"af15","Snowshoe hare",2025-10-18 21:21:17,2025-10-19,"21:21:17",52663,877.7,14.6,0.6,"E:/alexfraser_tagged/af15_nov1/105RECNX","RCNX2141.JPG","Snowshoe hare",3,"Species|Snowshoe hare"
"af15","Snowshoe hare",2025-10-19 06:53:52,2025-10-19,"06:53:52",34353,572.5,9.5,0.4,"E:/alexfraser_tagged/af15_nov1/105RECNX","RCNX2145.JPG","Snowshoe hare",1,"Species|Snowshoe hare"
"af15","Snowshoe hare",2025-10-19 18:39:15,2025-10-20,"18:39:15",42323,705.4,11.8,0.5,"E:/alexfraser_tagged/af15_nov1/105RECNX","RCNX2146.JPG","Snowshoe hare",2,"Species|Snowshoe hare"
"af15","Snowshoe hare",2025-10-19 20:49:50,2025-10-20,"20:49:50",7834,130.6,2.2,0.1,"E:/alexfraser_tagged/af15_nov1/105RECNX","RCNX2148.JPG","Snowshoe hare",2,"Species|Snowshoe hare"
"af15","Snowshoe hare",2025-10-19 23:44:33,2025-10-20,"23:44:33",10480,174.7,2.9,0.1,"E:/alexfraser_tagged/af15_nov1/105RECNX","RCNX2150.JPG","Snowshoe hare",5,"Species|Snowshoe hare"
"af15","Snowshoe hare",2025-10-20 01:11:49,2025-10-20,"01:11:49",5216,86.9,1.4,0.1,"E:/alexfraser_tagged/af15_nov1/105RECNX","RCNX2155.JPG","Snowshoe hare",2,"Species|Snowshoe hare"
"af15","Snowshoe hare",2025-10-20 23:17:19,2025-10-21,"23:17:19",79522,1325.4,22.1,0.9,"E:/alexfraser_tagged/af15_nov1/105RECNX","RCNX2158.JPG","Snowshoe hare",1,"Species|Snowshoe hare"
"af15","Snowshoe hare",2025-10-21 02:44:00,2025-10-21,"02:44:00",12401,206.7,3.4,0.1,"E:/alexfraser_tagged/af15_nov1/105RECNX","RCNX2159.JPG","Snowshoe hare",5,"Species|Snowshoe hare"
"af15","Snowshoe hare",2025-10-21 03:28:54,2025-10-21,"03:28:54",2672,44.5,0.7,0,"E:/alexfraser_tagged/af15_nov1/105RECNX","RCNX2165.JPG","Snowshoe hare",3,"Species|Snowshoe hare"
"af15","Snowshoe hare",2025-10-21 07:25:52,2025-10-21,"07:25:52",14194,236.6,3.9,0.2,"E:/alexfraser_tagged/af15_nov1/105RECNX","RCNX2169.JPG","Snowshoe hare",1,"Species|Snowshoe hare"
"af15","Snowshoe hare",2025-10-22 00:46:06,2025-10-22,"00:46:06",62414,1040.2,17.3,0.7,"E:/alexfraser_tagged/af15_nov1/105RECNX","RCNX2179.JPG","Snowshoe hare",6,"Species|Snowshoe hare"
"af15","Snowshoe hare",2025-10-22 05:30:09,2025-10-22,"05:30:09",17026,283.8,4.7,0.2,"E:/alexfraser_tagged/af15_nov1/105RECNX","RCNX2185.JPG","Snowshoe hare",2,"Species|Snowshoe hare"
"af15","Snowshoe hare",2025-10-22 05:50:56,2025-10-22,"05:50:56",1243,20.7,0.3,0,"E:/alexfraser_tagged/af15_nov1/105RECNX","RCNX2187.JPG","Snowshoe hare",8,"Species|Snowshoe hare"
"af15","Snowshoe hare",2025-10-22 23:39:33,2025-10-23,"23:39:33",63596,1059.9,17.7,0.7,"E:/alexfraser_tagged/af15_nov1/105RECNX","RCNX2195.JPG","Snowshoe hare",1,"Species|Snowshoe hare"
"af15","Snowshoe hare",2025-10-23 21:35:51,2025-10-24,"21:35:51",78978,1316.3,21.9,0.9,"E:/alexfraser_tagged/af15_nov1/105RECNX","RCNX2196.JPG","Snowshoe hare",1,"Species|Snowshoe hare"
"af15","Snowshoe hare",2025-10-24 19:04:06,2025-10-25,"19:04:06",77295,1288.2,21.5,0.9,"E:/alexfraser_tagged/af15_nov1/105RECNX","RCNX2201.JPG","Snowshoe hare",2,"Species|Snowshoe hare"
"af15","Snowshoe hare",2025-10-24 21:33:11,2025-10-25,"21:33:11",8944,149.1,2.5,0.1,"E:/alexfraser_tagged/af15_nov1/105RECNX","RCNX2203.JPG","Snowshoe hare",1,"Species|Snowshoe hare"
"af15","Snowshoe hare",2025-10-24 21:45:17,2025-10-25,"21:45:17",726,12.1,0.2,0,"E:/alexfraser_tagged/af15_nov1/105RECNX","RCNX2204.JPG","Snowshoe hare",19,"Species|Snowshoe hare"
"af15","Snowshoe hare",2025-10-24 22:19:34,2025-10-25,"22:19:34",1622,27,0.4,0,"E:/alexfraser_tagged/af15_nov1/105RECNX","RCNX2225.JPG","Snowshoe hare",2,"Species|Snowshoe hare"
"af15","Snowshoe hare",2025-10-25 02:44:01,2025-10-25,"02:44:01",15866,264.4,4.4,0.2,"E:/alexfraser_tagged/af15_nov1/105RECNX","RCNX2227.JPG","Snowshoe hare",5,"Species|Snowshoe hare"
"af15","Snowshoe hare",2025-10-25 03:00:59,2025-10-25,"03:00:59",981,16.4,0.3,0,"E:/alexfraser_tagged/af15_nov1/105RECNX","RCNX2232.JPG","Snowshoe hare",3,"Species|Snowshoe hare"
"af15","Snowshoe hare",2025-10-25 03:56:43,2025-10-25,"03:56:43",3158,52.6,0.9,0,"E:/alexfraser_tagged/af15_nov1/105RECNX","RCNX2235.JPG","Snowshoe hare",3,"Species|Snowshoe hare"
"af15","Snowshoe hare",2025-10-25 05:26:03,2025-10-25,"05:26:03",5357,89.3,1.5,0.1,"E:/alexfraser_tagged/af15_nov1/105RECNX","RCNX2238.JPG","Snowshoe hare",6,"Species|Snowshoe hare"
"af15","Snowshoe hare",2025-10-25 07:01:25,2025-10-25,"07:01:25",5668,94.5,1.6,0.1,"E:/alexfraser_tagged/af15_nov1/105RECNX","RCNX2245.JPG","Snowshoe hare",1,"Species|Snowshoe hare"
"af15","Snowshoe hare",2025-10-25 09:05:47,2025-10-25,"09:05:47",7462,124.4,2.1,0.1,"E:/alexfraser_tagged/af15_nov1/105RECNX","RCNX2246.JPG","Snowshoe hare",1,"Species|Snowshoe hare"
"af15","Snowshoe hare",2025-10-25 11:17:53,2025-10-25,"11:17:53",7926,132.1,2.2,0.1,"E:/alexfraser_tagged/af15_nov1/105RECNX","RCNX2247.JPG","Snowshoe hare",1,"Species|Snowshoe hare"
"af15","Snowshoe hare",2025-10-25 16:47:14,2025-10-25,"16:47:14",19761,329.4,5.5,0.2,"E:/alexfraser_tagged/af15_nov1/105RECNX","RCNX2248.JPG","Snowshoe hare",5,"Species|Snowshoe hare"
"af15","Snowshoe hare",2025-10-25 17:29:19,2025-10-26,"17:29:19",2495,41.6,0.7,0,"E:/alexfraser_tagged/af15_nov1/105RECNX","RCNX2253.JPG","Snowshoe hare",1,"Species|Snowshoe hare"
"af15","Snowshoe hare",2025-10-25 18:21:57,2025-10-26,"18:21:57",3158,52.6,0.9,0,"E:/alexfraser_tagged/af15_nov1/105RECNX","RCNX2254.JPG","Snowshoe hare",2,"Species|Snowshoe hare"
"af15","Snowshoe hare",2025-10-25 20:25:02,2025-10-26,"20:25:02",7382,123,2,0.1,"E:/alexfraser_tagged/af15_nov1/105RECNX","RCNX2257.JPG","Snowshoe hare",1,"Species|Snowshoe hare"
"af15","Snowshoe hare",2025-10-26 00:34:12,2025-10-26,"00:34:12",14950,249.2,4.2,0.2,"E:/alexfraser_tagged/af15_nov1/105RECNX","RCNX2259.JPG","Snowshoe hare",17,"Species|Snowshoe hare"
"af15","Snowshoe hare",2025-10-26 05:31:43,2025-10-26,"05:31:43",17102,285,4.8,0.2,"E:/alexfraser_tagged/af15_nov1/105RECNX","RCNX2276.JPG","Snowshoe hare",3,"Species|Snowshoe hare"
"af15","Snowshoe hare",2025-10-26 18:26:27,2025-10-27,"18:26:27",46482,774.7,12.9,0.5,"E:/alexfraser_tagged/af15_nov1/105RECNX","RCNX2279.JPG","Snowshoe hare",8,"Species|Snowshoe hare"
"af15","Snowshoe hare",2025-10-28 06:03:53,2025-10-28,"06:03:53",128020,2133.7,35.6,1.5,"E:/alexfraser_tagged/af15_nov1/105RECNX","RCNX2295.JPG","Snowshoe hare",1,"Species|Snowshoe hare"
"af15","Snowshoe hare",2025-10-28 06:11:43,2025-10-28,"06:11:43",470,7.8,0.1,0,"E:/alexfraser_tagged/af15_nov1/105RECNX","RCNX2296.JPG","Snowshoe hare",1,"Species|Snowshoe hare"
"af15","Snowshoe hare",2025-10-28 06:56:18,2025-10-28,"06:56:18",2675,44.6,0.7,0,"E:/alexfraser_tagged/af15_nov1/105RECNX","RCNX2297.JPG","Snowshoe hare",1,"Species|Snowshoe hare"
"af15","Snowshoe hare",2025-10-28 07:06:43,2025-10-28,"07:06:43",625,10.4,0.2,0,"E:/alexfraser_tagged/af15_nov1/105RECNX","RCNX2298.JPG","Snowshoe hare",1,"Species|Snowshoe hare"
"af15","Snowshoe hare",2025-10-29 21:56:08,2025-10-30,"21:56:08",139765,2329.4,38.8,1.6,"E:/alexfraser_tagged/af15_nov1/105RECNX","RCNX2310.JPG","Snowshoe hare",5,"Species|Snowshoe hare"
"af15","Snowshoe hare",2025-10-30 07:04:07,2025-10-30,"07:04:07",32868,547.8,9.1,0.4,"E:/alexfraser_tagged/af15_nov1/105RECNX","RCNX2316.JPG","Snowshoe hare",13,"Species|Snowshoe hare"
"af15","Snowshoe hare",2025-10-30 07:21:43,2025-10-30,"07:21:43",893,14.9,0.2,0,"E:/alexfraser_tagged/af15_nov1/105RECNX","RCNX2329.JPG","Snowshoe hare",1,"Species|Snowshoe hare"
"af15","Snowshoe hare",2025-10-31 22:44:42,2025-11-01,"22:44:42",141779,2363,39.4,1.6,"E:/alexfraser_tagged/af15_nov1/105RECNX","RCNX2341.JPG","Snowshoe hare",11,"Species|Snowshoe hare"
"af15","Snowshoe hare",2025-11-01 18:22:54,2025-11-02,"18:22:54",70608,1176.8,19.6,0.8,"E:/alexfraser_tagged/af15_nov1/105RECNX","RCNX2357.JPG","Snowshoe hare",6,"Species|Snowshoe hare"
"af15","Snowshoe hare",2025-11-01 19:15:41,2025-11-02,"19:15:41",3131,52.2,0.9,0,"E:/alexfraser_tagged/af15_nov1/105RECNX","RCNX2363.JPG","Snowshoe hare",4,"Species|Snowshoe hare"
"af15","Snowshoe hare",2025-11-01 19:51:53,2025-11-02,"19:51:53",2096,34.9,0.6,0,"E:/alexfraser_tagged/af15_nov1/105RECNX","RCNX2367.JPG","Snowshoe hare",4,"Species|Snowshoe hare"
"af15","Snowshoe hare",2025-11-02 02:10:24,2025-11-02,"02:10:24",26140,435.7,7.3,0.3,"E:/alexfraser_tagged/af15_nov1/105RECNX","RCNX2378.JPG","Snowshoe hare",7,"Species|Snowshoe hare"
"af15","Snowshoe hare",2025-11-02 03:59:58,2025-11-02,"03:59:58",6172,102.9,1.7,0.1,"E:/alexfraser_tagged/af15_nov1/105RECNX","RCNX2386.JPG","Snowshoe hare",4,"Species|Snowshoe hare"
"af15","Striped Skunk",2025-08-12 03:15:09,2025-08-12,"03:15:09",0,0,0,0,"E:/alexfraser_tagged/af15_nov1/105RECNX","RCNX0116.JPG","Striped Skunk",2,"Species|Striped Skunk"
"af15","Unknown",2025-08-10 07:03:47,2025-08-10,"07:03:47",0,0,0,0,"E:/alexfraser_tagged/af15_nov1/105RECNX","RCNX0106.JPG","Unknown",2,"Species|Unknown"
"af15","Unknown",2025-08-10 19:58:39,2025-08-11,"19:58:39",46490,774.8,12.9,0.5,"E:/alexfraser_tagged/af15_nov1/105RECNX","RCNX0108.JPG","Unknown",1,"Species|Unknown"
"af15","Unknown",2025-09-11 04:38:18,2025-09-11,"04:38:18",2709579,45159.7,752.7,31.4,"E:/alexfraser_tagged/af15_nov1/105RECNX","RCNX0812.JPG","Unknown",1,"Species|Unknown"
"af15","Unknown",2025-10-01 22:16:24,2025-10-02,"22:16:24",1791486,29858.1,497.6,20.7,"E:/alexfraser_tagged/af15_nov1/105RECNX","RCNX1463.JPG","Unknown",1,"Species|Unknown"
"af16","Black bear",2025-08-12 07:55:35,2025-08-12,"07:55:35",0,0,0,0,"E:/alexfraser_tagged/af16_nov1/103RECNX","RCNX0261.JPG","Black bear",45,"Species|Black bear"
"af16","Black bear",2025-08-20 17:15:07,2025-08-21,"17:15:07",724689,12078.1,201.3,8.4,"E:/alexfraser_tagged/af16_nov1/103RECNX","RCNX0311.JPG","Black bear",9,"Species|Black bear"
"af16","Black bear",2025-09-01 10:12:26,2025-09-01,"10:12:26",1011409,16856.8,280.9,11.7,"E:/alexfraser_tagged/af16_nov1/103RECNX","RCNX0495.JPG","Black bear",11,"Species|Black bear"
"af16","Black bear",2025-09-02 18:39:19,2025-09-03,"18:39:19",116789,1946.5,32.4,1.3,"E:/alexfraser_tagged/af16_nov1/103RECNX","RCNX0506.JPG","Black bear",18,"Species|Black bear"
"af16","Black bear",2025-09-18 09:25:19,2025-09-18,"09:25:19",1349135,22485.6,374.8,15.6,"E:/alexfraser_tagged/af16_nov1/103RECNX","RCNX0904.JPG","Black bear",5,"Species|Black bear"
"af16","Black bear",2025-09-19 17:54:37,2025-09-20,"17:54:37",116950,1949.2,32.5,1.4,"E:/alexfraser_tagged/af16_nov1/103RECNX","RCNX0909.JPG","Black bear",3,"Species|Black bear"
"af16","Black bear",2025-10-12 11:07:35,2025-10-12,"11:07:35",1962775,32712.9,545.2,22.7,"E:/alexfraser_tagged/af16_nov1/103RECNX","RCNX0961.JPG","Black bear",11,"Species|Black bear"
"af16","Black bear",2025-10-27 13:37:46,2025-10-27,"13:37:46",1304994,21749.9,362.5,15.1,"E:/alexfraser_tagged/af16_nov1/103RECNX","RCNX1147.JPG","Black bear",15,"Species|Black bear"
"af16","Mule deer",2025-08-08 06:33:19,2025-08-08,"06:33:19",0,0,0,0,"E:/alexfraser_tagged/af16_nov1/103RECNX","RCNX0001.JPG","Mule deer",132,"Species|Mule deer"
"af16","Mule deer",2025-08-08 09:21:11,2025-08-08,"09:21:11",9703,161.7,2.7,0.1,"E:/alexfraser_tagged/af16_nov1/103RECNX","RCNX0145.JPG","Mule deer",52,"Species|Mule deer"
"af16","Mule deer",2025-08-09 08:01:40,2025-08-09,"08:01:40",81572,1359.5,22.7,0.9,"E:/alexfraser_tagged/af16_nov1/103RECNX","RCNX0204.JPG","Mule deer",51,"Species|Mule deer"
"af16","Mule deer",2025-08-22 08:32:55,2025-08-22,"08:32:55",1124934,18748.9,312.5,13,"E:/alexfraser_tagged/af16_nov1/103RECNX","RCNX0320.JPG","Mule deer",4,"Species|Mule deer"
"af16","Mule deer",2025-08-22 09:53:18,2025-08-22,"09:53:18",4819,80.3,1.3,0.1,"E:/alexfraser_tagged/af16_nov1/103RECNX","RCNX0324.JPG","Mule deer",20,"Species|Mule deer"
"af16","Mule deer",2025-09-01 07:01:47,2025-09-01,"07:01:47",853681,14228,237.1,9.9,"E:/alexfraser_tagged/af16_nov1/103RECNX","RCNX0346.JPG","Mule deer",133,"Species|Mule deer"
"af16","Mule deer",2025-09-08 06:48:10,2025-09-08,"06:48:10",603564,10059.4,167.7,7,"E:/alexfraser_tagged/af16_nov1/103RECNX","RCNX0526.JPG","Mule deer",153,"Species|Mule deer"
"af16","Mule deer",2025-09-09 08:34:04,2025-09-09,"08:34:04",92485,1541.4,25.7,1.1,"E:/alexfraser_tagged/af16_nov1/103RECNX","RCNX0693.JPG","Mule deer",2,"Species|Mule deer"
"af16","Mule deer",2025-09-09 09:23:42,2025-09-09,"09:23:42",2977,49.6,0.8,0,"E:/alexfraser_tagged/af16_nov1/103RECNX","RCNX0695.JPG","Mule deer",3,"Species|Mule deer"
"af16","Mule deer",2025-09-12 07:17:45,2025-09-12,"07:17:45",251640,4194,69.9,2.9,"E:/alexfraser_tagged/af16_nov1/103RECNX","RCNX0702.JPG","Mule deer",186,"Species|Mule deer"
"af16","Mule deer",2025-09-25 09:47:10,2025-09-25,"09:47:10",1131555,18859.2,314.3,13.1,"E:/alexfraser_tagged/af16_nov1/103RECNX","RCNX0912.JPG","Mule deer",22,"Species|Mule deer"
"af16","Mule deer",2025-09-26 07:39:33,2025-09-26,"07:39:33",78712,1311.9,21.9,0.9,"E:/alexfraser_tagged/af16_nov1/103RECNX","RCNX0935.JPG","Mule deer",13,"Species|Mule deer"
"af16","Mule deer",2025-10-09 07:08:24,2025-10-09,"07:08:24",1121269,18687.8,311.5,13,"E:/alexfraser_tagged/af16_nov1/103RECNX","RCNX0952.JPG","Mule deer",7,"Species|Mule deer"
"af16","Mule deer",2025-10-13 10:13:12,2025-10-13,"10:13:12",356676,5944.6,99.1,4.1,"E:/alexfraser_tagged/af16_nov1/103RECNX","RCNX0974.JPG","Mule deer",6,"Species|Mule deer"
"af16","Mule deer",2025-10-14 09:12:59,2025-10-14,"09:12:59",82780,1379.7,23,1,"E:/alexfraser_tagged/af16_nov1/103RECNX","RCNX0983.JPG","Mule deer",3,"Species|Mule deer"
"af16","Mule deer",2025-10-17 12:01:20,2025-10-17,"12:01:20",269299,4488.3,74.8,3.1,"E:/alexfraser_tagged/af16_nov1/103RECNX","RCNX0993.JPG","Mule deer",2,"Species|Mule deer"
"af16","Mule deer",2025-10-17 13:52:38,2025-10-17,"13:52:38",6676,111.3,1.9,0.1,"E:/alexfraser_tagged/af16_nov1/103RECNX","RCNX0995.JPG","Mule deer",3,"Species|Mule deer"
"af16","Mule deer",2025-10-18 08:39:08,2025-10-18,"08:39:08",67588,1126.5,18.8,0.8,"E:/alexfraser_tagged/af16_nov1/103RECNX","RCNX0998.JPG","Mule deer",28,"Species|Mule deer"
"af16","Mule deer",2025-10-18 09:29:22,2025-10-18,"09:29:22",2956,49.3,0.8,0,"E:/alexfraser_tagged/af16_nov1/103RECNX","RCNX1027.JPG","Mule deer",8,"Species|Mule deer"
"af16","Mule deer",2025-10-20 10:28:02,2025-10-20,"10:28:02",176311,2938.5,49,2,"E:/alexfraser_tagged/af16_nov1/103RECNX","RCNX1036.JPG","Mule deer",5,"Species|Mule deer"
"af16","Mule deer",2025-10-20 11:41:03,2025-10-20,"11:41:03",4312,71.9,1.2,0,"E:/alexfraser_tagged/af16_nov1/103RECNX","RCNX1041.JPG","Mule deer",10,"Species|Mule deer"
"af16","Mule deer",2025-10-21 10:31:11,2025-10-21,"10:31:11",82198,1370,22.8,1,"E:/alexfraser_tagged/af16_nov1/103RECNX","RCNX1052.JPG","Mule deer",10,"Species|Mule deer"
"af16","Mule deer",2025-10-21 10:52:56,2025-10-21,"10:52:56",1290,21.5,0.4,0,"E:/alexfraser_tagged/af16_nov1/103RECNX","RCNX1062.JPG","Mule deer",78,"Species|Mule deer"
"af16","Mule deer",2025-10-26 08:20:16,2025-10-26,"08:20:16",422658,7044.3,117.4,4.9,"E:/alexfraser_tagged/af16_nov1/103RECNX","RCNX1144.JPG","Mule deer",3,"Species|Mule deer"
"af16","Mule deer",2025-10-29 22:14:13,2025-10-30,"22:14:13",309235,5153.9,85.9,3.6,"E:/alexfraser_tagged/af16_nov1/103RECNX","RCNX1164.JPG","Mule deer",12,"Species|Mule deer"
"af16","Mule deer",2025-10-30 08:05:18,2025-10-30,"08:05:18",35329,588.8,9.8,0.4,"E:/alexfraser_tagged/af16_nov1/103RECNX","RCNX1177.JPG","Mule deer",9,"Species|Mule deer"
"af16","Mule deer",2025-10-31 04:18:50,2025-10-31,"04:18:50",72804,1213.4,20.2,0.8,"E:/alexfraser_tagged/af16_nov1/103RECNX","RCNX1187.JPG","Mule deer",8,"Species|Mule deer"
"af16","Mule deer",2025-11-01 03:36:06,2025-11-01,"03:36:06",83827,1397.1,23.3,1,"E:/alexfraser_tagged/af16_nov1/103RECNX","RCNX1196.JPG","Mule deer",5,"Species|Mule deer"
"af16","Nothing",2025-08-12 15:16:09,2025-08-12,"15:16:09",0,0,0,0,"E:/alexfraser_tagged/af16_nov1/103RECNX","RCNX0309.JPG","Nothing",2,"Species|Nothing"
"af16","Nothing",2025-09-01 07:03:47,2025-09-01,"07:03:47",1698456,28307.6,471.8,19.7,"E:/alexfraser_tagged/af16_nov1/103RECNX","RCNX0355.JPG","Nothing",1,"Species|Nothing"
"af16","Nothing",2025-10-09 14:44:50,2025-10-09,"14:44:50",3310863,55181.1,919.7,38.3,"E:/alexfraser_tagged/af16_nov1/103RECNX","RCNX0959.JPG","Nothing",1,"Species|Nothing"
"af16","Nothing",2025-10-09 18:11:08,2025-10-10,"18:11:08",12378,206.3,3.4,0.1,"E:/alexfraser_tagged/af16_nov1/103RECNX","RCNX0960.JPG","Nothing",1,"Species|Nothing"
"af16","Nothing",2025-10-13 17:41:49,2025-10-14,"17:41:49",343841,5730.7,95.5,4,"E:/alexfraser_tagged/af16_nov1/103RECNX","RCNX0981.JPG","Nothing",2,"Species|Nothing"
"af16","Nothing",2025-10-27 16:31:08,2025-10-27,"16:31:08",1205357,20089.3,334.8,14,"E:/alexfraser_tagged/af16_nov1/103RECNX","RCNX1163.JPG","Nothing",1,"Species|Nothing"
"af16","People",2025-08-06 11:08:35,2025-08-06,"11:08:35",0,0,0,0,"E:/alexfraser_tagged/af16_nov1/100RECNX","RCNX0001.JPG","People",51,"Species|People"
"af16","People",2025-11-02 09:37:17,2025-11-02,"09:37:17",7600858,126681,2111.3,88,"E:/alexfraser_tagged/af16_nov1/103RECNX","RCNX1201.JPG","People",5,"Species|People"
"af16","Red fox",2025-09-09 20:00:07,2025-09-10,"20:00:07",0,0,0,0,"E:/alexfraser_tagged/af16_nov1/103RECNX","RCNX0698.JPG","Red fox",4,"Species|Red fox"
"af16","Red squirrel",2025-09-04 14:05:42,2025-09-04,"14:05:42",0,0,0,0,"E:/alexfraser_tagged/af16_nov1/103RECNX","RCNX0525.JPG","Red squirrel",1,"Species|Red squirrel"
"af16","Red squirrel",2025-10-04 18:43:56,2025-10-05,"18:43:56",2608694,43478.2,724.6,30.2,"E:/alexfraser_tagged/af16_nov1/103RECNX","RCNX0949.JPG","Red squirrel",1,"Species|Red squirrel"
"af16","Red squirrel",2025-10-05 07:51:47,2025-10-05,"07:51:47",47271,787.9,13.1,0.5,"E:/alexfraser_tagged/af16_nov1/103RECNX","RCNX0950.JPG","Red squirrel",2,"Species|Red squirrel"
"af16","Red squirrel",2025-10-15 11:36:42,2025-10-15,"11:36:42",877489,14624.8,243.7,10.2,"E:/alexfraser_tagged/af16_nov1/103RECNX","RCNX0987.JPG","Red squirrel",6,"Species|Red squirrel"
"af17","Bird",2025-08-26 18:09:24,2025-08-27,"18:09:24",0,0,0,0,"E:/alexfraser_tagged/af17_nov1/102RECNX","RCNX0138.JPG","Bird",1,"Species|Bird"
"af17","Bird",2025-09-20 19:00:08,2025-09-21,"19:00:08",2163044,36050.7,600.8,25,"E:/alexfraser_tagged/af17_nov1/102RECNX","RCNX0226.JPG","Bird",7,"Species|Bird"
"af17","Bird",2025-09-22 18:52:31,2025-09-23,"18:52:31",172335,2872.2,47.9,2,"E:/alexfraser_tagged/af17_nov1/102RECNX","RCNX0245.JPG","Bird",5,"Species|Bird"
"af17","Bird",2025-10-17 18:15:39,2025-10-18,"18:15:39",2157779,35963,599.4,25,"E:/alexfraser_tagged/af17_nov1/102RECNX","RCNX0339.JPG","Bird",1,"Species|Bird"
"af17","Black bear",2025-08-11 11:29:56,2025-08-11,"11:29:56",0,0,0,0,"E:/alexfraser_tagged/af17_nov1/102RECNX","RCNX0007.JPG","Black bear",4,"Species|Black bear"
"af17","Black bear",2025-08-13 11:24:51,2025-08-13,"11:24:51",172488,2874.8,47.9,2,"E:/alexfraser_tagged/af17_nov1/102RECNX","RCNX0017.JPG","Black bear",4,"Species|Black bear"
"af17","Black bear",2025-08-13 14:57:03,2025-08-13,"14:57:03",12728,212.1,3.5,0.1,"E:/alexfraser_tagged/af17_nov1/102RECNX","RCNX0021.JPG","Black bear",22,"Species|Black bear"
"af17","Black bear",2025-08-15 15:30:41,2025-08-15,"15:30:41",174785,2913.1,48.6,2,"E:/alexfraser_tagged/af17_nov1/102RECNX","RCNX0050.JPG","Black bear",17,"Species|Black bear"
"af17","Black bear",2025-08-22 14:47:05,2025-08-22,"14:47:05",602160,10036,167.3,7,"E:/alexfraser_tagged/af17_nov1/102RECNX","RCNX0104.JPG","Black bear",4,"Species|Black bear"
"af17","Black bear",2025-08-24 12:20:24,2025-08-24,"12:20:24",163994,2733.2,45.6,1.9,"E:/alexfraser_tagged/af17_nov1/102RECNX","RCNX0118.JPG","Black bear",11,"Species|Black bear"
"af17","Black bear",2025-09-09 12:44:42,2025-09-09,"12:44:42",1383800,23063.3,384.4,16,"E:/alexfraser_tagged/af17_nov1/102RECNX","RCNX0198.JPG","Black bear",3,"Species|Black bear"
"af17","Black bear",2025-10-08 19:18:59,2025-10-09,"19:18:59",2529253,42154.2,702.6,29.3,"E:/alexfraser_tagged/af17_nov1/102RECNX","RCNX0298.JPG","Black bear",6,"Species|Black bear"
"af17","Black bear",2025-10-09 09:52:53,2025-10-09,"09:52:53",52429,873.8,14.6,0.6,"E:/alexfraser_tagged/af17_nov1/102RECNX","RCNX0304.JPG","Black bear",1,"Species|Black bear"
"af17","Black bear",2025-10-10 12:42:23,2025-10-10,"12:42:23",96570,1609.5,26.8,1.1,"E:/alexfraser_tagged/af17_nov1/102RECNX","RCNX0307.JPG","Black bear",6,"Species|Black bear"
"af17","Canada Lynx",2025-10-31 15:28:42,2025-10-31,"15:28:42",0,0,0,0,"E:/alexfraser_tagged/af17_nov1/102RECNX","RCNX0396.JPG","Canada Lynx",5,"Species|Canada Lynx"
"af17","Marten",2025-08-14 06:18:43,2025-08-14,"06:18:43",0,0,0,0,"E:/alexfraser_tagged/af17_nov1/102RECNX","RCNX0047.JPG","Marten",3,"Species|Marten"
"af17","Mule deer",2025-10-17 08:01:59,2025-10-17,"08:01:59",0,0,0,0,"E:/alexfraser_tagged/af17_nov1/102RECNX","RCNX0327.JPG","Mule deer",11,"Species|Mule deer"
"af17","Mule deer",2025-10-30 16:07:50,2025-10-30,"16:07:50",1152301,19205,320.1,13.3,"E:/alexfraser_tagged/af17_nov1/102RECNX","RCNX0384.JPG","Mule deer",6,"Species|Mule deer"
"af17","Nothing",2025-08-08 11:45:51,2025-08-08,"11:45:51",0,0,0,0,"E:/alexfraser_tagged/af17_nov1/102RECNX","RCNX0001.JPG","Nothing",1,"Species|Nothing"
"af17","Nothing",2025-08-11 18:57:47,2025-08-12,"18:57:47",285116,4751.9,79.2,3.3,"E:/alexfraser_tagged/af17_nov1/102RECNX","RCNX0011.JPG","Nothing",1,"Species|Nothing"
"af17","Nothing",2025-08-11 20:30:08,2025-08-12,"20:30:08",5541,92.3,1.5,0.1,"E:/alexfraser_tagged/af17_nov1/102RECNX","RCNX0012.JPG","Nothing",1,"Species|Nothing"
"af17","Nothing",2025-08-13 08:33:27,2025-08-13,"08:33:27",129799,2163.3,36.1,1.5,"E:/alexfraser_tagged/af17_nov1/102RECNX","RCNX0016.JPG","Nothing",1,"Species|Nothing"
"af17","Nothing",2025-08-16 11:11:55,2025-08-16,"11:11:55",268708,4478.5,74.6,3.1,"E:/alexfraser_tagged/af17_nov1/102RECNX","RCNX0067.JPG","Nothing",1,"Species|Nothing"
"af17","Nothing",2025-08-22 11:33:31,2025-08-22,"11:33:31",519696,8661.6,144.4,6,"E:/alexfraser_tagged/af17_nov1/102RECNX","RCNX0102.JPG","Nothing",2,"Species|Nothing"
"af17","Nothing",2025-08-23 14:39:33,2025-08-23,"14:39:33",97561,1626,27.1,1.1,"E:/alexfraser_tagged/af17_nov1/102RECNX","RCNX0114.JPG","Nothing",1,"Species|Nothing"
"af17","Nothing",2025-08-25 00:20:22,2025-08-25,"00:20:22",121249,2020.8,33.7,1.4,"E:/alexfraser_tagged/af17_nov1/102RECNX","RCNX0134.JPG","Nothing",1,"Species|Nothing"
"af17","Nothing",2025-08-25 18:06:45,2025-08-26,"18:06:45",63983,1066.4,17.8,0.7,"E:/alexfraser_tagged/af17_nov1/102RECNX","RCNX0135.JPG","Nothing",1,"Species|Nothing"
"af17","Nothing",2025-08-26 11:01:41,2025-08-26,"11:01:41",60896,1014.9,16.9,0.7,"E:/alexfraser_tagged/af17_nov1/102RECNX","RCNX0136.JPG","Nothing",1,"Species|Nothing"
"af17","Nothing",2025-08-26 18:09:23,2025-08-27,"18:09:23",25662,427.7,7.1,0.3,"E:/alexfraser_tagged/af17_nov1/102RECNX","RCNX0137.JPG","Nothing",1,"Species|Nothing"
"af17","Nothing",2025-08-29 19:19:46,2025-08-30,"19:19:46",263423,4390.4,73.2,3.1,"E:/alexfraser_tagged/af17_nov1/102RECNX","RCNX0143.JPG","Nothing",1,"Species|Nothing"
"af17","Nothing",2025-08-31 08:27:43,2025-08-31,"08:27:43",133677,2227.9,37.1,1.5,"E:/alexfraser_tagged/af17_nov1/102RECNX","RCNX0144.JPG","Nothing",1,"Species|Nothing"
"af17","Nothing",2025-09-02 21:34:52,2025-09-03,"21:34:52",220029,3667.2,61.1,2.5,"E:/alexfraser_tagged/af17_nov1/102RECNX","RCNX0150.JPG","Nothing",2,"Species|Nothing"
"af17","Nothing",2025-09-03 08:32:47,2025-09-03,"08:32:47",39410,656.8,10.9,0.5,"E:/alexfraser_tagged/af17_nov1/102RECNX","RCNX0166.JPG","Nothing",1,"Species|Nothing"
"af17","Nothing",2025-09-03 10:11:59,2025-09-03,"10:11:59",5952,99.2,1.7,0.1,"E:/alexfraser_tagged/af17_nov1/102RECNX","RCNX0167.JPG","Nothing",1,"Species|Nothing"
"af17","Nothing",2025-09-03 12:24:16,2025-09-03,"12:24:16",7937,132.3,2.2,0.1,"E:/alexfraser_tagged/af17_nov1/102RECNX","RCNX0168.JPG","Nothing",2,"Species|Nothing"
"af17","Nothing",2025-09-04 21:36:09,2025-09-05,"21:36:09",119512,1991.9,33.2,1.4,"E:/alexfraser_tagged/af17_nov1/102RECNX","RCNX0170.JPG","Nothing",1,"Species|Nothing"
"af17","Nothing",2025-09-05 16:46:47,2025-09-05,"16:46:47",69038,1150.6,19.2,0.8,"E:/alexfraser_tagged/af17_nov1/102RECNX","RCNX0171.JPG","Nothing",1,"Species|Nothing"
"af17","Nothing",2025-09-05 19:08:35,2025-09-06,"19:08:35",8508,141.8,2.4,0.1,"E:/alexfraser_tagged/af17_nov1/102RECNX","RCNX0172.JPG","Nothing",1,"Species|Nothing"
"af17","Nothing",2025-09-05 20:59:19,2025-09-06,"20:59:19",6644,110.7,1.8,0.1,"E:/alexfraser_tagged/af17_nov1/102RECNX","RCNX0190.JPG","Nothing",1,"Species|Nothing"
"af17","Nothing",2025-09-06 14:45:39,2025-09-06,"14:45:39",63980,1066.3,17.8,0.7,"E:/alexfraser_tagged/af17_nov1/102RECNX","RCNX0191.JPG","Nothing",1,"Species|Nothing"
"af17","Nothing",2025-09-06 20:49:55,2025-09-07,"20:49:55",21856,364.3,6.1,0.3,"E:/alexfraser_tagged/af17_nov1/102RECNX","RCNX0192.JPG","Nothing",1,"Species|Nothing"
"af17","Nothing",2025-09-07 10:35:02,2025-09-07,"10:35:02",49507,825.1,13.8,0.6,"E:/alexfraser_tagged/af17_nov1/102RECNX","RCNX0193.JPG","Nothing",1,"Species|Nothing"
"af17","Nothing",2025-09-07 16:26:45,2025-09-07,"16:26:45",21103,351.7,5.9,0.2,"E:/alexfraser_tagged/af17_nov1/102RECNX","RCNX0194.JPG","Nothing",1,"Species|Nothing"
"af17","Nothing",2025-09-08 11:50:45,2025-09-08,"11:50:45",69840,1164,19.4,0.8,"E:/alexfraser_tagged/af17_nov1/102RECNX","RCNX0196.JPG","Nothing",1,"Species|Nothing"
"af17","Nothing",2025-09-09 09:21:16,2025-09-09,"09:21:16",77431,1290.5,21.5,0.9,"E:/alexfraser_tagged/af17_nov1/102RECNX","RCNX0197.JPG","Nothing",1,"Species|Nothing"
"af17","Nothing",2025-09-09 13:09:15,2025-09-09,"13:09:15",13679,228,3.8,0.2,"E:/alexfraser_tagged/af17_nov1/102RECNX","RCNX0201.JPG","Nothing",1,"Species|Nothing"
"af17","Nothing",2025-09-10 11:03:07,2025-09-10,"11:03:07",78832,1313.9,21.9,0.9,"E:/alexfraser_tagged/af17_nov1/102RECNX","RCNX0205.JPG","Nothing",1,"Species|Nothing"
"af17","Nothing",2025-09-10 14:03:53,2025-09-10,"14:03:53",10846,180.8,3,0.1,"E:/alexfraser_tagged/af17_nov1/102RECNX","RCNX0206.JPG","Nothing",1,"Species|Nothing"
"af17","Nothing",2025-09-11 10:55:55,2025-09-11,"10:55:55",75122,1252,20.9,0.9,"E:/alexfraser_tagged/af17_nov1/102RECNX","RCNX0208.JPG","Nothing",1,"Species|Nothing"
"af17","Nothing",2025-09-11 18:14:24,2025-09-12,"18:14:24",26309,438.5,7.3,0.3,"E:/alexfraser_tagged/af17_nov1/102RECNX","RCNX0209.JPG","Nothing",1,"Species|Nothing"
"af17","Nothing",2025-09-15 09:55:27,2025-09-15,"09:55:27",315663,5261,87.7,3.7,"E:/alexfraser_tagged/af17_nov1/102RECNX","RCNX0212.JPG","Nothing",1,"Species|Nothing"
"af17","Nothing",2025-09-16 11:01:40,2025-09-16,"11:01:40",90373,1506.2,25.1,1,"E:/alexfraser_tagged/af17_nov1/102RECNX","RCNX0216.JPG","Nothing",1,"Species|Nothing"
"af17","Nothing",2025-09-18 13:52:57,2025-09-18,"13:52:57",183077,3051.3,50.9,2.1,"E:/alexfraser_tagged/af17_nov1/102RECNX","RCNX0223.JPG","Nothing",1,"Species|Nothing"
"af17","Nothing",2025-09-19 09:11:28,2025-09-19,"09:11:28",69511,1158.5,19.3,0.8,"E:/alexfraser_tagged/af17_nov1/102RECNX","RCNX0224.JPG","Nothing",1,"Species|Nothing"
"af17","Nothing",2025-09-19 11:01:49,2025-09-19,"11:01:49",6621,110.3,1.8,0.1,"E:/alexfraser_tagged/af17_nov1/102RECNX","RCNX0225.JPG","Nothing",1,"Species|Nothing"
"af17","Nothing",2025-09-21 08:12:26,2025-09-21,"08:12:26",162637,2710.6,45.2,1.9,"E:/alexfraser_tagged/af17_nov1/102RECNX","RCNX0235.JPG","Nothing",1,"Species|Nothing"
"af17","Nothing",2025-09-22 06:58:00,2025-09-22,"06:58:00",81934,1365.6,22.8,1,"E:/alexfraser_tagged/af17_nov1/102RECNX","RCNX0237.JPG","Nothing",1,"Species|Nothing"
"af17","Nothing",2025-09-22 09:34:00,2025-09-22,"09:34:00",9360,156,2.6,0.1,"E:/alexfraser_tagged/af17_nov1/102RECNX","RCNX0241.JPG","Nothing",1,"Species|Nothing"
"af17","Nothing",2025-09-22 09:55:46,2025-09-22,"09:55:46",1306,21.8,0.4,0,"E:/alexfraser_tagged/af17_nov1/102RECNX","RCNX0243.JPG","Nothing",1,"Species|Nothing"
"af17","Nothing",2025-09-22 18:54:41,2025-09-23,"18:54:41",32335,538.9,9,0.4,"E:/alexfraser_tagged/af17_nov1/102RECNX","RCNX0250.JPG","Nothing",3,"Species|Nothing"
"af17","Nothing",2025-09-25 01:10:27,2025-09-25,"01:10:27",195344,3255.7,54.3,2.3,"E:/alexfraser_tagged/af17_nov1/102RECNX","RCNX0267.JPG","Nothing",1,"Species|Nothing"
"af17","Nothing",2025-09-25 19:24:12,2025-09-26,"19:24:12",65625,1093.8,18.2,0.8,"E:/alexfraser_tagged/af17_nov1/102RECNX","RCNX0269.JPG","Nothing",1,"Species|Nothing"
"af17","Nothing",2025-09-28 10:48:46,2025-09-28,"10:48:46",228274,3804.6,63.4,2.6,"E:/alexfraser_tagged/af17_nov1/102RECNX","RCNX0278.JPG","Nothing",1,"Species|Nothing"
"af17","Nothing",2025-09-28 12:48:51,2025-09-28,"12:48:51",7205,120.1,2,0.1,"E:/alexfraser_tagged/af17_nov1/102RECNX","RCNX0279.JPG","Nothing",1,"Species|Nothing"
"af17","Nothing",2025-10-02 11:34:25,2025-10-02,"11:34:25",341134,5685.6,94.8,3.9,"E:/alexfraser_tagged/af17_nov1/102RECNX","RCNX0287.JPG","Nothing",1,"Species|Nothing"
"af17","Nothing",2025-10-03 02:21:46,2025-10-03,"02:21:46",53241,887.4,14.8,0.6,"E:/alexfraser_tagged/af17_nov1/102RECNX","RCNX0288.JPG","Nothing",1,"Species|Nothing"
"af17","Nothing",2025-10-03 08:28:57,2025-10-03,"08:28:57",22031,367.2,6.1,0.3,"E:/alexfraser_tagged/af17_nov1/102RECNX","RCNX0289.JPG","Nothing",1,"Species|Nothing"
"af17","Nothing",2025-10-05 07:25:14,2025-10-05,"07:25:14",168977,2816.3,46.9,2,"E:/alexfraser_tagged/af17_nov1/102RECNX","RCNX0291.JPG","Nothing",1,"Species|Nothing"
"af17","Nothing",2025-10-07 17:57:17,2025-10-08,"17:57:17",210723,3512.1,58.5,2.4,"E:/alexfraser_tagged/af17_nov1/102RECNX","RCNX0294.JPG","Nothing",1,"Species|Nothing"
"af17","Nothing",2025-10-08 10:34:07,2025-10-08,"10:34:07",59810,996.8,16.6,0.7,"E:/alexfraser_tagged/af17_nov1/102RECNX","RCNX0297.JPG","Nothing",1,"Species|Nothing"
"af17","Nothing",2025-10-10 14:24:13,2025-10-10,"14:24:13",186606,3110.1,51.8,2.2,"E:/alexfraser_tagged/af17_nov1/102RECNX","RCNX0313.JPG","Nothing",1,"Species|Nothing"
"af17","Nothing",2025-10-13 11:33:29,2025-10-13,"11:33:29",248956,4149.3,69.2,2.9,"E:/alexfraser_tagged/af17_nov1/102RECNX","RCNX0316.JPG","Nothing",1,"Species|Nothing"
"af17","Nothing",2025-10-15 15:22:17,2025-10-15,"15:22:17",186528,3108.8,51.8,2.2,"E:/alexfraser_tagged/af17_nov1/102RECNX","RCNX0322.JPG","Nothing",3,"Species|Nothing"
"af17","Nothing",2025-10-17 12:03:16,2025-10-17,"12:03:16",160848,2680.8,44.7,1.9,"E:/alexfraser_tagged/af17_nov1/102RECNX","RCNX0338.JPG","Nothing",1,"Species|Nothing"
"af17","Nothing",2025-10-19 10:00:29,2025-10-19,"10:00:29",165433,2757.2,46,1.9,"E:/alexfraser_tagged/af17_nov1/102RECNX","RCNX0340.JPG","Nothing",1,"Species|Nothing"
"af17","Nothing",2025-10-19 13:13:29,2025-10-19,"13:13:29",11580,193,3.2,0.1,"E:/alexfraser_tagged/af17_nov1/102RECNX","RCNX0342.JPG","Nothing",1,"Species|Nothing"
"af17","Nothing",2025-10-20 09:06:01,2025-10-20,"09:06:01",71552,1192.5,19.9,0.8,"E:/alexfraser_tagged/af17_nov1/102RECNX","RCNX0349.JPG","Nothing",1,"Species|Nothing"
"af17","Nothing",2025-10-21 03:14:16,2025-10-21,"03:14:16",65295,1088.2,18.1,0.8,"E:/alexfraser_tagged/af17_nov1/102RECNX","RCNX0351.JPG","Nothing",1,"Species|Nothing"
"af17","Nothing",2025-10-21 15:04:07,2025-10-21,"15:04:07",42591,709.9,11.8,0.5,"E:/alexfraser_tagged/af17_nov1/102RECNX","RCNX0352.JPG","Nothing",1,"Species|Nothing"
"af17","People",2025-08-06 13:35:07,2025-08-06,"13:35:07",0,0,0,0,"E:/alexfraser_tagged/af17_nov1/100RECNX","RCNX0001.JPG","People",39,"Species|People"
"af17","People",2025-11-01 09:55:47,2025-11-01,"09:55:47",7503484,125058.1,2084.3,86.8,"E:/alexfraser_tagged/af17_nov1/102RECNX","RCNX0402.JPG","People",14,"Species|People"
"af17","People",2025-11-01 10:02:56,2025-11-01,"10:02:56",406,6.8,0.1,0,"E:/alexfraser_tagged/af17_nov1/102RECNX","RCNX0417.JPG","People",6,"Species|People"
"af17","People",2025-11-01 10:22:19,2025-11-01,"10:22:19",1142,19,0.3,0,"E:/alexfraser_tagged/af17_nov1/102RECNX","RCNX0423.JPG","People",14,"Species|People"
"af17","People",2025-11-01 10:45:30,2025-11-01,"10:45:30",983,16.4,0.3,0,"E:/alexfraser_tagged/af17_nov1/102RECNX","RCNX0437.JPG","People",6,"Species|People"
"af17","People",2025-11-01 11:04:10,2025-11-01,"11:04:10",717,11.9,0.2,0,"E:/alexfraser_tagged/af17_nov1/102RECNX","RCNX0443.JPG","People",5,"Species|People"
"af17","People",2025-11-01 11:11:02,2025-11-01,"11:11:02",382,6.4,0.1,0,"E:/alexfraser_tagged/af17_nov1/102RECNX","RCNX0448.JPG","People",22,"Species|People"
"af17","People",2025-11-14 12:20:40,2025-11-14,"12:20:40",1130906,18848.4,314.1,13.1,"E:/alexfraser_tagged/af17_nov1/102RECNX","RCNX0470.JPG","People",3,"Species|People"
"af17","Red squirrel",2025-08-13 06:53:51,2025-08-13,"06:53:51",0,0,0,0,"E:/alexfraser_tagged/af17_nov1/102RECNX","RCNX0013.JPG","Red squirrel",1,"Species|Red squirrel"
"af17","Red squirrel",2025-08-13 07:01:38,2025-08-13,"07:01:38",467,7.8,0.1,0,"E:/alexfraser_tagged/af17_nov1/102RECNX","RCNX0014.JPG","Red squirrel",2,"Species|Red squirrel"
"af17","Red squirrel",2025-08-13 20:06:49,2025-08-14,"20:06:49",47110,785.2,13.1,0.5,"E:/alexfraser_tagged/af17_nov1/102RECNX","RCNX0043.JPG","Red squirrel",1,"Species|Red squirrel"
"af17","Red squirrel",2025-08-18 07:47:07,2025-08-18,"07:47:07",387618,6460.3,107.7,4.5,"E:/alexfraser_tagged/af17_nov1/102RECNX","RCNX0068.JPG","Red squirrel",1,"Species|Red squirrel"
"af17","Red squirrel",2025-08-19 06:28:39,2025-08-19,"06:28:39",81692,1361.5,22.7,0.9,"E:/alexfraser_tagged/af17_nov1/102RECNX","RCNX0069.JPG","Red squirrel",2,"Species|Red squirrel"
"af17","Red squirrel",2025-08-19 07:40:21,2025-08-19,"07:40:21",4300,71.7,1.2,0,"E:/alexfraser_tagged/af17_nov1/102RECNX","RCNX0071.JPG","Red squirrel",1,"Species|Red squirrel"
"af17","Red squirrel",2025-08-22 16:36:05,2025-08-22,"16:36:05",291344,4855.7,80.9,3.4,"E:/alexfraser_tagged/af17_nov1/102RECNX","RCNX0108.JPG","Red squirrel",1,"Species|Red squirrel"
"af17","Red squirrel",2025-08-23 06:03:50,2025-08-23,"06:03:50",48465,807.8,13.5,0.6,"E:/alexfraser_tagged/af17_nov1/102RECNX","RCNX0109.JPG","Red squirrel",2,"Species|Red squirrel"
"af17","Red squirrel",2025-08-23 11:36:46,2025-08-23,"11:36:46",19974,332.9,5.5,0.2,"E:/alexfraser_tagged/af17_nov1/102RECNX","RCNX0111.JPG","Red squirrel",3,"Species|Red squirrel"
"af17","Red squirrel",2025-08-23 17:46:51,2025-08-24,"17:46:51",22200,370,6.2,0.3,"E:/alexfraser_tagged/af17_nov1/102RECNX","RCNX0115.JPG","Red squirrel",2,"Species|Red squirrel"
"af17","Red squirrel",2025-08-31 09:50:31,2025-08-31,"09:50:31",662617,11043.6,184.1,7.7,"E:/alexfraser_tagged/af17_nov1/102RECNX","RCNX0145.JPG","Red squirrel",1,"Species|Red squirrel"
"af17","Red squirrel",2025-09-11 09:28:55,2025-09-11,"09:28:55",949104,15818.4,263.6,11,"E:/alexfraser_tagged/af17_nov1/102RECNX","RCNX0207.JPG","Red squirrel",1,"Species|Red squirrel"
"af17","Red squirrel",2025-09-12 12:27:44,2025-09-12,"12:27:44",97129,1618.8,27,1.1,"E:/alexfraser_tagged/af17_nov1/102RECNX","RCNX0210.JPG","Red squirrel",2,"Species|Red squirrel"
"af17","Red squirrel",2025-09-16 12:12:23,2025-09-16,"12:12:23",344678,5744.6,95.7,4,"E:/alexfraser_tagged/af17_nov1/102RECNX","RCNX0217.JPG","Red squirrel",1,"Species|Red squirrel"
"af17","Red squirrel",2025-09-18 06:15:46,2025-09-18,"06:15:46",151403,2523.4,42.1,1.8,"E:/alexfraser_tagged/af17_nov1/102RECNX","RCNX0218.JPG","Red squirrel",2,"Species|Red squirrel"
"af17","Red squirrel",2025-09-21 17:55:48,2025-09-22,"17:55:48",301201,5020,83.7,3.5,"E:/alexfraser_tagged/af17_nov1/102RECNX","RCNX0236.JPG","Red squirrel",1,"Species|Red squirrel"
"af17","Red squirrel",2025-09-22 07:18:38,2025-09-22,"07:18:38",48170,802.8,13.4,0.6,"E:/alexfraser_tagged/af17_nov1/102RECNX","RCNX0238.JPG","Red squirrel",1,"Species|Red squirrel"
"af17","Red squirrel",2025-09-22 07:45:24,2025-09-22,"07:45:24",1606,26.8,0.4,0,"E:/alexfraser_tagged/af17_nov1/102RECNX","RCNX0239.JPG","Red squirrel",2,"Species|Red squirrel"
"af17","Red squirrel",2025-09-22 09:55:45,2025-09-22,"09:55:45",7814,130.2,2.2,0.1,"E:/alexfraser_tagged/af17_nov1/102RECNX","RCNX0242.JPG","Red squirrel",1,"Species|Red squirrel"
"af17","Red squirrel",2025-09-22 18:04:20,2025-09-23,"18:04:20",29315,488.6,8.1,0.3,"E:/alexfraser_tagged/af17_nov1/102RECNX","RCNX0244.JPG","Red squirrel",1,"Species|Red squirrel"
"af17","Red squirrel",2025-09-23 07:08:25,2025-09-23,"07:08:25",47045,784.1,13.1,0.5,"E:/alexfraser_tagged/af17_nov1/102RECNX","RCNX0253.JPG","Red squirrel",2,"Species|Red squirrel"
"af17","Red squirrel",2025-09-23 07:19:01,2025-09-23,"07:19:01",634,10.6,0.2,0,"E:/alexfraser_tagged/af17_nov1/102RECNX","RCNX0255.JPG","Red squirrel",2,"Species|Red squirrel"
"af17","Red squirrel",2025-09-23 10:40:03,2025-09-23,"10:40:03",12057,200.9,3.3,0.1,"E:/alexfraser_tagged/af17_nov1/102RECNX","RCNX0257.JPG","Red squirrel",1,"Species|Red squirrel"
"af17","Red squirrel",2025-09-23 15:19:34,2025-09-23,"15:19:34",16771,279.5,4.7,0.2,"E:/alexfraser_tagged/af17_nov1/102RECNX","RCNX0258.JPG","Red squirrel",2,"Species|Red squirrel"
"af17","Red squirrel",2025-09-24 06:39:14,2025-09-24,"06:39:14",55179,919.6,15.3,0.6,"E:/alexfraser_tagged/af17_nov1/102RECNX","RCNX0260.JPG","Red squirrel",3,"Species|Red squirrel"
"af17","Red squirrel",2025-09-24 10:40:14,2025-09-24,"10:40:14",14458,241,4,0.2,"E:/alexfraser_tagged/af17_nov1/102RECNX","RCNX0263.JPG","Red squirrel",2,"Species|Red squirrel"
"af17","Red squirrel",2025-09-24 19:03:13,2025-09-25,"19:03:13",30171,502.9,8.4,0.4,"E:/alexfraser_tagged/af17_nov1/102RECNX","RCNX0265.JPG","Red squirrel",2,"Species|Red squirrel"
"af17","Red squirrel",2025-09-25 06:47:11,2025-09-25,"06:47:11",42233,703.9,11.7,0.5,"E:/alexfraser_tagged/af17_nov1/102RECNX","RCNX0268.JPG","Red squirrel",1,"Species|Red squirrel"
"af17","Red squirrel",2025-09-26 06:51:09,2025-09-26,"06:51:09",86638,1444,24.1,1,"E:/alexfraser_tagged/af17_nov1/102RECNX","RCNX0270.JPG","Red squirrel",2,"Species|Red squirrel"
"af17","Red squirrel",2025-09-26 08:19:50,2025-09-26,"08:19:50",5320,88.7,1.5,0.1,"E:/alexfraser_tagged/af17_nov1/102RECNX","RCNX0272.JPG","Red squirrel",1,"Species|Red squirrel"
"af17","Red squirrel",2025-09-26 14:39:59,2025-09-26,"14:39:59",22809,380.1,6.3,0.3,"E:/alexfraser_tagged/af17_nov1/102RECNX","RCNX0273.JPG","Red squirrel",1,"Species|Red squirrel"
"af17","Red squirrel",2025-09-28 08:01:00,2025-09-28,"08:01:00",148861,2481,41.4,1.7,"E:/alexfraser_tagged/af17_nov1/102RECNX","RCNX0274.JPG","Red squirrel",3,"Species|Red squirrel"
"af17","Red squirrel",2025-09-28 10:16:59,2025-09-28,"10:16:59",8131,135.5,2.3,0.1,"E:/alexfraser_tagged/af17_nov1/102RECNX","RCNX0277.JPG","Red squirrel",1,"Species|Red squirrel"
"af17","Red squirrel",2025-09-29 10:00:15,2025-09-29,"10:00:15",85396,1423.3,23.7,1,"E:/alexfraser_tagged/af17_nov1/102RECNX","RCNX0280.JPG","Red squirrel",1,"Species|Red squirrel"
"af17","Red squirrel",2025-09-30 06:58:14,2025-09-30,"06:58:14",75479,1258,21,0.9,"E:/alexfraser_tagged/af17_nov1/102RECNX","RCNX0281.JPG","Red squirrel",3,"Species|Red squirrel"
"af17","Red squirrel",2025-10-01 10:56:22,2025-10-01,"10:56:22",100686,1678.1,28,1.2,"E:/alexfraser_tagged/af17_nov1/102RECNX","RCNX0285.JPG","Red squirrel",2,"Species|Red squirrel"
"af17","Red squirrel",2025-10-04 18:01:21,2025-10-05,"18:01:21",284698,4745,79.1,3.3,"E:/alexfraser_tagged/af17_nov1/102RECNX","RCNX0290.JPG","Red squirrel",1,"Species|Red squirrel"
"af17","Red squirrel",2025-10-05 09:22:43,2025-10-05,"09:22:43",55282,921.4,15.4,0.6,"E:/alexfraser_tagged/af17_nov1/102RECNX","RCNX0292.JPG","Red squirrel",1,"Species|Red squirrel"
"af17","Red squirrel",2025-10-06 06:51:24,2025-10-06,"06:51:24",77321,1288.7,21.5,0.9,"E:/alexfraser_tagged/af17_nov1/102RECNX","RCNX0293.JPG","Red squirrel",1,"Species|Red squirrel"
"af17","Red squirrel",2025-10-08 10:34:06,2025-10-08,"10:34:06",186162,3102.7,51.7,2.2,"E:/alexfraser_tagged/af17_nov1/102RECNX","RCNX0296.JPG","Red squirrel",1,"Species|Red squirrel"
"af17","Red squirrel",2025-10-09 10:49:08,2025-10-09,"10:49:08",87302,1455,24.2,1,"E:/alexfraser_tagged/af17_nov1/102RECNX","RCNX0305.JPG","Red squirrel",2,"Species|Red squirrel"
"af17","Red squirrel",2025-10-14 11:51:28,2025-10-14,"11:51:28",435660,7261,121,5,"E:/alexfraser_tagged/af17_nov1/102RECNX","RCNX0317.JPG","Red squirrel",3,"Species|Red squirrel"
"af17","Red squirrel",2025-10-15 15:22:19,2025-10-15,"15:22:19",99048,1650.8,27.5,1.1,"E:/alexfraser_tagged/af17_nov1/102RECNX","RCNX0323.JPG","Red squirrel",1,"Species|Red squirrel"
"af17","Red squirrel",2025-10-16 11:39:17,2025-10-16,"11:39:17",73018,1217,20.3,0.8,"E:/alexfraser_tagged/af17_nov1/102RECNX","RCNX0326.JPG","Red squirrel",1,"Species|Red squirrel"
"af17","Red squirrel",2025-10-19 10:49:07,2025-10-19,"10:49:07",256190,4269.8,71.2,3,"E:/alexfraser_tagged/af17_nov1/102RECNX","RCNX0341.JPG","Red squirrel",1,"Species|Red squirrel"
"af17","Red squirrel",2025-10-19 14:41:19,2025-10-19,"14:41:19",13932,232.2,3.9,0.2,"E:/alexfraser_tagged/af17_nov1/102RECNX","RCNX0343.JPG","Red squirrel",4,"Species|Red squirrel"
"af17","Red squirrel",2025-10-20 09:05:50,2025-10-20,"09:05:50",66267,1104.4,18.4,0.8,"E:/alexfraser_tagged/af17_nov1/102RECNX","RCNX0347.JPG","Red squirrel",2,"Species|Red squirrel"
"af17","Red squirrel",2025-10-22 16:42:40,2025-10-22,"16:42:40",200209,3336.8,55.6,2.3,"E:/alexfraser_tagged/af17_nov1/102RECNX","RCNX0353.JPG","Red squirrel",3,"Species|Red squirrel"
"af17","Red squirrel",2025-10-22 16:52:06,2025-10-22,"16:52:06",562,9.4,0.2,0,"E:/alexfraser_tagged/af17_nov1/102RECNX","RCNX0356.JPG","Red squirrel",3,"Species|Red squirrel"
"af17","Red squirrel",2025-10-24 01:34:17,2025-10-24,"01:34:17",117728,1962.1,32.7,1.4,"E:/alexfraser_tagged/af17_nov1/102RECNX","RCNX0359.JPG","Red squirrel",1,"Species|Red squirrel"
"af17","Red squirrel",2025-10-24 09:52:00,2025-10-24,"09:52:00",29863,497.7,8.3,0.3,"E:/alexfraser_tagged/af17_nov1/102RECNX","RCNX0360.JPG","Red squirrel",2,"Species|Red squirrel"
"af17","Red squirrel",2025-10-25 14:45:28,2025-10-25,"14:45:28",104007,1733.4,28.9,1.2,"E:/alexfraser_tagged/af17_nov1/102RECNX","RCNX0362.JPG","Red squirrel",1,"Species|Red squirrel"
"af17","Red squirrel",2025-10-27 09:08:37,2025-10-27,"09:08:37",152589,2543.2,42.4,1.8,"E:/alexfraser_tagged/af17_nov1/102RECNX","RCNX0363.JPG","Red squirrel",3,"Species|Red squirrel"
"af17","Red squirrel",2025-10-27 13:05:34,2025-10-27,"13:05:34",14201,236.7,3.9,0.2,"E:/alexfraser_tagged/af17_nov1/102RECNX","RCNX0366.JPG","Red squirrel",5,"Species|Red squirrel"
"af17","Red squirrel",2025-10-27 13:44:50,2025-10-27,"13:44:50",2346,39.1,0.7,0,"E:/alexfraser_tagged/af17_nov1/102RECNX","RCNX0371.JPG","Red squirrel",3,"Species|Red squirrel"
"af17","Red squirrel",2025-10-30 17:24:47,2025-10-31,"17:24:47",272389,4539.8,75.7,3.2,"E:/alexfraser_tagged/af17_nov1/102RECNX","RCNX0390.JPG","Red squirrel",2,"Species|Red squirrel"
"af17","Red squirrel",2025-10-31 09:13:45,2025-10-31,"09:13:45",56935,948.9,15.8,0.7,"E:/alexfraser_tagged/af17_nov1/102RECNX","RCNX0392.JPG","Red squirrel",4,"Species|Red squirrel"
"af17","Red squirrel",2025-10-31 16:26:41,2025-10-31,"16:26:41",25971,432.9,7.2,0.3,"E:/alexfraser_tagged/af17_nov1/102RECNX","RCNX0401.JPG","Red squirrel",1,"Species|Red squirrel"
"af17","Snowshoe hare",2025-08-09 03:05:08,2025-08-09,"03:05:08",0,0,0,0,"E:/alexfraser_tagged/af17_nov1/102RECNX","RCNX0002.JPG","Snowshoe hare",5,"Species|Snowshoe hare"
"af17","Snowshoe hare",2025-08-14 03:06:12,2025-08-14,"03:06:12",431878,7198,120,5,"E:/alexfraser_tagged/af17_nov1/102RECNX","RCNX0044.JPG","Snowshoe hare",1,"Species|Snowshoe hare"
"af17","Snowshoe hare",2025-08-14 03:26:40,2025-08-14,"03:26:40",1228,20.5,0.3,0,"E:/alexfraser_tagged/af17_nov1/102RECNX","RCNX0045.JPG","Snowshoe hare",2,"Species|Snowshoe hare"
"af17","Snowshoe hare",2025-08-19 22:27:43,2025-08-20,"22:27:43",500456,8340.9,139,5.8,"E:/alexfraser_tagged/af17_nov1/102RECNX","RCNX0072.JPG","Snowshoe hare",7,"Species|Snowshoe hare"
"af17","Snowshoe hare",2025-08-19 22:35:51,2025-08-20,"22:35:51",476,7.9,0.1,0,"E:/alexfraser_tagged/af17_nov1/102RECNX","RCNX0079.JPG","Snowshoe hare",2,"Species|Snowshoe hare"
"af17","Snowshoe hare",2025-08-19 22:45:18,2025-08-20,"22:45:18",565,9.4,0.2,0,"E:/alexfraser_tagged/af17_nov1/102RECNX","RCNX0082.JPG","Snowshoe hare",4,"Species|Snowshoe hare"
"af17","Snowshoe hare",2025-08-19 23:01:59,2025-08-20,"23:01:59",993,16.6,0.3,0,"E:/alexfraser_tagged/af17_nov1/102RECNX","RCNX0086.JPG","Snowshoe hare",5,"Species|Snowshoe hare"
"af17","Snowshoe hare",2025-08-19 23:27:40,2025-08-20,"23:27:40",1533,25.6,0.4,0,"E:/alexfraser_tagged/af17_nov1/102RECNX","RCNX0091.JPG","Snowshoe hare",2,"Species|Snowshoe hare"
"af17","Snowshoe hare",2025-08-20 21:50:17,2025-08-21,"21:50:17",80550,1342.5,22.4,0.9,"E:/alexfraser_tagged/af17_nov1/102RECNX","RCNX0093.JPG","Snowshoe hare",3,"Species|Snowshoe hare"
"af17","Snowshoe hare",2025-08-20 23:33:17,2025-08-21,"23:33:17",6175,102.9,1.7,0.1,"E:/alexfraser_tagged/af17_nov1/102RECNX","RCNX0096.JPG","Snowshoe hare",6,"Species|Snowshoe hare"
"af17","Snowshoe hare",2025-08-23 22:51:01,2025-08-24,"22:51:01",256578,4276.3,71.3,3,"E:/alexfraser_tagged/af17_nov1/102RECNX","RCNX0117.JPG","Snowshoe hare",1,"Species|Snowshoe hare"
"af17","Snowshoe hare",2025-08-24 22:04:51,2025-08-25,"22:04:51",83630,1393.8,23.2,1,"E:/alexfraser_tagged/af17_nov1/102RECNX","RCNX0132.JPG","Snowshoe hare",2,"Species|Snowshoe hare"
"af17","Snowshoe hare",2025-08-26 21:18:18,2025-08-27,"21:18:18",170006,2833.4,47.2,2,"E:/alexfraser_tagged/af17_nov1/102RECNX","RCNX0139.JPG","Snowshoe hare",2,"Species|Snowshoe hare"
"af17","Snowshoe hare",2025-09-01 22:44:32,2025-09-02,"22:44:32",523565,8726.1,145.4,6.1,"E:/alexfraser_tagged/af17_nov1/102RECNX","RCNX0146.JPG","Snowshoe hare",1,"Species|Snowshoe hare"
"af17","Snowshoe hare",2025-09-02 01:49:23,2025-09-02,"01:49:23",11091,184.8,3.1,0.1,"E:/alexfraser_tagged/af17_nov1/102RECNX","RCNX0147.JPG","Snowshoe hare",1,"Species|Snowshoe hare"
"af17","Snowshoe hare",2025-09-02 21:24:53,2025-09-03,"21:24:53",70530,1175.5,19.6,0.8,"E:/alexfraser_tagged/af17_nov1/102RECNX","RCNX0148.JPG","Snowshoe hare",1,"Species|Snowshoe hare"
"af17","Snowshoe hare",2025-09-02 21:32:00,2025-09-03,"21:32:00",427,7.1,0.1,0,"E:/alexfraser_tagged/af17_nov1/102RECNX","RCNX0149.JPG","Snowshoe hare",7,"Species|Snowshoe hare"
"af17","Snowshoe hare",2025-09-03 01:17:05,2025-09-03,"01:17:05",13254,220.9,3.7,0.2,"E:/alexfraser_tagged/af17_nov1/102RECNX","RCNX0159.JPG","Snowshoe hare",4,"Species|Snowshoe hare"
"af17","Snowshoe hare",2025-09-07 21:51:59,2025-09-08,"21:51:59",419690,6994.8,116.6,4.9,"E:/alexfraser_tagged/af17_nov1/102RECNX","RCNX0195.JPG","Snowshoe hare",1,"Species|Snowshoe hare"
"af17","Snowshoe hare",2025-09-09 20:04:46,2025-09-10,"20:04:46",166367,2772.8,46.2,1.9,"E:/alexfraser_tagged/af17_nov1/102RECNX","RCNX0202.JPG","Snowshoe hare",3,"Species|Snowshoe hare"
"af17","Snowshoe hare",2025-09-16 00:31:26,2025-09-16,"00:31:26",534397,8906.6,148.4,6.2,"E:/alexfraser_tagged/af17_nov1/102RECNX","RCNX0213.JPG","Snowshoe hare",3,"Species|Snowshoe hare"
"af17","Snowshoe hare",2025-09-30 20:26:09,2025-10-01,"20:26:09",1281281,21354.7,355.9,14.8,"E:/alexfraser_tagged/af17_nov1/102RECNX","RCNX0284.JPG","Snowshoe hare",1,"Species|Snowshoe hare"
"af17","Snowshoe hare",2025-10-11 19:35:31,2025-10-12,"19:35:31",947362,15789.4,263.2,11,"E:/alexfraser_tagged/af17_nov1/102RECNX","RCNX0314.JPG","Snowshoe hare",2,"Species|Snowshoe hare"
"af17","Snowshoe hare",2025-10-15 15:19:13,2025-10-15,"15:19:13",330221,5503.7,91.7,3.8,"E:/alexfraser_tagged/af17_nov1/102RECNX","RCNX0320.JPG","Snowshoe hare",2,"Species|Snowshoe hare"
"af17","Snowshoe hare",2025-10-21 02:52:31,2025-10-21,"02:52:31",473596,7893.3,131.6,5.5,"E:/alexfraser_tagged/af17_nov1/102RECNX","RCNX0350.JPG","Snowshoe hare",1,"Species|Snowshoe hare"
"af17","Striped Skunk",2025-08-24 21:33:44,2025-08-25,"21:33:44",0,0,0,0,"E:/alexfraser_tagged/af17_nov1/102RECNX","RCNX0129.JPG","Striped Skunk",3,"Species|Striped Skunk"
"af17","Striped Skunk",2025-09-21 05:27:14,2025-09-21,"05:27:14",2361208,39353.5,655.9,27.3,"E:/alexfraser_tagged/af17_nov1/102RECNX","RCNX0233.JPG","Striped Skunk",2,"Species|Striped Skunk"
"af17","Unknown",2025-10-08 06:49:30,2025-10-08,"06:49:30",0,0,0,0,"E:/alexfraser_tagged/af17_nov1/102RECNX","RCNX0295.JPG","Unknown",1,"Species|Unknown"
"af17","Wolf",2025-08-27 14:26:13,2025-08-27,"14:26:13",0,0,0,0,"E:/alexfraser_tagged/af17_nov1/102RECNX","RCNX0141.JPG","Wolf",2,"Species|Wolf"
"af17","Wolf",2025-09-03 07:42:21,2025-09-03,"07:42:21",580566,9676.1,161.3,6.7,"E:/alexfraser_tagged/af17_nov1/102RECNX","RCNX0163.JPG","Wolf",3,"Species|Wolf"
"af17","Wolf",2025-09-05 20:56:08,2025-09-06,"20:56:08",220425,3673.8,61.2,2.6,"E:/alexfraser_tagged/af17_nov1/102RECNX","RCNX0173.JPG","Wolf",17,"Species|Wolf"
"af17","Wolf",2025-09-18 10:07:39,2025-09-18,"10:07:39",1084207,18070.1,301.2,12.5,"E:/alexfraser_tagged/af17_nov1/102RECNX","RCNX0220.JPG","Wolf",3,"Species|Wolf"
"af17","Wolf",2025-10-28 00:28:16,2025-10-28,"00:28:16",3421235,57020.6,950.3,39.6,"E:/alexfraser_tagged/af17_nov1/102RECNX","RCNX0374.JPG","Wolf",7,"Species|Wolf"
"af17","Wolf",2025-10-28 00:35:14,2025-10-28,"00:35:14",411,6.8,0.1,0,"E:/alexfraser_tagged/af17_nov1/102RECNX","RCNX0381.JPG","Wolf",2,"Species|Wolf"
"af17","Wolf",2025-10-28 03:18:03,2025-10-28,"03:18:03",9767,162.8,2.7,0.1,"E:/alexfraser_tagged/af17_nov1/102RECNX","RCNX0383.JPG","Wolf",1,"Species|Wolf"
"af18","Bird",2025-08-11 18:52:14,2025-08-12,"18:52:14",0,0,0,0,"E:/alexfraser_tagged/af18_nov1/102RECNX","RCNX0121.JPG","Bird",7,"Species|Bird"
"af18","Bird",2025-08-19 17:01:57,2025-08-20,"17:01:57",684572,11409.5,190.2,7.9,"E:/alexfraser_tagged/af18_nov1/102RECNX","RCNX0157.JPG","Bird",3,"Species|Bird"
"af18","Bird",2025-08-23 09:40:48,2025-08-23,"09:40:48",319129,5318.8,88.6,3.7,"E:/alexfraser_tagged/af18_nov1/102RECNX","RCNX0175.JPG","Bird",8,"Species|Bird"
"af18","Bird",2025-08-23 09:46:55,2025-08-23,"09:46:55",345,5.8,0.1,0,"E:/alexfraser_tagged/af18_nov1/102RECNX","RCNX0183.JPG","Bird",3,"Species|Bird"
"af18","Bird",2025-08-24 12:40:22,2025-08-24,"12:40:22",96800,1613.3,26.9,1.1,"E:/alexfraser_tagged/af18_nov1/102RECNX","RCNX0190.JPG","Bird",1,"Species|Bird"
"af18","Bird",2025-08-25 09:56:40,2025-08-25,"09:56:40",76578,1276.3,21.3,0.9,"E:/alexfraser_tagged/af18_nov1/102RECNX","RCNX0200.JPG","Bird",1,"Species|Bird"
"af18","Bird",2025-08-28 06:38:39,2025-08-28,"06:38:39",247319,4122,68.7,2.9,"E:/alexfraser_tagged/af18_nov1/102RECNX","RCNX0208.JPG","Bird",2,"Species|Bird"
"af18","Bird",2025-09-04 08:19:02,2025-09-04,"08:19:02",610821,10180.4,169.7,7.1,"E:/alexfraser_tagged/af18_nov1/102RECNX","RCNX0246.JPG","Bird",4,"Species|Bird"
"af18","Bird",2025-09-08 10:46:15,2025-09-08,"10:46:15",354417,5907,98.4,4.1,"E:/alexfraser_tagged/af18_nov1/102RECNX","RCNX0256.JPG","Bird",1,"Species|Bird"
"af18","Bird",2025-09-10 08:11:03,2025-09-10,"08:11:03",163488,2724.8,45.4,1.9,"E:/alexfraser_tagged/af18_nov1/102RECNX","RCNX0261.JPG","Bird",1,"Species|Bird"
"af18","Bird",2025-09-10 15:04:21,2025-09-10,"15:04:21",24798,413.3,6.9,0.3,"E:/alexfraser_tagged/af18_nov1/102RECNX","RCNX0262.JPG","Bird",4,"Species|Bird"
"af18","Bird",2025-09-10 17:37:17,2025-09-11,"17:37:17",9173,152.9,2.5,0.1,"E:/alexfraser_tagged/af18_nov1/102RECNX","RCNX0266.JPG","Bird",13,"Species|Bird"
"af18","Bird",2025-09-12 07:28:09,2025-09-12,"07:28:09",136219,2270.3,37.8,1.6,"E:/alexfraser_tagged/af18_nov1/102RECNX","RCNX0294.JPG","Bird",1,"Species|Bird"
"af18","Bird",2025-09-12 07:39:15,2025-09-12,"07:39:15",666,11.1,0.2,0,"E:/alexfraser_tagged/af18_nov1/102RECNX","RCNX0295.JPG","Bird",4,"Species|Bird"
"af18","Bird",2025-09-20 08:46:49,2025-09-20,"08:46:49",695251,11587.5,193.1,8,"E:/alexfraser_tagged/af18_nov1/102RECNX","RCNX0793.JPG","Bird",5,"Species|Bird"
"af18","Bird",2025-09-26 18:58:58,2025-09-27,"18:58:58",555124,9252.1,154.2,6.4,"E:/alexfraser_tagged/af18_nov1/102RECNX","RCNX0804.JPG","Bird",5,"Species|Bird"
"af18","Bird",2025-10-03 15:30:14,2025-10-03,"15:30:14",592270,9871.2,164.5,6.9,"E:/alexfraser_tagged/af18_nov1/102RECNX","RCNX0837.JPG","Bird",3,"Species|Bird"
"af18","Bird",2025-10-09 09:43:32,2025-10-09,"09:43:32",497594,8293.2,138.2,5.8,"E:/alexfraser_tagged/af18_nov1/102RECNX","RCNX0869.JPG","Bird",5,"Species|Bird"
"af18","Bird",2025-10-10 12:24:02,2025-10-10,"12:24:02",96022,1600.4,26.7,1.1,"E:/alexfraser_tagged/af18_nov1/102RECNX","RCNX0876.JPG","Bird",1,"Species|Bird"
"af18","Bird",2025-10-10 12:44:51,2025-10-10,"12:44:51",1249,20.8,0.3,0,"E:/alexfraser_tagged/af18_nov1/102RECNX","RCNX0877.JPG","Bird",9,"Species|Bird"
"af18","Bird",2025-10-12 10:02:30,2025-10-12,"10:02:30",163038,2717.3,45.3,1.9,"E:/alexfraser_tagged/af18_nov1/102RECNX","RCNX0903.JPG","Bird",1,"Species|Bird"
"af18","Bird",2025-10-15 12:23:19,2025-10-15,"12:23:19",267649,4460.8,74.3,3.1,"E:/alexfraser_tagged/af18_nov1/102RECNX","RCNX0932.JPG","Bird",3,"Species|Bird"
"af18","Bird",2025-10-28 17:20:49,2025-10-29,"17:20:49",1141021,19017,317,13.2,"E:/alexfraser_tagged/af18_nov1/102RECNX","RCNX1045.JPG","Bird",1,"Species|Bird"
"af18","Black bear",2025-08-08 10:55:07,2025-08-08,"10:55:07",0,0,0,0,"E:/alexfraser_tagged/af18_nov1/102RECNX","RCNX0010.JPG","Black bear",73,"Species|Black bear"
"af18","Cattle",2025-09-13 07:05:24,2025-09-13,"07:05:24",0,0,0,0,"E:/alexfraser_tagged/af18_nov1/102RECNX","RCNX0305.JPG","Cattle",17,"Species|Cattle"
"af18","Cattle",2025-09-13 09:55:02,2025-09-13,"09:55:02",10157,169.3,2.8,0.1,"E:/alexfraser_tagged/af18_nov1/102RECNX","RCNX0323.JPG","Cattle",5,"Species|Cattle"
"af18","Cattle",2025-09-14 14:27:25,2025-09-14,"14:27:25",102738,1712.3,28.5,1.2,"E:/alexfraser_tagged/af18_nov1/102RECNX","RCNX0331.JPG","Cattle",98,"Species|Cattle"
"af18","Cattle",2025-09-14 15:02:08,2025-09-14,"15:02:08",1457,24.3,0.4,0,"E:/alexfraser_tagged/af18_nov1/102RECNX","RCNX0435.JPG","Cattle",32,"Species|Cattle"
"af18","Cattle",2025-09-14 15:21:12,2025-09-14,"15:21:12",943,15.7,0.3,0,"E:/alexfraser_tagged/af18_nov1/102RECNX","RCNX0468.JPG","Cattle",180,"Species|Cattle"
"af18","Cattle",2025-09-14 15:50:39,2025-09-14,"15:50:39",304,5.1,0.1,0,"E:/alexfraser_tagged/af18_nov1/102RECNX","RCNX0665.JPG","Cattle",32,"Species|Cattle"
"af18","Cattle",2025-09-14 16:03:28,2025-09-14,"16:03:28",313,5.2,0.1,0,"E:/alexfraser_tagged/af18_nov1/102RECNX","RCNX0699.JPG","Cattle",63,"Species|Cattle"
"af18","Cattle",2025-09-14 16:47:14,2025-09-14,"16:47:14",1844,30.7,0.5,0,"E:/alexfraser_tagged/af18_nov1/102RECNX","RCNX0766.JPG","Cattle",17,"Species|Cattle"
"af18","Flying squirrel",2025-10-14 20:40:33,2025-10-15,"20:40:33",0,0,0,0,"E:/alexfraser_tagged/af18_nov1/102RECNX","RCNX0931.JPG","Flying squirrel",1,"Species|Flying squirrel"
"af18","Moose",2025-10-15 17:10:17,2025-10-16,"17:10:17",0,0,0,0,"E:/alexfraser_tagged/af18_nov1/102RECNX","RCNX0936.JPG","Moose",9,"Species|Moose"
"af18","Mule deer",2025-10-20 10:41:49,2025-10-20,"10:41:49",0,0,0,0,"E:/alexfraser_tagged/af18_nov1/102RECNX","RCNX0968.JPG","Mule deer",24,"Species|Mule deer"
"af18","Nothing",2025-08-06 14:45:18,2025-08-06,"14:45:18",0,0,0,0,"E:/alexfraser_tagged/af18_nov1/102RECNX","RCNX0001.JPG","Nothing",2,"Species|Nothing"
"af18","Nothing",2025-08-12 18:43:13,2025-08-13,"18:43:13",532665,8877.8,148,6.2,"E:/alexfraser_tagged/af18_nov1/102RECNX","RCNX0128.JPG","Nothing",1,"Species|Nothing"
"af18","Nothing",2025-08-13 21:03:29,2025-08-14,"21:03:29",94816,1580.3,26.3,1.1,"E:/alexfraser_tagged/af18_nov1/102RECNX","RCNX0137.JPG","Nothing",5,"Species|Nothing"
"af18","Nothing",2025-08-17 07:08:21,2025-08-17,"07:08:21",295488,4924.8,82.1,3.4,"E:/alexfraser_tagged/af18_nov1/102RECNX","RCNX0150.JPG","Nothing",1,"Species|Nothing"
"af18","Nothing",2025-08-20 20:00:15,2025-08-21,"20:00:15",305514,5091.9,84.9,3.5,"E:/alexfraser_tagged/af18_nov1/102RECNX","RCNX0160.JPG","Nothing",2,"Species|Nothing"
"af18","Nothing",2025-08-21 06:58:09,2025-08-21,"06:58:09",39473,657.9,11,0.5,"E:/alexfraser_tagged/af18_nov1/102RECNX","RCNX0164.JPG","Nothing",1,"Species|Nothing"
"af18","Nothing",2025-08-22 17:08:04,2025-08-23,"17:08:04",122995,2049.9,34.2,1.4,"E:/alexfraser_tagged/af18_nov1/102RECNX","RCNX0172.JPG","Nothing",1,"Species|Nothing"
"af18","Nothing",2025-08-23 06:32:36,2025-08-23,"06:32:36",48272,804.5,13.4,0.6,"E:/alexfraser_tagged/af18_nov1/102RECNX","RCNX0173.JPG","Nothing",1,"Species|Nothing"
"af18","Nothing",2025-08-23 08:42:23,2025-08-23,"08:42:23",7787,129.8,2.2,0.1,"E:/alexfraser_tagged/af18_nov1/102RECNX","RCNX0174.JPG","Nothing",1,"Species|Nothing"
"af18","Nothing",2025-08-31 18:55:19,2025-09-01,"18:55:19",727976,12132.9,202.2,8.4,"E:/alexfraser_tagged/af18_nov1/102RECNX","RCNX0234.JPG","Nothing",1,"Species|Nothing"
"af18","Nothing",2025-08-31 19:07:35,2025-09-01,"19:07:35",736,12.3,0.2,0,"E:/alexfraser_tagged/af18_nov1/102RECNX","RCNX0235.JPG","Nothing",1,"Species|Nothing"
"af18","Nothing",2025-09-09 20:55:11,2025-09-10,"20:55:11",784056,13067.6,217.8,9.1,"E:/alexfraser_tagged/af18_nov1/102RECNX","RCNX0260.JPG","Nothing",1,"Species|Nothing"
"af18","Nothing",2025-09-15 10:22:31,2025-09-15,"10:22:31",480440,8007.3,133.5,5.6,"E:/alexfraser_tagged/af18_nov1/102RECNX","RCNX0785.JPG","Nothing",1,"Species|Nothing"
"af18","Nothing",2025-09-15 14:04:12,2025-09-15,"14:04:12",13301,221.7,3.7,0.2,"E:/alexfraser_tagged/af18_nov1/102RECNX","RCNX0786.JPG","Nothing",1,"Species|Nothing"
"af18","Nothing",2025-09-15 14:28:59,2025-09-15,"14:28:59",1487,24.8,0.4,0,"E:/alexfraser_tagged/af18_nov1/102RECNX","RCNX0787.JPG","Nothing",1,"Species|Nothing"
"af18","Nothing",2025-09-20 18:51:56,2025-09-21,"18:51:56",447777,7463,124.4,5.2,"E:/alexfraser_tagged/af18_nov1/102RECNX","RCNX0798.JPG","Nothing",1,"Species|Nothing"
"af18","Nothing",2025-10-03 09:35:57,2025-10-03,"09:35:57",1089841,18164,302.7,12.6,"E:/alexfraser_tagged/af18_nov1/102RECNX","RCNX0833.JPG","Nothing",1,"Species|Nothing"
"af18","Nothing",2025-10-03 16:27:02,2025-10-03,"16:27:02",24665,411.1,6.9,0.3,"E:/alexfraser_tagged/af18_nov1/102RECNX","RCNX0840.JPG","Nothing",1,"Species|Nothing"
"af18","Nothing",2025-10-05 11:46:25,2025-10-05,"11:46:25",155963,2599.4,43.3,1.8,"E:/alexfraser_tagged/af18_nov1/102RECNX","RCNX0841.JPG","Nothing",1,"Species|Nothing"
"af18","Nothing",2025-10-08 09:59:20,2025-10-08,"09:59:20",252775,4212.9,70.2,2.9,"E:/alexfraser_tagged/af18_nov1/102RECNX","RCNX0853.JPG","Nothing",1,"Species|Nothing"
"af18","Nothing",2025-10-10 09:51:23,2025-10-10,"09:51:23",172323,2872.1,47.9,2,"E:/alexfraser_tagged/af18_nov1/102RECNX","RCNX0875.JPG","Nothing",1,"Species|Nothing"
"af18","Nothing",2025-10-12 11:21:12,2025-10-12,"11:21:12",178189,2969.8,49.5,2.1,"E:/alexfraser_tagged/af18_nov1/102RECNX","RCNX0904.JPG","Nothing",1,"Species|Nothing"
"af18","Nothing",2025-10-12 16:09:24,2025-10-12,"16:09:24",17292,288.2,4.8,0.2,"E:/alexfraser_tagged/af18_nov1/102RECNX","RCNX0905.JPG","Nothing",1,"Species|Nothing"
"af18","Nothing",2025-10-13 14:49:30,2025-10-13,"14:49:30",81606,1360.1,22.7,0.9,"E:/alexfraser_tagged/af18_nov1/102RECNX","RCNX0915.JPG","Nothing",1,"Species|Nothing"
"af18","Nothing",2025-10-14 16:35:54,2025-10-14,"16:35:54",92784,1546.4,25.8,1.1,"E:/alexfraser_tagged/af18_nov1/102RECNX","RCNX0930.JPG","Nothing",1,"Species|Nothing"
"af18","Nothing",2025-10-15 17:02:25,2025-10-16,"17:02:25",87991,1466.5,24.4,1,"E:/alexfraser_tagged/af18_nov1/102RECNX","RCNX0935.JPG","Nothing",1,"Species|Nothing"
"af18","Nothing",2025-10-18 16:51:59,2025-10-18,"16:51:59",258574,4309.6,71.8,3,"E:/alexfraser_tagged/af18_nov1/102RECNX","RCNX0966.JPG","Nothing",1,"Species|Nothing"
"af18","Nothing",2025-10-20 16:07:20,2025-10-20,"16:07:20",170121,2835.3,47.3,2,"E:/alexfraser_tagged/af18_nov1/102RECNX","RCNX0997.JPG","Nothing",1,"Species|Nothing"
"af18","Nothing",2025-10-20 17:54:52,2025-10-21,"17:54:52",6452,107.5,1.8,0.1,"E:/alexfraser_tagged/af18_nov1/102RECNX","RCNX0998.JPG","Nothing",1,"Species|Nothing"
"af18","Nothing",2025-10-22 05:38:20,2025-10-22,"05:38:20",128608,2143.5,35.7,1.5,"E:/alexfraser_tagged/af18_nov1/102RECNX","RCNX1020.JPG","Nothing",1,"Species|Nothing"
"af18","Nothing",2025-10-23 08:48:37,2025-10-23,"08:48:37",97817,1630.3,27.2,1.1,"E:/alexfraser_tagged/af18_nov1/102RECNX","RCNX1026.JPG","Nothing",1,"Species|Nothing"
"af18","Nothing",2025-10-23 17:01:27,2025-10-24,"17:01:27",29570,492.8,8.2,0.3,"E:/alexfraser_tagged/af18_nov1/102RECNX","RCNX1027.JPG","Nothing",1,"Species|Nothing"
"af18","Nothing",2025-10-25 17:13:48,2025-10-26,"17:13:48",173541,2892.3,48.2,2,"E:/alexfraser_tagged/af18_nov1/102RECNX","RCNX1031.JPG","Nothing",1,"Species|Nothing"
"af18","Nothing",2025-10-27 16:19:25,2025-10-27,"16:19:25",169537,2825.6,47.1,2,"E:/alexfraser_tagged/af18_nov1/102RECNX","RCNX1042.JPG","Nothing",1,"Species|Nothing"
"af18","Nothing",2025-10-29 16:18:55,2025-10-29,"16:18:55",172770,2879.5,48,2,"E:/alexfraser_tagged/af18_nov1/102RECNX","RCNX1050.JPG","Nothing",1,"Species|Nothing"
"af18","Nothing",2025-10-30 17:16:56,2025-10-31,"17:16:56",89881,1498,25,1,"E:/alexfraser_tagged/af18_nov1/102RECNX","RCNX1053.JPG","Nothing",1,"Species|Nothing"
"af18","People",2025-08-06 14:17:11,2025-08-06,"14:17:11",0,0,0,0,"E:/alexfraser_tagged/af18_nov1/100RECNX","RCNX0001.JPG","People",42,"Species|People"
"af18","People",2025-11-01 10:13:35,2025-11-01,"10:13:35",7502021,125033.7,2083.9,86.8,"E:/alexfraser_tagged/af18_nov1/102RECNX","RCNX1055.JPG","People",35,"Species|People"
"af18","People",2025-11-01 10:22:52,2025-11-01,"10:22:52",508,8.5,0.1,0,"E:/alexfraser_tagged/af18_nov1/102RECNX","RCNX1090.JPG","People",12,"Species|People"
"af18","People",2025-11-01 10:45:50,2025-11-01,"10:45:50",1242,20.7,0.3,0,"E:/alexfraser_tagged/af18_nov1/102RECNX","RCNX1102.JPG","People",6,"Species|People"
"af18","People",2025-11-01 11:04:30,2025-11-01,"11:04:30",1108,18.5,0.3,0,"E:/alexfraser_tagged/af18_nov1/102RECNX","RCNX1109.JPG","People",8,"Species|People"
"af18","People",2025-11-01 11:11:25,2025-11-01,"11:11:25",406,6.8,0.1,0,"E:/alexfraser_tagged/af18_nov1/102RECNX","RCNX1118.JPG","People",9,"Species|People"
"af18","People",2025-11-14 12:20:02,2025-11-14,"12:20:02",1130900,18848.3,314.1,13.1,"E:/alexfraser_tagged/af18_nov1/102RECNX","RCNX1127.JPG","People",1,"Species|People"
"af18","Red squirrel",2025-08-21 06:06:02,2025-08-21,"06:06:02",0,0,0,0,"E:/alexfraser_tagged/af18_nov1/102RECNX","RCNX0162.JPG","Red squirrel",2,"Species|Red squirrel"
"af18","Red squirrel",2025-08-24 10:09:57,2025-08-24,"10:09:57",273833,4563.9,76.1,3.2,"E:/alexfraser_tagged/af18_nov1/102RECNX","RCNX0189.JPG","Red squirrel",1,"Species|Red squirrel"
"af18","Red squirrel",2025-08-25 08:14:23,2025-08-25,"08:14:23",79466,1324.4,22.1,0.9,"E:/alexfraser_tagged/af18_nov1/102RECNX","RCNX0193.JPG","Red squirrel",6,"Species|Red squirrel"
"af18","Red squirrel",2025-08-25 09:23:54,2025-08-25,"09:23:54",3953,65.9,1.1,0,"E:/alexfraser_tagged/af18_nov1/102RECNX","RCNX0199.JPG","Red squirrel",1,"Species|Red squirrel"
"af18","Red squirrel",2025-08-26 19:59:56,2025-08-27,"19:59:56",124562,2076,34.6,1.4,"E:/alexfraser_tagged/af18_nov1/102RECNX","RCNX0202.JPG","Red squirrel",1,"Species|Red squirrel"
"af18","Red squirrel",2025-08-31 07:57:10,2025-08-31,"07:57:10",388634,6477.2,108,4.5,"E:/alexfraser_tagged/af18_nov1/102RECNX","RCNX0230.JPG","Red squirrel",2,"Species|Red squirrel"
"af18","Red squirrel",2025-08-31 09:04:24,2025-08-31,"09:04:24",4029,67.2,1.1,0,"E:/alexfraser_tagged/af18_nov1/102RECNX","RCNX0232.JPG","Red squirrel",2,"Species|Red squirrel"
"af18","Red squirrel",2025-09-01 10:26:59,2025-09-01,"10:26:59",91317,1522,25.4,1.1,"E:/alexfraser_tagged/af18_nov1/102RECNX","RCNX0239.JPG","Red squirrel",3,"Species|Red squirrel"
"af18","Red squirrel",2025-09-02 12:39:37,2025-09-02,"12:39:37",94332,1572.2,26.2,1.1,"E:/alexfraser_tagged/af18_nov1/102RECNX","RCNX0242.JPG","Red squirrel",2,"Species|Red squirrel"
"af18","Red squirrel",2025-09-08 19:10:49,2025-09-09,"19:10:49",541871,9031.2,150.5,6.3,"E:/alexfraser_tagged/af18_nov1/102RECNX","RCNX0257.JPG","Red squirrel",3,"Species|Red squirrel"
"af18","Red squirrel",2025-09-12 11:45:40,2025-09-12,"11:45:40",318877,5314.6,88.6,3.7,"E:/alexfraser_tagged/af18_nov1/102RECNX","RCNX0299.JPG","Red squirrel",1,"Species|Red squirrel"
"af18","Red squirrel",2025-09-14 12:35:56,2025-09-14,"12:35:56",175816,2930.3,48.8,2,"E:/alexfraser_tagged/af18_nov1/102RECNX","RCNX0328.JPG","Red squirrel",3,"Species|Red squirrel"
"af18","Red squirrel",2025-09-17 10:19:26,2025-09-17,"10:19:26",250996,4183.3,69.7,2.9,"E:/alexfraser_tagged/af18_nov1/102RECNX","RCNX0788.JPG","Red squirrel",1,"Species|Red squirrel"
"af18","Red squirrel",2025-09-21 17:51:01,2025-09-22,"17:51:01",372695,6211.6,103.5,4.3,"E:/alexfraser_tagged/af18_nov1/102RECNX","RCNX0799.JPG","Red squirrel",1,"Species|Red squirrel"
"af18","Red squirrel",2025-09-25 11:24:34,2025-09-25,"11:24:34",322413,5373.6,89.6,3.7,"E:/alexfraser_tagged/af18_nov1/102RECNX","RCNX0802.JPG","Red squirrel",1,"Species|Red squirrel"
"af18","Red squirrel",2025-09-25 15:27:33,2025-09-25,"15:27:33",14579,243,4,0.2,"E:/alexfraser_tagged/af18_nov1/102RECNX","RCNX0803.JPG","Red squirrel",1,"Species|Red squirrel"
"af18","Red squirrel",2025-09-28 11:23:25,2025-09-28,"11:23:25",244552,4075.9,67.9,2.8,"E:/alexfraser_tagged/af18_nov1/102RECNX","RCNX0812.JPG","Red squirrel",1,"Species|Red squirrel"
"af18","Red squirrel",2025-09-30 08:18:21,2025-09-30,"08:18:21",161696,2694.9,44.9,1.9,"E:/alexfraser_tagged/af18_nov1/102RECNX","RCNX0813.JPG","Red squirrel",2,"Species|Red squirrel"
"af18","Red squirrel",2025-10-02 07:39:05,2025-10-02,"07:39:05",170432,2840.5,47.3,2,"E:/alexfraser_tagged/af18_nov1/102RECNX","RCNX0826.JPG","Red squirrel",3,"Species|Red squirrel"
"af18","Red squirrel",2025-10-02 07:50:16,2025-10-02,"07:50:16",565,9.4,0.2,0,"E:/alexfraser_tagged/af18_nov1/102RECNX","RCNX0829.JPG","Red squirrel",2,"Species|Red squirrel"
"af18","Red squirrel",2025-10-02 08:59:09,2025-10-02,"08:59:09",4119,68.7,1.1,0,"E:/alexfraser_tagged/af18_nov1/102RECNX","RCNX0832.JPG","Red squirrel",1,"Species|Red squirrel"
"af18","Red squirrel",2025-10-03 12:14:16,2025-10-03,"12:14:16",98107,1635.1,27.3,1.1,"E:/alexfraser_tagged/af18_nov1/102RECNX","RCNX0834.JPG","Red squirrel",3,"Species|Red squirrel"
"af18","Red squirrel",2025-10-07 07:06:11,2025-10-07,"07:06:11",327113,5451.9,90.9,3.8,"E:/alexfraser_tagged/af18_nov1/102RECNX","RCNX0842.JPG","Red squirrel",1,"Species|Red squirrel"
"af18","Red squirrel",2025-10-09 07:57:09,2025-10-09,"07:57:09",175858,2931,48.9,2,"E:/alexfraser_tagged/af18_nov1/102RECNX","RCNX0863.JPG","Red squirrel",2,"Species|Red squirrel"
"af18","Red squirrel",2025-10-09 08:48:29,2025-10-09,"08:48:29",3079,51.3,0.9,0,"E:/alexfraser_tagged/af18_nov1/102RECNX","RCNX0866.JPG","Red squirrel",3,"Species|Red squirrel"
"af18","Red squirrel",2025-10-09 17:45:48,2025-10-10,"17:45:48",32230,537.2,9,0.4,"E:/alexfraser_tagged/af18_nov1/102RECNX","RCNX0874.JPG","Red squirrel",1,"Species|Red squirrel"
"af18","Red squirrel",2025-10-10 14:42:52,2025-10-10,"14:42:52",75424,1257.1,21,0.9,"E:/alexfraser_tagged/af18_nov1/102RECNX","RCNX0887.JPG","Red squirrel",2,"Species|Red squirrel"
"af18","Red squirrel",2025-10-11 15:50:50,2025-10-11,"15:50:50",90476,1507.9,25.1,1,"E:/alexfraser_tagged/af18_nov1/102RECNX","RCNX0894.JPG","Red squirrel",4,"Species|Red squirrel"
"af18","Red squirrel",2025-10-12 08:30:39,2025-10-12,"08:30:39",59951,999.2,16.7,0.7,"E:/alexfraser_tagged/af18_nov1/102RECNX","RCNX0898.JPG","Red squirrel",1,"Species|Red squirrel"
"af18","Red squirrel",2025-10-12 08:53:24,2025-10-12,"08:53:24",1365,22.8,0.4,0,"E:/alexfraser_tagged/af18_nov1/102RECNX","RCNX0899.JPG","Red squirrel",4,"Species|Red squirrel"
"af18","Red squirrel",2025-10-13 11:07:12,2025-10-13,"11:07:12",94418,1573.6,26.2,1.1,"E:/alexfraser_tagged/af18_nov1/102RECNX","RCNX0913.JPG","Red squirrel",2,"Species|Red squirrel"
"af18","Red squirrel",2025-10-14 13:37:50,2025-10-14,"13:37:50",95435,1590.6,26.5,1.1,"E:/alexfraser_tagged/af18_nov1/102RECNX","RCNX0929.JPG","Red squirrel",1,"Species|Red squirrel"
"af18","Red squirrel",2025-10-17 17:21:41,2025-10-18,"17:21:41",272631,4543.9,75.7,3.2,"E:/alexfraser_tagged/af18_nov1/102RECNX","RCNX0950.JPG","Red squirrel",1,"Species|Red squirrel"
"af18","Red squirrel",2025-10-19 16:47:08,2025-10-19,"16:47:08",170727,2845.4,47.4,2,"E:/alexfraser_tagged/af18_nov1/102RECNX","RCNX0967.JPG","Red squirrel",1,"Species|Red squirrel"
"af18","Red squirrel",2025-10-21 09:36:46,2025-10-21,"09:36:46",146978,2449.6,40.8,1.7,"E:/alexfraser_tagged/af18_nov1/102RECNX","RCNX1002.JPG","Red squirrel",1,"Species|Red squirrel"
"af18","Red squirrel",2025-10-21 10:45:05,2025-10-21,"10:45:05",4099,68.3,1.1,0,"E:/alexfraser_tagged/af18_nov1/102RECNX","RCNX1003.JPG","Red squirrel",3,"Species|Red squirrel"
"af18","Red squirrel",2025-10-21 10:54:41,2025-10-21,"10:54:41",574,9.6,0.2,0,"E:/alexfraser_tagged/af18_nov1/102RECNX","RCNX1006.JPG","Red squirrel",1,"Species|Red squirrel"
"af18","Red squirrel",2025-10-21 12:29:47,2025-10-21,"12:29:47",5706,95.1,1.6,0.1,"E:/alexfraser_tagged/af18_nov1/102RECNX","RCNX1007.JPG","Red squirrel",2,"Species|Red squirrel"
"af18","Red squirrel",2025-10-21 16:29:07,2025-10-21,"16:29:07",14351,239.2,4,0.2,"E:/alexfraser_tagged/af18_nov1/102RECNX","RCNX1009.JPG","Red squirrel",3,"Species|Red squirrel"
"af18","Red squirrel",2025-10-21 17:35:56,2025-10-22,"17:35:56",3999,66.7,1.1,0,"E:/alexfraser_tagged/af18_nov1/102RECNX","RCNX1012.JPG","Red squirrel",1,"Species|Red squirrel"
"af18","Red squirrel",2025-10-22 09:06:28,2025-10-22,"09:06:28",55832,930.5,15.5,0.6,"E:/alexfraser_tagged/af18_nov1/102RECNX","RCNX1021.JPG","Red squirrel",1,"Species|Red squirrel"
"af18","Red squirrel",2025-10-22 15:36:47,2025-10-22,"15:36:47",23419,390.3,6.5,0.3,"E:/alexfraser_tagged/af18_nov1/102RECNX","RCNX1022.JPG","Red squirrel",3,"Species|Red squirrel"
"af18","Red squirrel",2025-10-24 13:07:04,2025-10-24,"13:07:04",163815,2730.2,45.5,1.9,"E:/alexfraser_tagged/af18_nov1/102RECNX","RCNX1030.JPG","Red squirrel",1,"Species|Red squirrel"
"af18","Red squirrel",2025-10-28 17:16:26,2025-10-29,"17:16:26",360562,6009.4,100.2,4.2,"E:/alexfraser_tagged/af18_nov1/102RECNX","RCNX1043.JPG","Red squirrel",2,"Species|Red squirrel"
"af18","Red squirrel",2025-10-28 17:22:34,2025-10-29,"17:22:34",359,6,0.1,0,"E:/alexfraser_tagged/af18_nov1/102RECNX","RCNX1046.JPG","Red squirrel",4,"Species|Red squirrel"
"af18","Red squirrel",2025-10-30 14:37:59,2025-10-30,"14:37:59",162564,2709.4,45.2,1.9,"E:/alexfraser_tagged/af18_nov1/102RECNX","RCNX1051.JPG","Red squirrel",2,"Species|Red squirrel"
"af18","Snowshoe hare",2025-08-06 16:57:49,2025-08-06,"16:57:49",0,0,0,0,"E:/alexfraser_tagged/af18_nov1/102RECNX","RCNX0003.JPG","Snowshoe hare",4,"Species|Snowshoe hare"
"af18","Snowshoe hare",2025-08-06 21:57:09,2025-08-07,"21:57:09",17951,299.2,5,0.2,"E:/alexfraser_tagged/af18_nov1/102RECNX","RCNX0007.JPG","Snowshoe hare",2,"Species|Snowshoe hare"
"af18","Snowshoe hare",2025-08-09 04:10:45,2025-08-09,"04:10:45",195214,3253.6,54.2,2.3,"E:/alexfraser_tagged/af18_nov1/102RECNX","RCNX0087.JPG","Snowshoe hare",4,"Species|Snowshoe hare"
"af18","Snowshoe hare",2025-08-09 04:22:15,2025-08-09,"04:22:15",685,11.4,0.2,0,"E:/alexfraser_tagged/af18_nov1/102RECNX","RCNX0091.JPG","Snowshoe hare",2,"Species|Snowshoe hare"
"af18","Snowshoe hare",2025-08-09 06:44:42,2025-08-09,"06:44:42",8540,142.3,2.4,0.1,"E:/alexfraser_tagged/af18_nov1/102RECNX","RCNX0093.JPG","Snowshoe hare",4,"Species|Snowshoe hare"
"af18","Snowshoe hare",2025-08-09 23:48:16,2025-08-10,"23:48:16",61396,1023.3,17.1,0.7,"E:/alexfraser_tagged/af18_nov1/102RECNX","RCNX0097.JPG","Snowshoe hare",4,"Species|Snowshoe hare"
"af18","Snowshoe hare",2025-08-10 04:32:59,2025-08-10,"04:32:59",17011,283.5,4.7,0.2,"E:/alexfraser_tagged/af18_nov1/102RECNX","RCNX0101.JPG","Snowshoe hare",9,"Species|Snowshoe hare"
"af18","Snowshoe hare",2025-08-11 05:37:01,2025-08-11,"05:37:01",90228,1503.8,25.1,1,"E:/alexfraser_tagged/af18_nov1/102RECNX","RCNX0111.JPG","Snowshoe hare",10,"Species|Snowshoe hare"
"af18","Snowshoe hare",2025-08-13 20:55:09,2025-08-14,"20:55:09",227870,3797.8,63.3,2.6,"E:/alexfraser_tagged/af18_nov1/102RECNX","RCNX0129.JPG","Snowshoe hare",8,"Species|Snowshoe hare"
"af18","Snowshoe hare",2025-08-13 21:43:26,2025-08-14,"21:43:26",2541,42.4,0.7,0,"E:/alexfraser_tagged/af18_nov1/102RECNX","RCNX0142.JPG","Snowshoe hare",1,"Species|Snowshoe hare"
"af18","Snowshoe hare",2025-08-14 05:10:41,2025-08-14,"05:10:41",26835,447.2,7.5,0.3,"E:/alexfraser_tagged/af18_nov1/102RECNX","RCNX0143.JPG","Snowshoe hare",7,"Species|Snowshoe hare"
"af18","Snowshoe hare",2025-08-19 05:09:12,2025-08-19,"05:09:12",431895,7198.2,120,5,"E:/alexfraser_tagged/af18_nov1/102RECNX","RCNX0151.JPG","Snowshoe hare",6,"Species|Snowshoe hare"
"af18","Snowshoe hare",2025-08-22 05:22:09,2025-08-22,"05:22:09",259970,4332.8,72.2,3,"E:/alexfraser_tagged/af18_nov1/102RECNX","RCNX0165.JPG","Snowshoe hare",2,"Species|Snowshoe hare"
"af18","Snowshoe hare",2025-08-22 08:15:50,2025-08-22,"08:15:50",10420,173.7,2.9,0.1,"E:/alexfraser_tagged/af18_nov1/102RECNX","RCNX0167.JPG","Snowshoe hare",2,"Species|Snowshoe hare"
"af18","Snowshoe hare",2025-08-22 15:55:23,2025-08-22,"15:55:23",27571,459.5,7.7,0.3,"E:/alexfraser_tagged/af18_nov1/102RECNX","RCNX0169.JPG","Snowshoe hare",3,"Species|Snowshoe hare"
"af18","Snowshoe hare",2025-08-24 00:16:04,2025-08-24,"00:16:04",116437,1940.6,32.3,1.3,"E:/alexfraser_tagged/af18_nov1/102RECNX","RCNX0186.JPG","Snowshoe hare",2,"Species|Snowshoe hare"
"af18","Snowshoe hare",2025-08-25 19:33:37,2025-08-26,"19:33:37",155851,2597.5,43.3,1.8,"E:/alexfraser_tagged/af18_nov1/102RECNX","RCNX0201.JPG","Snowshoe hare",1,"Species|Snowshoe hare"
"af18","Snowshoe hare",2025-08-27 05:04:56,2025-08-27,"05:04:56",120679,2011.3,33.5,1.4,"E:/alexfraser_tagged/af18_nov1/102RECNX","RCNX0203.JPG","Snowshoe hare",5,"Species|Snowshoe hare"
"af18","Snowshoe hare",2025-08-28 20:26:25,2025-08-29,"20:26:25",141649,2360.8,39.3,1.6,"E:/alexfraser_tagged/af18_nov1/102RECNX","RCNX0210.JPG","Snowshoe hare",9,"Species|Snowshoe hare"
"af18","Snowshoe hare",2025-09-01 05:24:24,2025-09-01,"05:24:24",291133,4852.2,80.9,3.4,"E:/alexfraser_tagged/af18_nov1/102RECNX","RCNX0236.JPG","Snowshoe hare",3,"Species|Snowshoe hare"
"af18","Snowshoe hare",2025-09-03 19:42:06,2025-09-04,"19:42:06",224082,3734.7,62.2,2.6,"E:/alexfraser_tagged/af18_nov1/102RECNX","RCNX0244.JPG","Snowshoe hare",2,"Species|Snowshoe hare"
"af18","Snowshoe hare",2025-09-05 04:52:59,2025-09-05,"04:52:59",119444,1990.7,33.2,1.4,"E:/alexfraser_tagged/af18_nov1/102RECNX","RCNX0251.JPG","Snowshoe hare",4,"Species|Snowshoe hare"
"af18","Snowshoe hare",2025-09-10 23:21:14,2025-09-11,"23:21:14",498473,8307.9,138.5,5.8,"E:/alexfraser_tagged/af18_nov1/102RECNX","RCNX0279.JPG","Snowshoe hare",10,"Species|Snowshoe hare"
"af18","Snowshoe hare",2025-09-11 02:49:18,2025-09-11,"02:49:18",12378,206.3,3.4,0.1,"E:/alexfraser_tagged/af18_nov1/102RECNX","RCNX0289.JPG","Snowshoe hare",5,"Species|Snowshoe hare"
"af18","Snowshoe hare",2025-09-13 06:57:33,2025-09-13,"06:57:33",187684,3128.1,52.1,2.2,"E:/alexfraser_tagged/af18_nov1/102RECNX","RCNX0300.JPG","Snowshoe hare",5,"Species|Snowshoe hare"
"af18","Snowshoe hare",2025-09-19 02:02:43,2025-09-19,"02:02:43",500677,8344.6,139.1,5.8,"E:/alexfraser_tagged/af18_nov1/102RECNX","RCNX0789.JPG","Snowshoe hare",4,"Species|Snowshoe hare"
"af18","Snowshoe hare",2025-09-23 00:23:32,2025-09-23,"00:23:32",339640,5660.7,94.3,3.9,"E:/alexfraser_tagged/af18_nov1/102RECNX","RCNX0800.JPG","Snowshoe hare",2,"Species|Snowshoe hare"
"af18","Snowshoe hare",2025-09-28 06:10:55,2025-09-28,"06:10:55",452829,7547.1,125.8,5.2,"E:/alexfraser_tagged/af18_nov1/102RECNX","RCNX0809.JPG","Snowshoe hare",3,"Species|Snowshoe hare"
"af18","Snowshoe hare",2025-10-01 04:49:06,2025-10-01,"04:49:06",254193,4236.6,70.6,2.9,"E:/alexfraser_tagged/af18_nov1/102RECNX","RCNX0815.JPG","Snowshoe hare",4,"Species|Snowshoe hare"
"af18","Snowshoe hare",2025-10-01 05:33:23,2025-10-01,"05:33:23",2647,44.1,0.7,0,"E:/alexfraser_tagged/af18_nov1/102RECNX","RCNX0819.JPG","Snowshoe hare",6,"Species|Snowshoe hare"
"af18","Snowshoe hare",2025-10-02 03:31:37,2025-10-02,"03:31:37",78843,1314,21.9,0.9,"E:/alexfraser_tagged/af18_nov1/102RECNX","RCNX0825.JPG","Snowshoe hare",1,"Species|Snowshoe hare"
"af18","Snowshoe hare",2025-10-08 05:14:50,2025-10-08,"05:14:50",524593,8743.2,145.7,6.1,"E:/alexfraser_tagged/af18_nov1/102RECNX","RCNX0843.JPG","Snowshoe hare",9,"Species|Snowshoe hare"
"af18","Snowshoe hare",2025-10-08 18:30:31,2025-10-09,"18:30:31",47575,792.9,13.2,0.5,"E:/alexfraser_tagged/af18_nov1/102RECNX","RCNX0854.JPG","Snowshoe hare",8,"Species|Snowshoe hare"
"af18","Snowshoe hare",2025-10-11 00:42:34,2025-10-11,"00:42:34",195058,3251,54.2,2.3,"E:/alexfraser_tagged/af18_nov1/102RECNX","RCNX0889.JPG","Snowshoe hare",5,"Species|Snowshoe hare"
"af18","Snowshoe hare",2025-10-13 01:11:10,2025-10-13,"01:11:10",174505,2908.4,48.5,2,"E:/alexfraser_tagged/af18_nov1/102RECNX","RCNX0906.JPG","Snowshoe hare",6,"Species|Snowshoe hare"
"af18","Snowshoe hare",2025-10-13 20:15:47,2025-10-14,"20:15:47",68590,1143.2,19.1,0.8,"E:/alexfraser_tagged/af18_nov1/102RECNX","RCNX0916.JPG","Snowshoe hare",7,"Species|Snowshoe hare"
"af18","Snowshoe hare",2025-10-14 05:23:33,2025-10-14,"05:23:33",32859,547.6,9.1,0.4,"E:/alexfraser_tagged/af18_nov1/102RECNX","RCNX0923.JPG","Snowshoe hare",4,"Species|Snowshoe hare"
"af18","Snowshoe hare",2025-10-14 06:45:34,2025-10-14,"06:45:34",4909,81.8,1.4,0.1,"E:/alexfraser_tagged/af18_nov1/102RECNX","RCNX0928.JPG","Snowshoe hare",1,"Species|Snowshoe hare"
"af18","Snowshoe hare",2025-10-17 05:22:02,2025-10-17,"05:22:02",254188,4236.5,70.6,2.9,"E:/alexfraser_tagged/af18_nov1/102RECNX","RCNX0947.JPG","Snowshoe hare",3,"Species|Snowshoe hare"
"af18","Snowshoe hare",2025-10-18 03:19:56,2025-10-18,"03:19:56",79072,1317.9,22,0.9,"E:/alexfraser_tagged/af18_nov1/102RECNX","RCNX0951.JPG","Snowshoe hare",11,"Species|Snowshoe hare"
"af18","Snowshoe hare",2025-10-18 05:22:07,2025-10-18,"05:22:07",7313,121.9,2,0.1,"E:/alexfraser_tagged/af18_nov1/102RECNX","RCNX0963.JPG","Snowshoe hare",3,"Species|Snowshoe hare"
"af18","Snowshoe hare",2025-10-21 06:22:13,2025-10-21,"06:22:13",262798,4380,73,3,"E:/alexfraser_tagged/af18_nov1/102RECNX","RCNX0999.JPG","Snowshoe hare",3,"Species|Snowshoe hare"
"af18","Snowshoe hare",2025-10-21 22:29:39,2025-10-22,"22:29:39",57964,966.1,16.1,0.7,"E:/alexfraser_tagged/af18_nov1/102RECNX","RCNX1013.JPG","Snowshoe hare",4,"Species|Snowshoe hare"
"af18","Snowshoe hare",2025-10-22 00:50:27,2025-10-22,"00:50:27",8430,140.5,2.3,0.1,"E:/alexfraser_tagged/af18_nov1/102RECNX","RCNX1017.JPG","Snowshoe hare",3,"Species|Snowshoe hare"
"af18","Snowshoe hare",2025-10-24 06:25:41,2025-10-24,"06:25:41",192900,3215,53.6,2.2,"E:/alexfraser_tagged/af18_nov1/102RECNX","RCNX1028.JPG","Snowshoe hare",2,"Species|Snowshoe hare"
"af18","Snowshoe hare",2025-10-27 00:05:47,2025-10-27,"00:05:47",236405,3940.1,65.7,2.7,"E:/alexfraser_tagged/af18_nov1/102RECNX","RCNX1032.JPG","Snowshoe hare",5,"Species|Snowshoe hare"
"af18","Snowshoe hare",2025-10-27 06:22:18,2025-10-27,"06:22:18",22481,374.7,6.2,0.3,"E:/alexfraser_tagged/af18_nov1/102RECNX","RCNX1037.JPG","Snowshoe hare",5,"Species|Snowshoe hare"
"af18","Snowshoe hare",2025-10-31 06:38:18,2025-10-31,"06:38:18",346544,5775.7,96.3,4,"E:/alexfraser_tagged/af18_nov1/102RECNX","RCNX1054.JPG","Snowshoe hare",1,"Species|Snowshoe hare"
"af18","Unknown",2025-08-24 15:00:45,2025-08-24,"15:00:45",0,0,0,0,"E:/alexfraser_tagged/af18_nov1/102RECNX","RCNX0191.JPG","Unknown",2,"Species|Unknown"
"af18","Unknown",2025-10-22 15:57:45,2025-10-22,"15:57:45",5101019,85017,1417,59,"E:/alexfraser_tagged/af18_nov1/102RECNX","RCNX1025.JPG","Unknown",1,"Species|Unknown"
"af18","Wolf",2025-08-30 23:22:46,2025-08-31,"23:22:46",0,0,0,0,"E:/alexfraser_tagged/af18_nov1/102RECNX","RCNX0219.JPG","Wolf",10,"Species|Wolf"
"af19","Bird",2025-09-16 08:53:46,2025-09-16,"08:53:46",0,0,0,0,"E:/alexfraser_tagged/af19_nov1/101RECNX","RCNX1580.JPG","Bird",2,"Species|Bird"
"af19","Bird",2025-10-06 09:38:46,2025-10-06,"09:38:46",1730690,28844.8,480.7,20,"E:/alexfraser_tagged/af19_nov1/101RECNX","RCNX2213.JPG","Bird",2,"Species|Bird"
"af19","Bird",2025-10-13 16:24:21,2025-10-13,"16:24:21",629134,10485.6,174.8,7.3,"E:/alexfraser_tagged/af19_nov1/101RECNX","RCNX2407.JPG","Bird",1,"Species|Bird"
"af19","Bird",2025-10-17 15:07:32,2025-10-17,"15:07:32",340991,5683.2,94.7,3.9,"E:/alexfraser_tagged/af19_nov1/101RECNX","RCNX2521.JPG","Bird",2,"Species|Bird"
"af19","Black bear",2025-09-16 16:00:16,2025-09-16,"16:00:16",0,0,0,0,"E:/alexfraser_tagged/af19_nov1/101RECNX","RCNX1588.JPG","Black bear",58,"Species|Black bear"
"af19","Nothing",2025-08-06 17:13:44,2025-08-07,"17:13:44",0,0,0,0,"E:/alexfraser_tagged/af19_nov1/101RECNX","RCNX0040.JPG","Nothing",2,"Species|Nothing"
"af19","Nothing",2025-08-06 18:21:56,2025-08-07,"18:21:56",4083,68,1.1,0,"E:/alexfraser_tagged/af19_nov1/101RECNX","RCNX0042.JPG","Nothing",2,"Species|Nothing"
"af19","Nothing",2025-08-06 19:22:04,2025-08-07,"19:22:04",3605,60.1,1,0,"E:/alexfraser_tagged/af19_nov1/101RECNX","RCNX0044.JPG","Nothing",2,"Species|Nothing"
"af19","Nothing",2025-08-06 20:06:04,2025-08-07,"20:06:04",2639,44,0.7,0,"E:/alexfraser_tagged/af19_nov1/101RECNX","RCNX0046.JPG","Nothing",2,"Species|Nothing"
"af19","Nothing",2025-08-06 21:36:31,2025-08-07,"21:36:31",5423,90.4,1.5,0.1,"E:/alexfraser_tagged/af19_nov1/101RECNX","RCNX0048.JPG","Nothing",2,"Species|Nothing"
"af19","Nothing",2025-08-06 22:27:04,2025-08-07,"22:27:04",3025,50.4,0.8,0,"E:/alexfraser_tagged/af19_nov1/101RECNX","RCNX0050.JPG","Nothing",2,"Species|Nothing"
"af19","Nothing",2025-08-06 22:34:22,2025-08-07,"22:34:22",423,7,0.1,0,"E:/alexfraser_tagged/af19_nov1/101RECNX","RCNX0052.JPG","Nothing",4,"Species|Nothing"
"af19","Nothing",2025-08-06 23:50:03,2025-08-07,"23:50:03",4510,75.2,1.3,0.1,"E:/alexfraser_tagged/af19_nov1/101RECNX","RCNX0056.JPG","Nothing",2,"Species|Nothing"
"af19","Nothing",2025-08-07 01:48:04,2025-08-07,"01:48:04",7057,117.6,2,0.1,"E:/alexfraser_tagged/af19_nov1/101RECNX","RCNX0058.JPG","Nothing",2,"Species|Nothing"
"af19","Nothing",2025-08-07 05:28:29,2025-08-07,"05:28:29",13219,220.3,3.7,0.2,"E:/alexfraser_tagged/af19_nov1/101RECNX","RCNX0060.JPG","Nothing",2,"Species|Nothing"
"af19","Nothing",2025-08-07 06:19:55,2025-08-07,"06:19:55",3084,51.4,0.9,0,"E:/alexfraser_tagged/af19_nov1/101RECNX","RCNX0062.JPG","Nothing",2,"Species|Nothing"
"af19","Nothing",2025-08-07 07:56:49,2025-08-07,"07:56:49",5803,96.7,1.6,0.1,"E:/alexfraser_tagged/af19_nov1/101RECNX","RCNX0064.JPG","Nothing",3,"Species|Nothing"
"af19","Nothing",2025-08-07 08:24:54,2025-08-07,"08:24:54",1645,27.4,0.5,0,"E:/alexfraser_tagged/af19_nov1/101RECNX","RCNX0067.JPG","Nothing",2,"Species|Nothing"
"af19","Nothing",2025-08-07 19:51:03,2025-08-08,"19:51:03",41164,686.1,11.4,0.5,"E:/alexfraser_tagged/af19_nov1/101RECNX","RCNX0069.JPG","Nothing",2,"Species|Nothing"
"af19","Nothing",2025-08-07 20:36:49,2025-08-08,"20:36:49",2742,45.7,0.8,0,"E:/alexfraser_tagged/af19_nov1/101RECNX","RCNX0071.JPG","Nothing",2,"Species|Nothing"
"af19","Nothing",2025-08-07 20:48:03,2025-08-08,"20:48:03",665,11.1,0.2,0,"E:/alexfraser_tagged/af19_nov1/101RECNX","RCNX0073.JPG","Nothing",2,"Species|Nothing"
"af19","Nothing",2025-08-07 21:04:00,2025-08-08,"21:04:00",951,15.8,0.3,0,"E:/alexfraser_tagged/af19_nov1/101RECNX","RCNX0075.JPG","Nothing",2,"Species|Nothing"
"af19","Nothing",2025-08-07 21:32:43,2025-08-08,"21:32:43",1710,28.5,0.5,0,"E:/alexfraser_tagged/af19_nov1/101RECNX","RCNX0077.JPG","Nothing",2,"Species|Nothing"
"af19","Nothing",2025-08-07 21:52:14,2025-08-08,"21:52:14",1149,19.1,0.3,0,"E:/alexfraser_tagged/af19_nov1/101RECNX","RCNX0079.JPG","Nothing",4,"Species|Nothing"
"af19","Nothing",2025-08-07 22:16:27,2025-08-08,"22:16:27",1423,23.7,0.4,0,"E:/alexfraser_tagged/af19_nov1/101RECNX","RCNX0083.JPG","Nothing",2,"Species|Nothing"
"af19","Nothing",2025-08-08 00:21:53,2025-08-08,"00:21:53",7505,125.1,2.1,0.1,"E:/alexfraser_tagged/af19_nov1/101RECNX","RCNX0085.JPG","Nothing",2,"Species|Nothing"
"af19","Nothing",2025-08-08 01:11:55,2025-08-08,"01:11:55",2994,49.9,0.8,0,"E:/alexfraser_tagged/af19_nov1/101RECNX","RCNX0087.JPG","Nothing",2,"Species|Nothing"
"af19","Nothing",2025-08-08 01:44:24,2025-08-08,"01:44:24",1943,32.4,0.5,0,"E:/alexfraser_tagged/af19_nov1/101RECNX","RCNX0089.JPG","Nothing",2,"Species|Nothing"
"af19","Nothing",2025-08-08 02:04:25,2025-08-08,"02:04:25",1197,20,0.3,0,"E:/alexfraser_tagged/af19_nov1/101RECNX","RCNX0091.JPG","Nothing",2,"Species|Nothing"
"af19","Nothing",2025-08-08 05:37:40,2025-08-08,"05:37:40",12783,213.1,3.6,0.1,"E:/alexfraser_tagged/af19_nov1/101RECNX","RCNX0093.JPG","Nothing",1,"Species|Nothing"
"af19","Nothing",2025-08-08 05:43:42,2025-08-08,"05:43:42",362,6,0.1,0,"E:/alexfraser_tagged/af19_nov1/101RECNX","RCNX0094.JPG","Nothing",2,"Species|Nothing"
"af19","Nothing",2025-08-08 06:53:26,2025-08-08,"06:53:26",4179,69.7,1.2,0,"E:/alexfraser_tagged/af19_nov1/101RECNX","RCNX0096.JPG","Nothing",2,"Species|Nothing"
"af19","Nothing",2025-08-08 07:16:32,2025-08-08,"07:16:32",1378,23,0.4,0,"E:/alexfraser_tagged/af19_nov1/101RECNX","RCNX0098.JPG","Nothing",2,"Species|Nothing"
"af19","Nothing",2025-08-08 08:41:01,2025-08-08,"08:41:01",5059,84.3,1.4,0.1,"E:/alexfraser_tagged/af19_nov1/101RECNX","RCNX0100.JPG","Nothing",2,"Species|Nothing"
"af19","Nothing",2025-08-08 10:34:54,2025-08-08,"10:34:54",6825,113.8,1.9,0.1,"E:/alexfraser_tagged/af19_nov1/101RECNX","RCNX0102.JPG","Nothing",2,"Species|Nothing"
"af19","Nothing",2025-08-08 11:29:21,2025-08-08,"11:29:21",3265,54.4,0.9,0,"E:/alexfraser_tagged/af19_nov1/101RECNX","RCNX0104.JPG","Nothing",2,"Species|Nothing"
"af19","Nothing",2025-08-08 12:17:32,2025-08-08,"12:17:32",2888,48.1,0.8,0,"E:/alexfraser_tagged/af19_nov1/101RECNX","RCNX0106.JPG","Nothing",2,"Species|Nothing"
"af19","Nothing",2025-08-08 13:13:21,2025-08-08,"13:13:21",3320,55.3,0.9,0,"E:/alexfraser_tagged/af19_nov1/101RECNX","RCNX0108.JPG","Nothing",2,"Species|Nothing"
"af19","Nothing",2025-08-08 14:11:55,2025-08-08,"14:11:55",3509,58.5,1,0,"E:/alexfraser_tagged/af19_nov1/101RECNX","RCNX0110.JPG","Nothing",2,"Species|Nothing"
"af19","Nothing",2025-08-08 18:17:18,2025-08-09,"18:17:18",14695,244.9,4.1,0.2,"E:/alexfraser_tagged/af19_nov1/101RECNX","RCNX0112.JPG","Nothing",2,"Species|Nothing"
"af19","Nothing",2025-08-08 20:21:30,2025-08-09,"20:21:30",7450,124.2,2.1,0.1,"E:/alexfraser_tagged/af19_nov1/101RECNX","RCNX0114.JPG","Nothing",3,"Species|Nothing"
"af19","Nothing",2025-08-08 21:29:39,2025-08-09,"21:29:39",4071,67.8,1.1,0,"E:/alexfraser_tagged/af19_nov1/101RECNX","RCNX0117.JPG","Nothing",2,"Species|Nothing"
"af19","Nothing",2025-08-08 22:32:10,2025-08-09,"22:32:10",3748,62.5,1,0,"E:/alexfraser_tagged/af19_nov1/101RECNX","RCNX0119.JPG","Nothing",2,"Species|Nothing"
"af19","Nothing",2025-08-08 23:34:45,2025-08-09,"23:34:45",3750,62.5,1,0,"E:/alexfraser_tagged/af19_nov1/101RECNX","RCNX0121.JPG","Nothing",2,"Species|Nothing"
"af19","Nothing",2025-08-08 23:51:04,2025-08-09,"23:51:04",964,16.1,0.3,0,"E:/alexfraser_tagged/af19_nov1/101RECNX","RCNX0123.JPG","Nothing",2,"Species|Nothing"
"af19","Nothing",2025-08-09 00:09:55,2025-08-09,"00:09:55",1128,18.8,0.3,0,"E:/alexfraser_tagged/af19_nov1/101RECNX","RCNX0125.JPG","Nothing",2,"Species|Nothing"
"af19","Nothing",2025-08-09 00:39:57,2025-08-09,"00:39:57",1801,30,0.5,0,"E:/alexfraser_tagged/af19_nov1/101RECNX","RCNX0127.JPG","Nothing",3,"Species|Nothing"
"af19","Nothing",2025-08-09 01:28:01,2025-08-09,"01:28:01",2656,44.3,0.7,0,"E:/alexfraser_tagged/af19_nov1/101RECNX","RCNX0130.JPG","Nothing",2,"Species|Nothing"
"af19","Nothing",2025-08-09 04:43:30,2025-08-09,"04:43:30",11728,195.5,3.3,0.1,"E:/alexfraser_tagged/af19_nov1/101RECNX","RCNX0132.JPG","Nothing",2,"Species|Nothing"
"af19","Nothing",2025-08-09 05:06:59,2025-08-09,"05:06:59",1403,23.4,0.4,0,"E:/alexfraser_tagged/af19_nov1/101RECNX","RCNX0134.JPG","Nothing",2,"Species|Nothing"
"af19","Nothing",2025-08-09 05:37:21,2025-08-09,"05:37:21",1816,30.3,0.5,0,"E:/alexfraser_tagged/af19_nov1/101RECNX","RCNX0136.JPG","Nothing",2,"Species|Nothing"
"af19","Nothing",2025-08-09 07:53:33,2025-08-09,"07:53:33",8158,136,2.3,0.1,"E:/alexfraser_tagged/af19_nov1/101RECNX","RCNX0138.JPG","Nothing",2,"Species|Nothing"
"af19","Nothing",2025-08-09 08:28:54,2025-08-09,"08:28:54",2113,35.2,0.6,0,"E:/alexfraser_tagged/af19_nov1/101RECNX","RCNX0140.JPG","Nothing",2,"Species|Nothing"
"af19","Nothing",2025-08-09 09:39:48,2025-08-09,"09:39:48",4222,70.4,1.2,0,"E:/alexfraser_tagged/af19_nov1/101RECNX","RCNX0142.JPG","Nothing",1,"Species|Nothing"
"af19","Nothing",2025-08-09 10:10:08,2025-08-09,"10:10:08",1820,30.3,0.5,0,"E:/alexfraser_tagged/af19_nov1/101RECNX","RCNX0143.JPG","Nothing",2,"Species|Nothing"
"af19","Nothing",2025-08-09 10:48:43,2025-08-09,"10:48:43",2312,38.5,0.6,0,"E:/alexfraser_tagged/af19_nov1/101RECNX","RCNX0145.JPG","Nothing",2,"Species|Nothing"
"af19","Nothing",2025-08-09 11:50:55,2025-08-09,"11:50:55",3730,62.2,1,0,"E:/alexfraser_tagged/af19_nov1/101RECNX","RCNX0147.JPG","Nothing",2,"Species|Nothing"
"af19","Nothing",2025-08-09 13:59:39,2025-08-09,"13:59:39",7716,128.6,2.1,0.1,"E:/alexfraser_tagged/af19_nov1/101RECNX","RCNX0149.JPG","Nothing",2,"Species|Nothing"
"af19","Nothing",2025-08-09 14:06:49,2025-08-09,"14:06:49",429,7.2,0.1,0,"E:/alexfraser_tagged/af19_nov1/101RECNX","RCNX0151.JPG","Nothing",4,"Species|Nothing"
"af19","Nothing",2025-08-09 14:57:44,2025-08-09,"14:57:44",2841,47.4,0.8,0,"E:/alexfraser_tagged/af19_nov1/101RECNX","RCNX0155.JPG","Nothing",2,"Species|Nothing"
"af19","Nothing",2025-08-09 15:18:23,2025-08-09,"15:18:23",1232,20.5,0.3,0,"E:/alexfraser_tagged/af19_nov1/101RECNX","RCNX0157.JPG","Nothing",1,"Species|Nothing"
"af19","Nothing",2025-08-09 16:04:59,2025-08-09,"16:04:59",2796,46.6,0.8,0,"E:/alexfraser_tagged/af19_nov1/101RECNX","RCNX0158.JPG","Nothing",2,"Species|Nothing"
"af19","Nothing",2025-08-09 16:10:23,2025-08-09,"16:10:23",323,5.4,0.1,0,"E:/alexfraser_tagged/af19_nov1/101RECNX","RCNX0160.JPG","Nothing",2,"Species|Nothing"
"af19","Nothing",2025-08-09 19:56:02,2025-08-10,"19:56:02",13538,225.6,3.8,0.2,"E:/alexfraser_tagged/af19_nov1/101RECNX","RCNX0162.JPG","Nothing",2,"Species|Nothing"
"af19","Nothing",2025-08-09 20:36:56,2025-08-10,"20:36:56",2432,40.5,0.7,0,"E:/alexfraser_tagged/af19_nov1/101RECNX","RCNX0164.JPG","Nothing",2,"Species|Nothing"
"af19","Nothing",2025-08-09 20:55:51,2025-08-10,"20:55:51",1120,18.7,0.3,0,"E:/alexfraser_tagged/af19_nov1/101RECNX","RCNX0166.JPG","Nothing",2,"Species|Nothing"
"af19","Nothing",2025-08-09 21:30:18,2025-08-10,"21:30:18",2046,34.1,0.6,0,"E:/alexfraser_tagged/af19_nov1/101RECNX","RCNX0168.JPG","Nothing",2,"Species|Nothing"
"af19","Nothing",2025-08-09 21:51:43,2025-08-10,"21:51:43",1270,21.2,0.4,0,"E:/alexfraser_tagged/af19_nov1/101RECNX","RCNX0170.JPG","Nothing",1,"Species|Nothing"
"af19","Nothing",2025-08-10 00:28:05,2025-08-10,"00:28:05",9382,156.4,2.6,0.1,"E:/alexfraser_tagged/af19_nov1/101RECNX","RCNX0171.JPG","Nothing",2,"Species|Nothing"
"af19","Nothing",2025-08-10 01:17:45,2025-08-10,"01:17:45",2977,49.6,0.8,0,"E:/alexfraser_tagged/af19_nov1/101RECNX","RCNX0173.JPG","Nothing",2,"Species|Nothing"
"af19","Nothing",2025-08-10 03:24:34,2025-08-10,"03:24:34",7608,126.8,2.1,0.1,"E:/alexfraser_tagged/af19_nov1/101RECNX","RCNX0175.JPG","Nothing",2,"Species|Nothing"
"af19","Nothing",2025-08-10 05:28:57,2025-08-10,"05:28:57",7455,124.2,2.1,0.1,"E:/alexfraser_tagged/af19_nov1/101RECNX","RCNX0177.JPG","Nothing",2,"Species|Nothing"
"af19","Nothing",2025-08-10 09:10:28,2025-08-10,"09:10:28",13281,221.3,3.7,0.2,"E:/alexfraser_tagged/af19_nov1/101RECNX","RCNX0179.JPG","Nothing",2,"Species|Nothing"
"af19","Nothing",2025-08-10 10:20:38,2025-08-10,"10:20:38",4208,70.1,1.2,0,"E:/alexfraser_tagged/af19_nov1/101RECNX","RCNX0181.JPG","Nothing",1,"Species|Nothing"
"af19","Nothing",2025-08-10 11:35:50,2025-08-10,"11:35:50",4512,75.2,1.3,0.1,"E:/alexfraser_tagged/af19_nov1/101RECNX","RCNX0182.JPG","Nothing",2,"Species|Nothing"
"af19","Nothing",2025-08-10 12:23:56,2025-08-10,"12:23:56",2870,47.8,0.8,0,"E:/alexfraser_tagged/af19_nov1/101RECNX","RCNX0184.JPG","Nothing",2,"Species|Nothing"
"af19","Nothing",2025-08-10 14:08:41,2025-08-10,"14:08:41",6266,104.4,1.7,0.1,"E:/alexfraser_tagged/af19_nov1/101RECNX","RCNX0186.JPG","Nothing",1,"Species|Nothing"
"af19","Nothing",2025-08-10 14:32:58,2025-08-10,"14:32:58",1457,24.3,0.4,0,"E:/alexfraser_tagged/af19_nov1/101RECNX","RCNX0187.JPG","Nothing",2,"Species|Nothing"
"af19","Nothing",2025-08-10 15:36:11,2025-08-10,"15:36:11",3791,63.2,1.1,0,"E:/alexfraser_tagged/af19_nov1/101RECNX","RCNX0189.JPG","Nothing",2,"Species|Nothing"
"af19","Nothing",2025-08-10 15:49:43,2025-08-10,"15:49:43",809,13.5,0.2,0,"E:/alexfraser_tagged/af19_nov1/101RECNX","RCNX0191.JPG","Nothing",2,"Species|Nothing"
"af19","Nothing",2025-08-10 17:23:48,2025-08-11,"17:23:48",5634,93.9,1.6,0.1,"E:/alexfraser_tagged/af19_nov1/101RECNX","RCNX0193.JPG","Nothing",2,"Species|Nothing"
"af19","Nothing",2025-08-10 18:04:32,2025-08-11,"18:04:32",2435,40.6,0.7,0,"E:/alexfraser_tagged/af19_nov1/101RECNX","RCNX0195.JPG","Nothing",2,"Species|Nothing"
"af19","Nothing",2025-08-10 20:36:45,2025-08-11,"20:36:45",9129,152.2,2.5,0.1,"E:/alexfraser_tagged/af19_nov1/101RECNX","RCNX0197.JPG","Nothing",2,"Species|Nothing"
"af19","Nothing",2025-08-10 21:34:31,2025-08-11,"21:34:31",3464,57.7,1,0,"E:/alexfraser_tagged/af19_nov1/101RECNX","RCNX0199.JPG","Nothing",2,"Species|Nothing"
"af19","Nothing",2025-08-10 23:12:00,2025-08-11,"23:12:00",5842,97.4,1.6,0.1,"E:/alexfraser_tagged/af19_nov1/101RECNX","RCNX0203.JPG","Nothing",4,"Species|Nothing"
"af19","Nothing",2025-08-10 23:21:39,2025-08-11,"23:21:39",544,9.1,0.2,0,"E:/alexfraser_tagged/af19_nov1/101RECNX","RCNX0207.JPG","Nothing",3,"Species|Nothing"
"af19","Nothing",2025-08-10 23:45:53,2025-08-11,"23:45:53",1172,19.5,0.3,0,"E:/alexfraser_tagged/af19_nov1/101RECNX","RCNX0210.JPG","Nothing",2,"Species|Nothing"
"af19","Nothing",2025-08-11 01:01:59,2025-08-11,"01:01:59",4554,75.9,1.3,0.1,"E:/alexfraser_tagged/af19_nov1/101RECNX","RCNX0212.JPG","Nothing",1,"Species|Nothing"
"af19","Nothing",2025-08-11 01:53:46,2025-08-11,"01:53:46",3107,51.8,0.9,0,"E:/alexfraser_tagged/af19_nov1/101RECNX","RCNX0213.JPG","Nothing",1,"Species|Nothing"
"af19","Nothing",2025-08-11 02:16:43,2025-08-11,"02:16:43",1377,23,0.4,0,"E:/alexfraser_tagged/af19_nov1/101RECNX","RCNX0214.JPG","Nothing",4,"Species|Nothing"
"af19","Nothing",2025-08-11 02:51:47,2025-08-11,"02:51:47",2051,34.2,0.6,0,"E:/alexfraser_tagged/af19_nov1/101RECNX","RCNX0218.JPG","Nothing",2,"Species|Nothing"
"af19","Nothing",2025-08-11 07:37:00,2025-08-11,"07:37:00",17112,285.2,4.8,0.2,"E:/alexfraser_tagged/af19_nov1/101RECNX","RCNX0220.JPG","Nothing",2,"Species|Nothing"
"af19","Nothing",2025-08-11 08:13:26,2025-08-11,"08:13:26",2176,36.3,0.6,0,"E:/alexfraser_tagged/af19_nov1/101RECNX","RCNX0222.JPG","Nothing",2,"Species|Nothing"
"af19","Nothing",2025-08-11 08:22:50,2025-08-11,"08:22:50",562,9.4,0.2,0,"E:/alexfraser_tagged/af19_nov1/101RECNX","RCNX0224.JPG","Nothing",4,"Species|Nothing"
"af19","Nothing",2025-08-11 09:05:40,2025-08-11,"09:05:40",2506,41.8,0.7,0,"E:/alexfraser_tagged/af19_nov1/101RECNX","RCNX0228.JPG","Nothing",2,"Species|Nothing"
"af19","Nothing",2025-08-11 12:03:18,2025-08-11,"12:03:18",10657,177.6,3,0.1,"E:/alexfraser_tagged/af19_nov1/101RECNX","RCNX0230.JPG","Nothing",2,"Species|Nothing"
"af19","Nothing",2025-08-11 17:23:18,2025-08-12,"17:23:18",19197,320,5.3,0.2,"E:/alexfraser_tagged/af19_nov1/101RECNX","RCNX0232.JPG","Nothing",2,"Species|Nothing"
"af19","Nothing",2025-08-11 17:50:25,2025-08-12,"17:50:25",1625,27.1,0.5,0,"E:/alexfraser_tagged/af19_nov1/101RECNX","RCNX0234.JPG","Nothing",2,"Species|Nothing"
"af19","Nothing",2025-08-11 18:26:13,2025-08-12,"18:26:13",2146,35.8,0.6,0,"E:/alexfraser_tagged/af19_nov1/101RECNX","RCNX0236.JPG","Nothing",2,"Species|Nothing"
"af19","Nothing",2025-08-11 20:57:43,2025-08-12,"20:57:43",9089,151.5,2.5,0.1,"E:/alexfraser_tagged/af19_nov1/101RECNX","RCNX0238.JPG","Nothing",2,"Species|Nothing"
"af19","Nothing",2025-08-11 21:41:19,2025-08-12,"21:41:19",2607,43.5,0.7,0,"E:/alexfraser_tagged/af19_nov1/101RECNX","RCNX0240.JPG","Nothing",2,"Species|Nothing"
"af19","Nothing",2025-08-11 22:18:02,2025-08-12,"22:18:02",2194,36.6,0.6,0,"E:/alexfraser_tagged/af19_nov1/101RECNX","RCNX0242.JPG","Nothing",2,"Species|Nothing"
"af19","Nothing",2025-08-11 22:46:19,2025-08-12,"22:46:19",1689,28.1,0.5,0,"E:/alexfraser_tagged/af19_nov1/101RECNX","RCNX0244.JPG","Nothing",2,"Species|Nothing"
"af19","Nothing",2025-08-12 01:38:41,2025-08-12,"01:38:41",10326,172.1,2.9,0.1,"E:/alexfraser_tagged/af19_nov1/101RECNX","RCNX0246.JPG","Nothing",2,"Species|Nothing"
"af19","Nothing",2025-08-12 04:07:58,2025-08-12,"04:07:58",8953,149.2,2.5,0.1,"E:/alexfraser_tagged/af19_nov1/101RECNX","RCNX0248.JPG","Nothing",2,"Species|Nothing"
"af19","Nothing",2025-08-12 05:37:44,2025-08-12,"05:37:44",5380,89.7,1.5,0.1,"E:/alexfraser_tagged/af19_nov1/101RECNX","RCNX0250.JPG","Nothing",2,"Species|Nothing"
"af19","Nothing",2025-08-12 06:42:55,2025-08-12,"06:42:55",3896,64.9,1.1,0,"E:/alexfraser_tagged/af19_nov1/101RECNX","RCNX0252.JPG","Nothing",1,"Species|Nothing"
"af19","Nothing",2025-08-12 07:35:16,2025-08-12,"07:35:16",3141,52.4,0.9,0,"E:/alexfraser_tagged/af19_nov1/101RECNX","RCNX0253.JPG","Nothing",2,"Species|Nothing"
"af19","Nothing",2025-08-12 09:26:00,2025-08-12,"09:26:00",6631,110.5,1.8,0.1,"E:/alexfraser_tagged/af19_nov1/101RECNX","RCNX0255.JPG","Nothing",2,"Species|Nothing"
"af19","Nothing",2025-08-12 11:14:08,2025-08-12,"11:14:08",6476,107.9,1.8,0.1,"E:/alexfraser_tagged/af19_nov1/101RECNX","RCNX0257.JPG","Nothing",2,"Species|Nothing"
"af19","Nothing",2025-08-12 11:29:48,2025-08-12,"11:29:48",938,15.6,0.3,0,"E:/alexfraser_tagged/af19_nov1/101RECNX","RCNX0259.JPG","Nothing",2,"Species|Nothing"
"af19","Nothing",2025-08-12 12:51:37,2025-08-12,"12:51:37",4884,81.4,1.4,0.1,"E:/alexfraser_tagged/af19_nov1/101RECNX","RCNX0261.JPG","Nothing",2,"Species|Nothing"
"af19","Nothing",2025-08-12 12:58:37,2025-08-12,"12:58:37",419,7,0.1,0,"E:/alexfraser_tagged/af19_nov1/101RECNX","RCNX0263.JPG","Nothing",2,"Species|Nothing"
"af19","Nothing",2025-08-12 15:19:01,2025-08-12,"15:19:01",8421,140.3,2.3,0.1,"E:/alexfraser_tagged/af19_nov1/101RECNX","RCNX0265.JPG","Nothing",2,"Species|Nothing"
"af19","Nothing",2025-08-12 15:34:46,2025-08-12,"15:34:46",891,14.8,0.2,0,"E:/alexfraser_tagged/af19_nov1/101RECNX","RCNX0267.JPG","Nothing",2,"Species|Nothing"
"af19","Nothing",2025-08-12 16:49:17,2025-08-12,"16:49:17",4461,74.3,1.2,0,"E:/alexfraser_tagged/af19_nov1/101RECNX","RCNX0269.JPG","Nothing",1,"Species|Nothing"
"af19","Nothing",2025-08-12 18:14:47,2025-08-13,"18:14:47",5130,85.5,1.4,0.1,"E:/alexfraser_tagged/af19_nov1/101RECNX","RCNX0270.JPG","Nothing",1,"Species|Nothing"
"af19","Nothing",2025-08-12 21:32:04,2025-08-13,"21:32:04",11837,197.3,3.3,0.1,"E:/alexfraser_tagged/af19_nov1/101RECNX","RCNX0271.JPG","Nothing",2,"Species|Nothing"
"af19","Nothing",2025-08-12 22:42:54,2025-08-13,"22:42:54",4236,70.6,1.2,0,"E:/alexfraser_tagged/af19_nov1/101RECNX","RCNX0273.JPG","Nothing",2,"Species|Nothing"
"af19","Nothing",2025-08-12 23:07:52,2025-08-13,"23:07:52",1485,24.8,0.4,0,"E:/alexfraser_tagged/af19_nov1/101RECNX","RCNX0275.JPG","Nothing",2,"Species|Nothing"
"af19","Nothing",2025-08-13 00:16:59,2025-08-13,"00:16:59",4138,69,1.1,0,"E:/alexfraser_tagged/af19_nov1/101RECNX","RCNX0277.JPG","Nothing",4,"Species|Nothing"
"af19","Nothing",2025-08-13 01:08:54,2025-08-13,"01:08:54",3098,51.6,0.9,0,"E:/alexfraser_tagged/af19_nov1/101RECNX","RCNX0281.JPG","Nothing",2,"Species|Nothing"
"af19","Nothing",2025-08-13 01:57:56,2025-08-13,"01:57:56",2922,48.7,0.8,0,"E:/alexfraser_tagged/af19_nov1/101RECNX","RCNX0283.JPG","Nothing",2,"Species|Nothing"
"af19","Nothing",2025-08-13 02:49:42,2025-08-13,"02:49:42",3097,51.6,0.9,0,"E:/alexfraser_tagged/af19_nov1/101RECNX","RCNX0285.JPG","Nothing",2,"Species|Nothing"
"af19","Nothing",2025-08-13 03:06:36,2025-08-13,"03:06:36",1008,16.8,0.3,0,"E:/alexfraser_tagged/af19_nov1/101RECNX","RCNX0287.JPG","Nothing",2,"Species|Nothing"
"af19","Nothing",2025-08-13 03:25:18,2025-08-13,"03:25:18",1120,18.7,0.3,0,"E:/alexfraser_tagged/af19_nov1/101RECNX","RCNX0289.JPG","Nothing",2,"Species|Nothing"
"af19","Nothing",2025-08-13 03:37:46,2025-08-13,"03:37:46",735,12.2,0.2,0,"E:/alexfraser_tagged/af19_nov1/101RECNX","RCNX0291.JPG","Nothing",2,"Species|Nothing"
"af19","Nothing",2025-08-13 06:27:48,2025-08-13,"06:27:48",10198,170,2.8,0.1,"E:/alexfraser_tagged/af19_nov1/101RECNX","RCNX0293.JPG","Nothing",2,"Species|Nothing"
"af19","Nothing",2025-08-13 07:15:52,2025-08-13,"07:15:52",2879,48,0.8,0,"E:/alexfraser_tagged/af19_nov1/101RECNX","RCNX0295.JPG","Nothing",2,"Species|Nothing"
"af19","Nothing",2025-08-13 08:28:20,2025-08-13,"08:28:20",4332,72.2,1.2,0,"E:/alexfraser_tagged/af19_nov1/101RECNX","RCNX0297.JPG","Nothing",2,"Species|Nothing"
"af19","Nothing",2025-08-13 08:51:45,2025-08-13,"08:51:45",1394,23.2,0.4,0,"E:/alexfraser_tagged/af19_nov1/101RECNX","RCNX0299.JPG","Nothing",1,"Species|Nothing"
"af19","Nothing",2025-08-13 08:57:06,2025-08-13,"08:57:06",321,5.3,0.1,0,"E:/alexfraser_tagged/af19_nov1/101RECNX","RCNX0300.JPG","Nothing",4,"Species|Nothing"
"af19","Nothing",2025-08-13 09:35:19,2025-08-13,"09:35:19",2082,34.7,0.6,0,"E:/alexfraser_tagged/af19_nov1/101RECNX","RCNX0304.JPG","Nothing",2,"Species|Nothing"
"af19","Nothing",2025-08-13 11:05:16,2025-08-13,"11:05:16",5389,89.8,1.5,0.1,"E:/alexfraser_tagged/af19_nov1/101RECNX","RCNX0306.JPG","Nothing",4,"Species|Nothing"
"af19","Nothing",2025-08-13 11:37:30,2025-08-13,"11:37:30",1916,31.9,0.5,0,"E:/alexfraser_tagged/af19_nov1/101RECNX","RCNX0310.JPG","Nothing",2,"Species|Nothing"
"af19","Nothing",2025-08-13 12:13:43,2025-08-13,"12:13:43",2167,36.1,0.6,0,"E:/alexfraser_tagged/af19_nov1/101RECNX","RCNX0312.JPG","Nothing",2,"Species|Nothing"
"af19","Nothing",2025-08-13 13:03:27,2025-08-13,"13:03:27",2981,49.7,0.8,0,"E:/alexfraser_tagged/af19_nov1/101RECNX","RCNX0314.JPG","Nothing",2,"Species|Nothing"
"af19","Nothing",2025-08-13 16:19:40,2025-08-13,"16:19:40",11768,196.1,3.3,0.1,"E:/alexfraser_tagged/af19_nov1/101RECNX","RCNX0316.JPG","Nothing",2,"Species|Nothing"
"af19","Nothing",2025-08-13 16:28:02,2025-08-13,"16:28:02",498,8.3,0.1,0,"E:/alexfraser_tagged/af19_nov1/101RECNX","RCNX0318.JPG","Nothing",2,"Species|Nothing"
"af19","Nothing",2025-08-13 17:18:57,2025-08-14,"17:18:57",3050,50.8,0.8,0,"E:/alexfraser_tagged/af19_nov1/101RECNX","RCNX0320.JPG","Nothing",3,"Species|Nothing"
"af19","Nothing",2025-08-13 18:52:22,2025-08-14,"18:52:22",5597,93.3,1.6,0.1,"E:/alexfraser_tagged/af19_nov1/101RECNX","RCNX0323.JPG","Nothing",2,"Species|Nothing"
"af19","Nothing",2025-08-13 19:40:25,2025-08-14,"19:40:25",2872,47.9,0.8,0,"E:/alexfraser_tagged/af19_nov1/101RECNX","RCNX0325.JPG","Nothing",2,"Species|Nothing"
"af19","Nothing",2025-08-13 20:31:53,2025-08-14,"20:31:53",3077,51.3,0.9,0,"E:/alexfraser_tagged/af19_nov1/101RECNX","RCNX0327.JPG","Nothing",2,"Species|Nothing"
"af19","Nothing",2025-08-13 21:21:47,2025-08-14,"21:21:47",2982,49.7,0.8,0,"E:/alexfraser_tagged/af19_nov1/101RECNX","RCNX0329.JPG","Nothing",2,"Species|Nothing"
"af19","Nothing",2025-08-13 22:55:00,2025-08-14,"22:55:00",5589,93.2,1.6,0.1,"E:/alexfraser_tagged/af19_nov1/101RECNX","RCNX0331.JPG","Nothing",2,"Species|Nothing"
"af19","Nothing",2025-08-14 01:18:07,2025-08-14,"01:18:07",8583,143.1,2.4,0.1,"E:/alexfraser_tagged/af19_nov1/101RECNX","RCNX0333.JPG","Nothing",2,"Species|Nothing"
"af19","Nothing",2025-08-14 01:24:29,2025-08-14,"01:24:29",378,6.3,0.1,0,"E:/alexfraser_tagged/af19_nov1/101RECNX","RCNX0335.JPG","Nothing",2,"Species|Nothing"
"af19","Nothing",2025-08-14 06:55:14,2025-08-14,"06:55:14",19838,330.6,5.5,0.2,"E:/alexfraser_tagged/af19_nov1/101RECNX","RCNX0339.JPG","Nothing",1,"Species|Nothing"
"af19","Nothing",2025-08-14 08:13:58,2025-08-14,"08:13:58",4724,78.7,1.3,0.1,"E:/alexfraser_tagged/af19_nov1/101RECNX","RCNX0340.JPG","Nothing",2,"Species|Nothing"
"af19","Nothing",2025-08-14 10:12:13,2025-08-14,"10:12:13",7083,118,2,0.1,"E:/alexfraser_tagged/af19_nov1/101RECNX","RCNX0342.JPG","Nothing",2,"Species|Nothing"
"af19","Nothing",2025-08-14 11:08:56,2025-08-14,"11:08:56",3398,56.6,0.9,0,"E:/alexfraser_tagged/af19_nov1/101RECNX","RCNX0344.JPG","Nothing",2,"Species|Nothing"
"af19","Nothing",2025-08-14 13:13:19,2025-08-14,"13:13:19",7458,124.3,2.1,0.1,"E:/alexfraser_tagged/af19_nov1/101RECNX","RCNX0346.JPG","Nothing",4,"Species|Nothing"
"af19","Nothing",2025-08-14 15:55:25,2025-08-14,"15:55:25",9439,157.3,2.6,0.1,"E:/alexfraser_tagged/af19_nov1/101RECNX","RCNX0350.JPG","Nothing",2,"Species|Nothing"
"af19","Nothing",2025-08-14 16:46:42,2025-08-14,"16:46:42",3060,51,0.8,0,"E:/alexfraser_tagged/af19_nov1/101RECNX","RCNX0352.JPG","Nothing",2,"Species|Nothing"
"af19","Nothing",2025-08-14 17:48:56,2025-08-15,"17:48:56",3717,62,1,0,"E:/alexfraser_tagged/af19_nov1/101RECNX","RCNX0354.JPG","Nothing",2,"Species|Nothing"
"af19","Nothing",2025-08-14 18:14:45,2025-08-15,"18:14:45",1547,25.8,0.4,0,"E:/alexfraser_tagged/af19_nov1/101RECNX","RCNX0356.JPG","Nothing",2,"Species|Nothing"
"af19","Nothing",2025-08-14 21:03:11,2025-08-15,"21:03:11",10082,168,2.8,0.1,"E:/alexfraser_tagged/af19_nov1/101RECNX","RCNX0358.JPG","Nothing",2,"Species|Nothing"
"af19","Nothing",2025-08-14 22:26:25,2025-08-15,"22:26:25",4985,83.1,1.4,0.1,"E:/alexfraser_tagged/af19_nov1/101RECNX","RCNX0360.JPG","Nothing",2,"Species|Nothing"
"af19","Nothing",2025-08-14 23:34:18,2025-08-15,"23:34:18",4064,67.7,1.1,0,"E:/alexfraser_tagged/af19_nov1/101RECNX","RCNX0362.JPG","Nothing",2,"Species|Nothing"
"af19","Nothing",2025-08-15 02:05:44,2025-08-15,"02:05:44",9076,151.3,2.5,0.1,"E:/alexfraser_tagged/af19_nov1/101RECNX","RCNX0364.JPG","Nothing",2,"Species|Nothing"
"af19","Nothing",2025-08-15 03:22:37,2025-08-15,"03:22:37",4610,76.8,1.3,0.1,"E:/alexfraser_tagged/af19_nov1/101RECNX","RCNX0366.JPG","Nothing",2,"Species|Nothing"
"af19","Nothing",2025-08-15 06:25:58,2025-08-15,"06:25:58",10989,183.2,3.1,0.1,"E:/alexfraser_tagged/af19_nov1/101RECNX","RCNX0368.JPG","Nothing",1,"Species|Nothing"
"af19","Nothing",2025-08-15 10:27:59,2025-08-15,"10:27:59",14521,242,4,0.2,"E:/alexfraser_tagged/af19_nov1/101RECNX","RCNX0369.JPG","Nothing",1,"Species|Nothing"
"af19","Nothing",2025-08-15 12:18:27,2025-08-15,"12:18:27",6628,110.5,1.8,0.1,"E:/alexfraser_tagged/af19_nov1/101RECNX","RCNX0370.JPG","Nothing",2,"Species|Nothing"
"af19","Nothing",2025-08-15 14:36:26,2025-08-15,"14:36:26",8269,137.8,2.3,0.1,"E:/alexfraser_tagged/af19_nov1/101RECNX","RCNX0372.JPG","Nothing",2,"Species|Nothing"
"af19","Nothing",2025-08-15 15:36:39,2025-08-15,"15:36:39",3611,60.2,1,0,"E:/alexfraser_tagged/af19_nov1/101RECNX","RCNX0374.JPG","Nothing",1,"Species|Nothing"
"af19","Nothing",2025-08-15 16:05:01,2025-08-15,"16:05:01",1702,28.4,0.5,0,"E:/alexfraser_tagged/af19_nov1/101RECNX","RCNX0375.JPG","Nothing",2,"Species|Nothing"
"af19","Nothing",2025-08-15 20:02:03,2025-08-16,"20:02:03",14203,236.7,3.9,0.2,"E:/alexfraser_tagged/af19_nov1/101RECNX","RCNX0377.JPG","Nothing",2,"Species|Nothing"
"af19","Nothing",2025-08-16 00:25:49,2025-08-16,"00:25:49",15798,263.3,4.4,0.2,"E:/alexfraser_tagged/af19_nov1/101RECNX","RCNX0379.JPG","Nothing",2,"Species|Nothing"
"af19","Nothing",2025-08-16 01:39:49,2025-08-16,"01:39:49",4438,74,1.2,0,"E:/alexfraser_tagged/af19_nov1/101RECNX","RCNX0381.JPG","Nothing",1,"Species|Nothing"
"af19","Nothing",2025-08-16 01:55:50,2025-08-16,"01:55:50",961,16,0.3,0,"E:/alexfraser_tagged/af19_nov1/101RECNX","RCNX0382.JPG","Nothing",4,"Species|Nothing"
"af19","Nothing",2025-08-16 02:03:44,2025-08-16,"02:03:44",443,7.4,0.1,0,"E:/alexfraser_tagged/af19_nov1/101RECNX","RCNX0386.JPG","Nothing",2,"Species|Nothing"
"af19","Nothing",2025-08-16 04:42:32,2025-08-16,"04:42:32",9526,158.8,2.6,0.1,"E:/alexfraser_tagged/af19_nov1/101RECNX","RCNX0388.JPG","Nothing",2,"Species|Nothing"
"af19","Nothing",2025-08-16 08:40:57,2025-08-16,"08:40:57",14288,238.1,4,0.2,"E:/alexfraser_tagged/af19_nov1/101RECNX","RCNX0390.JPG","Nothing",2,"Species|Nothing"
"af19","Nothing",2025-08-16 09:09:26,2025-08-16,"09:09:26",1705,28.4,0.5,0,"E:/alexfraser_tagged/af19_nov1/101RECNX","RCNX0392.JPG","Nothing",2,"Species|Nothing"
"af19","Nothing",2025-08-16 09:55:13,2025-08-16,"09:55:13",2741,45.7,0.8,0,"E:/alexfraser_tagged/af19_nov1/101RECNX","RCNX0394.JPG","Nothing",2,"Species|Nothing"
"af19","Nothing",2025-08-16 12:02:41,2025-08-16,"12:02:41",7643,127.4,2.1,0.1,"E:/alexfraser_tagged/af19_nov1/101RECNX","RCNX0396.JPG","Nothing",2,"Species|Nothing"
"af19","Nothing",2025-08-16 12:32:03,2025-08-16,"12:32:03",1752,29.2,0.5,0,"E:/alexfraser_tagged/af19_nov1/101RECNX","RCNX0398.JPG","Nothing",4,"Species|Nothing"
"af19","Nothing",2025-08-16 14:40:29,2025-08-16,"14:40:29",7548,125.8,2.1,0.1,"E:/alexfraser_tagged/af19_nov1/101RECNX","RCNX0402.JPG","Nothing",2,"Species|Nothing"
"af19","Nothing",2025-08-16 15:13:50,2025-08-16,"15:13:50",1992,33.2,0.6,0,"E:/alexfraser_tagged/af19_nov1/101RECNX","RCNX0404.JPG","Nothing",2,"Species|Nothing"
"af19","Nothing",2025-08-16 15:33:41,2025-08-16,"15:33:41",1187,19.8,0.3,0,"E:/alexfraser_tagged/af19_nov1/101RECNX","RCNX0406.JPG","Nothing",2,"Species|Nothing"
"af19","Nothing",2025-08-16 16:09:35,2025-08-16,"16:09:35",2147,35.8,0.6,0,"E:/alexfraser_tagged/af19_nov1/101RECNX","RCNX0408.JPG","Nothing",2,"Species|Nothing"
"af19","Nothing",2025-08-16 16:53:30,2025-08-16,"16:53:30",2632,43.9,0.7,0,"E:/alexfraser_tagged/af19_nov1/101RECNX","RCNX0410.JPG","Nothing",4,"Species|Nothing"
"af19","Nothing",2025-08-16 17:59:50,2025-08-17,"17:59:50",3936,65.6,1.1,0,"E:/alexfraser_tagged/af19_nov1/101RECNX","RCNX0414.JPG","Nothing",2,"Species|Nothing"
"af19","Nothing",2025-08-17 00:25:14,2025-08-17,"00:25:14",23116,385.3,6.4,0.3,"E:/alexfraser_tagged/af19_nov1/101RECNX","RCNX0416.JPG","Nothing",2,"Species|Nothing"
"af19","Nothing",2025-08-17 01:55:04,2025-08-17,"01:55:04",5376,89.6,1.5,0.1,"E:/alexfraser_tagged/af19_nov1/101RECNX","RCNX0418.JPG","Nothing",1,"Species|Nothing"
"af19","Nothing",2025-08-17 02:37:56,2025-08-17,"02:37:56",2572,42.9,0.7,0,"E:/alexfraser_tagged/af19_nov1/101RECNX","RCNX0419.JPG","Nothing",2,"Species|Nothing"
"af19","Nothing",2025-08-17 14:26:05,2025-08-17,"14:26:05",42485,708.1,11.8,0.5,"E:/alexfraser_tagged/af19_nov1/101RECNX","RCNX0421.JPG","Nothing",2,"Species|Nothing"
"af19","Nothing",2025-08-17 14:38:15,2025-08-17,"14:38:15",712,11.9,0.2,0,"E:/alexfraser_tagged/af19_nov1/101RECNX","RCNX0423.JPG","Nothing",4,"Species|Nothing"
"af19","Nothing",2025-08-17 15:02:29,2025-08-17,"15:02:29",1182,19.7,0.3,0,"E:/alexfraser_tagged/af19_nov1/101RECNX","RCNX0427.JPG","Nothing",2,"Species|Nothing"
"af19","Nothing",2025-08-17 15:15:10,2025-08-17,"15:15:10",755,12.6,0.2,0,"E:/alexfraser_tagged/af19_nov1/101RECNX","RCNX0429.JPG","Nothing",2,"Species|Nothing"
"af19","Nothing",2025-08-17 16:53:13,2025-08-17,"16:53:13",5871,97.8,1.6,0.1,"E:/alexfraser_tagged/af19_nov1/101RECNX","RCNX0431.JPG","Nothing",2,"Species|Nothing"
"af19","Nothing",2025-08-17 18:18:46,2025-08-18,"18:18:46",5131,85.5,1.4,0.1,"E:/alexfraser_tagged/af19_nov1/101RECNX","RCNX0433.JPG","Nothing",2,"Species|Nothing"
"af19","Nothing",2025-08-17 20:03:22,2025-08-18,"20:03:22",6274,104.6,1.7,0.1,"E:/alexfraser_tagged/af19_nov1/101RECNX","RCNX0435.JPG","Nothing",4,"Species|Nothing"
"af19","Nothing",2025-08-17 20:17:47,2025-08-18,"20:17:47",830,13.8,0.2,0,"E:/alexfraser_tagged/af19_nov1/101RECNX","RCNX0439.JPG","Nothing",2,"Species|Nothing"
"af19","Nothing",2025-08-17 21:26:24,2025-08-18,"21:26:24",4113,68.6,1.1,0,"E:/alexfraser_tagged/af19_nov1/101RECNX","RCNX0441.JPG","Nothing",2,"Species|Nothing"
"af19","Nothing",2025-08-17 22:03:04,2025-08-18,"22:03:04",2186,36.4,0.6,0,"E:/alexfraser_tagged/af19_nov1/101RECNX","RCNX0443.JPG","Nothing",2,"Species|Nothing"
"af19","Nothing",2025-08-17 22:17:42,2025-08-18,"22:17:42",862,14.4,0.2,0,"E:/alexfraser_tagged/af19_nov1/101RECNX","RCNX0445.JPG","Nothing",2,"Species|Nothing"
"af19","Nothing",2025-08-17 22:49:20,2025-08-18,"22:49:20",1886,31.4,0.5,0,"E:/alexfraser_tagged/af19_nov1/101RECNX","RCNX0447.JPG","Nothing",2,"Species|Nothing"
"af19","Nothing",2025-08-18 00:11:59,2025-08-18,"00:11:59",4958,82.6,1.4,0.1,"E:/alexfraser_tagged/af19_nov1/101RECNX","RCNX0449.JPG","Nothing",2,"Species|Nothing"
"af19","Nothing",2025-08-18 05:01:08,2025-08-18,"05:01:08",17343,289,4.8,0.2,"E:/alexfraser_tagged/af19_nov1/101RECNX","RCNX0451.JPG","Nothing",2,"Species|Nothing"
"af19","Nothing",2025-08-18 05:41:32,2025-08-18,"05:41:32",2421,40.4,0.7,0,"E:/alexfraser_tagged/af19_nov1/101RECNX","RCNX0453.JPG","Nothing",2,"Species|Nothing"
"af19","Nothing",2025-08-18 06:04:31,2025-08-18,"06:04:31",1374,22.9,0.4,0,"E:/alexfraser_tagged/af19_nov1/101RECNX","RCNX0455.JPG","Nothing",2,"Species|Nothing"
"af19","Nothing",2025-08-18 06:48:38,2025-08-18,"06:48:38",2638,44,0.7,0,"E:/alexfraser_tagged/af19_nov1/101RECNX","RCNX0457.JPG","Nothing",2,"Species|Nothing"
"af19","Nothing",2025-08-18 08:12:20,2025-08-18,"08:12:20",5015,83.6,1.4,0.1,"E:/alexfraser_tagged/af19_nov1/101RECNX","RCNX0459.JPG","Nothing",2,"Species|Nothing"
"af19","Nothing",2025-08-18 09:38:20,2025-08-18,"09:38:20",5159,86,1.4,0.1,"E:/alexfraser_tagged/af19_nov1/101RECNX","RCNX0461.JPG","Nothing",1,"Species|Nothing"
"af19","Nothing",2025-08-18 09:56:35,2025-08-18,"09:56:35",1095,18.2,0.3,0,"E:/alexfraser_tagged/af19_nov1/101RECNX","RCNX0462.JPG","Nothing",2,"Species|Nothing"
"af19","Nothing",2025-08-18 11:03:10,2025-08-18,"11:03:10",3992,66.5,1.1,0,"E:/alexfraser_tagged/af19_nov1/101RECNX","RCNX0464.JPG","Nothing",2,"Species|Nothing"
"af19","Nothing",2025-08-18 11:45:53,2025-08-18,"11:45:53",2561,42.7,0.7,0,"E:/alexfraser_tagged/af19_nov1/101RECNX","RCNX0466.JPG","Nothing",4,"Species|Nothing"
"af19","Nothing",2025-08-18 11:56:58,2025-08-18,"11:56:58",558,9.3,0.2,0,"E:/alexfraser_tagged/af19_nov1/101RECNX","RCNX0470.JPG","Nothing",4,"Species|Nothing"
"af19","Nothing",2025-08-18 12:14:03,2025-08-18,"12:14:03",1019,17,0.3,0,"E:/alexfraser_tagged/af19_nov1/101RECNX","RCNX0474.JPG","Nothing",2,"Species|Nothing"
"af19","Nothing",2025-08-18 16:43:03,2025-08-18,"16:43:03",16137,269,4.5,0.2,"E:/alexfraser_tagged/af19_nov1/101RECNX","RCNX0476.JPG","Nothing",2,"Species|Nothing"
"af19","Nothing",2025-08-18 19:18:45,2025-08-19,"19:18:45",9336,155.6,2.6,0.1,"E:/alexfraser_tagged/af19_nov1/101RECNX","RCNX0478.JPG","Nothing",2,"Species|Nothing"
"af19","Nothing",2025-08-18 21:39:08,2025-08-19,"21:39:08",8418,140.3,2.3,0.1,"E:/alexfraser_tagged/af19_nov1/101RECNX","RCNX0480.JPG","Nothing",2,"Species|Nothing"
"af19","Nothing",2025-08-18 22:37:35,2025-08-19,"22:37:35",3494,58.2,1,0,"E:/alexfraser_tagged/af19_nov1/101RECNX","RCNX0482.JPG","Nothing",2,"Species|Nothing"
"af19","Nothing",2025-08-18 23:05:26,2025-08-19,"23:05:26",1666,27.8,0.5,0,"E:/alexfraser_tagged/af19_nov1/101RECNX","RCNX0484.JPG","Nothing",4,"Species|Nothing"
"af19","Nothing",2025-08-18 23:34:43,2025-08-19,"23:34:43",1742,29,0.5,0,"E:/alexfraser_tagged/af19_nov1/101RECNX","RCNX0488.JPG","Nothing",2,"Species|Nothing"
"af19","Nothing",2025-08-18 23:55:27,2025-08-19,"23:55:27",1234,20.6,0.3,0,"E:/alexfraser_tagged/af19_nov1/101RECNX","RCNX0490.JPG","Nothing",2,"Species|Nothing"
"af19","Nothing",2025-08-19 02:05:41,2025-08-19,"02:05:41",7804,130.1,2.2,0.1,"E:/alexfraser_tagged/af19_nov1/101RECNX","RCNX0492.JPG","Nothing",2,"Species|Nothing"
"af19","Nothing",2025-08-19 02:49:54,2025-08-19,"02:49:54",2649,44.1,0.7,0,"E:/alexfraser_tagged/af19_nov1/101RECNX","RCNX0494.JPG","Nothing",2,"Species|Nothing"
"af19","Nothing",2025-08-19 07:31:02,2025-08-19,"07:31:02",16866,281.1,4.7,0.2,"E:/alexfraser_tagged/af19_nov1/101RECNX","RCNX0496.JPG","Nothing",3,"Species|Nothing"
"af19","Nothing",2025-08-19 08:47:44,2025-08-19,"08:47:44",4576,76.3,1.3,0.1,"E:/alexfraser_tagged/af19_nov1/101RECNX","RCNX0499.JPG","Nothing",2,"Species|Nothing"
"af19","Nothing",2025-08-19 12:00:33,2025-08-19,"12:00:33",11555,192.6,3.2,0.1,"E:/alexfraser_tagged/af19_nov1/101RECNX","RCNX0501.JPG","Nothing",1,"Species|Nothing"
"af19","Nothing",2025-08-19 12:46:19,2025-08-19,"12:46:19",2746,45.8,0.8,0,"E:/alexfraser_tagged/af19_nov1/101RECNX","RCNX0502.JPG","Nothing",2,"Species|Nothing"
"af19","Nothing",2025-08-19 13:06:42,2025-08-19,"13:06:42",1214,20.2,0.3,0,"E:/alexfraser_tagged/af19_nov1/101RECNX","RCNX0504.JPG","Nothing",2,"Species|Nothing"
"af19","Nothing",2025-08-19 14:39:02,2025-08-19,"14:39:02",5532,92.2,1.5,0.1,"E:/alexfraser_tagged/af19_nov1/101RECNX","RCNX0506.JPG","Nothing",2,"Species|Nothing"
"af19","Nothing",2025-08-19 16:04:37,2025-08-19,"16:04:37",5125,85.4,1.4,0.1,"E:/alexfraser_tagged/af19_nov1/101RECNX","RCNX0508.JPG","Nothing",2,"Species|Nothing"
"af19","Nothing",2025-08-19 16:40:50,2025-08-19,"16:40:50",2166,36.1,0.6,0,"E:/alexfraser_tagged/af19_nov1/101RECNX","RCNX0510.JPG","Nothing",2,"Species|Nothing"
"af19","Nothing",2025-08-19 18:20:30,2025-08-20,"18:20:30",5977,99.6,1.7,0.1,"E:/alexfraser_tagged/af19_nov1/101RECNX","RCNX0512.JPG","Nothing",2,"Species|Nothing"
"af19","Nothing",2025-08-19 19:15:56,2025-08-20,"19:15:56",3316,55.3,0.9,0,"E:/alexfraser_tagged/af19_nov1/101RECNX","RCNX0514.JPG","Nothing",4,"Species|Nothing"
"af19","Nothing",2025-08-19 19:34:07,2025-08-20,"19:34:07",912,15.2,0.3,0,"E:/alexfraser_tagged/af19_nov1/101RECNX","RCNX0518.JPG","Nothing",1,"Species|Nothing"
"af19","Nothing",2025-08-19 22:09:56,2025-08-20,"22:09:56",9349,155.8,2.6,0.1,"E:/alexfraser_tagged/af19_nov1/101RECNX","RCNX0519.JPG","Nothing",2,"Species|Nothing"
"af19","Nothing",2025-08-19 22:27:11,2025-08-20,"22:27:11",1031,17.2,0.3,0,"E:/alexfraser_tagged/af19_nov1/101RECNX","RCNX0521.JPG","Nothing",4,"Species|Nothing"
"af19","Nothing",2025-08-19 23:00:37,2025-08-20,"23:00:37",1712,28.5,0.5,0,"E:/alexfraser_tagged/af19_nov1/101RECNX","RCNX0525.JPG","Nothing",1,"Species|Nothing"
"af19","Nothing",2025-08-20 00:26:58,2025-08-20,"00:26:58",5181,86.3,1.4,0.1,"E:/alexfraser_tagged/af19_nov1/101RECNX","RCNX0526.JPG","Nothing",2,"Species|Nothing"
"af19","Nothing",2025-08-20 01:58:04,2025-08-20,"01:58:04",5464,91.1,1.5,0.1,"E:/alexfraser_tagged/af19_nov1/101RECNX","RCNX0528.JPG","Nothing",1,"Species|Nothing"
"af19","Nothing",2025-08-20 03:10:41,2025-08-20,"03:10:41",4357,72.6,1.2,0,"E:/alexfraser_tagged/af19_nov1/101RECNX","RCNX0529.JPG","Nothing",2,"Species|Nothing"
"af19","Nothing",2025-08-20 07:08:46,2025-08-20,"07:08:46",14269,237.8,4,0.2,"E:/alexfraser_tagged/af19_nov1/101RECNX","RCNX0531.JPG","Nothing",4,"Species|Nothing"
"af19","Nothing",2025-08-20 07:16:01,2025-08-20,"07:16:01",405,6.8,0.1,0,"E:/alexfraser_tagged/af19_nov1/101RECNX","RCNX0535.JPG","Nothing",2,"Species|Nothing"
"af19","Nothing",2025-08-20 08:28:34,2025-08-20,"08:28:34",4352,72.5,1.2,0,"E:/alexfraser_tagged/af19_nov1/101RECNX","RCNX0537.JPG","Nothing",2,"Species|Nothing"
"af19","Nothing",2025-08-20 09:29:17,2025-08-20,"09:29:17",3624,60.4,1,0,"E:/alexfraser_tagged/af19_nov1/101RECNX","RCNX0539.JPG","Nothing",2,"Species|Nothing"
"af19","Nothing",2025-08-20 14:09:29,2025-08-20,"14:09:29",16809,280.1,4.7,0.2,"E:/alexfraser_tagged/af19_nov1/101RECNX","RCNX0541.JPG","Nothing",2,"Species|Nothing"
"af19","Nothing",2025-08-20 14:16:03,2025-08-20,"14:16:03",387,6.4,0.1,0,"E:/alexfraser_tagged/af19_nov1/101RECNX","RCNX0543.JPG","Nothing",4,"Species|Nothing"
"af19","Nothing",2025-08-20 14:32:06,2025-08-20,"14:32:06",922,15.4,0.3,0,"E:/alexfraser_tagged/af19_nov1/101RECNX","RCNX0547.JPG","Nothing",3,"Species|Nothing"
"af19","Nothing",2025-08-20 14:41:28,2025-08-20,"14:41:28",305,5.1,0.1,0,"E:/alexfraser_tagged/af19_nov1/101RECNX","RCNX0550.JPG","Nothing",2,"Species|Nothing"
"af19","Nothing",2025-08-20 16:13:16,2025-08-20,"16:13:16",5497,91.6,1.5,0.1,"E:/alexfraser_tagged/af19_nov1/101RECNX","RCNX0552.JPG","Nothing",2,"Species|Nothing"
"af19","Nothing",2025-08-20 16:52:08,2025-08-20,"16:52:08",2316,38.6,0.6,0,"E:/alexfraser_tagged/af19_nov1/101RECNX","RCNX0554.JPG","Nothing",2,"Species|Nothing"
"af19","Nothing",2025-08-20 18:50:14,2025-08-21,"18:50:14",7082,118,2,0.1,"E:/alexfraser_tagged/af19_nov1/101RECNX","RCNX0556.JPG","Nothing",2,"Species|Nothing"
"af19","Nothing",2025-08-20 19:29:00,2025-08-21,"19:29:00",2322,38.7,0.6,0,"E:/alexfraser_tagged/af19_nov1/101RECNX","RCNX0558.JPG","Nothing",2,"Species|Nothing"
"af19","Nothing",2025-08-21 02:15:09,2025-08-21,"02:15:09",24365,406.1,6.8,0.3,"E:/alexfraser_tagged/af19_nov1/101RECNX","RCNX0560.JPG","Nothing",2,"Species|Nothing"
"af19","Nothing",2025-08-21 02:44:13,2025-08-21,"02:44:13",1741,29,0.5,0,"E:/alexfraser_tagged/af19_nov1/101RECNX","RCNX0562.JPG","Nothing",1,"Species|Nothing"
"af19","Nothing",2025-08-21 03:05:46,2025-08-21,"03:05:46",1293,21.6,0.4,0,"E:/alexfraser_tagged/af19_nov1/101RECNX","RCNX0563.JPG","Nothing",2,"Species|Nothing"
"af19","Nothing",2025-08-21 03:44:40,2025-08-21,"03:44:40",2328,38.8,0.6,0,"E:/alexfraser_tagged/af19_nov1/101RECNX","RCNX0565.JPG","Nothing",2,"Species|Nothing"
"af19","Nothing",2025-08-21 08:02:08,2025-08-21,"08:02:08",15440,257.3,4.3,0.2,"E:/alexfraser_tagged/af19_nov1/101RECNX","RCNX0567.JPG","Nothing",2,"Species|Nothing"
"af19","Nothing",2025-08-21 08:28:11,2025-08-21,"08:28:11",1561,26,0.4,0,"E:/alexfraser_tagged/af19_nov1/101RECNX","RCNX0569.JPG","Nothing",2,"Species|Nothing"
"af19","Nothing",2025-08-21 09:38:11,2025-08-21,"09:38:11",4192,69.9,1.2,0,"E:/alexfraser_tagged/af19_nov1/101RECNX","RCNX0571.JPG","Nothing",2,"Species|Nothing"
"af19","Nothing",2025-08-21 10:08:57,2025-08-21,"10:08:57",1841,30.7,0.5,0,"E:/alexfraser_tagged/af19_nov1/101RECNX","RCNX0573.JPG","Nothing",2,"Species|Nothing"
"af19","Nothing",2025-08-21 10:22:46,2025-08-21,"10:22:46",822,13.7,0.2,0,"E:/alexfraser_tagged/af19_nov1/101RECNX","RCNX0575.JPG","Nothing",2,"Species|Nothing"
"af19","Nothing",2025-08-21 12:39:56,2025-08-21,"12:39:56",8214,136.9,2.3,0.1,"E:/alexfraser_tagged/af19_nov1/101RECNX","RCNX0577.JPG","Nothing",2,"Species|Nothing"
"af19","Nothing",2025-08-21 14:05:19,2025-08-21,"14:05:19",5111,85.2,1.4,0.1,"E:/alexfraser_tagged/af19_nov1/101RECNX","RCNX0579.JPG","Nothing",2,"Species|Nothing"
"af19","Nothing",2025-08-21 15:01:25,2025-08-21,"15:01:25",3364,56.1,0.9,0,"E:/alexfraser_tagged/af19_nov1/101RECNX","RCNX0581.JPG","Nothing",2,"Species|Nothing"
"af19","Nothing",2025-08-21 16:00:15,2025-08-21,"16:00:15",3528,58.8,1,0,"E:/alexfraser_tagged/af19_nov1/101RECNX","RCNX0583.JPG","Nothing",2,"Species|Nothing"
"af19","Nothing",2025-08-21 16:31:03,2025-08-21,"16:31:03",1845,30.8,0.5,0,"E:/alexfraser_tagged/af19_nov1/101RECNX","RCNX0585.JPG","Nothing",2,"Species|Nothing"
"af19","Nothing",2025-08-21 19:38:21,2025-08-22,"19:38:21",11235,187.2,3.1,0.1,"E:/alexfraser_tagged/af19_nov1/101RECNX","RCNX0587.JPG","Nothing",2,"Species|Nothing"
"af19","Nothing",2025-08-21 23:17:26,2025-08-22,"23:17:26",13133,218.9,3.6,0.1,"E:/alexfraser_tagged/af19_nov1/101RECNX","RCNX0589.JPG","Nothing",2,"Species|Nothing"
"af19","Nothing",2025-08-22 01:24:19,2025-08-22,"01:24:19",7612,126.9,2.1,0.1,"E:/alexfraser_tagged/af19_nov1/101RECNX","RCNX0591.JPG","Nothing",2,"Species|Nothing"
"af19","Nothing",2025-08-22 02:00:59,2025-08-22,"02:00:59",2179,36.3,0.6,0,"E:/alexfraser_tagged/af19_nov1/101RECNX","RCNX0593.JPG","Nothing",1,"Species|Nothing"
"af19","Nothing",2025-08-22 03:39:34,2025-08-22,"03:39:34",5915,98.6,1.6,0.1,"E:/alexfraser_tagged/af19_nov1/101RECNX","RCNX0594.JPG","Nothing",2,"Species|Nothing"
"af19","Nothing",2025-08-22 04:23:56,2025-08-22,"04:23:56",2648,44.1,0.7,0,"E:/alexfraser_tagged/af19_nov1/101RECNX","RCNX0596.JPG","Nothing",2,"Species|Nothing"
"af19","Nothing",2025-08-22 08:02:55,2025-08-22,"08:02:55",13123,218.7,3.6,0.1,"E:/alexfraser_tagged/af19_nov1/101RECNX","RCNX0598.JPG","Nothing",3,"Species|Nothing"
"af19","Nothing",2025-08-22 08:18:14,2025-08-22,"08:18:14",706,11.8,0.2,0,"E:/alexfraser_tagged/af19_nov1/101RECNX","RCNX0601.JPG","Nothing",2,"Species|Nothing"
"af19","Nothing",2025-08-22 08:58:22,2025-08-22,"08:58:22",2407,40.1,0.7,0,"E:/alexfraser_tagged/af19_nov1/101RECNX","RCNX0603.JPG","Nothing",2,"Species|Nothing"
"af19","Nothing",2025-08-22 10:44:18,2025-08-22,"10:44:18",6320,105.3,1.8,0.1,"E:/alexfraser_tagged/af19_nov1/101RECNX","RCNX0605.JPG","Nothing",2,"Species|Nothing"
"af19","Nothing",2025-08-22 12:18:52,2025-08-22,"12:18:52",5670,94.5,1.6,0.1,"E:/alexfraser_tagged/af19_nov1/101RECNX","RCNX0607.JPG","Nothing",2,"Species|Nothing"
"af19","Nothing",2025-08-22 13:17:44,2025-08-22,"13:17:44",3522,58.7,1,0,"E:/alexfraser_tagged/af19_nov1/101RECNX","RCNX0609.JPG","Nothing",2,"Species|Nothing"
"af19","Nothing",2025-08-22 14:11:38,2025-08-22,"14:11:38",3227,53.8,0.9,0,"E:/alexfraser_tagged/af19_nov1/101RECNX","RCNX0611.JPG","Nothing",2,"Species|Nothing"
"af19","Nothing",2025-08-22 14:55:36,2025-08-22,"14:55:36",2631,43.9,0.7,0,"E:/alexfraser_tagged/af19_nov1/101RECNX","RCNX0613.JPG","Nothing",4,"Species|Nothing"
"af19","Nothing",2025-08-22 15:18:40,2025-08-22,"15:18:40",1326,22.1,0.4,0,"E:/alexfraser_tagged/af19_nov1/101RECNX","RCNX0617.JPG","Nothing",2,"Species|Nothing"
"af19","Nothing",2025-08-22 18:53:32,2025-08-23,"18:53:32",12890,214.8,3.6,0.1,"E:/alexfraser_tagged/af19_nov1/101RECNX","RCNX0621.JPG","Nothing",2,"Species|Nothing"
"af19","Nothing",2025-08-22 21:42:13,2025-08-23,"21:42:13",10120,168.7,2.8,0.1,"E:/alexfraser_tagged/af19_nov1/101RECNX","RCNX0623.JPG","Nothing",2,"Species|Nothing"
"af19","Nothing",2025-08-22 23:46:16,2025-08-23,"23:46:16",7437,124,2.1,0.1,"E:/alexfraser_tagged/af19_nov1/101RECNX","RCNX0625.JPG","Nothing",2,"Species|Nothing"
"af19","Nothing",2025-08-23 00:31:14,2025-08-23,"00:31:14",2695,44.9,0.7,0,"E:/alexfraser_tagged/af19_nov1/101RECNX","RCNX0627.JPG","Nothing",2,"Species|Nothing"
"af19","Nothing",2025-08-23 00:57:57,2025-08-23,"00:57:57",1599,26.6,0.4,0,"E:/alexfraser_tagged/af19_nov1/101RECNX","RCNX0629.JPG","Nothing",2,"Species|Nothing"
"af19","Nothing",2025-08-23 01:47:20,2025-08-23,"01:47:20",2958,49.3,0.8,0,"E:/alexfraser_tagged/af19_nov1/101RECNX","RCNX0631.JPG","Nothing",2,"Species|Nothing"
"af19","Nothing",2025-08-23 02:07:24,2025-08-23,"02:07:24",1192,19.9,0.3,0,"E:/alexfraser_tagged/af19_nov1/101RECNX","RCNX0633.JPG","Nothing",2,"Species|Nothing"
"af19","Nothing",2025-08-23 03:05:16,2025-08-23,"03:05:16",3466,57.8,1,0,"E:/alexfraser_tagged/af19_nov1/101RECNX","RCNX0635.JPG","Nothing",2,"Species|Nothing"
"af19","Nothing",2025-08-23 07:19:27,2025-08-23,"07:19:27",15245,254.1,4.2,0.2,"E:/alexfraser_tagged/af19_nov1/101RECNX","RCNX0637.JPG","Nothing",2,"Species|Nothing"
"af19","Nothing",2025-08-23 07:33:24,2025-08-23,"07:33:24",810,13.5,0.2,0,"E:/alexfraser_tagged/af19_nov1/101RECNX","RCNX0639.JPG","Nothing",2,"Species|Nothing"
"af19","Nothing",2025-08-23 09:36:00,2025-08-23,"09:36:00",7336,122.3,2,0.1,"E:/alexfraser_tagged/af19_nov1/101RECNX","RCNX0641.JPG","Nothing",2,"Species|Nothing"
"af19","Nothing",2025-08-23 13:14:49,2025-08-23,"13:14:49",13124,218.7,3.6,0.1,"E:/alexfraser_tagged/af19_nov1/101RECNX","RCNX0643.JPG","Nothing",4,"Species|Nothing"
"af19","Nothing",2025-08-23 15:27:57,2025-08-23,"15:27:57",7947,132.4,2.2,0.1,"E:/alexfraser_tagged/af19_nov1/101RECNX","RCNX0647.JPG","Nothing",2,"Species|Nothing"
"af19","Nothing",2025-08-23 15:35:04,2025-08-23,"15:35:04",422,7,0.1,0,"E:/alexfraser_tagged/af19_nov1/101RECNX","RCNX0649.JPG","Nothing",2,"Species|Nothing"
"af19","Nothing",2025-08-23 16:14:54,2025-08-23,"16:14:54",2388,39.8,0.7,0,"E:/alexfraser_tagged/af19_nov1/101RECNX","RCNX0651.JPG","Nothing",2,"Species|Nothing"
"af19","Nothing",2025-08-23 17:09:07,2025-08-24,"17:09:07",3239,54,0.9,0,"E:/alexfraser_tagged/af19_nov1/101RECNX","RCNX0653.JPG","Nothing",2,"Species|Nothing"
"af19","Nothing",2025-08-23 17:45:34,2025-08-24,"17:45:34",2181,36.4,0.6,0,"E:/alexfraser_tagged/af19_nov1/101RECNX","RCNX0655.JPG","Nothing",2,"Species|Nothing"
"af19","Nothing",2025-08-23 18:28:53,2025-08-24,"18:28:53",2592,43.2,0.7,0,"E:/alexfraser_tagged/af19_nov1/101RECNX","RCNX0657.JPG","Nothing",1,"Species|Nothing"
"af19","Nothing",2025-08-23 18:45:58,2025-08-24,"18:45:58",1025,17.1,0.3,0,"E:/alexfraser_tagged/af19_nov1/101RECNX","RCNX0658.JPG","Nothing",2,"Species|Nothing"
"af19","Nothing",2025-08-23 19:00:33,2025-08-24,"19:00:33",862,14.4,0.2,0,"E:/alexfraser_tagged/af19_nov1/101RECNX","RCNX0660.JPG","Nothing",2,"Species|Nothing"
"af19","Nothing",2025-08-23 21:17:55,2025-08-24,"21:17:55",8241,137.3,2.3,0.1,"E:/alexfraser_tagged/af19_nov1/101RECNX","RCNX0662.JPG","Nothing",1,"Species|Nothing"
"af19","Nothing",2025-08-24 00:58:16,2025-08-24,"00:58:16",13221,220.3,3.7,0.2,"E:/alexfraser_tagged/af19_nov1/101RECNX","RCNX0663.JPG","Nothing",2,"Species|Nothing"
"af19","Nothing",2025-08-24 02:43:23,2025-08-24,"02:43:23",6298,105,1.8,0.1,"E:/alexfraser_tagged/af19_nov1/101RECNX","RCNX0665.JPG","Nothing",2,"Species|Nothing"
"af19","Nothing",2025-08-24 05:07:17,2025-08-24,"05:07:17",8631,143.8,2.4,0.1,"E:/alexfraser_tagged/af19_nov1/101RECNX","RCNX0667.JPG","Nothing",4,"Species|Nothing"
"af19","Nothing",2025-08-24 07:22:35,2025-08-24,"07:22:35",8110,135.2,2.3,0.1,"E:/alexfraser_tagged/af19_nov1/101RECNX","RCNX0671.JPG","Nothing",2,"Species|Nothing"
"af19","Nothing",2025-08-24 08:39:10,2025-08-24,"08:39:10",4593,76.6,1.3,0.1,"E:/alexfraser_tagged/af19_nov1/101RECNX","RCNX0673.JPG","Nothing",4,"Species|Nothing"
"af19","Nothing",2025-08-24 08:59:40,2025-08-24,"08:59:40",1000,16.7,0.3,0,"E:/alexfraser_tagged/af19_nov1/101RECNX","RCNX0677.JPG","Nothing",2,"Species|Nothing"
"af19","Nothing",2025-08-24 09:53:26,2025-08-24,"09:53:26",3219,53.6,0.9,0,"E:/alexfraser_tagged/af19_nov1/101RECNX","RCNX0679.JPG","Nothing",2,"Species|Nothing"
"af19","Nothing",2025-08-24 10:50:09,2025-08-24,"10:50:09",3401,56.7,0.9,0,"E:/alexfraser_tagged/af19_nov1/101RECNX","RCNX0681.JPG","Nothing",2,"Species|Nothing"
"af19","Nothing",2025-08-24 11:43:17,2025-08-24,"11:43:17",3184,53.1,0.9,0,"E:/alexfraser_tagged/af19_nov1/101RECNX","RCNX0683.JPG","Nothing",4,"Species|Nothing"
"af19","Nothing",2025-08-24 12:29:38,2025-08-24,"12:29:38",2578,43,0.7,0,"E:/alexfraser_tagged/af19_nov1/101RECNX","RCNX0687.JPG","Nothing",2,"Species|Nothing"
"af19","Nothing",2025-08-24 12:58:17,2025-08-24,"12:58:17",1665,27.8,0.5,0,"E:/alexfraser_tagged/af19_nov1/101RECNX","RCNX0689.JPG","Nothing",2,"Species|Nothing"
"af19","Nothing",2025-08-24 18:09:24,2025-08-25,"18:09:24",18649,310.8,5.2,0.2,"E:/alexfraser_tagged/af19_nov1/101RECNX","RCNX0691.JPG","Nothing",2,"Species|Nothing"
"af19","Nothing",2025-08-24 19:44:49,2025-08-25,"19:44:49",5711,95.2,1.6,0.1,"E:/alexfraser_tagged/af19_nov1/101RECNX","RCNX0693.JPG","Nothing",2,"Species|Nothing"
"af19","Nothing",2025-08-24 23:19:25,2025-08-25,"23:19:25",12862,214.4,3.6,0.1,"E:/alexfraser_tagged/af19_nov1/101RECNX","RCNX0695.JPG","Nothing",2,"Species|Nothing"
"af19","Nothing",2025-08-25 00:33:22,2025-08-25,"00:33:22",4422,73.7,1.2,0,"E:/alexfraser_tagged/af19_nov1/101RECNX","RCNX0697.JPG","Nothing",2,"Species|Nothing"
"af19","Nothing",2025-08-25 01:23:27,2025-08-25,"01:23:27",3001,50,0.8,0,"E:/alexfraser_tagged/af19_nov1/101RECNX","RCNX0699.JPG","Nothing",2,"Species|Nothing"
"af19","Nothing",2025-08-25 01:46:58,2025-08-25,"01:46:58",1409,23.5,0.4,0,"E:/alexfraser_tagged/af19_nov1/101RECNX","RCNX0701.JPG","Nothing",1,"Species|Nothing"
"af19","Nothing",2025-08-25 02:59:00,2025-08-25,"02:59:00",4322,72,1.2,0,"E:/alexfraser_tagged/af19_nov1/101RECNX","RCNX0702.JPG","Nothing",1,"Species|Nothing"
"af19","Nothing",2025-08-25 03:45:21,2025-08-25,"03:45:21",2781,46.4,0.8,0,"E:/alexfraser_tagged/af19_nov1/101RECNX","RCNX0703.JPG","Nothing",2,"Species|Nothing"
"af19","Nothing",2025-08-25 06:37:33,2025-08-25,"06:37:33",10325,172.1,2.9,0.1,"E:/alexfraser_tagged/af19_nov1/101RECNX","RCNX0705.JPG","Nothing",1,"Species|Nothing"
"af19","Nothing",2025-08-25 06:46:49,2025-08-25,"06:46:49",556,9.3,0.2,0,"E:/alexfraser_tagged/af19_nov1/101RECNX","RCNX0706.JPG","Nothing",2,"Species|Nothing"
"af19","Nothing",2025-08-25 08:19:05,2025-08-25,"08:19:05",5532,92.2,1.5,0.1,"E:/alexfraser_tagged/af19_nov1/101RECNX","RCNX0708.JPG","Nothing",2,"Species|Nothing"
"af19","Nothing",2025-08-25 08:34:46,2025-08-25,"08:34:46",937,15.6,0.3,0,"E:/alexfraser_tagged/af19_nov1/101RECNX","RCNX0710.JPG","Nothing",2,"Species|Nothing"
"af19","Nothing",2025-08-25 09:02:14,2025-08-25,"09:02:14",1643,27.4,0.5,0,"E:/alexfraser_tagged/af19_nov1/101RECNX","RCNX0712.JPG","Nothing",2,"Species|Nothing"
"af19","Nothing",2025-08-25 09:21:56,2025-08-25,"09:21:56",1175,19.6,0.3,0,"E:/alexfraser_tagged/af19_nov1/101RECNX","RCNX0714.JPG","Nothing",2,"Species|Nothing"
"af19","Nothing",2025-08-25 09:32:48,2025-08-25,"09:32:48",644,10.7,0.2,0,"E:/alexfraser_tagged/af19_nov1/101RECNX","RCNX0716.JPG","Nothing",2,"Species|Nothing"
"af19","Nothing",2025-08-25 10:07:35,2025-08-25,"10:07:35",2073,34.5,0.6,0,"E:/alexfraser_tagged/af19_nov1/101RECNX","RCNX0718.JPG","Nothing",2,"Species|Nothing"
"af19","Nothing",2025-08-25 10:40:08,2025-08-25,"10:40:08",1948,32.5,0.5,0,"E:/alexfraser_tagged/af19_nov1/101RECNX","RCNX0720.JPG","Nothing",2,"Species|Nothing"
"af19","Nothing",2025-08-25 13:21:55,2025-08-25,"13:21:55",9706,161.8,2.7,0.1,"E:/alexfraser_tagged/af19_nov1/101RECNX","RCNX0722.JPG","Nothing",1,"Species|Nothing"
"af19","Nothing",2025-08-25 14:09:56,2025-08-25,"14:09:56",2881,48,0.8,0,"E:/alexfraser_tagged/af19_nov1/101RECNX","RCNX0723.JPG","Nothing",2,"Species|Nothing"
"af19","Nothing",2025-08-25 15:15:28,2025-08-25,"15:15:28",3927,65.4,1.1,0,"E:/alexfraser_tagged/af19_nov1/101RECNX","RCNX0725.JPG","Nothing",1,"Species|Nothing"
"af19","Nothing",2025-08-25 15:49:30,2025-08-25,"15:49:30",2042,34,0.6,0,"E:/alexfraser_tagged/af19_nov1/101RECNX","RCNX0726.JPG","Nothing",1,"Species|Nothing"
"af19","Nothing",2025-08-25 16:07:01,2025-08-25,"16:07:01",1051,17.5,0.3,0,"E:/alexfraser_tagged/af19_nov1/101RECNX","RCNX0727.JPG","Nothing",2,"Species|Nothing"
"af19","Nothing",2025-08-25 17:10:32,2025-08-26,"17:10:32",3809,63.5,1.1,0,"E:/alexfraser_tagged/af19_nov1/101RECNX","RCNX0729.JPG","Nothing",1,"Species|Nothing"
"af19","Nothing",2025-08-25 19:05:17,2025-08-26,"19:05:17",6885,114.8,1.9,0.1,"E:/alexfraser_tagged/af19_nov1/101RECNX","RCNX0730.JPG","Nothing",2,"Species|Nothing"
"af19","Nothing",2025-08-25 19:21:26,2025-08-26,"19:21:26",952,15.9,0.3,0,"E:/alexfraser_tagged/af19_nov1/101RECNX","RCNX0732.JPG","Nothing",2,"Species|Nothing"
"af19","Nothing",2025-08-25 20:15:32,2025-08-26,"20:15:32",3243,54,0.9,0,"E:/alexfraser_tagged/af19_nov1/101RECNX","RCNX0734.JPG","Nothing",2,"Species|Nothing"
"af19","Nothing",2025-08-25 20:25:30,2025-08-26,"20:25:30",591,9.8,0.2,0,"E:/alexfraser_tagged/af19_nov1/101RECNX","RCNX0736.JPG","Nothing",2,"Species|Nothing"
"af19","Nothing",2025-08-25 21:52:35,2025-08-26,"21:52:35",5224,87.1,1.5,0.1,"E:/alexfraser_tagged/af19_nov1/101RECNX","RCNX0738.JPG","Nothing",2,"Species|Nothing"
"af19","Nothing",2025-08-25 22:05:04,2025-08-26,"22:05:04",746,12.4,0.2,0,"E:/alexfraser_tagged/af19_nov1/101RECNX","RCNX0740.JPG","Nothing",2,"Species|Nothing"
"af19","Nothing",2025-08-25 23:16:37,2025-08-26,"23:16:37",4276,71.3,1.2,0,"E:/alexfraser_tagged/af19_nov1/101RECNX","RCNX0742.JPG","Nothing",2,"Species|Nothing"
"af19","Nothing",2025-08-26 00:43:33,2025-08-26,"00:43:33",5212,86.9,1.4,0.1,"E:/alexfraser_tagged/af19_nov1/101RECNX","RCNX0744.JPG","Nothing",1,"Species|Nothing"
"af19","Nothing",2025-08-26 01:02:14,2025-08-26,"01:02:14",1121,18.7,0.3,0,"E:/alexfraser_tagged/af19_nov1/101RECNX","RCNX0745.JPG","Nothing",4,"Species|Nothing"
"af19","Nothing",2025-08-26 01:42:03,2025-08-26,"01:42:03",2088,34.8,0.6,0,"E:/alexfraser_tagged/af19_nov1/101RECNX","RCNX0749.JPG","Nothing",2,"Species|Nothing"
"af19","Nothing",2025-08-26 03:43:22,2025-08-26,"03:43:22",7275,121.2,2,0.1,"E:/alexfraser_tagged/af19_nov1/101RECNX","RCNX0751.JPG","Nothing",1,"Species|Nothing"
"af19","Nothing",2025-08-26 04:00:06,2025-08-26,"04:00:06",1004,16.7,0.3,0,"E:/alexfraser_tagged/af19_nov1/101RECNX","RCNX0752.JPG","Nothing",2,"Species|Nothing"
"af19","Nothing",2025-08-26 06:23:49,2025-08-26,"06:23:49",8609,143.5,2.4,0.1,"E:/alexfraser_tagged/af19_nov1/101RECNX","RCNX0754.JPG","Nothing",2,"Species|Nothing"
"af19","Nothing",2025-08-26 06:29:28,2025-08-26,"06:29:28",329,5.5,0.1,0,"E:/alexfraser_tagged/af19_nov1/101RECNX","RCNX0756.JPG","Nothing",2,"Species|Nothing"
"af19","Nothing",2025-08-26 07:04:28,2025-08-26,"07:04:28",2096,34.9,0.6,0,"E:/alexfraser_tagged/af19_nov1/101RECNX","RCNX0758.JPG","Nothing",2,"Species|Nothing"
"af19","Nothing",2025-08-26 09:48:31,2025-08-26,"09:48:31",9841,164,2.7,0.1,"E:/alexfraser_tagged/af19_nov1/101RECNX","RCNX0760.JPG","Nothing",2,"Species|Nothing"
"af19","Nothing",2025-08-26 11:46:35,2025-08-26,"11:46:35",7046,117.4,2,0.1,"E:/alexfraser_tagged/af19_nov1/101RECNX","RCNX0762.JPG","Nothing",3,"Species|Nothing"
"af19","Nothing",2025-08-26 13:56:14,2025-08-26,"13:56:14",7740,129,2.1,0.1,"E:/alexfraser_tagged/af19_nov1/101RECNX","RCNX0765.JPG","Nothing",2,"Species|Nothing"
"af19","Nothing",2025-08-26 15:24:24,2025-08-26,"15:24:24",5282,88,1.5,0.1,"E:/alexfraser_tagged/af19_nov1/101RECNX","RCNX0767.JPG","Nothing",1,"Species|Nothing"
"af19","Nothing",2025-08-26 16:00:45,2025-08-26,"16:00:45",2181,36.4,0.6,0,"E:/alexfraser_tagged/af19_nov1/101RECNX","RCNX0768.JPG","Nothing",1,"Species|Nothing"
"af19","Nothing",2025-08-26 16:16:31,2025-08-26,"16:16:31",946,15.8,0.3,0,"E:/alexfraser_tagged/af19_nov1/101RECNX","RCNX0769.JPG","Nothing",1,"Species|Nothing"
"af19","Nothing",2025-08-26 17:15:10,2025-08-27,"17:15:10",3519,58.6,1,0,"E:/alexfraser_tagged/af19_nov1/101RECNX","RCNX0770.JPG","Nothing",2,"Species|Nothing"
"af19","Nothing",2025-08-26 17:46:26,2025-08-27,"17:46:26",1874,31.2,0.5,0,"E:/alexfraser_tagged/af19_nov1/101RECNX","RCNX0772.JPG","Nothing",2,"Species|Nothing"
"af19","Nothing",2025-08-26 18:48:33,2025-08-27,"18:48:33",3692,61.5,1,0,"E:/alexfraser_tagged/af19_nov1/101RECNX","RCNX0774.JPG","Nothing",2,"Species|Nothing"
"af19","Nothing",2025-08-26 19:43:12,2025-08-27,"19:43:12",3264,54.4,0.9,0,"E:/alexfraser_tagged/af19_nov1/101RECNX","RCNX0776.JPG","Nothing",1,"Species|Nothing"
"af19","Nothing",2025-08-26 19:53:33,2025-08-27,"19:53:33",621,10.3,0.2,0,"E:/alexfraser_tagged/af19_nov1/101RECNX","RCNX0777.JPG","Nothing",2,"Species|Nothing"
"af19","Nothing",2025-08-26 20:21:53,2025-08-27,"20:21:53",1676,27.9,0.5,0,"E:/alexfraser_tagged/af19_nov1/101RECNX","RCNX0779.JPG","Nothing",2,"Species|Nothing"
"af19","Nothing",2025-08-26 20:39:33,2025-08-27,"20:39:33",1055,17.6,0.3,0,"E:/alexfraser_tagged/af19_nov1/101RECNX","RCNX0781.JPG","Nothing",1,"Species|Nothing"
"af19","Nothing",2025-08-26 20:50:06,2025-08-27,"20:50:06",633,10.6,0.2,0,"E:/alexfraser_tagged/af19_nov1/101RECNX","RCNX0782.JPG","Nothing",2,"Species|Nothing"
"af19","Nothing",2025-08-26 23:12:59,2025-08-27,"23:12:59",8571,142.8,2.4,0.1,"E:/alexfraser_tagged/af19_nov1/101RECNX","RCNX0784.JPG","Nothing",2,"Species|Nothing"
"af19","Nothing",2025-08-27 00:04:27,2025-08-27,"00:04:27",3086,51.4,0.9,0,"E:/alexfraser_tagged/af19_nov1/101RECNX","RCNX0786.JPG","Nothing",2,"Species|Nothing"
"af19","Nothing",2025-08-27 02:36:51,2025-08-27,"02:36:51",9136,152.3,2.5,0.1,"E:/alexfraser_tagged/af19_nov1/101RECNX","RCNX0788.JPG","Nothing",2,"Species|Nothing"
"af19","Nothing",2025-08-27 03:32:47,2025-08-27,"03:32:47",3355,55.9,0.9,0,"E:/alexfraser_tagged/af19_nov1/101RECNX","RCNX0790.JPG","Nothing",4,"Species|Nothing"
"af19","Nothing",2025-08-27 04:04:42,2025-08-27,"04:04:42",1663,27.7,0.5,0,"E:/alexfraser_tagged/af19_nov1/101RECNX","RCNX0794.JPG","Nothing",2,"Species|Nothing"
"af19","Nothing",2025-08-27 04:54:57,2025-08-27,"04:54:57",3008,50.1,0.8,0,"E:/alexfraser_tagged/af19_nov1/101RECNX","RCNX0796.JPG","Nothing",2,"Species|Nothing"
"af19","Nothing",2025-08-27 07:30:21,2025-08-27,"07:30:21",9323,155.4,2.6,0.1,"E:/alexfraser_tagged/af19_nov1/101RECNX","RCNX0798.JPG","Nothing",2,"Species|Nothing"
"af19","Nothing",2025-08-27 08:05:05,2025-08-27,"08:05:05",2081,34.7,0.6,0,"E:/alexfraser_tagged/af19_nov1/101RECNX","RCNX0800.JPG","Nothing",2,"Species|Nothing"
"af19","Nothing",2025-08-27 09:18:34,2025-08-27,"09:18:34",4407,73.4,1.2,0,"E:/alexfraser_tagged/af19_nov1/101RECNX","RCNX0802.JPG","Nothing",2,"Species|Nothing"
"af19","Nothing",2025-08-27 10:02:37,2025-08-27,"10:02:37",2640,44,0.7,0,"E:/alexfraser_tagged/af19_nov1/101RECNX","RCNX0804.JPG","Nothing",2,"Species|Nothing"
"af19","Nothing",2025-08-27 10:23:36,2025-08-27,"10:23:36",1254,20.9,0.3,0,"E:/alexfraser_tagged/af19_nov1/101RECNX","RCNX0806.JPG","Nothing",2,"Species|Nothing"
"af19","Nothing",2025-08-27 11:49:53,2025-08-27,"11:49:53",5176,86.3,1.4,0.1,"E:/alexfraser_tagged/af19_nov1/101RECNX","RCNX0808.JPG","Nothing",2,"Species|Nothing"
"af19","Nothing",2025-08-27 13:42:50,2025-08-27,"13:42:50",6775,112.9,1.9,0.1,"E:/alexfraser_tagged/af19_nov1/101RECNX","RCNX0810.JPG","Nothing",2,"Species|Nothing"
"af19","Nothing",2025-08-27 17:08:21,2025-08-28,"17:08:21",12321,205.3,3.4,0.1,"E:/alexfraser_tagged/af19_nov1/101RECNX","RCNX0812.JPG","Nothing",1,"Species|Nothing"
"af19","Nothing",2025-08-27 20:51:00,2025-08-28,"20:51:00",13359,222.7,3.7,0.2,"E:/alexfraser_tagged/af19_nov1/101RECNX","RCNX0813.JPG","Nothing",1,"Species|Nothing"
"af19","Nothing",2025-08-27 21:15:17,2025-08-28,"21:15:17",1457,24.3,0.4,0,"E:/alexfraser_tagged/af19_nov1/101RECNX","RCNX0814.JPG","Nothing",2,"Species|Nothing"
"af19","Nothing",2025-08-28 00:07:19,2025-08-28,"00:07:19",10318,172,2.9,0.1,"E:/alexfraser_tagged/af19_nov1/101RECNX","RCNX0816.JPG","Nothing",2,"Species|Nothing"
"af19","Nothing",2025-08-28 01:45:30,2025-08-28,"01:45:30",5890,98.2,1.6,0.1,"E:/alexfraser_tagged/af19_nov1/101RECNX","RCNX0818.JPG","Nothing",2,"Species|Nothing"
"af19","Nothing",2025-08-28 02:32:37,2025-08-28,"02:32:37",2826,47.1,0.8,0,"E:/alexfraser_tagged/af19_nov1/101RECNX","RCNX0820.JPG","Nothing",2,"Species|Nothing"
"af19","Nothing",2025-08-28 03:20:24,2025-08-28,"03:20:24",2866,47.8,0.8,0,"E:/alexfraser_tagged/af19_nov1/101RECNX","RCNX0822.JPG","Nothing",2,"Species|Nothing"
"af19","Nothing",2025-08-28 04:36:43,2025-08-28,"04:36:43",4576,76.3,1.3,0.1,"E:/alexfraser_tagged/af19_nov1/101RECNX","RCNX0824.JPG","Nothing",1,"Species|Nothing"
"af19","Nothing",2025-08-28 06:37:08,2025-08-28,"06:37:08",7225,120.4,2,0.1,"E:/alexfraser_tagged/af19_nov1/101RECNX","RCNX0825.JPG","Nothing",2,"Species|Nothing"
"af19","Nothing",2025-08-28 07:43:24,2025-08-28,"07:43:24",3970,66.2,1.1,0,"E:/alexfraser_tagged/af19_nov1/101RECNX","RCNX0827.JPG","Nothing",2,"Species|Nothing"
"af19","Nothing",2025-08-28 08:12:44,2025-08-28,"08:12:44",1751,29.2,0.5,0,"E:/alexfraser_tagged/af19_nov1/101RECNX","RCNX0829.JPG","Nothing",2,"Species|Nothing"
"af19","Nothing",2025-08-28 10:27:54,2025-08-28,"10:27:54",8109,135.2,2.3,0.1,"E:/alexfraser_tagged/af19_nov1/101RECNX","RCNX0831.JPG","Nothing",2,"Species|Nothing"
"af19","Nothing",2025-08-28 12:15:34,2025-08-28,"12:15:34",6456,107.6,1.8,0.1,"E:/alexfraser_tagged/af19_nov1/101RECNX","RCNX0833.JPG","Nothing",2,"Species|Nothing"
"af19","Nothing",2025-08-28 12:47:38,2025-08-28,"12:47:38",1911,31.9,0.5,0,"E:/alexfraser_tagged/af19_nov1/101RECNX","RCNX0835.JPG","Nothing",1,"Species|Nothing"
"af19","Nothing",2025-08-28 14:08:24,2025-08-28,"14:08:24",4846,80.8,1.3,0.1,"E:/alexfraser_tagged/af19_nov1/101RECNX","RCNX0836.JPG","Nothing",2,"Species|Nothing"
"af19","Nothing",2025-08-28 16:29:20,2025-08-28,"16:29:20",8427,140.4,2.3,0.1,"E:/alexfraser_tagged/af19_nov1/101RECNX","RCNX0838.JPG","Nothing",2,"Species|Nothing"
"af19","Nothing",2025-08-28 16:40:49,2025-08-28,"16:40:49",684,11.4,0.2,0,"E:/alexfraser_tagged/af19_nov1/101RECNX","RCNX0840.JPG","Nothing",2,"Species|Nothing"
"af19","Nothing",2025-08-28 17:02:27,2025-08-29,"17:02:27",1296,21.6,0.4,0,"E:/alexfraser_tagged/af19_nov1/101RECNX","RCNX0842.JPG","Nothing",2,"Species|Nothing"
"af19","Nothing",2025-08-28 17:09:43,2025-08-29,"17:09:43",353,5.9,0.1,0,"E:/alexfraser_tagged/af19_nov1/101RECNX","RCNX0844.JPG","Nothing",1,"Species|Nothing"
"af19","Nothing",2025-08-28 17:16:35,2025-08-29,"17:16:35",412,6.9,0.1,0,"E:/alexfraser_tagged/af19_nov1/101RECNX","RCNX0845.JPG","Nothing",1,"Species|Nothing"
"af19","Nothing",2025-08-28 18:14:46,2025-08-29,"18:14:46",3491,58.2,1,0,"E:/alexfraser_tagged/af19_nov1/101RECNX","RCNX0846.JPG","Nothing",1,"Species|Nothing"
"af19","Nothing",2025-08-28 18:42:23,2025-08-29,"18:42:23",1657,27.6,0.5,0,"E:/alexfraser_tagged/af19_nov1/101RECNX","RCNX0847.JPG","Nothing",1,"Species|Nothing"
"af19","Nothing",2025-08-28 19:16:13,2025-08-29,"19:16:13",2030,33.8,0.6,0,"E:/alexfraser_tagged/af19_nov1/101RECNX","RCNX0848.JPG","Nothing",4,"Species|Nothing"
"af19","Nothing",2025-08-28 20:02:31,2025-08-29,"20:02:31",2629,43.8,0.7,0,"E:/alexfraser_tagged/af19_nov1/101RECNX","RCNX0852.JPG","Nothing",3,"Species|Nothing"
"af19","Nothing",2025-08-28 21:49:48,2025-08-29,"21:49:48",6375,106.2,1.8,0.1,"E:/alexfraser_tagged/af19_nov1/101RECNX","RCNX0855.JPG","Nothing",2,"Species|Nothing"
"af19","Nothing",2025-08-28 22:30:18,2025-08-29,"22:30:18",2428,40.5,0.7,0,"E:/alexfraser_tagged/af19_nov1/101RECNX","RCNX0857.JPG","Nothing",2,"Species|Nothing"
"af19","Nothing",2025-08-29 00:01:39,2025-08-29,"00:01:39",5457,91,1.5,0.1,"E:/alexfraser_tagged/af19_nov1/101RECNX","RCNX0859.JPG","Nothing",2,"Species|Nothing"
"af19","Nothing",2025-08-29 00:11:32,2025-08-29,"00:11:32",583,9.7,0.2,0,"E:/alexfraser_tagged/af19_nov1/101RECNX","RCNX0861.JPG","Nothing",1,"Species|Nothing"
"af19","Nothing",2025-08-29 02:02:48,2025-08-29,"02:02:48",6676,111.3,1.9,0.1,"E:/alexfraser_tagged/af19_nov1/101RECNX","RCNX0862.JPG","Nothing",2,"Species|Nothing"
"af19","Nothing",2025-08-29 03:55:49,2025-08-29,"03:55:49",6780,113,1.9,0.1,"E:/alexfraser_tagged/af19_nov1/101RECNX","RCNX0864.JPG","Nothing",2,"Species|Nothing"
"af19","Nothing",2025-08-29 04:53:38,2025-08-29,"04:53:38",3465,57.8,1,0,"E:/alexfraser_tagged/af19_nov1/101RECNX","RCNX0866.JPG","Nothing",2,"Species|Nothing"
"af19","Nothing",2025-08-29 06:50:45,2025-08-29,"06:50:45",7024,117.1,2,0.1,"E:/alexfraser_tagged/af19_nov1/101RECNX","RCNX0868.JPG","Nothing",2,"Species|Nothing"
"af19","Nothing",2025-08-29 07:21:43,2025-08-29,"07:21:43",1854,30.9,0.5,0,"E:/alexfraser_tagged/af19_nov1/101RECNX","RCNX0870.JPG","Nothing",3,"Species|Nothing"
"af19","Nothing",2025-08-29 08:21:47,2025-08-29,"08:21:47",3567,59.5,1,0,"E:/alexfraser_tagged/af19_nov1/101RECNX","RCNX0873.JPG","Nothing",2,"Species|Nothing"
"af19","Nothing",2025-08-29 08:48:30,2025-08-29,"08:48:30",1594,26.6,0.4,0,"E:/alexfraser_tagged/af19_nov1/101RECNX","RCNX0875.JPG","Nothing",2,"Species|Nothing"
"af19","Nothing",2025-08-29 10:53:55,2025-08-29,"10:53:55",7520,125.3,2.1,0.1,"E:/alexfraser_tagged/af19_nov1/101RECNX","RCNX0877.JPG","Nothing",2,"Species|Nothing"
"af19","Nothing",2025-08-29 11:59:49,2025-08-29,"11:59:49",3946,65.8,1.1,0,"E:/alexfraser_tagged/af19_nov1/101RECNX","RCNX0879.JPG","Nothing",2,"Species|Nothing"
"af19","Nothing",2025-08-29 12:10:29,2025-08-29,"12:10:29",633,10.6,0.2,0,"E:/alexfraser_tagged/af19_nov1/101RECNX","RCNX0881.JPG","Nothing",2,"Species|Nothing"
"af19","Nothing",2025-08-29 12:27:10,2025-08-29,"12:27:10",998,16.6,0.3,0,"E:/alexfraser_tagged/af19_nov1/101RECNX","RCNX0883.JPG","Nothing",2,"Species|Nothing"
"af19","Nothing",2025-08-29 12:38:41,2025-08-29,"12:38:41",688,11.5,0.2,0,"E:/alexfraser_tagged/af19_nov1/101RECNX","RCNX0885.JPG","Nothing",1,"Species|Nothing"
"af19","Nothing",2025-08-29 13:13:29,2025-08-29,"13:13:29",2088,34.8,0.6,0,"E:/alexfraser_tagged/af19_nov1/101RECNX","RCNX0886.JPG","Nothing",2,"Species|Nothing"
"af19","Nothing",2025-08-29 15:53:19,2025-08-29,"15:53:19",9584,159.7,2.7,0.1,"E:/alexfraser_tagged/af19_nov1/101RECNX","RCNX0888.JPG","Nothing",1,"Species|Nothing"
"af19","Nothing",2025-08-29 17:36:18,2025-08-30,"17:36:18",6179,103,1.7,0.1,"E:/alexfraser_tagged/af19_nov1/101RECNX","RCNX0889.JPG","Nothing",2,"Species|Nothing"
"af19","Nothing",2025-08-29 18:01:50,2025-08-30,"18:01:50",1509,25.1,0.4,0,"E:/alexfraser_tagged/af19_nov1/101RECNX","RCNX0891.JPG","Nothing",2,"Species|Nothing"
"af19","Nothing",2025-08-29 20:49:29,2025-08-30,"20:49:29",10056,167.6,2.8,0.1,"E:/alexfraser_tagged/af19_nov1/101RECNX","RCNX0893.JPG","Nothing",2,"Species|Nothing"
"af19","Nothing",2025-08-29 21:51:01,2025-08-30,"21:51:01",3685,61.4,1,0,"E:/alexfraser_tagged/af19_nov1/101RECNX","RCNX0895.JPG","Nothing",2,"Species|Nothing"
"af19","Nothing",2025-08-29 22:41:39,2025-08-30,"22:41:39",3037,50.6,0.8,0,"E:/alexfraser_tagged/af19_nov1/101RECNX","RCNX0897.JPG","Nothing",2,"Species|Nothing"
"af19","Nothing",2025-08-29 23:13:54,2025-08-30,"23:13:54",1919,32,0.5,0,"E:/alexfraser_tagged/af19_nov1/101RECNX","RCNX0899.JPG","Nothing",2,"Species|Nothing"
"af19","Nothing",2025-08-30 00:48:40,2025-08-30,"00:48:40",5673,94.6,1.6,0.1,"E:/alexfraser_tagged/af19_nov1/101RECNX","RCNX0901.JPG","Nothing",3,"Species|Nothing"
"af19","Nothing",2025-08-30 01:11:48,2025-08-30,"01:11:48",1375,22.9,0.4,0,"E:/alexfraser_tagged/af19_nov1/101RECNX","RCNX0904.JPG","Nothing",2,"Species|Nothing"
"af19","Nothing",2025-08-30 04:37:42,2025-08-30,"04:37:42",12352,205.9,3.4,0.1,"E:/alexfraser_tagged/af19_nov1/101RECNX","RCNX0906.JPG","Nothing",4,"Species|Nothing"
"af19","Nothing",2025-08-30 06:20:39,2025-08-30,"06:20:39",5872,97.9,1.6,0.1,"E:/alexfraser_tagged/af19_nov1/101RECNX","RCNX0910.JPG","Nothing",2,"Species|Nothing"
"af19","Nothing",2025-08-30 07:24:40,2025-08-30,"07:24:40",3837,64,1.1,0,"E:/alexfraser_tagged/af19_nov1/101RECNX","RCNX0912.JPG","Nothing",2,"Species|Nothing"
"af19","Nothing",2025-08-30 07:34:56,2025-08-30,"07:34:56",610,10.2,0.2,0,"E:/alexfraser_tagged/af19_nov1/101RECNX","RCNX0914.JPG","Nothing",2,"Species|Nothing"
"af19","Nothing",2025-08-30 11:23:33,2025-08-30,"11:23:33",13715,228.6,3.8,0.2,"E:/alexfraser_tagged/af19_nov1/101RECNX","RCNX0916.JPG","Nothing",2,"Species|Nothing"
"af19","Nothing",2025-08-30 12:07:22,2025-08-30,"12:07:22",2615,43.6,0.7,0,"E:/alexfraser_tagged/af19_nov1/101RECNX","RCNX0918.JPG","Nothing",2,"Species|Nothing"
"af19","Nothing",2025-08-30 12:18:12,2025-08-30,"12:18:12",638,10.6,0.2,0,"E:/alexfraser_tagged/af19_nov1/101RECNX","RCNX0920.JPG","Nothing",2,"Species|Nothing"
"af19","Nothing",2025-08-30 12:57:48,2025-08-30,"12:57:48",2360,39.3,0.7,0,"E:/alexfraser_tagged/af19_nov1/101RECNX","RCNX0922.JPG","Nothing",2,"Species|Nothing"
"af19","Nothing",2025-08-30 13:12:56,2025-08-30,"13:12:56",885,14.8,0.2,0,"E:/alexfraser_tagged/af19_nov1/101RECNX","RCNX0924.JPG","Nothing",2,"Species|Nothing"
"af19","Nothing",2025-08-30 14:44:29,2025-08-30,"14:44:29",5479,91.3,1.5,0.1,"E:/alexfraser_tagged/af19_nov1/101RECNX","RCNX0926.JPG","Nothing",4,"Species|Nothing"
"af19","Nothing",2025-08-30 15:45:45,2025-08-30,"15:45:45",3272,54.5,0.9,0,"E:/alexfraser_tagged/af19_nov1/101RECNX","RCNX0930.JPG","Nothing",2,"Species|Nothing"
"af19","Nothing",2025-08-30 16:37:04,2025-08-30,"16:37:04",3077,51.3,0.9,0,"E:/alexfraser_tagged/af19_nov1/101RECNX","RCNX0932.JPG","Nothing",2,"Species|Nothing"
"af19","Nothing",2025-08-30 16:59:23,2025-08-30,"16:59:23",1329,22.1,0.4,0,"E:/alexfraser_tagged/af19_nov1/101RECNX","RCNX0934.JPG","Nothing",2,"Species|Nothing"
"af19","Nothing",2025-08-30 18:56:49,2025-08-31,"18:56:49",7031,117.2,2,0.1,"E:/alexfraser_tagged/af19_nov1/101RECNX","RCNX0936.JPG","Nothing",4,"Species|Nothing"
"af19","Nothing",2025-08-30 21:47:55,2025-08-31,"21:47:55",9983,166.4,2.8,0.1,"E:/alexfraser_tagged/af19_nov1/101RECNX","RCNX0940.JPG","Nothing",2,"Species|Nothing"
"af19","Nothing",2025-08-31 00:26:21,2025-08-31,"00:26:21",9482,158,2.6,0.1,"E:/alexfraser_tagged/af19_nov1/101RECNX","RCNX0942.JPG","Nothing",2,"Species|Nothing"
"af19","Nothing",2025-08-31 00:32:46,2025-08-31,"00:32:46",383,6.4,0.1,0,"E:/alexfraser_tagged/af19_nov1/101RECNX","RCNX0944.JPG","Nothing",2,"Species|Nothing"
"af19","Nothing",2025-08-31 00:51:06,2025-08-31,"00:51:06",1080,18,0.3,0,"E:/alexfraser_tagged/af19_nov1/101RECNX","RCNX0946.JPG","Nothing",2,"Species|Nothing"
"af19","Nothing",2025-08-31 02:00:22,2025-08-31,"02:00:22",4152,69.2,1.2,0,"E:/alexfraser_tagged/af19_nov1/101RECNX","RCNX0948.JPG","Nothing",2,"Species|Nothing"
"af19","Nothing",2025-08-31 04:40:13,2025-08-31,"04:40:13",9589,159.8,2.7,0.1,"E:/alexfraser_tagged/af19_nov1/101RECNX","RCNX0950.JPG","Nothing",2,"Species|Nothing"
"af19","Nothing",2025-08-31 05:27:28,2025-08-31,"05:27:28",2832,47.2,0.8,0,"E:/alexfraser_tagged/af19_nov1/101RECNX","RCNX0952.JPG","Nothing",2,"Species|Nothing"
"af19","Nothing",2025-08-31 05:43:14,2025-08-31,"05:43:14",938,15.6,0.3,0,"E:/alexfraser_tagged/af19_nov1/101RECNX","RCNX0954.JPG","Nothing",2,"Species|Nothing"
"af19","Nothing",2025-08-31 08:05:34,2025-08-31,"08:05:34",8533,142.2,2.4,0.1,"E:/alexfraser_tagged/af19_nov1/101RECNX","RCNX0956.JPG","Nothing",2,"Species|Nothing"
"af19","Nothing",2025-08-31 10:06:38,2025-08-31,"10:06:38",7262,121,2,0.1,"E:/alexfraser_tagged/af19_nov1/101RECNX","RCNX0958.JPG","Nothing",2,"Species|Nothing"
"af19","Nothing",2025-08-31 10:23:01,2025-08-31,"10:23:01",982,16.4,0.3,0,"E:/alexfraser_tagged/af19_nov1/101RECNX","RCNX0960.JPG","Nothing",2,"Species|Nothing"
"af19","Nothing",2025-08-31 12:02:32,2025-08-31,"12:02:32",5947,99.1,1.7,0.1,"E:/alexfraser_tagged/af19_nov1/101RECNX","RCNX0962.JPG","Nothing",2,"Species|Nothing"
"af19","Nothing",2025-08-31 14:13:51,2025-08-31,"14:13:51",7875,131.2,2.2,0.1,"E:/alexfraser_tagged/af19_nov1/101RECNX","RCNX0964.JPG","Nothing",2,"Species|Nothing"
"af19","Nothing",2025-08-31 14:48:13,2025-08-31,"14:48:13",2055,34.2,0.6,0,"E:/alexfraser_tagged/af19_nov1/101RECNX","RCNX0966.JPG","Nothing",4,"Species|Nothing"
"af19","Nothing",2025-08-31 15:10:50,2025-08-31,"15:10:50",1197,20,0.3,0,"E:/alexfraser_tagged/af19_nov1/101RECNX","RCNX0970.JPG","Nothing",2,"Species|Nothing"
"af19","Nothing",2025-08-31 16:18:19,2025-08-31,"16:18:19",4043,67.4,1.1,0,"E:/alexfraser_tagged/af19_nov1/101RECNX","RCNX0972.JPG","Nothing",1,"Species|Nothing"
"af19","Nothing",2025-08-31 16:37:34,2025-08-31,"16:37:34",1155,19.2,0.3,0,"E:/alexfraser_tagged/af19_nov1/101RECNX","RCNX0973.JPG","Nothing",2,"Species|Nothing"
"af19","Nothing",2025-08-31 18:08:24,2025-09-01,"18:08:24",5446,90.8,1.5,0.1,"E:/alexfraser_tagged/af19_nov1/101RECNX","RCNX0975.JPG","Nothing",1,"Species|Nothing"
"af19","Nothing",2025-08-31 20:53:45,2025-09-01,"20:53:45",9921,165.3,2.8,0.1,"E:/alexfraser_tagged/af19_nov1/101RECNX","RCNX0976.JPG","Nothing",2,"Species|Nothing"
"af19","Nothing",2025-08-31 21:39:39,2025-09-01,"21:39:39",2751,45.9,0.8,0,"E:/alexfraser_tagged/af19_nov1/101RECNX","RCNX0978.JPG","Nothing",2,"Species|Nothing"
"af19","Nothing",2025-08-31 22:36:57,2025-09-01,"22:36:57",3436,57.3,1,0,"E:/alexfraser_tagged/af19_nov1/101RECNX","RCNX0980.JPG","Nothing",2,"Species|Nothing"
"af19","Nothing",2025-09-01 00:49:01,2025-09-01,"00:49:01",7916,131.9,2.2,0.1,"E:/alexfraser_tagged/af19_nov1/101RECNX","RCNX0982.JPG","Nothing",2,"Species|Nothing"
"af19","Nothing",2025-09-01 03:16:24,2025-09-01,"03:16:24",8836,147.3,2.5,0.1,"E:/alexfraser_tagged/af19_nov1/101RECNX","RCNX0984.JPG","Nothing",2,"Species|Nothing"
"af19","Nothing",2025-09-01 04:27:12,2025-09-01,"04:27:12",4246,70.8,1.2,0,"E:/alexfraser_tagged/af19_nov1/101RECNX","RCNX0986.JPG","Nothing",2,"Species|Nothing"
"af19","Nothing",2025-09-01 04:51:10,2025-09-01,"04:51:10",1436,23.9,0.4,0,"E:/alexfraser_tagged/af19_nov1/101RECNX","RCNX0988.JPG","Nothing",4,"Species|Nothing"
"af19","Nothing",2025-09-01 09:39:02,2025-09-01,"09:39:02",17130,285.5,4.8,0.2,"E:/alexfraser_tagged/af19_nov1/101RECNX","RCNX0992.JPG","Nothing",2,"Species|Nothing"
"af19","Nothing",2025-09-01 09:54:14,2025-09-01,"09:54:14",900,15,0.2,0,"E:/alexfraser_tagged/af19_nov1/101RECNX","RCNX0994.JPG","Nothing",2,"Species|Nothing"
"af19","Nothing",2025-09-01 10:06:36,2025-09-01,"10:06:36",738,12.3,0.2,0,"E:/alexfraser_tagged/af19_nov1/101RECNX","RCNX0996.JPG","Nothing",2,"Species|Nothing"
"af19","Nothing",2025-09-01 11:06:58,2025-09-01,"11:06:58",3619,60.3,1,0,"E:/alexfraser_tagged/af19_nov1/101RECNX","RCNX0998.JPG","Nothing",2,"Species|Nothing"
"af19","Nothing",2025-09-01 11:26:06,2025-09-01,"11:26:06",1140,19,0.3,0,"E:/alexfraser_tagged/af19_nov1/101RECNX","RCNX1000.JPG","Nothing",1,"Species|Nothing"
"af19","Nothing",2025-09-01 11:38:45,2025-09-01,"11:38:45",759,12.7,0.2,0,"E:/alexfraser_tagged/af19_nov1/101RECNX","RCNX1001.JPG","Nothing",2,"Species|Nothing"
"af19","Nothing",2025-09-01 12:11:16,2025-09-01,"12:11:16",1948,32.5,0.5,0,"E:/alexfraser_tagged/af19_nov1/101RECNX","RCNX1003.JPG","Nothing",2,"Species|Nothing"
"af19","Nothing",2025-09-01 12:28:27,2025-09-01,"12:28:27",1029,17.1,0.3,0,"E:/alexfraser_tagged/af19_nov1/101RECNX","RCNX1005.JPG","Nothing",2,"Species|Nothing"
"af19","Nothing",2025-09-01 13:30:56,2025-09-01,"13:30:56",3746,62.4,1,0,"E:/alexfraser_tagged/af19_nov1/101RECNX","RCNX1007.JPG","Nothing",1,"Species|Nothing"
"af19","Nothing",2025-09-01 14:08:21,2025-09-01,"14:08:21",2245,37.4,0.6,0,"E:/alexfraser_tagged/af19_nov1/101RECNX","RCNX1008.JPG","Nothing",1,"Species|Nothing"
"af19","Nothing",2025-09-01 15:36:38,2025-09-01,"15:36:38",5297,88.3,1.5,0.1,"E:/alexfraser_tagged/af19_nov1/101RECNX","RCNX1009.JPG","Nothing",1,"Species|Nothing"
"af19","Nothing",2025-09-01 16:43:53,2025-09-01,"16:43:53",4035,67.2,1.1,0,"E:/alexfraser_tagged/af19_nov1/101RECNX","RCNX1010.JPG","Nothing",2,"Species|Nothing"
"af19","Nothing",2025-09-01 17:13:37,2025-09-02,"17:13:37",1776,29.6,0.5,0,"E:/alexfraser_tagged/af19_nov1/101RECNX","RCNX1012.JPG","Nothing",2,"Species|Nothing"
"af19","Nothing",2025-09-01 17:44:09,2025-09-02,"17:44:09",1829,30.5,0.5,0,"E:/alexfraser_tagged/af19_nov1/101RECNX","RCNX1014.JPG","Nothing",2,"Species|Nothing"
"af19","Nothing",2025-09-01 18:22:08,2025-09-02,"18:22:08",2244,37.4,0.6,0,"E:/alexfraser_tagged/af19_nov1/101RECNX","RCNX1016.JPG","Nothing",1,"Species|Nothing"
"af19","Nothing",2025-09-01 22:29:21,2025-09-02,"22:29:21",14833,247.2,4.1,0.2,"E:/alexfraser_tagged/af19_nov1/101RECNX","RCNX1017.JPG","Nothing",2,"Species|Nothing"
"af19","Nothing",2025-09-01 23:44:45,2025-09-02,"23:44:45",4522,75.4,1.3,0.1,"E:/alexfraser_tagged/af19_nov1/101RECNX","RCNX1019.JPG","Nothing",2,"Species|Nothing"
"af19","Nothing",2025-09-02 01:08:05,2025-09-02,"01:08:05",4996,83.3,1.4,0.1,"E:/alexfraser_tagged/af19_nov1/101RECNX","RCNX1021.JPG","Nothing",4,"Species|Nothing"
"af19","Nothing",2025-09-02 03:20:46,2025-09-02,"03:20:46",7687,128.1,2.1,0.1,"E:/alexfraser_tagged/af19_nov1/101RECNX","RCNX1025.JPG","Nothing",2,"Species|Nothing"
"af19","Nothing",2025-09-02 04:36:26,2025-09-02,"04:36:26",4533,75.6,1.3,0.1,"E:/alexfraser_tagged/af19_nov1/101RECNX","RCNX1027.JPG","Nothing",2,"Species|Nothing"
"af19","Nothing",2025-09-02 09:50:54,2025-09-02,"09:50:54",18867,314.4,5.2,0.2,"E:/alexfraser_tagged/af19_nov1/101RECNX","RCNX1029.JPG","Nothing",4,"Species|Nothing"
"af19","Nothing",2025-09-02 10:43:09,2025-09-02,"10:43:09",2821,47,0.8,0,"E:/alexfraser_tagged/af19_nov1/101RECNX","RCNX1033.JPG","Nothing",2,"Species|Nothing"
"af19","Nothing",2025-09-02 10:52:34,2025-09-02,"10:52:34",562,9.4,0.2,0,"E:/alexfraser_tagged/af19_nov1/101RECNX","RCNX1035.JPG","Nothing",1,"Species|Nothing"
"af19","Nothing",2025-09-02 14:21:04,2025-09-02,"14:21:04",12510,208.5,3.5,0.1,"E:/alexfraser_tagged/af19_nov1/101RECNX","RCNX1036.JPG","Nothing",1,"Species|Nothing"
"af19","Nothing",2025-09-02 15:37:23,2025-09-02,"15:37:23",4579,76.3,1.3,0.1,"E:/alexfraser_tagged/af19_nov1/101RECNX","RCNX1037.JPG","Nothing",1,"Species|Nothing"
"af19","Nothing",2025-09-02 15:52:41,2025-09-02,"15:52:41",918,15.3,0.3,0,"E:/alexfraser_tagged/af19_nov1/101RECNX","RCNX1038.JPG","Nothing",2,"Species|Nothing"
"af19","Nothing",2025-09-02 17:17:00,2025-09-03,"17:17:00",5049,84.2,1.4,0.1,"E:/alexfraser_tagged/af19_nov1/101RECNX","RCNX1040.JPG","Nothing",1,"Species|Nothing"
"af19","Nothing",2025-09-02 17:26:40,2025-09-03,"17:26:40",580,9.7,0.2,0,"E:/alexfraser_tagged/af19_nov1/101RECNX","RCNX1041.JPG","Nothing",2,"Species|Nothing"
"af19","Nothing",2025-09-02 18:51:02,2025-09-03,"18:51:02",5053,84.2,1.4,0.1,"E:/alexfraser_tagged/af19_nov1/101RECNX","RCNX1043.JPG","Nothing",4,"Species|Nothing"
"af19","Nothing",2025-09-02 18:59:32,2025-09-03,"18:59:32",419,7,0.1,0,"E:/alexfraser_tagged/af19_nov1/101RECNX","RCNX1047.JPG","Nothing",2,"Species|Nothing"
"af19","Nothing",2025-09-02 19:25:26,2025-09-03,"19:25:26",1543,25.7,0.4,0,"E:/alexfraser_tagged/af19_nov1/101RECNX","RCNX1049.JPG","Nothing",2,"Species|Nothing"
"af19","Nothing",2025-09-02 20:07:55,2025-09-03,"20:07:55",2537,42.3,0.7,0,"E:/alexfraser_tagged/af19_nov1/101RECNX","RCNX1051.JPG","Nothing",2,"Species|Nothing"
"af19","Nothing",2025-09-02 20:33:23,2025-09-03,"20:33:23",1524,25.4,0.4,0,"E:/alexfraser_tagged/af19_nov1/101RECNX","RCNX1053.JPG","Nothing",1,"Species|Nothing"
"af19","Nothing",2025-09-02 20:46:18,2025-09-03,"20:46:18",775,12.9,0.2,0,"E:/alexfraser_tagged/af19_nov1/101RECNX","RCNX1054.JPG","Nothing",1,"Species|Nothing"
"af19","Nothing",2025-09-02 22:08:21,2025-09-03,"22:08:21",4923,82,1.4,0.1,"E:/alexfraser_tagged/af19_nov1/101RECNX","RCNX1055.JPG","Nothing",2,"Species|Nothing"
"af19","Nothing",2025-09-03 00:59:00,2025-09-03,"00:59:00",10222,170.4,2.8,0.1,"E:/alexfraser_tagged/af19_nov1/101RECNX","RCNX1057.JPG","Nothing",2,"Species|Nothing"
"af19","Nothing",2025-09-03 01:12:04,2025-09-03,"01:12:04",782,13,0.2,0,"E:/alexfraser_tagged/af19_nov1/101RECNX","RCNX1059.JPG","Nothing",2,"Species|Nothing"
"af19","Nothing",2025-09-03 01:48:29,2025-09-03,"01:48:29",2179,36.3,0.6,0,"E:/alexfraser_tagged/af19_nov1/101RECNX","RCNX1061.JPG","Nothing",2,"Species|Nothing"
"af19","Nothing",2025-09-03 03:42:51,2025-09-03,"03:42:51",6845,114.1,1.9,0.1,"E:/alexfraser_tagged/af19_nov1/101RECNX","RCNX1063.JPG","Nothing",2,"Species|Nothing"
"af19","Nothing",2025-09-03 05:15:56,2025-09-03,"05:15:56",5580,93,1.6,0.1,"E:/alexfraser_tagged/af19_nov1/101RECNX","RCNX1065.JPG","Nothing",2,"Species|Nothing"
"af19","Nothing",2025-09-03 06:30:56,2025-09-03,"06:30:56",4493,74.9,1.2,0,"E:/alexfraser_tagged/af19_nov1/101RECNX","RCNX1067.JPG","Nothing",2,"Species|Nothing"
"af19","Nothing",2025-09-03 09:39:29,2025-09-03,"09:39:29",11302,188.4,3.1,0.1,"E:/alexfraser_tagged/af19_nov1/101RECNX","RCNX1069.JPG","Nothing",2,"Species|Nothing"
"af19","Nothing",2025-09-03 10:36:43,2025-09-03,"10:36:43",3433,57.2,1,0,"E:/alexfraser_tagged/af19_nov1/101RECNX","RCNX1071.JPG","Nothing",2,"Species|Nothing"
"af19","Nothing",2025-09-03 14:04:30,2025-09-03,"14:04:30",12460,207.7,3.5,0.1,"E:/alexfraser_tagged/af19_nov1/101RECNX","RCNX1073.JPG","Nothing",2,"Species|Nothing"
"af19","Nothing",2025-09-03 14:58:40,2025-09-03,"14:58:40",3242,54,0.9,0,"E:/alexfraser_tagged/af19_nov1/101RECNX","RCNX1075.JPG","Nothing",1,"Species|Nothing"
"af19","Nothing",2025-09-03 15:16:22,2025-09-03,"15:16:22",1062,17.7,0.3,0,"E:/alexfraser_tagged/af19_nov1/101RECNX","RCNX1076.JPG","Nothing",1,"Species|Nothing"
"af19","Nothing",2025-09-03 17:36:18,2025-09-04,"17:36:18",8396,139.9,2.3,0.1,"E:/alexfraser_tagged/af19_nov1/101RECNX","RCNX1077.JPG","Nothing",3,"Species|Nothing"
"af19","Nothing",2025-09-03 19:26:26,2025-09-04,"19:26:26",6584,109.7,1.8,0.1,"E:/alexfraser_tagged/af19_nov1/101RECNX","RCNX1080.JPG","Nothing",2,"Species|Nothing"
"af19","Nothing",2025-09-03 19:37:48,2025-09-04,"19:37:48",674,11.2,0.2,0,"E:/alexfraser_tagged/af19_nov1/101RECNX","RCNX1082.JPG","Nothing",2,"Species|Nothing"
"af19","Nothing",2025-09-03 19:59:53,2025-09-04,"19:59:53",1313,21.9,0.4,0,"E:/alexfraser_tagged/af19_nov1/101RECNX","RCNX1084.JPG","Nothing",2,"Species|Nothing"
"af19","Nothing",2025-09-03 20:11:02,2025-09-04,"20:11:02",667,11.1,0.2,0,"E:/alexfraser_tagged/af19_nov1/101RECNX","RCNX1086.JPG","Nothing",1,"Species|Nothing"
"af19","Nothing",2025-09-03 20:56:45,2025-09-04,"20:56:45",2743,45.7,0.8,0,"E:/alexfraser_tagged/af19_nov1/101RECNX","RCNX1087.JPG","Nothing",2,"Species|Nothing"
"af19","Nothing",2025-09-03 21:03:47,2025-09-04,"21:03:47",412,6.9,0.1,0,"E:/alexfraser_tagged/af19_nov1/101RECNX","RCNX1089.JPG","Nothing",2,"Species|Nothing"
"af19","Nothing",2025-09-03 21:48:38,2025-09-04,"21:48:38",2683,44.7,0.7,0,"E:/alexfraser_tagged/af19_nov1/101RECNX","RCNX1091.JPG","Nothing",2,"Species|Nothing"
"af19","Nothing",2025-09-03 23:03:40,2025-09-04,"23:03:40",4499,75,1.2,0,"E:/alexfraser_tagged/af19_nov1/101RECNX","RCNX1093.JPG","Nothing",2,"Species|Nothing"
"af19","Nothing",2025-09-03 23:09:54,2025-09-04,"23:09:54",365,6.1,0.1,0,"E:/alexfraser_tagged/af19_nov1/101RECNX","RCNX1095.JPG","Nothing",2,"Species|Nothing"
"af19","Nothing",2025-09-03 23:35:09,2025-09-04,"23:35:09",1505,25.1,0.4,0,"E:/alexfraser_tagged/af19_nov1/101RECNX","RCNX1097.JPG","Nothing",2,"Species|Nothing"
"af19","Nothing",2025-09-04 01:04:29,2025-09-04,"01:04:29",5353,89.2,1.5,0.1,"E:/alexfraser_tagged/af19_nov1/101RECNX","RCNX1099.JPG","Nothing",2,"Species|Nothing"
"af19","Nothing",2025-09-04 03:59:25,2025-09-04,"03:59:25",10494,174.9,2.9,0.1,"E:/alexfraser_tagged/af19_nov1/101RECNX","RCNX1101.JPG","Nothing",2,"Species|Nothing"
"af19","Nothing",2025-09-04 04:16:32,2025-09-04,"04:16:32",1026,17.1,0.3,0,"E:/alexfraser_tagged/af19_nov1/101RECNX","RCNX1103.JPG","Nothing",2,"Species|Nothing"
"af19","Nothing",2025-09-04 07:44:57,2025-09-04,"07:44:57",12502,208.4,3.5,0.1,"E:/alexfraser_tagged/af19_nov1/101RECNX","RCNX1105.JPG","Nothing",2,"Species|Nothing"
"af19","Nothing",2025-09-04 08:37:46,2025-09-04,"08:37:46",3167,52.8,0.9,0,"E:/alexfraser_tagged/af19_nov1/101RECNX","RCNX1107.JPG","Nothing",2,"Species|Nothing"
"af19","Nothing",2025-09-04 09:45:02,2025-09-04,"09:45:02",4029,67.2,1.1,0,"E:/alexfraser_tagged/af19_nov1/101RECNX","RCNX1109.JPG","Nothing",2,"Species|Nothing"
"af19","Nothing",2025-09-04 10:25:04,2025-09-04,"10:25:04",2390,39.8,0.7,0,"E:/alexfraser_tagged/af19_nov1/101RECNX","RCNX1111.JPG","Nothing",2,"Species|Nothing"
"af19","Nothing",2025-09-04 10:38:00,2025-09-04,"10:38:00",775,12.9,0.2,0,"E:/alexfraser_tagged/af19_nov1/101RECNX","RCNX1113.JPG","Nothing",2,"Species|Nothing"
"af19","Nothing",2025-09-04 11:41:36,2025-09-04,"11:41:36",3814,63.6,1.1,0,"E:/alexfraser_tagged/af19_nov1/101RECNX","RCNX1115.JPG","Nothing",2,"Species|Nothing"
"af19","Nothing",2025-09-04 12:23:33,2025-09-04,"12:23:33",2497,41.6,0.7,0,"E:/alexfraser_tagged/af19_nov1/101RECNX","RCNX1117.JPG","Nothing",2,"Species|Nothing"
"af19","Nothing",2025-09-04 12:39:32,2025-09-04,"12:39:32",948,15.8,0.3,0,"E:/alexfraser_tagged/af19_nov1/101RECNX","RCNX1119.JPG","Nothing",2,"Species|Nothing"
"af19","Nothing",2025-09-04 13:32:54,2025-09-04,"13:32:54",3198,53.3,0.9,0,"E:/alexfraser_tagged/af19_nov1/101RECNX","RCNX1121.JPG","Nothing",1,"Species|Nothing"
"af19","Nothing",2025-09-04 15:39:10,2025-09-04,"15:39:10",7576,126.3,2.1,0.1,"E:/alexfraser_tagged/af19_nov1/101RECNX","RCNX1122.JPG","Nothing",3,"Species|Nothing"
"af19","Nothing",2025-09-04 16:59:28,2025-09-04,"16:59:28",4766,79.4,1.3,0.1,"E:/alexfraser_tagged/af19_nov1/101RECNX","RCNX1125.JPG","Nothing",2,"Species|Nothing"
"af19","Nothing",2025-09-04 18:18:11,2025-09-05,"18:18:11",4722,78.7,1.3,0.1,"E:/alexfraser_tagged/af19_nov1/101RECNX","RCNX1127.JPG","Nothing",2,"Species|Nothing"
"af19","Nothing",2025-09-04 18:53:33,2025-09-05,"18:53:33",2119,35.3,0.6,0,"E:/alexfraser_tagged/af19_nov1/101RECNX","RCNX1129.JPG","Nothing",2,"Species|Nothing"
"af19","Nothing",2025-09-04 20:02:29,2025-09-05,"20:02:29",4133,68.9,1.1,0,"E:/alexfraser_tagged/af19_nov1/101RECNX","RCNX1131.JPG","Nothing",2,"Species|Nothing"
"af19","Nothing",2025-09-04 20:37:13,2025-09-05,"20:37:13",2071,34.5,0.6,0,"E:/alexfraser_tagged/af19_nov1/101RECNX","RCNX1133.JPG","Nothing",2,"Species|Nothing"
"af19","Nothing",2025-09-04 20:48:47,2025-09-05,"20:48:47",686,11.4,0.2,0,"E:/alexfraser_tagged/af19_nov1/101RECNX","RCNX1135.JPG","Nothing",2,"Species|Nothing"
"af19","Nothing",2025-09-04 22:44:00,2025-09-05,"22:44:00",6907,115.1,1.9,0.1,"E:/alexfraser_tagged/af19_nov1/101RECNX","RCNX1137.JPG","Nothing",2,"Species|Nothing"
"af19","Nothing",2025-09-05 01:24:05,2025-09-05,"01:24:05",9602,160,2.7,0.1,"E:/alexfraser_tagged/af19_nov1/101RECNX","RCNX1139.JPG","Nothing",2,"Species|Nothing"
"af19","Nothing",2025-09-05 01:57:22,2025-09-05,"01:57:22",1977,33,0.6,0,"E:/alexfraser_tagged/af19_nov1/101RECNX","RCNX1141.JPG","Nothing",4,"Species|Nothing"
"af19","Nothing",2025-09-05 02:06:27,2025-09-05,"02:06:27",407,6.8,0.1,0,"E:/alexfraser_tagged/af19_nov1/101RECNX","RCNX1145.JPG","Nothing",2,"Species|Nothing"
"af19","Nothing",2025-09-05 02:12:06,2025-09-05,"02:12:06",325,5.4,0.1,0,"E:/alexfraser_tagged/af19_nov1/101RECNX","RCNX1147.JPG","Nothing",2,"Species|Nothing"
"af19","Nothing",2025-09-05 02:42:06,2025-09-05,"02:42:06",1799,30,0.5,0,"E:/alexfraser_tagged/af19_nov1/101RECNX","RCNX1149.JPG","Nothing",2,"Species|Nothing"
"af19","Nothing",2025-09-05 04:46:00,2025-09-05,"04:46:00",7416,123.6,2.1,0.1,"E:/alexfraser_tagged/af19_nov1/101RECNX","RCNX1151.JPG","Nothing",1,"Species|Nothing"
"af19","Nothing",2025-09-05 06:55:48,2025-09-05,"06:55:48",7788,129.8,2.2,0.1,"E:/alexfraser_tagged/af19_nov1/101RECNX","RCNX1152.JPG","Nothing",2,"Species|Nothing"
"af19","Nothing",2025-09-05 07:09:33,2025-09-05,"07:09:33",820,13.7,0.2,0,"E:/alexfraser_tagged/af19_nov1/101RECNX","RCNX1154.JPG","Nothing",1,"Species|Nothing"
"af19","Nothing",2025-09-05 07:38:39,2025-09-05,"07:38:39",1746,29.1,0.5,0,"E:/alexfraser_tagged/af19_nov1/101RECNX","RCNX1155.JPG","Nothing",2,"Species|Nothing"
"af19","Nothing",2025-09-05 10:01:08,2025-09-05,"10:01:08",8539,142.3,2.4,0.1,"E:/alexfraser_tagged/af19_nov1/101RECNX","RCNX1157.JPG","Nothing",2,"Species|Nothing"
"af19","Nothing",2025-09-05 11:40:43,2025-09-05,"11:40:43",5971,99.5,1.7,0.1,"E:/alexfraser_tagged/af19_nov1/101RECNX","RCNX1159.JPG","Nothing",2,"Species|Nothing"
"af19","Nothing",2025-09-05 12:35:33,2025-09-05,"12:35:33",3289,54.8,0.9,0,"E:/alexfraser_tagged/af19_nov1/101RECNX","RCNX1161.JPG","Nothing",2,"Species|Nothing"
"af19","Nothing",2025-09-05 13:20:23,2025-09-05,"13:20:23",2664,44.4,0.7,0,"E:/alexfraser_tagged/af19_nov1/101RECNX","RCNX1163.JPG","Nothing",1,"Species|Nothing"
"af19","Nothing",2025-09-05 13:50:21,2025-09-05,"13:50:21",1798,30,0.5,0,"E:/alexfraser_tagged/af19_nov1/101RECNX","RCNX1164.JPG","Nothing",1,"Species|Nothing"
"af19","Nothing",2025-09-05 15:48:11,2025-09-05,"15:48:11",7070,117.8,2,0.1,"E:/alexfraser_tagged/af19_nov1/101RECNX","RCNX1165.JPG","Nothing",1,"Species|Nothing"
"af19","Nothing",2025-09-05 15:56:11,2025-09-05,"15:56:11",480,8,0.1,0,"E:/alexfraser_tagged/af19_nov1/101RECNX","RCNX1166.JPG","Nothing",2,"Species|Nothing"
"af19","Nothing",2025-09-05 16:34:08,2025-09-05,"16:34:08",2272,37.9,0.6,0,"E:/alexfraser_tagged/af19_nov1/101RECNX","RCNX1168.JPG","Nothing",2,"Species|Nothing"
"af19","Nothing",2025-09-05 18:31:11,2025-09-06,"18:31:11",7021,117,2,0.1,"E:/alexfraser_tagged/af19_nov1/101RECNX","RCNX1170.JPG","Nothing",2,"Species|Nothing"
"af19","Nothing",2025-09-05 19:25:17,2025-09-06,"19:25:17",3238,54,0.9,0,"E:/alexfraser_tagged/af19_nov1/101RECNX","RCNX1172.JPG","Nothing",5,"Species|Nothing"
"af19","Nothing",2025-09-05 20:37:31,2025-09-06,"20:37:31",4123,68.7,1.1,0,"E:/alexfraser_tagged/af19_nov1/101RECNX","RCNX1177.JPG","Nothing",2,"Species|Nothing"
"af19","Nothing",2025-09-06 00:23:21,2025-09-06,"00:23:21",13530,225.5,3.8,0.2,"E:/alexfraser_tagged/af19_nov1/101RECNX","RCNX1179.JPG","Nothing",2,"Species|Nothing"
"af19","Nothing",2025-09-06 01:25:01,2025-09-06,"01:25:01",3686,61.4,1,0,"E:/alexfraser_tagged/af19_nov1/101RECNX","RCNX1181.JPG","Nothing",2,"Species|Nothing"
"af19","Nothing",2025-09-06 02:40:21,2025-09-06,"02:40:21",4516,75.3,1.3,0.1,"E:/alexfraser_tagged/af19_nov1/101RECNX","RCNX1183.JPG","Nothing",2,"Species|Nothing"
"af19","Nothing",2025-09-06 04:57:42,2025-09-06,"04:57:42",8239,137.3,2.3,0.1,"E:/alexfraser_tagged/af19_nov1/101RECNX","RCNX1185.JPG","Nothing",2,"Species|Nothing"
"af19","Nothing",2025-09-06 07:58:49,2025-09-06,"07:58:49",10851,180.8,3,0.1,"E:/alexfraser_tagged/af19_nov1/101RECNX","RCNX1187.JPG","Nothing",1,"Species|Nothing"
"af19","Nothing",2025-09-06 08:14:16,2025-09-06,"08:14:16",927,15.4,0.3,0,"E:/alexfraser_tagged/af19_nov1/101RECNX","RCNX1188.JPG","Nothing",1,"Species|Nothing"
"af19","Nothing",2025-09-06 08:47:32,2025-09-06,"08:47:32",1996,33.3,0.6,0,"E:/alexfraser_tagged/af19_nov1/101RECNX","RCNX1189.JPG","Nothing",2,"Species|Nothing"
"af19","Nothing",2025-09-06 09:18:43,2025-09-06,"09:18:43",1858,31,0.5,0,"E:/alexfraser_tagged/af19_nov1/101RECNX","RCNX1191.JPG","Nothing",2,"Species|Nothing"
"af19","Nothing",2025-09-06 10:42:05,2025-09-06,"10:42:05",4994,83.2,1.4,0.1,"E:/alexfraser_tagged/af19_nov1/101RECNX","RCNX1193.JPG","Nothing",1,"Species|Nothing"
"af19","Nothing",2025-09-06 11:40:00,2025-09-06,"11:40:00",3475,57.9,1,0,"E:/alexfraser_tagged/af19_nov1/101RECNX","RCNX1194.JPG","Nothing",2,"Species|Nothing"
"af19","Nothing",2025-09-06 12:20:03,2025-09-06,"12:20:03",2391,39.9,0.7,0,"E:/alexfraser_tagged/af19_nov1/101RECNX","RCNX1196.JPG","Nothing",2,"Species|Nothing"
"af19","Nothing",2025-09-06 13:02:18,2025-09-06,"13:02:18",2510,41.8,0.7,0,"E:/alexfraser_tagged/af19_nov1/101RECNX","RCNX1198.JPG","Nothing",2,"Species|Nothing"
"af19","Nothing",2025-09-06 16:17:14,2025-09-06,"16:17:14",11688,194.8,3.2,0.1,"E:/alexfraser_tagged/af19_nov1/101RECNX","RCNX1200.JPG","Nothing",4,"Species|Nothing"
"af19","Nothing",2025-09-06 17:25:19,2025-09-07,"17:25:19",3990,66.5,1.1,0,"E:/alexfraser_tagged/af19_nov1/101RECNX","RCNX1204.JPG","Nothing",2,"Species|Nothing"
"af19","Nothing",2025-09-06 18:17:57,2025-09-07,"18:17:57",3132,52.2,0.9,0,"E:/alexfraser_tagged/af19_nov1/101RECNX","RCNX1206.JPG","Nothing",2,"Species|Nothing"
"af19","Nothing",2025-09-06 20:50:55,2025-09-07,"20:50:55",9176,152.9,2.5,0.1,"E:/alexfraser_tagged/af19_nov1/101RECNX","RCNX1208.JPG","Nothing",1,"Species|Nothing"
"af19","Nothing",2025-09-07 00:26:12,2025-09-07,"00:26:12",12917,215.3,3.6,0.1,"E:/alexfraser_tagged/af19_nov1/101RECNX","RCNX1209.JPG","Nothing",2,"Species|Nothing"
"af19","Nothing",2025-09-07 00:34:03,2025-09-07,"00:34:03",461,7.7,0.1,0,"E:/alexfraser_tagged/af19_nov1/101RECNX","RCNX1211.JPG","Nothing",5,"Species|Nothing"
"af19","Nothing",2025-09-07 00:49:24,2025-09-07,"00:49:24",799,13.3,0.2,0,"E:/alexfraser_tagged/af19_nov1/101RECNX","RCNX1216.JPG","Nothing",2,"Species|Nothing"
"af19","Nothing",2025-09-07 01:33:56,2025-09-07,"01:33:56",2668,44.5,0.7,0,"E:/alexfraser_tagged/af19_nov1/101RECNX","RCNX1218.JPG","Nothing",2,"Species|Nothing"
"af19","Nothing",2025-09-07 05:19:26,2025-09-07,"05:19:26",13526,225.4,3.8,0.2,"E:/alexfraser_tagged/af19_nov1/101RECNX","RCNX1220.JPG","Nothing",2,"Species|Nothing"
"af19","Nothing",2025-09-07 08:32:03,2025-09-07,"08:32:03",11554,192.6,3.2,0.1,"E:/alexfraser_tagged/af19_nov1/101RECNX","RCNX1222.JPG","Nothing",2,"Species|Nothing"
"af19","Nothing",2025-09-07 09:15:51,2025-09-07,"09:15:51",2625,43.8,0.7,0,"E:/alexfraser_tagged/af19_nov1/101RECNX","RCNX1224.JPG","Nothing",1,"Species|Nothing"
"af19","Nothing",2025-09-07 16:33:14,2025-09-07,"16:33:14",26243,437.4,7.3,0.3,"E:/alexfraser_tagged/af19_nov1/101RECNX","RCNX1225.JPG","Nothing",2,"Species|Nothing"
"af19","Nothing",2025-09-07 19:12:51,2025-09-08,"19:12:51",9537,158.9,2.6,0.1,"E:/alexfraser_tagged/af19_nov1/101RECNX","RCNX1227.JPG","Nothing",2,"Species|Nothing"
"af19","Nothing",2025-09-07 19:27:12,2025-09-08,"19:27:12",854,14.2,0.2,0,"E:/alexfraser_tagged/af19_nov1/101RECNX","RCNX1229.JPG","Nothing",2,"Species|Nothing"
"af19","Nothing",2025-09-07 20:35:59,2025-09-08,"20:35:59",4118,68.6,1.1,0,"E:/alexfraser_tagged/af19_nov1/101RECNX","RCNX1231.JPG","Nothing",2,"Species|Nothing"
"af19","Nothing",2025-09-07 22:50:51,2025-09-08,"22:50:51",8088,134.8,2.2,0.1,"E:/alexfraser_tagged/af19_nov1/101RECNX","RCNX1233.JPG","Nothing",2,"Species|Nothing"
"af19","Nothing",2025-09-07 23:46:13,2025-09-08,"23:46:13",3311,55.2,0.9,0,"E:/alexfraser_tagged/af19_nov1/101RECNX","RCNX1235.JPG","Nothing",2,"Species|Nothing"
"af19","Nothing",2025-09-08 00:39:09,2025-09-08,"00:39:09",3149,52.5,0.9,0,"E:/alexfraser_tagged/af19_nov1/101RECNX","RCNX1237.JPG","Nothing",2,"Species|Nothing"
"af19","Nothing",2025-09-08 01:28:17,2025-09-08,"01:28:17",2937,49,0.8,0,"E:/alexfraser_tagged/af19_nov1/101RECNX","RCNX1239.JPG","Nothing",2,"Species|Nothing"
"af19","Nothing",2025-09-08 04:03:34,2025-09-08,"04:03:34",9309,155.2,2.6,0.1,"E:/alexfraser_tagged/af19_nov1/101RECNX","RCNX1241.JPG","Nothing",2,"Species|Nothing"
"af19","Nothing",2025-09-08 05:00:56,2025-09-08,"05:00:56",3439,57.3,1,0,"E:/alexfraser_tagged/af19_nov1/101RECNX","RCNX1243.JPG","Nothing",2,"Species|Nothing"
"af19","Nothing",2025-09-08 05:30:31,2025-09-08,"05:30:31",1771,29.5,0.5,0,"E:/alexfraser_tagged/af19_nov1/101RECNX","RCNX1245.JPG","Nothing",2,"Species|Nothing"
"af19","Nothing",2025-09-08 05:59:39,2025-09-08,"05:59:39",1746,29.1,0.5,0,"E:/alexfraser_tagged/af19_nov1/101RECNX","RCNX1247.JPG","Nothing",1,"Species|Nothing"
"af19","Nothing",2025-09-08 06:07:44,2025-09-08,"06:07:44",485,8.1,0.1,0,"E:/alexfraser_tagged/af19_nov1/101RECNX","RCNX1248.JPG","Nothing",2,"Species|Nothing"
"af19","Nothing",2025-09-08 08:40:04,2025-09-08,"08:40:04",9132,152.2,2.5,0.1,"E:/alexfraser_tagged/af19_nov1/101RECNX","RCNX1250.JPG","Nothing",2,"Species|Nothing"
"af19","Nothing",2025-09-08 09:20:58,2025-09-08,"09:20:58",2452,40.9,0.7,0,"E:/alexfraser_tagged/af19_nov1/101RECNX","RCNX1252.JPG","Nothing",2,"Species|Nothing"
"af19","Nothing",2025-09-08 13:25:08,2025-09-08,"13:25:08",14645,244.1,4.1,0.2,"E:/alexfraser_tagged/af19_nov1/101RECNX","RCNX1254.JPG","Nothing",4,"Species|Nothing"
"af19","Nothing",2025-09-08 14:42:59,2025-09-08,"14:42:59",4372,72.9,1.2,0,"E:/alexfraser_tagged/af19_nov1/101RECNX","RCNX1258.JPG","Nothing",2,"Species|Nothing"
"af19","Nothing",2025-09-08 16:59:53,2025-09-08,"16:59:53",8213,136.9,2.3,0.1,"E:/alexfraser_tagged/af19_nov1/101RECNX","RCNX1260.JPG","Nothing",2,"Species|Nothing"
"af19","Nothing",2025-09-08 17:45:17,2025-09-09,"17:45:17",2716,45.3,0.8,0,"E:/alexfraser_tagged/af19_nov1/101RECNX","RCNX1262.JPG","Nothing",2,"Species|Nothing"
"af19","Nothing",2025-09-08 19:08:06,2025-09-09,"19:08:06",4958,82.6,1.4,0.1,"E:/alexfraser_tagged/af19_nov1/101RECNX","RCNX1264.JPG","Nothing",2,"Species|Nothing"
"af19","Nothing",2025-09-08 19:20:31,2025-09-09,"19:20:31",726,12.1,0.2,0,"E:/alexfraser_tagged/af19_nov1/101RECNX","RCNX1266.JPG","Nothing",2,"Species|Nothing"
"af19","Nothing",2025-09-08 21:31:42,2025-09-09,"21:31:42",7866,131.1,2.2,0.1,"E:/alexfraser_tagged/af19_nov1/101RECNX","RCNX1268.JPG","Nothing",2,"Species|Nothing"
"af19","Nothing",2025-09-08 23:19:57,2025-09-09,"23:19:57",6489,108.2,1.8,0.1,"E:/alexfraser_tagged/af19_nov1/101RECNX","RCNX1270.JPG","Nothing",2,"Species|Nothing"
"af19","Nothing",2025-09-08 23:32:45,2025-09-09,"23:32:45",767,12.8,0.2,0,"E:/alexfraser_tagged/af19_nov1/101RECNX","RCNX1272.JPG","Nothing",1,"Species|Nothing"
"af19","Nothing",2025-09-09 00:18:20,2025-09-09,"00:18:20",2735,45.6,0.8,0,"E:/alexfraser_tagged/af19_nov1/101RECNX","RCNX1273.JPG","Nothing",4,"Species|Nothing"
"af19","Nothing",2025-09-09 03:26:37,2025-09-09,"03:26:37",11212,186.9,3.1,0.1,"E:/alexfraser_tagged/af19_nov1/101RECNX","RCNX1277.JPG","Nothing",2,"Species|Nothing"
"af19","Nothing",2025-09-09 05:00:10,2025-09-09,"05:00:10",5609,93.5,1.6,0.1,"E:/alexfraser_tagged/af19_nov1/101RECNX","RCNX1279.JPG","Nothing",2,"Species|Nothing"
"af19","Nothing",2025-09-09 07:35:49,2025-09-09,"07:35:49",9326,155.4,2.6,0.1,"E:/alexfraser_tagged/af19_nov1/101RECNX","RCNX1281.JPG","Nothing",2,"Species|Nothing"
"af19","Nothing",2025-09-09 07:43:14,2025-09-09,"07:43:14",435,7.2,0.1,0,"E:/alexfraser_tagged/af19_nov1/101RECNX","RCNX1283.JPG","Nothing",2,"Species|Nothing"
"af19","Nothing",2025-09-09 07:55:51,2025-09-09,"07:55:51",735,12.2,0.2,0,"E:/alexfraser_tagged/af19_nov1/101RECNX","RCNX1285.JPG","Nothing",2,"Species|Nothing"
"af19","Nothing",2025-09-09 08:06:09,2025-09-09,"08:06:09",611,10.2,0.2,0,"E:/alexfraser_tagged/af19_nov1/101RECNX","RCNX1287.JPG","Nothing",1,"Species|Nothing"
"af19","Nothing",2025-09-09 10:10:09,2025-09-09,"10:10:09",7440,124,2.1,0.1,"E:/alexfraser_tagged/af19_nov1/101RECNX","RCNX1288.JPG","Nothing",2,"Species|Nothing"
"af19","Nothing",2025-09-09 10:36:20,2025-09-09,"10:36:20",1535,25.6,0.4,0,"E:/alexfraser_tagged/af19_nov1/101RECNX","RCNX1290.JPG","Nothing",2,"Species|Nothing"
"af19","Nothing",2025-09-09 11:45:15,2025-09-09,"11:45:15",4130,68.8,1.1,0,"E:/alexfraser_tagged/af19_nov1/101RECNX","RCNX1292.JPG","Nothing",2,"Species|Nothing"
"af19","Nothing",2025-09-09 13:44:56,2025-09-09,"13:44:56",7173,119.6,2,0.1,"E:/alexfraser_tagged/af19_nov1/101RECNX","RCNX1294.JPG","Nothing",2,"Species|Nothing"
"af19","Nothing",2025-09-09 14:27:18,2025-09-09,"14:27:18",2530,42.2,0.7,0,"E:/alexfraser_tagged/af19_nov1/101RECNX","RCNX1296.JPG","Nothing",2,"Species|Nothing"
"af19","Nothing",2025-09-09 16:26:24,2025-09-09,"16:26:24",7145,119.1,2,0.1,"E:/alexfraser_tagged/af19_nov1/101RECNX","RCNX1298.JPG","Nothing",2,"Species|Nothing"
"af19","Nothing",2025-09-09 16:57:26,2025-09-09,"16:57:26",1856,30.9,0.5,0,"E:/alexfraser_tagged/af19_nov1/101RECNX","RCNX1300.JPG","Nothing",2,"Species|Nothing"
"af19","Nothing",2025-09-09 17:03:21,2025-09-10,"17:03:21",351,5.8,0.1,0,"E:/alexfraser_tagged/af19_nov1/101RECNX","RCNX1302.JPG","Nothing",2,"Species|Nothing"
"af19","Nothing",2025-09-09 19:14:20,2025-09-10,"19:14:20",7846,130.8,2.2,0.1,"E:/alexfraser_tagged/af19_nov1/101RECNX","RCNX1304.JPG","Nothing",2,"Species|Nothing"
"af19","Nothing",2025-09-09 19:25:19,2025-09-10,"19:25:19",645,10.8,0.2,0,"E:/alexfraser_tagged/af19_nov1/101RECNX","RCNX1306.JPG","Nothing",1,"Species|Nothing"
"af19","Nothing",2025-09-09 20:34:23,2025-09-10,"20:34:23",4144,69.1,1.2,0,"E:/alexfraser_tagged/af19_nov1/101RECNX","RCNX1307.JPG","Nothing",1,"Species|Nothing"
"af19","Nothing",2025-09-09 21:35:05,2025-09-10,"21:35:05",3642,60.7,1,0,"E:/alexfraser_tagged/af19_nov1/101RECNX","RCNX1308.JPG","Nothing",2,"Species|Nothing"
"af19","Nothing",2025-09-09 22:45:07,2025-09-10,"22:45:07",4181,69.7,1.2,0,"E:/alexfraser_tagged/af19_nov1/101RECNX","RCNX1310.JPG","Nothing",1,"Species|Nothing"
"af19","Nothing",2025-09-09 23:04:18,2025-09-10,"23:04:18",1151,19.2,0.3,0,"E:/alexfraser_tagged/af19_nov1/101RECNX","RCNX1311.JPG","Nothing",2,"Species|Nothing"
"af19","Nothing",2025-09-09 23:27:14,2025-09-10,"23:27:14",1375,22.9,0.4,0,"E:/alexfraser_tagged/af19_nov1/101RECNX","RCNX1313.JPG","Nothing",2,"Species|Nothing"
"af19","Nothing",2025-09-09 23:49:35,2025-09-10,"23:49:35",1340,22.3,0.4,0,"E:/alexfraser_tagged/af19_nov1/101RECNX","RCNX1315.JPG","Nothing",1,"Species|Nothing"
"af19","Nothing",2025-09-10 00:32:24,2025-09-10,"00:32:24",2569,42.8,0.7,0,"E:/alexfraser_tagged/af19_nov1/101RECNX","RCNX1316.JPG","Nothing",2,"Species|Nothing"
"af19","Nothing",2025-09-10 05:32:04,2025-09-10,"05:32:04",17972,299.5,5,0.2,"E:/alexfraser_tagged/af19_nov1/101RECNX","RCNX1318.JPG","Nothing",1,"Species|Nothing"
"af19","Nothing",2025-09-10 05:59:16,2025-09-10,"05:59:16",1632,27.2,0.5,0,"E:/alexfraser_tagged/af19_nov1/101RECNX","RCNX1319.JPG","Nothing",2,"Species|Nothing"
"af19","Nothing",2025-09-10 06:06:23,2025-09-10,"06:06:23",423,7,0.1,0,"E:/alexfraser_tagged/af19_nov1/101RECNX","RCNX1321.JPG","Nothing",2,"Species|Nothing"
"af19","Nothing",2025-09-10 06:35:14,2025-09-10,"06:35:14",1728,28.8,0.5,0,"E:/alexfraser_tagged/af19_nov1/101RECNX","RCNX1323.JPG","Nothing",2,"Species|Nothing"
"af19","Nothing",2025-09-10 08:30:32,2025-09-10,"08:30:32",6912,115.2,1.9,0.1,"E:/alexfraser_tagged/af19_nov1/101RECNX","RCNX1325.JPG","Nothing",2,"Species|Nothing"
"af19","Nothing",2025-09-10 08:38:58,2025-09-10,"08:38:58",494,8.2,0.1,0,"E:/alexfraser_tagged/af19_nov1/101RECNX","RCNX1327.JPG","Nothing",1,"Species|Nothing"
"af19","Nothing",2025-09-10 09:15:49,2025-09-10,"09:15:49",2211,36.9,0.6,0,"E:/alexfraser_tagged/af19_nov1/101RECNX","RCNX1328.JPG","Nothing",2,"Species|Nothing"
"af19","Nothing",2025-09-10 11:39:59,2025-09-10,"11:39:59",8639,144,2.4,0.1,"E:/alexfraser_tagged/af19_nov1/101RECNX","RCNX1330.JPG","Nothing",2,"Species|Nothing"
"af19","Nothing",2025-09-10 11:45:18,2025-09-10,"11:45:18",308,5.1,0.1,0,"E:/alexfraser_tagged/af19_nov1/101RECNX","RCNX1332.JPG","Nothing",2,"Species|Nothing"
"af19","Nothing",2025-09-10 12:59:03,2025-09-10,"12:59:03",4423,73.7,1.2,0,"E:/alexfraser_tagged/af19_nov1/101RECNX","RCNX1334.JPG","Nothing",2,"Species|Nothing"
"af19","Nothing",2025-09-10 13:12:01,2025-09-10,"13:12:01",766,12.8,0.2,0,"E:/alexfraser_tagged/af19_nov1/101RECNX","RCNX1336.JPG","Nothing",2,"Species|Nothing"
"af19","Nothing",2025-09-10 16:02:04,2025-09-10,"16:02:04",10198,170,2.8,0.1,"E:/alexfraser_tagged/af19_nov1/101RECNX","RCNX1338.JPG","Nothing",2,"Species|Nothing"
"af19","Nothing",2025-09-10 16:19:18,2025-09-10,"16:19:18",1031,17.2,0.3,0,"E:/alexfraser_tagged/af19_nov1/101RECNX","RCNX1340.JPG","Nothing",2,"Species|Nothing"
"af19","Nothing",2025-09-10 17:36:24,2025-09-11,"17:36:24",4601,76.7,1.3,0.1,"E:/alexfraser_tagged/af19_nov1/101RECNX","RCNX1342.JPG","Nothing",2,"Species|Nothing"
"af19","Nothing",2025-09-10 17:49:26,2025-09-11,"17:49:26",760,12.7,0.2,0,"E:/alexfraser_tagged/af19_nov1/101RECNX","RCNX1344.JPG","Nothing",2,"Species|Nothing"
"af19","Nothing",2025-09-10 18:52:19,2025-09-11,"18:52:19",3758,62.6,1,0,"E:/alexfraser_tagged/af19_nov1/101RECNX","RCNX1346.JPG","Nothing",2,"Species|Nothing"
"af19","Nothing",2025-09-10 19:35:56,2025-09-11,"19:35:56",2614,43.6,0.7,0,"E:/alexfraser_tagged/af19_nov1/101RECNX","RCNX1348.JPG","Nothing",2,"Species|Nothing"
"af19","Nothing",2025-09-10 19:44:24,2025-09-11,"19:44:24",503,8.4,0.1,0,"E:/alexfraser_tagged/af19_nov1/101RECNX","RCNX1350.JPG","Nothing",2,"Species|Nothing"
"af19","Nothing",2025-09-10 21:25:37,2025-09-11,"21:25:37",6030,100.5,1.7,0.1,"E:/alexfraser_tagged/af19_nov1/101RECNX","RCNX1352.JPG","Nothing",1,"Species|Nothing"
"af19","Nothing",2025-09-11 00:05:56,2025-09-11,"00:05:56",9619,160.3,2.7,0.1,"E:/alexfraser_tagged/af19_nov1/101RECNX","RCNX1353.JPG","Nothing",2,"Species|Nothing"
"af19","Nothing",2025-09-11 00:51:54,2025-09-11,"00:51:54",2754,45.9,0.8,0,"E:/alexfraser_tagged/af19_nov1/101RECNX","RCNX1355.JPG","Nothing",2,"Species|Nothing"
"af19","Nothing",2025-09-11 01:42:01,2025-09-11,"01:42:01",3001,50,0.8,0,"E:/alexfraser_tagged/af19_nov1/101RECNX","RCNX1357.JPG","Nothing",2,"Species|Nothing"
"af19","Nothing",2025-09-11 02:16:28,2025-09-11,"02:16:28",2066,34.4,0.6,0,"E:/alexfraser_tagged/af19_nov1/101RECNX","RCNX1359.JPG","Nothing",2,"Species|Nothing"
"af19","Nothing",2025-09-11 03:33:29,2025-09-11,"03:33:29",4614,76.9,1.3,0.1,"E:/alexfraser_tagged/af19_nov1/101RECNX","RCNX1361.JPG","Nothing",2,"Species|Nothing"
"af19","Nothing",2025-09-11 05:01:12,2025-09-11,"05:01:12",5245,87.4,1.5,0.1,"E:/alexfraser_tagged/af19_nov1/101RECNX","RCNX1363.JPG","Nothing",2,"Species|Nothing"
"af19","Nothing",2025-09-11 07:27:14,2025-09-11,"07:27:14",8738,145.6,2.4,0.1,"E:/alexfraser_tagged/af19_nov1/101RECNX","RCNX1365.JPG","Nothing",2,"Species|Nothing"
"af19","Nothing",2025-09-11 08:07:42,2025-09-11,"08:07:42",2426,40.4,0.7,0,"E:/alexfraser_tagged/af19_nov1/101RECNX","RCNX1367.JPG","Nothing",2,"Species|Nothing"
"af19","Nothing",2025-09-11 08:44:53,2025-09-11,"08:44:53",2227,37.1,0.6,0,"E:/alexfraser_tagged/af19_nov1/101RECNX","RCNX1369.JPG","Nothing",2,"Species|Nothing"
"af19","Nothing",2025-09-11 12:33:06,2025-09-11,"12:33:06",13683,228.1,3.8,0.2,"E:/alexfraser_tagged/af19_nov1/101RECNX","RCNX1371.JPG","Nothing",2,"Species|Nothing"
"af19","Nothing",2025-09-11 13:43:42,2025-09-11,"13:43:42",4227,70.4,1.2,0,"E:/alexfraser_tagged/af19_nov1/101RECNX","RCNX1373.JPG","Nothing",2,"Species|Nothing"
"af19","Nothing",2025-09-11 13:51:23,2025-09-11,"13:51:23",454,7.6,0.1,0,"E:/alexfraser_tagged/af19_nov1/101RECNX","RCNX1375.JPG","Nothing",2,"Species|Nothing"
"af19","Nothing",2025-09-11 14:30:28,2025-09-11,"14:30:28",2336,38.9,0.6,0,"E:/alexfraser_tagged/af19_nov1/101RECNX","RCNX1377.JPG","Nothing",2,"Species|Nothing"
"af19","Nothing",2025-09-11 15:44:06,2025-09-11,"15:44:06",4405,73.4,1.2,0,"E:/alexfraser_tagged/af19_nov1/101RECNX","RCNX1379.JPG","Nothing",2,"Species|Nothing"
"af19","Nothing",2025-09-11 16:02:10,2025-09-11,"16:02:10",1075,17.9,0.3,0,"E:/alexfraser_tagged/af19_nov1/101RECNX","RCNX1381.JPG","Nothing",2,"Species|Nothing"
"af19","Nothing",2025-09-11 16:08:55,2025-09-11,"16:08:55",402,6.7,0.1,0,"E:/alexfraser_tagged/af19_nov1/101RECNX","RCNX1383.JPG","Nothing",2,"Species|Nothing"
"af19","Nothing",2025-09-11 16:25:59,2025-09-11,"16:25:59",1022,17,0.3,0,"E:/alexfraser_tagged/af19_nov1/101RECNX","RCNX1385.JPG","Nothing",2,"Species|Nothing"
"af19","Nothing",2025-09-11 17:10:52,2025-09-12,"17:10:52",2691,44.9,0.7,0,"E:/alexfraser_tagged/af19_nov1/101RECNX","RCNX1387.JPG","Nothing",2,"Species|Nothing"
"af19","Nothing",2025-09-11 18:14:35,2025-09-12,"18:14:35",3806,63.4,1.1,0,"E:/alexfraser_tagged/af19_nov1/101RECNX","RCNX1389.JPG","Nothing",2,"Species|Nothing"
"af19","Nothing",2025-09-11 22:18:50,2025-09-12,"22:18:50",14654,244.2,4.1,0.2,"E:/alexfraser_tagged/af19_nov1/101RECNX","RCNX1391.JPG","Nothing",2,"Species|Nothing"
"af19","Nothing",2025-09-11 22:53:24,2025-09-12,"22:53:24",2052,34.2,0.6,0,"E:/alexfraser_tagged/af19_nov1/101RECNX","RCNX1393.JPG","Nothing",4,"Species|Nothing"
"af19","Nothing",2025-09-12 00:08:06,2025-09-12,"00:08:06",4432,73.9,1.2,0,"E:/alexfraser_tagged/af19_nov1/101RECNX","RCNX1397.JPG","Nothing",2,"Species|Nothing"
"af19","Nothing",2025-09-12 02:11:21,2025-09-12,"02:11:21",7384,123.1,2.1,0.1,"E:/alexfraser_tagged/af19_nov1/101RECNX","RCNX1399.JPG","Nothing",2,"Species|Nothing"
"af19","Nothing",2025-09-12 03:11:27,2025-09-12,"03:11:27",3604,60.1,1,0,"E:/alexfraser_tagged/af19_nov1/101RECNX","RCNX1401.JPG","Nothing",2,"Species|Nothing"
"af19","Nothing",2025-09-12 04:04:56,2025-09-12,"04:04:56",3204,53.4,0.9,0,"E:/alexfraser_tagged/af19_nov1/101RECNX","RCNX1403.JPG","Nothing",2,"Species|Nothing"
"af19","Nothing",2025-09-12 05:59:22,2025-09-12,"05:59:22",6861,114.3,1.9,0.1,"E:/alexfraser_tagged/af19_nov1/101RECNX","RCNX1405.JPG","Nothing",2,"Species|Nothing"
"af19","Nothing",2025-09-12 07:38:37,2025-09-12,"07:38:37",5947,99.1,1.7,0.1,"E:/alexfraser_tagged/af19_nov1/101RECNX","RCNX1407.JPG","Nothing",2,"Species|Nothing"
"af19","Nothing",2025-09-12 07:56:30,2025-09-12,"07:56:30",1072,17.9,0.3,0,"E:/alexfraser_tagged/af19_nov1/101RECNX","RCNX1409.JPG","Nothing",4,"Species|Nothing"
"af19","Nothing",2025-09-12 10:14:30,2025-09-12,"10:14:30",7965,132.8,2.2,0.1,"E:/alexfraser_tagged/af19_nov1/101RECNX","RCNX1413.JPG","Nothing",2,"Species|Nothing"
"af19","Nothing",2025-09-12 11:59:32,2025-09-12,"11:59:32",6291,104.8,1.7,0.1,"E:/alexfraser_tagged/af19_nov1/101RECNX","RCNX1415.JPG","Nothing",2,"Species|Nothing"
"af19","Nothing",2025-09-12 13:22:18,2025-09-12,"13:22:18",4961,82.7,1.4,0.1,"E:/alexfraser_tagged/af19_nov1/101RECNX","RCNX1417.JPG","Nothing",2,"Species|Nothing"
"af19","Nothing",2025-09-12 15:18:16,2025-09-12,"15:18:16",6947,115.8,1.9,0.1,"E:/alexfraser_tagged/af19_nov1/101RECNX","RCNX1419.JPG","Nothing",2,"Species|Nothing"
"af19","Nothing",2025-09-12 16:19:45,2025-09-12,"16:19:45",3683,61.4,1,0,"E:/alexfraser_tagged/af19_nov1/101RECNX","RCNX1421.JPG","Nothing",2,"Species|Nothing"
"af19","Nothing",2025-09-12 20:47:14,2025-09-13,"20:47:14",16047,267.4,4.5,0.2,"E:/alexfraser_tagged/af19_nov1/101RECNX","RCNX1423.JPG","Nothing",2,"Species|Nothing"
"af19","Nothing",2025-09-12 21:04:59,2025-09-13,"21:04:59",1055,17.6,0.3,0,"E:/alexfraser_tagged/af19_nov1/101RECNX","RCNX1425.JPG","Nothing",1,"Species|Nothing"
"af19","Nothing",2025-09-12 23:16:52,2025-09-13,"23:16:52",7913,131.9,2.2,0.1,"E:/alexfraser_tagged/af19_nov1/101RECNX","RCNX1426.JPG","Nothing",2,"Species|Nothing"
"af19","Nothing",2025-09-12 23:29:10,2025-09-13,"23:29:10",732,12.2,0.2,0,"E:/alexfraser_tagged/af19_nov1/101RECNX","RCNX1428.JPG","Nothing",2,"Species|Nothing"
"af19","Nothing",2025-09-12 23:50:20,2025-09-13,"23:50:20",1263,21,0.3,0,"E:/alexfraser_tagged/af19_nov1/101RECNX","RCNX1430.JPG","Nothing",4,"Species|Nothing"
"af19","Nothing",2025-09-13 00:34:02,2025-09-13,"00:34:02",2561,42.7,0.7,0,"E:/alexfraser_tagged/af19_nov1/101RECNX","RCNX1434.JPG","Nothing",2,"Species|Nothing"
"af19","Nothing",2025-09-13 02:03:44,2025-09-13,"02:03:44",5381,89.7,1.5,0.1,"E:/alexfraser_tagged/af19_nov1/101RECNX","RCNX1436.JPG","Nothing",2,"Species|Nothing"
"af19","Nothing",2025-09-13 02:22:59,2025-09-13,"02:22:59",1145,19.1,0.3,0,"E:/alexfraser_tagged/af19_nov1/101RECNX","RCNX1438.JPG","Nothing",2,"Species|Nothing"
"af19","Nothing",2025-09-13 03:07:41,2025-09-13,"03:07:41",2676,44.6,0.7,0,"E:/alexfraser_tagged/af19_nov1/101RECNX","RCNX1440.JPG","Nothing",2,"Species|Nothing"
"af19","Nothing",2025-09-13 04:36:22,2025-09-13,"04:36:22",5309,88.5,1.5,0.1,"E:/alexfraser_tagged/af19_nov1/101RECNX","RCNX1442.JPG","Nothing",2,"Species|Nothing"
"af19","Nothing",2025-09-13 05:46:12,2025-09-13,"05:46:12",4184,69.7,1.2,0,"E:/alexfraser_tagged/af19_nov1/101RECNX","RCNX1444.JPG","Nothing",2,"Species|Nothing"
"af19","Nothing",2025-09-13 07:53:28,2025-09-13,"07:53:28",7629,127.2,2.1,0.1,"E:/alexfraser_tagged/af19_nov1/101RECNX","RCNX1446.JPG","Nothing",2,"Species|Nothing"
"af19","Nothing",2025-09-13 09:21:13,2025-09-13,"09:21:13",5248,87.5,1.5,0.1,"E:/alexfraser_tagged/af19_nov1/101RECNX","RCNX1448.JPG","Nothing",1,"Species|Nothing"
"af19","Nothing",2025-09-13 12:05:13,2025-09-13,"12:05:13",9840,164,2.7,0.1,"E:/alexfraser_tagged/af19_nov1/101RECNX","RCNX1449.JPG","Nothing",2,"Species|Nothing"
"af19","Nothing",2025-09-13 13:19:11,2025-09-13,"13:19:11",4430,73.8,1.2,0,"E:/alexfraser_tagged/af19_nov1/101RECNX","RCNX1451.JPG","Nothing",4,"Species|Nothing"
"af19","Nothing",2025-09-13 14:02:04,2025-09-13,"14:02:04",2470,41.2,0.7,0,"E:/alexfraser_tagged/af19_nov1/101RECNX","RCNX1455.JPG","Nothing",2,"Species|Nothing"
"af19","Nothing",2025-09-13 14:18:22,2025-09-13,"14:18:22",969,16.1,0.3,0,"E:/alexfraser_tagged/af19_nov1/101RECNX","RCNX1457.JPG","Nothing",2,"Species|Nothing"
"af19","Nothing",2025-09-13 14:27:46,2025-09-13,"14:27:46",552,9.2,0.2,0,"E:/alexfraser_tagged/af19_nov1/101RECNX","RCNX1459.JPG","Nothing",2,"Species|Nothing"
"af19","Nothing",2025-09-13 15:12:43,2025-09-13,"15:12:43",2679,44.6,0.7,0,"E:/alexfraser_tagged/af19_nov1/101RECNX","RCNX1461.JPG","Nothing",2,"Species|Nothing"
"af19","Nothing",2025-09-13 16:03:25,2025-09-13,"16:03:25",3026,50.4,0.8,0,"E:/alexfraser_tagged/af19_nov1/101RECNX","RCNX1463.JPG","Nothing",2,"Species|Nothing"
"af19","Nothing",2025-09-13 19:25:46,2025-09-14,"19:25:46",12130,202.2,3.4,0.1,"E:/alexfraser_tagged/af19_nov1/101RECNX","RCNX1465.JPG","Nothing",2,"Species|Nothing"
"af19","Nothing",2025-09-13 19:32:25,2025-09-14,"19:32:25",388,6.5,0.1,0,"E:/alexfraser_tagged/af19_nov1/101RECNX","RCNX1467.JPG","Nothing",2,"Species|Nothing"
"af19","Nothing",2025-09-13 22:52:42,2025-09-14,"22:52:42",11991,199.8,3.3,0.1,"E:/alexfraser_tagged/af19_nov1/101RECNX","RCNX1469.JPG","Nothing",1,"Species|Nothing"
"af19","Nothing",2025-09-14 00:06:51,2025-09-14,"00:06:51",4449,74.2,1.2,0,"E:/alexfraser_tagged/af19_nov1/101RECNX","RCNX1470.JPG","Nothing",2,"Species|Nothing"
"af19","Nothing",2025-09-14 01:51:08,2025-09-14,"01:51:08",6249,104.2,1.7,0.1,"E:/alexfraser_tagged/af19_nov1/101RECNX","RCNX1472.JPG","Nothing",2,"Species|Nothing"
"af19","Nothing",2025-09-14 02:32:17,2025-09-14,"02:32:17",2460,41,0.7,0,"E:/alexfraser_tagged/af19_nov1/101RECNX","RCNX1474.JPG","Nothing",2,"Species|Nothing"
"af19","Nothing",2025-09-14 02:38:48,2025-09-14,"02:38:48",390,6.5,0.1,0,"E:/alexfraser_tagged/af19_nov1/101RECNX","RCNX1476.JPG","Nothing",2,"Species|Nothing"
"af19","Nothing",2025-09-14 03:34:28,2025-09-14,"03:34:28",3333,55.5,0.9,0,"E:/alexfraser_tagged/af19_nov1/101RECNX","RCNX1478.JPG","Nothing",2,"Species|Nothing"
"af19","Nothing",2025-09-14 05:01:32,2025-09-14,"05:01:32",5221,87,1.4,0.1,"E:/alexfraser_tagged/af19_nov1/101RECNX","RCNX1480.JPG","Nothing",2,"Species|Nothing"
"af19","Nothing",2025-09-14 05:15:44,2025-09-14,"05:15:44",849,14.2,0.2,0,"E:/alexfraser_tagged/af19_nov1/101RECNX","RCNX1482.JPG","Nothing",2,"Species|Nothing"
"af19","Nothing",2025-09-14 07:05:05,2025-09-14,"07:05:05",6543,109,1.8,0.1,"E:/alexfraser_tagged/af19_nov1/101RECNX","RCNX1484.JPG","Nothing",2,"Species|Nothing"
"af19","Nothing",2025-09-14 07:36:52,2025-09-14,"07:36:52",1904,31.7,0.5,0,"E:/alexfraser_tagged/af19_nov1/101RECNX","RCNX1486.JPG","Nothing",2,"Species|Nothing"
"af19","Nothing",2025-09-14 08:16:01,2025-09-14,"08:16:01",2345,39.1,0.7,0,"E:/alexfraser_tagged/af19_nov1/101RECNX","RCNX1488.JPG","Nothing",2,"Species|Nothing"
"af19","Nothing",2025-09-14 09:09:23,2025-09-14,"09:09:23",3200,53.3,0.9,0,"E:/alexfraser_tagged/af19_nov1/101RECNX","RCNX1490.JPG","Nothing",2,"Species|Nothing"
"af19","Nothing",2025-09-14 09:47:29,2025-09-14,"09:47:29",2282,38,0.6,0,"E:/alexfraser_tagged/af19_nov1/101RECNX","RCNX1492.JPG","Nothing",1,"Species|Nothing"
"af19","Nothing",2025-09-14 10:36:37,2025-09-14,"10:36:37",2948,49.1,0.8,0,"E:/alexfraser_tagged/af19_nov1/101RECNX","RCNX1493.JPG","Nothing",2,"Species|Nothing"
"af19","Nothing",2025-09-14 12:20:14,2025-09-14,"12:20:14",6214,103.6,1.7,0.1,"E:/alexfraser_tagged/af19_nov1/101RECNX","RCNX1495.JPG","Nothing",2,"Species|Nothing"
"af19","Nothing",2025-09-14 13:03:39,2025-09-14,"13:03:39",2588,43.1,0.7,0,"E:/alexfraser_tagged/af19_nov1/101RECNX","RCNX1497.JPG","Nothing",2,"Species|Nothing"
"af19","Nothing",2025-09-14 15:12:07,2025-09-14,"15:12:07",7706,128.4,2.1,0.1,"E:/alexfraser_tagged/af19_nov1/101RECNX","RCNX1499.JPG","Nothing",2,"Species|Nothing"
"af19","Nothing",2025-09-14 15:36:06,2025-09-14,"15:36:06",1434,23.9,0.4,0,"E:/alexfraser_tagged/af19_nov1/101RECNX","RCNX1501.JPG","Nothing",2,"Species|Nothing"
"af19","Nothing",2025-09-14 17:16:13,2025-09-15,"17:16:13",6004,100.1,1.7,0.1,"E:/alexfraser_tagged/af19_nov1/101RECNX","RCNX1503.JPG","Nothing",2,"Species|Nothing"
"af19","Nothing",2025-09-14 21:32:37,2025-09-15,"21:32:37",15377,256.3,4.3,0.2,"E:/alexfraser_tagged/af19_nov1/101RECNX","RCNX1505.JPG","Nothing",2,"Species|Nothing"
"af19","Nothing",2025-09-14 22:19:30,2025-09-15,"22:19:30",2809,46.8,0.8,0,"E:/alexfraser_tagged/af19_nov1/101RECNX","RCNX1507.JPG","Nothing",2,"Species|Nothing"
"af19","Nothing",2025-09-15 01:30:40,2025-09-15,"01:30:40",11463,191.1,3.2,0.1,"E:/alexfraser_tagged/af19_nov1/101RECNX","RCNX1509.JPG","Nothing",2,"Species|Nothing"
"af19","Nothing",2025-09-15 01:56:11,2025-09-15,"01:56:11",1518,25.3,0.4,0,"E:/alexfraser_tagged/af19_nov1/101RECNX","RCNX1511.JPG","Nothing",2,"Species|Nothing"
"af19","Nothing",2025-09-15 04:15:07,2025-09-15,"04:15:07",8326,138.8,2.3,0.1,"E:/alexfraser_tagged/af19_nov1/101RECNX","RCNX1513.JPG","Nothing",2,"Species|Nothing"
"af19","Nothing",2025-09-15 06:51:01,2025-09-15,"06:51:01",9351,155.8,2.6,0.1,"E:/alexfraser_tagged/af19_nov1/101RECNX","RCNX1515.JPG","Nothing",2,"Species|Nothing"
"af19","Nothing",2025-09-15 06:58:32,2025-09-15,"06:58:32",434,7.2,0.1,0,"E:/alexfraser_tagged/af19_nov1/101RECNX","RCNX1517.JPG","Nothing",1,"Species|Nothing"
"af19","Nothing",2025-09-15 07:21:16,2025-09-15,"07:21:16",1364,22.7,0.4,0,"E:/alexfraser_tagged/af19_nov1/101RECNX","RCNX1518.JPG","Nothing",2,"Species|Nothing"
"af19","Nothing",2025-09-15 09:04:02,2025-09-15,"09:04:02",6160,102.7,1.7,0.1,"E:/alexfraser_tagged/af19_nov1/101RECNX","RCNX1520.JPG","Nothing",1,"Species|Nothing"
"af19","Nothing",2025-09-15 09:26:01,2025-09-15,"09:26:01",1319,22,0.4,0,"E:/alexfraser_tagged/af19_nov1/101RECNX","RCNX1521.JPG","Nothing",2,"Species|Nothing"
"af19","Nothing",2025-09-15 11:48:28,2025-09-15,"11:48:28",8537,142.3,2.4,0.1,"E:/alexfraser_tagged/af19_nov1/101RECNX","RCNX1523.JPG","Nothing",2,"Species|Nothing"
"af19","Nothing",2025-09-15 12:03:08,2025-09-15,"12:03:08",877,14.6,0.2,0,"E:/alexfraser_tagged/af19_nov1/101RECNX","RCNX1525.JPG","Nothing",2,"Species|Nothing"
"af19","Nothing",2025-09-15 12:08:59,2025-09-15,"12:08:59",347,5.8,0.1,0,"E:/alexfraser_tagged/af19_nov1/101RECNX","RCNX1527.JPG","Nothing",2,"Species|Nothing"
"af19","Nothing",2025-09-15 12:33:20,2025-09-15,"12:33:20",1455,24.2,0.4,0,"E:/alexfraser_tagged/af19_nov1/101RECNX","RCNX1529.JPG","Nothing",2,"Species|Nothing"
"af19","Nothing",2025-09-15 13:01:30,2025-09-15,"13:01:30",1685,28.1,0.5,0,"E:/alexfraser_tagged/af19_nov1/101RECNX","RCNX1531.JPG","Nothing",2,"Species|Nothing"
"af19","Nothing",2025-09-15 14:07:37,2025-09-15,"14:07:37",3963,66,1.1,0,"E:/alexfraser_tagged/af19_nov1/101RECNX","RCNX1533.JPG","Nothing",2,"Species|Nothing"
"af19","Nothing",2025-09-15 14:25:01,2025-09-15,"14:25:01",1031,17.2,0.3,0,"E:/alexfraser_tagged/af19_nov1/101RECNX","RCNX1535.JPG","Nothing",2,"Species|Nothing"
"af19","Nothing",2025-09-15 16:08:29,2025-09-15,"16:08:29",6205,103.4,1.7,0.1,"E:/alexfraser_tagged/af19_nov1/101RECNX","RCNX1537.JPG","Nothing",2,"Species|Nothing"
"af19","Nothing",2025-09-15 17:10:07,2025-09-16,"17:10:07",3691,61.5,1,0,"E:/alexfraser_tagged/af19_nov1/101RECNX","RCNX1539.JPG","Nothing",2,"Species|Nothing"
"af19","Nothing",2025-09-15 17:21:53,2025-09-16,"17:21:53",699,11.7,0.2,0,"E:/alexfraser_tagged/af19_nov1/101RECNX","RCNX1541.JPG","Nothing",2,"Species|Nothing"
"af19","Nothing",2025-09-15 17:37:45,2025-09-16,"17:37:45",948,15.8,0.3,0,"E:/alexfraser_tagged/af19_nov1/101RECNX","RCNX1543.JPG","Nothing",4,"Species|Nothing"
"af19","Nothing",2025-09-15 20:47:34,2025-09-16,"20:47:34",11197,186.6,3.1,0.1,"E:/alexfraser_tagged/af19_nov1/101RECNX","RCNX1547.JPG","Nothing",2,"Species|Nothing"
"af19","Nothing",2025-09-15 21:06:26,2025-09-16,"21:06:26",1127,18.8,0.3,0,"E:/alexfraser_tagged/af19_nov1/101RECNX","RCNX1549.JPG","Nothing",2,"Species|Nothing"
"af19","Nothing",2025-09-15 21:22:51,2025-09-16,"21:22:51",972,16.2,0.3,0,"E:/alexfraser_tagged/af19_nov1/101RECNX","RCNX1551.JPG","Nothing",2,"Species|Nothing"
"af19","Nothing",2025-09-15 21:30:57,2025-09-16,"21:30:57",470,7.8,0.1,0,"E:/alexfraser_tagged/af19_nov1/101RECNX","RCNX1553.JPG","Nothing",2,"Species|Nothing"
"af19","Nothing",2025-09-15 22:10:30,2025-09-16,"22:10:30",2361,39.4,0.7,0,"E:/alexfraser_tagged/af19_nov1/101RECNX","RCNX1555.JPG","Nothing",2,"Species|Nothing"
"af19","Nothing",2025-09-15 23:35:41,2025-09-16,"23:35:41",5110,85.2,1.4,0.1,"E:/alexfraser_tagged/af19_nov1/101RECNX","RCNX1557.JPG","Nothing",2,"Species|Nothing"
"af19","Nothing",2025-09-15 23:52:50,2025-09-16,"23:52:50",1019,17,0.3,0,"E:/alexfraser_tagged/af19_nov1/101RECNX","RCNX1559.JPG","Nothing",4,"Species|Nothing"
"af19","Nothing",2025-09-16 01:12:54,2025-09-16,"01:12:54",4481,74.7,1.2,0,"E:/alexfraser_tagged/af19_nov1/101RECNX","RCNX1563.JPG","Nothing",2,"Species|Nothing"
"af19","Nothing",2025-09-16 01:43:30,2025-09-16,"01:43:30",1812,30.2,0.5,0,"E:/alexfraser_tagged/af19_nov1/101RECNX","RCNX1565.JPG","Nothing",2,"Species|Nothing"
"af19","Nothing",2025-09-16 01:53:00,2025-09-16,"01:53:00",566,9.4,0.2,0,"E:/alexfraser_tagged/af19_nov1/101RECNX","RCNX1567.JPG","Nothing",3,"Species|Nothing"
"af19","Nothing",2025-09-16 01:59:42,2025-09-16,"01:59:42",397,6.6,0.1,0,"E:/alexfraser_tagged/af19_nov1/101RECNX","RCNX1570.JPG","Nothing",2,"Species|Nothing"
"af19","Nothing",2025-09-16 03:30:42,2025-09-16,"03:30:42",5458,91,1.5,0.1,"E:/alexfraser_tagged/af19_nov1/101RECNX","RCNX1572.JPG","Nothing",2,"Species|Nothing"
"af19","Nothing",2025-09-16 03:48:01,2025-09-16,"03:48:01",1036,17.3,0.3,0,"E:/alexfraser_tagged/af19_nov1/101RECNX","RCNX1574.JPG","Nothing",2,"Species|Nothing"
"af19","Nothing",2025-09-16 04:31:55,2025-09-16,"04:31:55",2628,43.8,0.7,0,"E:/alexfraser_tagged/af19_nov1/101RECNX","RCNX1576.JPG","Nothing",2,"Species|Nothing"
"af19","Nothing",2025-09-16 04:56:46,2025-09-16,"04:56:46",1486,24.8,0.4,0,"E:/alexfraser_tagged/af19_nov1/101RECNX","RCNX1578.JPG","Nothing",2,"Species|Nothing"
"af19","Nothing",2025-09-16 11:55:48,2025-09-16,"11:55:48",25136,418.9,7,0.3,"E:/alexfraser_tagged/af19_nov1/101RECNX","RCNX1582.JPG","Nothing",2,"Species|Nothing"
"af19","Nothing",2025-09-16 13:24:59,2025-09-16,"13:24:59",5350,89.2,1.5,0.1,"E:/alexfraser_tagged/af19_nov1/101RECNX","RCNX1584.JPG","Nothing",2,"Species|Nothing"
"af19","Nothing",2025-09-16 15:25:07,2025-09-16,"15:25:07",7198,120,2,0.1,"E:/alexfraser_tagged/af19_nov1/101RECNX","RCNX1586.JPG","Nothing",2,"Species|Nothing"
"af19","Nothing",2025-09-16 16:37:38,2025-09-16,"16:37:38",4349,72.5,1.2,0,"E:/alexfraser_tagged/af19_nov1/101RECNX","RCNX1649.JPG","Nothing",1,"Species|Nothing"
"af19","Nothing",2025-09-16 17:24:21,2025-09-17,"17:24:21",2803,46.7,0.8,0,"E:/alexfraser_tagged/af19_nov1/101RECNX","RCNX1650.JPG","Nothing",2,"Species|Nothing"
"af19","Nothing",2025-09-16 17:45:27,2025-09-17,"17:45:27",1255,20.9,0.3,0,"E:/alexfraser_tagged/af19_nov1/101RECNX","RCNX1652.JPG","Nothing",2,"Species|Nothing"
"af19","Nothing",2025-09-16 18:14:49,2025-09-17,"18:14:49",1755,29.2,0.5,0,"E:/alexfraser_tagged/af19_nov1/101RECNX","RCNX1654.JPG","Nothing",2,"Species|Nothing"
"af19","Nothing",2025-09-16 18:49:39,2025-09-17,"18:49:39",2070,34.5,0.6,0,"E:/alexfraser_tagged/af19_nov1/101RECNX","RCNX1656.JPG","Nothing",2,"Species|Nothing"
"af19","Nothing",2025-09-16 19:11:03,2025-09-17,"19:11:03",1276,21.3,0.4,0,"E:/alexfraser_tagged/af19_nov1/101RECNX","RCNX1658.JPG","Nothing",2,"Species|Nothing"
"af19","Nothing",2025-09-16 19:47:09,2025-09-17,"19:47:09",2155,35.9,0.6,0,"E:/alexfraser_tagged/af19_nov1/101RECNX","RCNX1660.JPG","Nothing",1,"Species|Nothing"
"af19","Nothing",2025-09-16 21:28:09,2025-09-17,"21:28:09",6060,101,1.7,0.1,"E:/alexfraser_tagged/af19_nov1/101RECNX","RCNX1664.JPG","Nothing",2,"Species|Nothing"
"af19","Nothing",2025-09-16 23:31:17,2025-09-17,"23:31:17",7374,122.9,2,0.1,"E:/alexfraser_tagged/af19_nov1/101RECNX","RCNX1666.JPG","Nothing",4,"Species|Nothing"
"af19","Nothing",2025-09-17 00:02:12,2025-09-17,"00:02:12",1842,30.7,0.5,0,"E:/alexfraser_tagged/af19_nov1/101RECNX","RCNX1670.JPG","Nothing",2,"Species|Nothing"
"af19","Nothing",2025-09-17 00:13:45,2025-09-17,"00:13:45",684,11.4,0.2,0,"E:/alexfraser_tagged/af19_nov1/101RECNX","RCNX1672.JPG","Nothing",2,"Species|Nothing"
"af19","Nothing",2025-09-17 00:32:27,2025-09-17,"00:32:27",1112,18.5,0.3,0,"E:/alexfraser_tagged/af19_nov1/101RECNX","RCNX1674.JPG","Nothing",2,"Species|Nothing"
"af19","Nothing",2025-09-17 00:52:50,2025-09-17,"00:52:50",1212,20.2,0.3,0,"E:/alexfraser_tagged/af19_nov1/101RECNX","RCNX1676.JPG","Nothing",2,"Species|Nothing"
"af19","Nothing",2025-09-17 01:28:45,2025-09-17,"01:28:45",2151,35.9,0.6,0,"E:/alexfraser_tagged/af19_nov1/101RECNX","RCNX1678.JPG","Nothing",2,"Species|Nothing"
"af19","Nothing",2025-09-17 01:43:17,2025-09-17,"01:43:17",858,14.3,0.2,0,"E:/alexfraser_tagged/af19_nov1/101RECNX","RCNX1680.JPG","Nothing",2,"Species|Nothing"
"af19","Nothing",2025-09-17 07:53:56,2025-09-17,"07:53:56",22234,370.6,6.2,0.3,"E:/alexfraser_tagged/af19_nov1/101RECNX","RCNX1682.JPG","Nothing",2,"Species|Nothing"
"af19","Nothing",2025-09-17 10:46:09,2025-09-17,"10:46:09",10332,172.2,2.9,0.1,"E:/alexfraser_tagged/af19_nov1/101RECNX","RCNX1684.JPG","Nothing",2,"Species|Nothing"
"af19","Nothing",2025-09-17 11:51:35,2025-09-17,"11:51:35",3911,65.2,1.1,0,"E:/alexfraser_tagged/af19_nov1/101RECNX","RCNX1686.JPG","Nothing",2,"Species|Nothing"
"af19","Nothing",2025-09-17 12:31:02,2025-09-17,"12:31:02",2361,39.4,0.7,0,"E:/alexfraser_tagged/af19_nov1/101RECNX","RCNX1688.JPG","Nothing",4,"Species|Nothing"
"af19","Nothing",2025-09-17 12:41:54,2025-09-17,"12:41:54",635,10.6,0.2,0,"E:/alexfraser_tagged/af19_nov1/101RECNX","RCNX1692.JPG","Nothing",2,"Species|Nothing"
"af19","Nothing",2025-09-17 13:15:17,2025-09-17,"13:15:17",1988,33.1,0.6,0,"E:/alexfraser_tagged/af19_nov1/101RECNX","RCNX1694.JPG","Nothing",2,"Species|Nothing"
"af19","Nothing",2025-09-17 14:30:27,2025-09-17,"14:30:27",4504,75.1,1.3,0.1,"E:/alexfraser_tagged/af19_nov1/101RECNX","RCNX1696.JPG","Nothing",2,"Species|Nothing"
"af19","Nothing",2025-09-17 14:52:30,2025-09-17,"14:52:30",1320,22,0.4,0,"E:/alexfraser_tagged/af19_nov1/101RECNX","RCNX1698.JPG","Nothing",2,"Species|Nothing"
"af19","Nothing",2025-09-17 15:49:54,2025-09-17,"15:49:54",3442,57.4,1,0,"E:/alexfraser_tagged/af19_nov1/101RECNX","RCNX1700.JPG","Nothing",2,"Species|Nothing"
"af19","Nothing",2025-09-17 16:16:42,2025-09-17,"16:16:42",1597,26.6,0.4,0,"E:/alexfraser_tagged/af19_nov1/101RECNX","RCNX1702.JPG","Nothing",2,"Species|Nothing"
"af19","Nothing",2025-09-17 16:23:07,2025-09-17,"16:23:07",380,6.3,0.1,0,"E:/alexfraser_tagged/af19_nov1/101RECNX","RCNX1704.JPG","Nothing",1,"Species|Nothing"
"af19","Nothing",2025-09-17 18:42:13,2025-09-18,"18:42:13",8346,139.1,2.3,0.1,"E:/alexfraser_tagged/af19_nov1/101RECNX","RCNX1705.JPG","Nothing",2,"Species|Nothing"
"af19","Nothing",2025-09-17 21:54:17,2025-09-18,"21:54:17",11518,192,3.2,0.1,"E:/alexfraser_tagged/af19_nov1/101RECNX","RCNX1707.JPG","Nothing",2,"Species|Nothing"
"af19","Nothing",2025-09-17 22:27:39,2025-09-18,"22:27:39",1997,33.3,0.6,0,"E:/alexfraser_tagged/af19_nov1/101RECNX","RCNX1709.JPG","Nothing",2,"Species|Nothing"
"af19","Nothing",2025-09-18 01:39:47,2025-09-18,"01:39:47",11511,191.8,3.2,0.1,"E:/alexfraser_tagged/af19_nov1/101RECNX","RCNX1711.JPG","Nothing",2,"Species|Nothing"
"af19","Nothing",2025-09-18 03:18:51,2025-09-18,"03:18:51",5942,99,1.6,0.1,"E:/alexfraser_tagged/af19_nov1/101RECNX","RCNX1713.JPG","Nothing",2,"Species|Nothing"
"af19","Nothing",2025-09-18 04:28:28,2025-09-18,"04:28:28",4171,69.5,1.2,0,"E:/alexfraser_tagged/af19_nov1/101RECNX","RCNX1715.JPG","Nothing",1,"Species|Nothing"
"af19","Nothing",2025-09-18 05:23:04,2025-09-18,"05:23:04",3276,54.6,0.9,0,"E:/alexfraser_tagged/af19_nov1/101RECNX","RCNX1717.JPG","Nothing",2,"Species|Nothing"
"af19","Nothing",2025-09-18 06:29:31,2025-09-18,"06:29:31",3985,66.4,1.1,0,"E:/alexfraser_tagged/af19_nov1/101RECNX","RCNX1719.JPG","Nothing",2,"Species|Nothing"
"af19","Nothing",2025-09-18 08:50:46,2025-09-18,"08:50:46",8464,141.1,2.4,0.1,"E:/alexfraser_tagged/af19_nov1/101RECNX","RCNX1721.JPG","Nothing",2,"Species|Nothing"
"af19","Nothing",2025-09-18 12:47:04,2025-09-18,"12:47:04",14177,236.3,3.9,0.2,"E:/alexfraser_tagged/af19_nov1/101RECNX","RCNX1723.JPG","Nothing",2,"Species|Nothing"
"af19","Nothing",2025-09-18 13:00:00,2025-09-18,"13:00:00",774,12.9,0.2,0,"E:/alexfraser_tagged/af19_nov1/101RECNX","RCNX1725.JPG","Nothing",2,"Species|Nothing"
"af19","Nothing",2025-09-18 14:36:34,2025-09-18,"14:36:34",5793,96.6,1.6,0.1,"E:/alexfraser_tagged/af19_nov1/101RECNX","RCNX1727.JPG","Nothing",2,"Species|Nothing"
"af19","Nothing",2025-09-18 15:41:57,2025-09-18,"15:41:57",3917,65.3,1.1,0,"E:/alexfraser_tagged/af19_nov1/101RECNX","RCNX1729.JPG","Nothing",2,"Species|Nothing"
"af19","Nothing",2025-09-18 17:14:10,2025-09-19,"17:14:10",5527,92.1,1.5,0.1,"E:/alexfraser_tagged/af19_nov1/101RECNX","RCNX1731.JPG","Nothing",2,"Species|Nothing"
"af19","Nothing",2025-09-18 17:39:52,2025-09-19,"17:39:52",1516,25.3,0.4,0,"E:/alexfraser_tagged/af19_nov1/101RECNX","RCNX1733.JPG","Nothing",2,"Species|Nothing"
"af19","Nothing",2025-09-18 19:21:37,2025-09-19,"19:21:37",6104,101.7,1.7,0.1,"E:/alexfraser_tagged/af19_nov1/101RECNX","RCNX1735.JPG","Nothing",4,"Species|Nothing"
"af19","Nothing",2025-09-18 22:19:41,2025-09-19,"22:19:41",10458,174.3,2.9,0.1,"E:/alexfraser_tagged/af19_nov1/101RECNX","RCNX1739.JPG","Nothing",2,"Species|Nothing"
"af19","Nothing",2025-09-18 23:06:51,2025-09-19,"23:06:51",2820,47,0.8,0,"E:/alexfraser_tagged/af19_nov1/101RECNX","RCNX1741.JPG","Nothing",2,"Species|Nothing"
"af19","Nothing",2025-09-18 23:39:12,2025-09-19,"23:39:12",1939,32.3,0.5,0,"E:/alexfraser_tagged/af19_nov1/101RECNX","RCNX1743.JPG","Nothing",2,"Species|Nothing"
"af19","Nothing",2025-09-18 23:55:31,2025-09-19,"23:55:31",975,16.2,0.3,0,"E:/alexfraser_tagged/af19_nov1/101RECNX","RCNX1745.JPG","Nothing",2,"Species|Nothing"
"af19","Nothing",2025-09-19 08:12:58,2025-09-19,"08:12:58",29841,497.4,8.3,0.3,"E:/alexfraser_tagged/af19_nov1/101RECNX","RCNX1747.JPG","Nothing",2,"Species|Nothing"
"af19","Nothing",2025-09-19 09:21:09,2025-09-19,"09:21:09",4077,68,1.1,0,"E:/alexfraser_tagged/af19_nov1/101RECNX","RCNX1750.JPG","Nothing",2,"Species|Nothing"
"af19","Nothing",2025-09-19 09:47:11,2025-09-19,"09:47:11",1559,26,0.4,0,"E:/alexfraser_tagged/af19_nov1/101RECNX","RCNX1752.JPG","Nothing",2,"Species|Nothing"
"af19","Nothing",2025-09-19 12:20:49,2025-09-19,"12:20:49",9215,153.6,2.6,0.1,"E:/alexfraser_tagged/af19_nov1/101RECNX","RCNX1754.JPG","Nothing",2,"Species|Nothing"
"af19","Nothing",2025-09-19 13:55:38,2025-09-19,"13:55:38",5680,94.7,1.6,0.1,"E:/alexfraser_tagged/af19_nov1/101RECNX","RCNX1756.JPG","Nothing",2,"Species|Nothing"
"af19","Nothing",2025-09-19 14:19:20,2025-09-19,"14:19:20",1419,23.6,0.4,0,"E:/alexfraser_tagged/af19_nov1/101RECNX","RCNX1758.JPG","Nothing",2,"Species|Nothing"
"af19","Nothing",2025-09-19 15:04:45,2025-09-19,"15:04:45",2716,45.3,0.8,0,"E:/alexfraser_tagged/af19_nov1/101RECNX","RCNX1760.JPG","Nothing",2,"Species|Nothing"
"af19","Nothing",2025-09-19 15:33:19,2025-09-19,"15:33:19",1704,28.4,0.5,0,"E:/alexfraser_tagged/af19_nov1/101RECNX","RCNX1762.JPG","Nothing",2,"Species|Nothing"
"af19","Nothing",2025-09-19 20:42:45,2025-09-20,"20:42:45",18563,309.4,5.2,0.2,"E:/alexfraser_tagged/af19_nov1/101RECNX","RCNX1764.JPG","Nothing",2,"Species|Nothing"
"af19","Nothing",2025-09-20 00:36:14,2025-09-20,"00:36:14",14008,233.5,3.9,0.2,"E:/alexfraser_tagged/af19_nov1/101RECNX","RCNX1770.JPG","Nothing",2,"Species|Nothing"
"af19","Nothing",2025-09-20 02:24:51,2025-09-20,"02:24:51",6505,108.4,1.8,0.1,"E:/alexfraser_tagged/af19_nov1/101RECNX","RCNX1772.JPG","Nothing",4,"Species|Nothing"
"af19","Nothing",2025-09-20 02:35:49,2025-09-20,"02:35:49",466,7.8,0.1,0,"E:/alexfraser_tagged/af19_nov1/101RECNX","RCNX1776.JPG","Nothing",1,"Species|Nothing"
"af19","Nothing",2025-09-20 07:42:32,2025-09-20,"07:42:32",18403,306.7,5.1,0.2,"E:/alexfraser_tagged/af19_nov1/101RECNX","RCNX1778.JPG","Nothing",2,"Species|Nothing"
"af19","Nothing",2025-09-20 09:27:34,2025-09-20,"09:27:34",6301,105,1.8,0.1,"E:/alexfraser_tagged/af19_nov1/101RECNX","RCNX1780.JPG","Nothing",2,"Species|Nothing"
"af19","Nothing",2025-09-20 11:44:47,2025-09-20,"11:44:47",8231,137.2,2.3,0.1,"E:/alexfraser_tagged/af19_nov1/101RECNX","RCNX1782.JPG","Nothing",2,"Species|Nothing"
"af19","Nothing",2025-09-20 12:28:34,2025-09-20,"12:28:34",2625,43.8,0.7,0,"E:/alexfraser_tagged/af19_nov1/101RECNX","RCNX1784.JPG","Nothing",2,"Species|Nothing"
"af19","Nothing",2025-09-20 17:19:44,2025-09-21,"17:19:44",17459,291,4.8,0.2,"E:/alexfraser_tagged/af19_nov1/101RECNX","RCNX1786.JPG","Nothing",2,"Species|Nothing"
"af19","Nothing",2025-09-20 19:25:58,2025-09-21,"19:25:58",7573,126.2,2.1,0.1,"E:/alexfraser_tagged/af19_nov1/101RECNX","RCNX1788.JPG","Nothing",2,"Species|Nothing"
"af19","Nothing",2025-09-20 20:10:17,2025-09-21,"20:10:17",2658,44.3,0.7,0,"E:/alexfraser_tagged/af19_nov1/101RECNX","RCNX1790.JPG","Nothing",2,"Species|Nothing"
"af19","Nothing",2025-09-20 22:57:38,2025-09-21,"22:57:38",10037,167.3,2.8,0.1,"E:/alexfraser_tagged/af19_nov1/101RECNX","RCNX1792.JPG","Nothing",2,"Species|Nothing"
"af19","Nothing",2025-09-20 23:22:34,2025-09-21,"23:22:34",1494,24.9,0.4,0,"E:/alexfraser_tagged/af19_nov1/101RECNX","RCNX1794.JPG","Nothing",3,"Species|Nothing"
"af19","Nothing",2025-09-21 00:09:20,2025-09-21,"00:09:20",2508,41.8,0.7,0,"E:/alexfraser_tagged/af19_nov1/101RECNX","RCNX1797.JPG","Nothing",4,"Species|Nothing"
"af19","Nothing",2025-09-21 00:15:47,2025-09-21,"00:15:47",369,6.2,0.1,0,"E:/alexfraser_tagged/af19_nov1/101RECNX","RCNX1801.JPG","Nothing",2,"Species|Nothing"
"af19","Nothing",2025-09-21 01:42:31,2025-09-21,"01:42:31",5201,86.7,1.4,0.1,"E:/alexfraser_tagged/af19_nov1/101RECNX","RCNX1803.JPG","Nothing",2,"Species|Nothing"
"af19","Nothing",2025-09-21 04:28:37,2025-09-21,"04:28:37",9962,166,2.8,0.1,"E:/alexfraser_tagged/af19_nov1/101RECNX","RCNX1805.JPG","Nothing",2,"Species|Nothing"
"af19","Nothing",2025-09-21 04:37:15,2025-09-21,"04:37:15",506,8.4,0.1,0,"E:/alexfraser_tagged/af19_nov1/101RECNX","RCNX1807.JPG","Nothing",2,"Species|Nothing"
"af19","Nothing",2025-09-21 07:28:25,2025-09-21,"07:28:25",10261,171,2.9,0.1,"E:/alexfraser_tagged/af19_nov1/101RECNX","RCNX1809.JPG","Nothing",2,"Species|Nothing"
"af19","Nothing",2025-09-21 07:45:20,2025-09-21,"07:45:20",1005,16.8,0.3,0,"E:/alexfraser_tagged/af19_nov1/101RECNX","RCNX1811.JPG","Nothing",1,"Species|Nothing"
"af19","Nothing",2025-09-21 15:24:11,2025-09-21,"15:24:11",27531,458.9,7.6,0.3,"E:/alexfraser_tagged/af19_nov1/101RECNX","RCNX1813.JPG","Nothing",2,"Species|Nothing"
"af19","Nothing",2025-09-21 16:51:38,2025-09-21,"16:51:38",5242,87.4,1.5,0.1,"E:/alexfraser_tagged/af19_nov1/101RECNX","RCNX1815.JPG","Nothing",5,"Species|Nothing"
"af19","Nothing",2025-09-22 01:03:19,2025-09-22,"01:03:19",29220,487,8.1,0.3,"E:/alexfraser_tagged/af19_nov1/101RECNX","RCNX1820.JPG","Nothing",2,"Species|Nothing"
"af19","Nothing",2025-09-22 03:20:15,2025-09-22,"03:20:15",8212,136.9,2.3,0.1,"E:/alexfraser_tagged/af19_nov1/101RECNX","RCNX1822.JPG","Nothing",2,"Species|Nothing"
"af19","Nothing",2025-09-22 03:57:01,2025-09-22,"03:57:01",2205,36.8,0.6,0,"E:/alexfraser_tagged/af19_nov1/101RECNX","RCNX1824.JPG","Nothing",2,"Species|Nothing"
"af19","Nothing",2025-09-22 06:24:11,2025-09-22,"06:24:11",8821,147,2.5,0.1,"E:/alexfraser_tagged/af19_nov1/101RECNX","RCNX1826.JPG","Nothing",2,"Species|Nothing"
"af19","Nothing",2025-09-22 12:45:48,2025-09-22,"12:45:48",22895,381.6,6.4,0.3,"E:/alexfraser_tagged/af19_nov1/101RECNX","RCNX1828.JPG","Nothing",2,"Species|Nothing"
"af19","Nothing",2025-09-22 13:58:46,2025-09-22,"13:58:46",4375,72.9,1.2,0,"E:/alexfraser_tagged/af19_nov1/101RECNX","RCNX1830.JPG","Nothing",2,"Species|Nothing"
"af19","Nothing",2025-09-22 15:20:48,2025-09-22,"15:20:48",4918,82,1.4,0.1,"E:/alexfraser_tagged/af19_nov1/101RECNX","RCNX1832.JPG","Nothing",2,"Species|Nothing"
"af19","Nothing",2025-09-22 16:31:36,2025-09-22,"16:31:36",4246,70.8,1.2,0,"E:/alexfraser_tagged/af19_nov1/101RECNX","RCNX1834.JPG","Nothing",2,"Species|Nothing"
"af19","Nothing",2025-09-23 00:05:14,2025-09-23,"00:05:14",27199,453.3,7.6,0.3,"E:/alexfraser_tagged/af19_nov1/101RECNX","RCNX1836.JPG","Nothing",2,"Species|Nothing"
"af19","Nothing",2025-09-23 03:40:43,2025-09-23,"03:40:43",12925,215.4,3.6,0.1,"E:/alexfraser_tagged/af19_nov1/101RECNX","RCNX1838.JPG","Nothing",2,"Species|Nothing"
"af19","Nothing",2025-09-23 07:33:40,2025-09-23,"07:33:40",13972,232.9,3.9,0.2,"E:/alexfraser_tagged/af19_nov1/101RECNX","RCNX1840.JPG","Nothing",2,"Species|Nothing"
"af19","Nothing",2025-09-23 09:48:53,2025-09-23,"09:48:53",8088,134.8,2.2,0.1,"E:/alexfraser_tagged/af19_nov1/101RECNX","RCNX1842.JPG","Nothing",2,"Species|Nothing"
"af19","Nothing",2025-09-23 09:54:19,2025-09-23,"09:54:19",318,5.3,0.1,0,"E:/alexfraser_tagged/af19_nov1/101RECNX","RCNX1844.JPG","Nothing",1,"Species|Nothing"
"af19","Nothing",2025-09-23 10:51:09,2025-09-23,"10:51:09",3410,56.8,0.9,0,"E:/alexfraser_tagged/af19_nov1/101RECNX","RCNX1845.JPG","Nothing",1,"Species|Nothing"
"af19","Nothing",2025-09-23 11:49:04,2025-09-23,"11:49:04",3475,57.9,1,0,"E:/alexfraser_tagged/af19_nov1/101RECNX","RCNX1846.JPG","Nothing",2,"Species|Nothing"
"af19","Nothing",2025-09-23 12:43:39,2025-09-23,"12:43:39",3254,54.2,0.9,0,"E:/alexfraser_tagged/af19_nov1/101RECNX","RCNX1848.JPG","Nothing",2,"Species|Nothing"
"af19","Nothing",2025-09-23 14:05:57,2025-09-23,"14:05:57",4927,82.1,1.4,0.1,"E:/alexfraser_tagged/af19_nov1/101RECNX","RCNX1850.JPG","Nothing",2,"Species|Nothing"
"af19","Nothing",2025-09-23 14:48:30,2025-09-23,"14:48:30",2550,42.5,0.7,0,"E:/alexfraser_tagged/af19_nov1/101RECNX","RCNX1852.JPG","Nothing",2,"Species|Nothing"
"af19","Nothing",2025-09-23 16:52:47,2025-09-23,"16:52:47",7436,123.9,2.1,0.1,"E:/alexfraser_tagged/af19_nov1/101RECNX","RCNX1854.JPG","Nothing",2,"Species|Nothing"
"af19","Nothing",2025-09-23 18:36:56,2025-09-24,"18:36:56",6239,104,1.7,0.1,"E:/alexfraser_tagged/af19_nov1/101RECNX","RCNX1856.JPG","Nothing",2,"Species|Nothing"
"af19","Nothing",2025-09-23 23:20:14,2025-09-24,"23:20:14",16985,283.1,4.7,0.2,"E:/alexfraser_tagged/af19_nov1/101RECNX","RCNX1858.JPG","Nothing",2,"Species|Nothing"
"af19","Nothing",2025-09-23 23:58:34,2025-09-24,"23:58:34",2299,38.3,0.6,0,"E:/alexfraser_tagged/af19_nov1/101RECNX","RCNX1860.JPG","Nothing",1,"Species|Nothing"
"af19","Nothing",2025-09-24 00:54:09,2025-09-24,"00:54:09",3335,55.6,0.9,0,"E:/alexfraser_tagged/af19_nov1/101RECNX","RCNX1861.JPG","Nothing",2,"Species|Nothing"
"af19","Nothing",2025-09-24 03:11:20,2025-09-24,"03:11:20",8218,137,2.3,0.1,"E:/alexfraser_tagged/af19_nov1/101RECNX","RCNX1863.JPG","Nothing",2,"Species|Nothing"
"af19","Nothing",2025-09-24 09:29:34,2025-09-24,"09:29:34",22689,378.1,6.3,0.3,"E:/alexfraser_tagged/af19_nov1/101RECNX","RCNX1865.JPG","Nothing",2,"Species|Nothing"
"af19","Nothing",2025-09-24 10:24:38,2025-09-24,"10:24:38",3294,54.9,0.9,0,"E:/alexfraser_tagged/af19_nov1/101RECNX","RCNX1867.JPG","Nothing",1,"Species|Nothing"
"af19","Nothing",2025-09-24 14:35:21,2025-09-24,"14:35:21",15043,250.7,4.2,0.2,"E:/alexfraser_tagged/af19_nov1/101RECNX","RCNX1868.JPG","Nothing",2,"Species|Nothing"
"af19","Nothing",2025-09-24 17:28:41,2025-09-25,"17:28:41",10394,173.2,2.9,0.1,"E:/alexfraser_tagged/af19_nov1/101RECNX","RCNX1870.JPG","Nothing",2,"Species|Nothing"
"af19","Nothing",2025-09-24 22:59:38,2025-09-25,"22:59:38",19852,330.9,5.5,0.2,"E:/alexfraser_tagged/af19_nov1/101RECNX","RCNX1872.JPG","Nothing",2,"Species|Nothing"
"af19","Nothing",2025-09-24 23:06:15,2025-09-25,"23:06:15",394,6.6,0.1,0,"E:/alexfraser_tagged/af19_nov1/101RECNX","RCNX1874.JPG","Nothing",2,"Species|Nothing"
"af19","Nothing",2025-09-24 23:12:01,2025-09-25,"23:12:01",335,5.6,0.1,0,"E:/alexfraser_tagged/af19_nov1/101RECNX","RCNX1876.JPG","Nothing",2,"Species|Nothing"
"af19","Nothing",2025-09-25 01:18:47,2025-09-25,"01:18:47",7597,126.6,2.1,0.1,"E:/alexfraser_tagged/af19_nov1/101RECNX","RCNX1878.JPG","Nothing",2,"Species|Nothing"
"af19","Nothing",2025-09-25 01:58:57,2025-09-25,"01:58:57",2396,39.9,0.7,0,"E:/alexfraser_tagged/af19_nov1/101RECNX","RCNX1880.JPG","Nothing",2,"Species|Nothing"
"af19","Nothing",2025-09-25 03:37:14,2025-09-25,"03:37:14",5892,98.2,1.6,0.1,"E:/alexfraser_tagged/af19_nov1/101RECNX","RCNX1882.JPG","Nothing",2,"Species|Nothing"
"af19","Nothing",2025-09-25 06:13:21,2025-09-25,"06:13:21",9366,156.1,2.6,0.1,"E:/alexfraser_tagged/af19_nov1/101RECNX","RCNX1884.JPG","Nothing",2,"Species|Nothing"
"af19","Nothing",2025-09-25 08:07:50,2025-09-25,"08:07:50",6868,114.5,1.9,0.1,"E:/alexfraser_tagged/af19_nov1/101RECNX","RCNX1886.JPG","Nothing",2,"Species|Nothing"
"af19","Nothing",2025-09-25 08:42:22,2025-09-25,"08:42:22",2070,34.5,0.6,0,"E:/alexfraser_tagged/af19_nov1/101RECNX","RCNX1888.JPG","Nothing",2,"Species|Nothing"
"af19","Nothing",2025-09-25 08:48:01,2025-09-25,"08:48:01",327,5.4,0.1,0,"E:/alexfraser_tagged/af19_nov1/101RECNX","RCNX1890.JPG","Nothing",2,"Species|Nothing"
"af19","Nothing",2025-09-25 09:04:14,2025-09-25,"09:04:14",960,16,0.3,0,"E:/alexfraser_tagged/af19_nov1/101RECNX","RCNX1892.JPG","Nothing",2,"Species|Nothing"
"af19","Nothing",2025-09-25 10:48:09,2025-09-25,"10:48:09",6227,103.8,1.7,0.1,"E:/alexfraser_tagged/af19_nov1/101RECNX","RCNX1894.JPG","Nothing",2,"Species|Nothing"
"af19","Nothing",2025-09-25 13:11:30,2025-09-25,"13:11:30",8596,143.3,2.4,0.1,"E:/alexfraser_tagged/af19_nov1/101RECNX","RCNX1896.JPG","Nothing",4,"Species|Nothing"
"af19","Nothing",2025-09-25 15:48:36,2025-09-25,"15:48:36",9378,156.3,2.6,0.1,"E:/alexfraser_tagged/af19_nov1/101RECNX","RCNX1900.JPG","Nothing",1,"Species|Nothing"
"af19","Nothing",2025-09-25 17:40:54,2025-09-26,"17:40:54",6738,112.3,1.9,0.1,"E:/alexfraser_tagged/af19_nov1/101RECNX","RCNX1901.JPG","Nothing",2,"Species|Nothing"
"af19","Nothing",2025-09-25 21:55:46,2025-09-26,"21:55:46",15286,254.8,4.2,0.2,"E:/alexfraser_tagged/af19_nov1/101RECNX","RCNX1903.JPG","Nothing",2,"Species|Nothing"
"af19","Nothing",2025-09-25 22:06:16,2025-09-26,"22:06:16",629,10.5,0.2,0,"E:/alexfraser_tagged/af19_nov1/101RECNX","RCNX1905.JPG","Nothing",2,"Species|Nothing"
"af19","Nothing",2025-09-25 23:36:45,2025-09-26,"23:36:45",5411,90.2,1.5,0.1,"E:/alexfraser_tagged/af19_nov1/101RECNX","RCNX1907.JPG","Nothing",4,"Species|Nothing"
"af19","Nothing",2025-09-26 00:36:31,2025-09-26,"00:36:31",3522,58.7,1,0,"E:/alexfraser_tagged/af19_nov1/101RECNX","RCNX1911.JPG","Nothing",3,"Species|Nothing"
"af19","Nothing",2025-09-26 04:56:54,2025-09-26,"04:56:54",15565,259.4,4.3,0.2,"E:/alexfraser_tagged/af19_nov1/101RECNX","RCNX1914.JPG","Nothing",2,"Species|Nothing"
"af19","Nothing",2025-09-26 05:34:28,2025-09-26,"05:34:28",2221,37,0.6,0,"E:/alexfraser_tagged/af19_nov1/101RECNX","RCNX1916.JPG","Nothing",2,"Species|Nothing"
"af19","Nothing",2025-09-26 06:17:46,2025-09-26,"06:17:46",2590,43.2,0.7,0,"E:/alexfraser_tagged/af19_nov1/101RECNX","RCNX1918.JPG","Nothing",2,"Species|Nothing"
"af19","Nothing",2025-09-26 07:00:19,2025-09-26,"07:00:19",2552,42.5,0.7,0,"E:/alexfraser_tagged/af19_nov1/101RECNX","RCNX1920.JPG","Nothing",2,"Species|Nothing"
"af19","Nothing",2025-09-26 11:52:51,2025-09-26,"11:52:51",17546,292.4,4.9,0.2,"E:/alexfraser_tagged/af19_nov1/101RECNX","RCNX1922.JPG","Nothing",2,"Species|Nothing"
"af19","Nothing",2025-09-26 12:32:47,2025-09-26,"12:32:47",2394,39.9,0.7,0,"E:/alexfraser_tagged/af19_nov1/101RECNX","RCNX1924.JPG","Nothing",1,"Species|Nothing"
"af19","Nothing",2025-09-26 13:08:51,2025-09-26,"13:08:51",2164,36.1,0.6,0,"E:/alexfraser_tagged/af19_nov1/101RECNX","RCNX1925.JPG","Nothing",2,"Species|Nothing"
"af19","Nothing",2025-09-26 14:03:53,2025-09-26,"14:03:53",3293,54.9,0.9,0,"E:/alexfraser_tagged/af19_nov1/101RECNX","RCNX1927.JPG","Nothing",2,"Species|Nothing"
"af19","Nothing",2025-09-26 15:46:34,2025-09-26,"15:46:34",6155,102.6,1.7,0.1,"E:/alexfraser_tagged/af19_nov1/101RECNX","RCNX1929.JPG","Nothing",4,"Species|Nothing"
"af19","Nothing",2025-09-26 20:45:57,2025-09-27,"20:45:57",17859,297.6,5,0.2,"E:/alexfraser_tagged/af19_nov1/101RECNX","RCNX1933.JPG","Nothing",2,"Species|Nothing"
"af19","Nothing",2025-09-27 00:08:53,2025-09-27,"00:08:53",12167,202.8,3.4,0.1,"E:/alexfraser_tagged/af19_nov1/101RECNX","RCNX1935.JPG","Nothing",2,"Species|Nothing"
"af19","Nothing",2025-09-27 00:38:34,2025-09-27,"00:38:34",1776,29.6,0.5,0,"E:/alexfraser_tagged/af19_nov1/101RECNX","RCNX1937.JPG","Nothing",2,"Species|Nothing"
"af19","Nothing",2025-09-27 00:44:51,2025-09-27,"00:44:51",373,6.2,0.1,0,"E:/alexfraser_tagged/af19_nov1/101RECNX","RCNX1939.JPG","Nothing",2,"Species|Nothing"
"af19","Nothing",2025-09-27 06:00:33,2025-09-27,"06:00:33",18940,315.7,5.3,0.2,"E:/alexfraser_tagged/af19_nov1/101RECNX","RCNX1941.JPG","Nothing",1,"Species|Nothing"
"af19","Nothing",2025-09-27 09:34:40,2025-09-27,"09:34:40",12847,214.1,3.6,0.1,"E:/alexfraser_tagged/af19_nov1/101RECNX","RCNX1942.JPG","Nothing",1,"Species|Nothing"
"af19","Nothing",2025-09-27 12:57:28,2025-09-27,"12:57:28",12168,202.8,3.4,0.1,"E:/alexfraser_tagged/af19_nov1/101RECNX","RCNX1943.JPG","Nothing",2,"Species|Nothing"
"af19","Nothing",2025-09-27 15:50:51,2025-09-27,"15:50:51",10402,173.4,2.9,0.1,"E:/alexfraser_tagged/af19_nov1/101RECNX","RCNX1945.JPG","Nothing",2,"Species|Nothing"
"af19","Nothing",2025-09-27 16:08:48,2025-09-27,"16:08:48",1076,17.9,0.3,0,"E:/alexfraser_tagged/af19_nov1/101RECNX","RCNX1947.JPG","Nothing",2,"Species|Nothing"
"af19","Nothing",2025-09-27 16:14:42,2025-09-27,"16:14:42",349,5.8,0.1,0,"E:/alexfraser_tagged/af19_nov1/101RECNX","RCNX1949.JPG","Nothing",2,"Species|Nothing"
"af19","Nothing",2025-09-27 16:33:57,2025-09-27,"16:33:57",1152,19.2,0.3,0,"E:/alexfraser_tagged/af19_nov1/101RECNX","RCNX1951.JPG","Nothing",2,"Species|Nothing"
"af19","Nothing",2025-09-27 17:27:12,2025-09-28,"17:27:12",3192,53.2,0.9,0,"E:/alexfraser_tagged/af19_nov1/101RECNX","RCNX1953.JPG","Nothing",1,"Species|Nothing"
"af19","Nothing",2025-09-27 19:14:19,2025-09-28,"19:14:19",6427,107.1,1.8,0.1,"E:/alexfraser_tagged/af19_nov1/101RECNX","RCNX1954.JPG","Nothing",2,"Species|Nothing"
"af19","Nothing",2025-09-27 21:08:50,2025-09-28,"21:08:50",6864,114.4,1.9,0.1,"E:/alexfraser_tagged/af19_nov1/101RECNX","RCNX1956.JPG","Nothing",4,"Species|Nothing"
"af19","Nothing",2025-09-27 22:49:50,2025-09-28,"22:49:50",5760,96,1.6,0.1,"E:/alexfraser_tagged/af19_nov1/101RECNX","RCNX1960.JPG","Nothing",2,"Species|Nothing"
"af19","Nothing",2025-09-28 04:25:25,2025-09-28,"04:25:25",20118,335.3,5.6,0.2,"E:/alexfraser_tagged/af19_nov1/101RECNX","RCNX1962.JPG","Nothing",2,"Species|Nothing"
"af19","Nothing",2025-09-28 05:52:57,2025-09-28,"05:52:57",5209,86.8,1.4,0.1,"E:/alexfraser_tagged/af19_nov1/101RECNX","RCNX1964.JPG","Nothing",2,"Species|Nothing"
"af19","Nothing",2025-09-28 11:37:28,2025-09-28,"11:37:28",20665,344.4,5.7,0.2,"E:/alexfraser_tagged/af19_nov1/101RECNX","RCNX1966.JPG","Nothing",2,"Species|Nothing"
"af19","Nothing",2025-09-28 13:01:07,2025-09-28,"13:01:07",5015,83.6,1.4,0.1,"E:/alexfraser_tagged/af19_nov1/101RECNX","RCNX1968.JPG","Nothing",2,"Species|Nothing"
"af19","Nothing",2025-09-28 13:14:22,2025-09-28,"13:14:22",791,13.2,0.2,0,"E:/alexfraser_tagged/af19_nov1/101RECNX","RCNX1970.JPG","Nothing",2,"Species|Nothing"
"af19","Nothing",2025-09-28 15:52:11,2025-09-28,"15:52:11",9466,157.8,2.6,0.1,"E:/alexfraser_tagged/af19_nov1/101RECNX","RCNX1972.JPG","Nothing",4,"Species|Nothing"
"af19","Nothing",2025-09-28 16:47:15,2025-09-28,"16:47:15",3163,52.7,0.9,0,"E:/alexfraser_tagged/af19_nov1/101RECNX","RCNX1976.JPG","Nothing",1,"Species|Nothing"
"af19","Nothing",2025-09-28 17:04:38,2025-09-29,"17:04:38",1043,17.4,0.3,0,"E:/alexfraser_tagged/af19_nov1/101RECNX","RCNX1977.JPG","Nothing",2,"Species|Nothing"
"af19","Nothing",2025-09-28 19:05:12,2025-09-29,"19:05:12",7232,120.5,2,0.1,"E:/alexfraser_tagged/af19_nov1/101RECNX","RCNX1979.JPG","Nothing",2,"Species|Nothing"
"af19","Nothing",2025-09-29 02:43:36,2025-09-29,"02:43:36",27498,458.3,7.6,0.3,"E:/alexfraser_tagged/af19_nov1/101RECNX","RCNX1981.JPG","Nothing",2,"Species|Nothing"
"af19","Nothing",2025-09-29 06:30:27,2025-09-29,"06:30:27",13589,226.5,3.8,0.2,"E:/alexfraser_tagged/af19_nov1/101RECNX","RCNX1983.JPG","Nothing",2,"Species|Nothing"
"af19","Nothing",2025-09-29 08:53:59,2025-09-29,"08:53:59",8602,143.4,2.4,0.1,"E:/alexfraser_tagged/af19_nov1/101RECNX","RCNX1985.JPG","Nothing",2,"Species|Nothing"
"af19","Nothing",2025-09-29 09:04:06,2025-09-29,"09:04:06",603,10.1,0.2,0,"E:/alexfraser_tagged/af19_nov1/101RECNX","RCNX1987.JPG","Nothing",2,"Species|Nothing"
"af19","Nothing",2025-09-29 10:52:25,2025-09-29,"10:52:25",6491,108.2,1.8,0.1,"E:/alexfraser_tagged/af19_nov1/101RECNX","RCNX1989.JPG","Nothing",2,"Species|Nothing"
"af19","Nothing",2025-09-29 11:55:10,2025-09-29,"11:55:10",3753,62.5,1,0,"E:/alexfraser_tagged/af19_nov1/101RECNX","RCNX1991.JPG","Nothing",4,"Species|Nothing"
"af19","Nothing",2025-09-29 14:30:29,2025-09-29,"14:30:29",9141,152.3,2.5,0.1,"E:/alexfraser_tagged/af19_nov1/101RECNX","RCNX1995.JPG","Nothing",1,"Species|Nothing"
"af19","Nothing",2025-09-29 17:10:46,2025-09-30,"17:10:46",9617,160.3,2.7,0.1,"E:/alexfraser_tagged/af19_nov1/101RECNX","RCNX1996.JPG","Nothing",2,"Species|Nothing"
"af19","Nothing",2025-09-29 18:27:21,2025-09-30,"18:27:21",4591,76.5,1.3,0.1,"E:/alexfraser_tagged/af19_nov1/101RECNX","RCNX1998.JPG","Nothing",2,"Species|Nothing"
"af19","Nothing",2025-09-29 19:58:11,2025-09-30,"19:58:11",5449,90.8,1.5,0.1,"E:/alexfraser_tagged/af19_nov1/101RECNX","RCNX2000.JPG","Nothing",2,"Species|Nothing"
"af19","Nothing",2025-09-29 20:45:18,2025-09-30,"20:45:18",2824,47.1,0.8,0,"E:/alexfraser_tagged/af19_nov1/101RECNX","RCNX2002.JPG","Nothing",2,"Species|Nothing"
"af19","Nothing",2025-09-29 21:28:52,2025-09-30,"21:28:52",2607,43.5,0.7,0,"E:/alexfraser_tagged/af19_nov1/101RECNX","RCNX2004.JPG","Nothing",2,"Species|Nothing"
"af19","Nothing",2025-09-29 22:00:59,2025-09-30,"22:00:59",1922,32,0.5,0,"E:/alexfraser_tagged/af19_nov1/101RECNX","RCNX2006.JPG","Nothing",2,"Species|Nothing"
"af19","Nothing",2025-09-29 23:15:25,2025-09-30,"23:15:25",4463,74.4,1.2,0,"E:/alexfraser_tagged/af19_nov1/101RECNX","RCNX2008.JPG","Nothing",2,"Species|Nothing"
"af19","Nothing",2025-09-30 00:10:37,2025-09-30,"00:10:37",3301,55,0.9,0,"E:/alexfraser_tagged/af19_nov1/101RECNX","RCNX2010.JPG","Nothing",2,"Species|Nothing"
"af19","Nothing",2025-09-30 02:02:52,2025-09-30,"02:02:52",6725,112.1,1.9,0.1,"E:/alexfraser_tagged/af19_nov1/101RECNX","RCNX2012.JPG","Nothing",2,"Species|Nothing"
"af19","Nothing",2025-09-30 03:55:53,2025-09-30,"03:55:53",6775,112.9,1.9,0.1,"E:/alexfraser_tagged/af19_nov1/101RECNX","RCNX2014.JPG","Nothing",1,"Species|Nothing"
"af19","Nothing",2025-09-30 04:33:35,2025-09-30,"04:33:35",2262,37.7,0.6,0,"E:/alexfraser_tagged/af19_nov1/101RECNX","RCNX2016.JPG","Nothing",2,"Species|Nothing"
"af19","Nothing",2025-09-30 04:40:40,2025-09-30,"04:40:40",410,6.8,0.1,0,"E:/alexfraser_tagged/af19_nov1/101RECNX","RCNX2018.JPG","Nothing",2,"Species|Nothing"
"af19","Nothing",2025-09-30 04:52:36,2025-09-30,"04:52:36",714,11.9,0.2,0,"E:/alexfraser_tagged/af19_nov1/101RECNX","RCNX2020.JPG","Nothing",2,"Species|Nothing"
"af19","Nothing",2025-09-30 05:39:52,2025-09-30,"05:39:52",2801,46.7,0.8,0,"E:/alexfraser_tagged/af19_nov1/101RECNX","RCNX2022.JPG","Nothing",2,"Species|Nothing"
"af19","Nothing",2025-09-30 06:37:43,2025-09-30,"06:37:43",3470,57.8,1,0,"E:/alexfraser_tagged/af19_nov1/101RECNX","RCNX2024.JPG","Nothing",2,"Species|Nothing"
"af19","Nothing",2025-09-30 07:16:40,2025-09-30,"07:16:40",2331,38.9,0.6,0,"E:/alexfraser_tagged/af19_nov1/101RECNX","RCNX2026.JPG","Nothing",2,"Species|Nothing"
"af19","Nothing",2025-09-30 08:08:14,2025-09-30,"08:08:14",3093,51.5,0.9,0,"E:/alexfraser_tagged/af19_nov1/101RECNX","RCNX2028.JPG","Nothing",2,"Species|Nothing"
"af19","Nothing",2025-09-30 09:17:47,2025-09-30,"09:17:47",4158,69.3,1.2,0,"E:/alexfraser_tagged/af19_nov1/101RECNX","RCNX2030.JPG","Nothing",2,"Species|Nothing"
"af19","Nothing",2025-09-30 12:44:25,2025-09-30,"12:44:25",12393,206.6,3.4,0.1,"E:/alexfraser_tagged/af19_nov1/101RECNX","RCNX2032.JPG","Nothing",2,"Species|Nothing"
"af19","Nothing",2025-09-30 12:55:42,2025-09-30,"12:55:42",640,10.7,0.2,0,"E:/alexfraser_tagged/af19_nov1/101RECNX","RCNX2034.JPG","Nothing",2,"Species|Nothing"
"af19","Nothing",2025-09-30 13:41:57,2025-09-30,"13:41:57",2751,45.9,0.8,0,"E:/alexfraser_tagged/af19_nov1/101RECNX","RCNX2036.JPG","Nothing",2,"Species|Nothing"
"af19","Nothing",2025-09-30 14:15:11,2025-09-30,"14:15:11",1989,33.1,0.6,0,"E:/alexfraser_tagged/af19_nov1/101RECNX","RCNX2038.JPG","Nothing",2,"Species|Nothing"
"af19","Nothing",2025-09-30 14:45:19,2025-09-30,"14:45:19",1795,29.9,0.5,0,"E:/alexfraser_tagged/af19_nov1/101RECNX","RCNX2040.JPG","Nothing",2,"Species|Nothing"
"af19","Nothing",2025-09-30 15:04:57,2025-09-30,"15:04:57",1177,19.6,0.3,0,"E:/alexfraser_tagged/af19_nov1/101RECNX","RCNX2042.JPG","Nothing",2,"Species|Nothing"
"af19","Nothing",2025-09-30 15:50:54,2025-09-30,"15:50:54",2745,45.8,0.8,0,"E:/alexfraser_tagged/af19_nov1/101RECNX","RCNX2044.JPG","Nothing",2,"Species|Nothing"
"af19","Nothing",2025-09-30 17:49:02,2025-10-01,"17:49:02",7071,117.8,2,0.1,"E:/alexfraser_tagged/af19_nov1/101RECNX","RCNX2046.JPG","Nothing",2,"Species|Nothing"
"af19","Nothing",2025-09-30 18:44:42,2025-10-01,"18:44:42",3336,55.6,0.9,0,"E:/alexfraser_tagged/af19_nov1/101RECNX","RCNX2048.JPG","Nothing",2,"Species|Nothing"
"af19","Nothing",2025-09-30 19:07:59,2025-10-01,"19:07:59",1396,23.3,0.4,0,"E:/alexfraser_tagged/af19_nov1/101RECNX","RCNX2050.JPG","Nothing",2,"Species|Nothing"
"af19","Nothing",2025-09-30 19:42:22,2025-10-01,"19:42:22",2055,34.2,0.6,0,"E:/alexfraser_tagged/af19_nov1/101RECNX","RCNX2052.JPG","Nothing",2,"Species|Nothing"
"af19","Nothing",2025-09-30 20:01:04,2025-10-01,"20:01:04",1120,18.7,0.3,0,"E:/alexfraser_tagged/af19_nov1/101RECNX","RCNX2054.JPG","Nothing",2,"Species|Nothing"
"af19","Nothing",2025-09-30 21:33:39,2025-10-01,"21:33:39",5549,92.5,1.5,0.1,"E:/alexfraser_tagged/af19_nov1/101RECNX","RCNX2056.JPG","Nothing",2,"Species|Nothing"
"af19","Nothing",2025-09-30 21:55:51,2025-10-01,"21:55:51",1329,22.1,0.4,0,"E:/alexfraser_tagged/af19_nov1/101RECNX","RCNX2058.JPG","Nothing",2,"Species|Nothing"
"af19","Nothing",2025-09-30 23:50:03,2025-10-01,"23:50:03",6844,114.1,1.9,0.1,"E:/alexfraser_tagged/af19_nov1/101RECNX","RCNX2060.JPG","Nothing",2,"Species|Nothing"
"af19","Nothing",2025-10-01 04:25:53,2025-10-01,"04:25:53",16542,275.7,4.6,0.2,"E:/alexfraser_tagged/af19_nov1/101RECNX","RCNX2062.JPG","Nothing",2,"Species|Nothing"
"af19","Nothing",2025-10-01 05:28:54,2025-10-01,"05:28:54",3717,62,1,0,"E:/alexfraser_tagged/af19_nov1/101RECNX","RCNX2064.JPG","Nothing",2,"Species|Nothing"
"af19","Nothing",2025-10-01 05:56:36,2025-10-01,"05:56:36",1655,27.6,0.5,0,"E:/alexfraser_tagged/af19_nov1/101RECNX","RCNX2066.JPG","Nothing",4,"Species|Nothing"
"af19","Nothing",2025-10-01 06:25:23,2025-10-01,"06:25:23",1420,23.7,0.4,0,"E:/alexfraser_tagged/af19_nov1/101RECNX","RCNX2070.JPG","Nothing",2,"Species|Nothing"
"af19","Nothing",2025-10-01 10:15:13,2025-10-01,"10:15:13",13784,229.7,3.8,0.2,"E:/alexfraser_tagged/af19_nov1/101RECNX","RCNX2072.JPG","Nothing",2,"Species|Nothing"
"af19","Nothing",2025-10-01 11:22:28,2025-10-01,"11:22:28",4027,67.1,1.1,0,"E:/alexfraser_tagged/af19_nov1/101RECNX","RCNX2074.JPG","Nothing",2,"Species|Nothing"
"af19","Nothing",2025-10-01 15:18:34,2025-10-01,"15:18:34",14146,235.8,3.9,0.2,"E:/alexfraser_tagged/af19_nov1/101RECNX","RCNX2076.JPG","Nothing",2,"Species|Nothing"
"af19","Nothing",2025-10-01 15:31:13,2025-10-01,"15:31:13",741,12.3,0.2,0,"E:/alexfraser_tagged/af19_nov1/101RECNX","RCNX2078.JPG","Nothing",2,"Species|Nothing"
"af19","Nothing",2025-10-01 16:17:37,2025-10-01,"16:17:37",2774,46.2,0.8,0,"E:/alexfraser_tagged/af19_nov1/101RECNX","RCNX2080.JPG","Nothing",2,"Species|Nothing"
"af19","Nothing",2025-10-01 16:39:40,2025-10-01,"16:39:40",1317,22,0.4,0,"E:/alexfraser_tagged/af19_nov1/101RECNX","RCNX2082.JPG","Nothing",2,"Species|Nothing"
"af19","Nothing",2025-10-01 17:12:53,2025-10-02,"17:12:53",1980,33,0.6,0,"E:/alexfraser_tagged/af19_nov1/101RECNX","RCNX2084.JPG","Nothing",2,"Species|Nothing"
"af19","Nothing",2025-10-01 19:03:51,2025-10-02,"19:03:51",6653,110.9,1.8,0.1,"E:/alexfraser_tagged/af19_nov1/101RECNX","RCNX2086.JPG","Nothing",4,"Species|Nothing"
"af19","Nothing",2025-10-01 19:43:53,2025-10-02,"19:43:53",2284,38.1,0.6,0,"E:/alexfraser_tagged/af19_nov1/101RECNX","RCNX2090.JPG","Nothing",2,"Species|Nothing"
"af19","Nothing",2025-10-02 04:12:46,2025-10-02,"04:12:46",30497,508.3,8.5,0.4,"E:/alexfraser_tagged/af19_nov1/101RECNX","RCNX2092.JPG","Nothing",1,"Species|Nothing"
"af19","Nothing",2025-10-02 05:04:21,2025-10-02,"05:04:21",3095,51.6,0.9,0,"E:/alexfraser_tagged/af19_nov1/101RECNX","RCNX2093.JPG","Nothing",1,"Species|Nothing"
"af19","Nothing",2025-10-02 05:28:30,2025-10-02,"05:28:30",1449,24.1,0.4,0,"E:/alexfraser_tagged/af19_nov1/101RECNX","RCNX2094.JPG","Nothing",2,"Species|Nothing"
"af19","Nothing",2025-10-02 08:10:08,2025-10-02,"08:10:08",9697,161.6,2.7,0.1,"E:/alexfraser_tagged/af19_nov1/101RECNX","RCNX2096.JPG","Nothing",2,"Species|Nothing"
"af19","Nothing",2025-10-02 09:28:40,2025-10-02,"09:28:40",4710,78.5,1.3,0.1,"E:/alexfraser_tagged/af19_nov1/101RECNX","RCNX2098.JPG","Nothing",1,"Species|Nothing"
"af19","Nothing",2025-10-02 12:29:34,2025-10-02,"12:29:34",10854,180.9,3,0.1,"E:/alexfraser_tagged/af19_nov1/101RECNX","RCNX2099.JPG","Nothing",2,"Species|Nothing"
"af19","Nothing",2025-10-02 12:49:55,2025-10-02,"12:49:55",1203,20,0.3,0,"E:/alexfraser_tagged/af19_nov1/101RECNX","RCNX2101.JPG","Nothing",2,"Species|Nothing"
"af19","Nothing",2025-10-02 13:26:11,2025-10-02,"13:26:11",2174,36.2,0.6,0,"E:/alexfraser_tagged/af19_nov1/101RECNX","RCNX2103.JPG","Nothing",2,"Species|Nothing"
"af19","Nothing",2025-10-02 18:19:34,2025-10-03,"18:19:34",17598,293.3,4.9,0.2,"E:/alexfraser_tagged/af19_nov1/101RECNX","RCNX2105.JPG","Nothing",2,"Species|Nothing"
"af19","Nothing",2025-10-02 20:50:21,2025-10-03,"20:50:21",9039,150.7,2.5,0.1,"E:/alexfraser_tagged/af19_nov1/101RECNX","RCNX2107.JPG","Nothing",2,"Species|Nothing"
"af19","Nothing",2025-10-02 21:49:49,2025-10-03,"21:49:49",3564,59.4,1,0,"E:/alexfraser_tagged/af19_nov1/101RECNX","RCNX2109.JPG","Nothing",2,"Species|Nothing"
"af19","Nothing",2025-10-02 23:34:03,2025-10-03,"23:34:03",6253,104.2,1.7,0.1,"E:/alexfraser_tagged/af19_nov1/101RECNX","RCNX2111.JPG","Nothing",2,"Species|Nothing"
"af19","Nothing",2025-10-03 02:21:33,2025-10-03,"02:21:33",10049,167.5,2.8,0.1,"E:/alexfraser_tagged/af19_nov1/101RECNX","RCNX2113.JPG","Nothing",2,"Species|Nothing"
"af19","Nothing",2025-10-03 04:06:37,2025-10-03,"04:06:37",6303,105,1.8,0.1,"E:/alexfraser_tagged/af19_nov1/101RECNX","RCNX2115.JPG","Nothing",2,"Species|Nothing"
"af19","Nothing",2025-10-03 05:36:44,2025-10-03,"05:36:44",5397,90,1.5,0.1,"E:/alexfraser_tagged/af19_nov1/101RECNX","RCNX2117.JPG","Nothing",2,"Species|Nothing"
"af19","Nothing",2025-10-03 05:59:00,2025-10-03,"05:59:00",1321,22,0.4,0,"E:/alexfraser_tagged/af19_nov1/101RECNX","RCNX2119.JPG","Nothing",2,"Species|Nothing"
"af19","Nothing",2025-10-03 06:43:57,2025-10-03,"06:43:57",2693,44.9,0.7,0,"E:/alexfraser_tagged/af19_nov1/101RECNX","RCNX2121.JPG","Nothing",2,"Species|Nothing"
"af19","Nothing",2025-10-03 06:52:56,2025-10-03,"06:52:56",535,8.9,0.1,0,"E:/alexfraser_tagged/af19_nov1/101RECNX","RCNX2123.JPG","Nothing",2,"Species|Nothing"
"af19","Nothing",2025-10-03 09:42:13,2025-10-03,"09:42:13",10152,169.2,2.8,0.1,"E:/alexfraser_tagged/af19_nov1/101RECNX","RCNX2125.JPG","Nothing",2,"Species|Nothing"
"af19","Nothing",2025-10-03 11:13:36,2025-10-03,"11:13:36",5475,91.2,1.5,0.1,"E:/alexfraser_tagged/af19_nov1/101RECNX","RCNX2127.JPG","Nothing",2,"Species|Nothing"
"af19","Nothing",2025-10-03 12:09:58,2025-10-03,"12:09:58",3380,56.3,0.9,0,"E:/alexfraser_tagged/af19_nov1/101RECNX","RCNX2129.JPG","Nothing",2,"Species|Nothing"
"af19","Nothing",2025-10-03 14:03:20,2025-10-03,"14:03:20",6801,113.3,1.9,0.1,"E:/alexfraser_tagged/af19_nov1/101RECNX","RCNX2131.JPG","Nothing",2,"Species|Nothing"
"af19","Nothing",2025-10-03 14:29:07,2025-10-03,"14:29:07",1545,25.8,0.4,0,"E:/alexfraser_tagged/af19_nov1/101RECNX","RCNX2133.JPG","Nothing",5,"Species|Nothing"
"af19","Nothing",2025-10-03 15:06:43,2025-10-03,"15:06:43",1959,32.6,0.5,0,"E:/alexfraser_tagged/af19_nov1/101RECNX","RCNX2138.JPG","Nothing",2,"Species|Nothing"
"af19","Nothing",2025-10-03 15:20:25,2025-10-03,"15:20:25",814,13.6,0.2,0,"E:/alexfraser_tagged/af19_nov1/101RECNX","RCNX2140.JPG","Nothing",6,"Species|Nothing"
"af19","Nothing",2025-10-04 05:00:53,2025-10-04,"05:00:53",49165,819.4,13.7,0.6,"E:/alexfraser_tagged/af19_nov1/101RECNX","RCNX2146.JPG","Nothing",2,"Species|Nothing"
"af19","Nothing",2025-10-04 08:37:17,2025-10-04,"08:37:17",12977,216.3,3.6,0.1,"E:/alexfraser_tagged/af19_nov1/101RECNX","RCNX2148.JPG","Nothing",2,"Species|Nothing"
"af19","Nothing",2025-10-04 08:57:38,2025-10-04,"08:57:38",1218,20.3,0.3,0,"E:/alexfraser_tagged/af19_nov1/101RECNX","RCNX2150.JPG","Nothing",2,"Species|Nothing"
"af19","Nothing",2025-10-04 09:33:28,2025-10-04,"09:33:28",2139,35.6,0.6,0,"E:/alexfraser_tagged/af19_nov1/101RECNX","RCNX2152.JPG","Nothing",1,"Species|Nothing"
"af19","Nothing",2025-10-04 13:41:30,2025-10-04,"13:41:30",14882,248,4.1,0.2,"E:/alexfraser_tagged/af19_nov1/101RECNX","RCNX2153.JPG","Nothing",4,"Species|Nothing"
"af19","Nothing",2025-10-04 14:41:51,2025-10-04,"14:41:51",3440,57.3,1,0,"E:/alexfraser_tagged/af19_nov1/101RECNX","RCNX2157.JPG","Nothing",2,"Species|Nothing"
"af19","Nothing",2025-10-04 17:17:12,2025-10-05,"17:17:12",9318,155.3,2.6,0.1,"E:/alexfraser_tagged/af19_nov1/101RECNX","RCNX2159.JPG","Nothing",2,"Species|Nothing"
"af19","Nothing",2025-10-04 17:54:26,2025-10-05,"17:54:26",2225,37.1,0.6,0,"E:/alexfraser_tagged/af19_nov1/101RECNX","RCNX2161.JPG","Nothing",4,"Species|Nothing"
"af19","Nothing",2025-10-04 20:09:40,2025-10-05,"20:09:40",7945,132.4,2.2,0.1,"E:/alexfraser_tagged/af19_nov1/101RECNX","RCNX2165.JPG","Nothing",2,"Species|Nothing"
"af19","Nothing",2025-10-05 00:09:18,2025-10-05,"00:09:18",14374,239.6,4,0.2,"E:/alexfraser_tagged/af19_nov1/101RECNX","RCNX2167.JPG","Nothing",2,"Species|Nothing"
"af19","Nothing",2025-10-05 00:25:16,2025-10-05,"00:25:16",949,15.8,0.3,0,"E:/alexfraser_tagged/af19_nov1/101RECNX","RCNX2169.JPG","Nothing",2,"Species|Nothing"
"af19","Nothing",2025-10-05 02:26:14,2025-10-05,"02:26:14",7250,120.8,2,0.1,"E:/alexfraser_tagged/af19_nov1/101RECNX","RCNX2171.JPG","Nothing",2,"Species|Nothing"
"af19","Nothing",2025-10-05 03:35:53,2025-10-05,"03:35:53",4157,69.3,1.2,0,"E:/alexfraser_tagged/af19_nov1/101RECNX","RCNX2173.JPG","Nothing",2,"Species|Nothing"
"af19","Nothing",2025-10-05 04:28:43,2025-10-05,"04:28:43",3169,52.8,0.9,0,"E:/alexfraser_tagged/af19_nov1/101RECNX","RCNX2175.JPG","Nothing",4,"Species|Nothing"
"af19","Nothing",2025-10-05 05:30:40,2025-10-05,"05:30:40",3686,61.4,1,0,"E:/alexfraser_tagged/af19_nov1/101RECNX","RCNX2179.JPG","Nothing",1,"Species|Nothing"
"af19","Nothing",2025-10-05 07:44:05,2025-10-05,"07:44:05",8005,133.4,2.2,0.1,"E:/alexfraser_tagged/af19_nov1/101RECNX","RCNX2180.JPG","Nothing",4,"Species|Nothing"
"af19","Nothing",2025-10-05 08:16:07,2025-10-05,"08:16:07",1610,26.8,0.4,0,"E:/alexfraser_tagged/af19_nov1/101RECNX","RCNX2184.JPG","Nothing",1,"Species|Nothing"
"af19","Nothing",2025-10-05 08:23:46,2025-10-05,"08:23:46",459,7.7,0.1,0,"E:/alexfraser_tagged/af19_nov1/101RECNX","RCNX2185.JPG","Nothing",2,"Species|Nothing"
"af19","Nothing",2025-10-05 08:33:45,2025-10-05,"08:33:45",590,9.8,0.2,0,"E:/alexfraser_tagged/af19_nov1/101RECNX","RCNX2187.JPG","Nothing",2,"Species|Nothing"
"af19","Nothing",2025-10-05 10:43:02,2025-10-05,"10:43:02",7751,129.2,2.2,0.1,"E:/alexfraser_tagged/af19_nov1/101RECNX","RCNX2189.JPG","Nothing",2,"Species|Nothing"
"af19","Nothing",2025-10-05 14:13:40,2025-10-05,"14:13:40",12636,210.6,3.5,0.1,"E:/alexfraser_tagged/af19_nov1/101RECNX","RCNX2191.JPG","Nothing",2,"Species|Nothing"
"af19","Nothing",2025-10-05 15:23:05,2025-10-05,"15:23:05",4162,69.4,1.2,0,"E:/alexfraser_tagged/af19_nov1/101RECNX","RCNX2193.JPG","Nothing",2,"Species|Nothing"
"af19","Nothing",2025-10-05 16:40:56,2025-10-05,"16:40:56",4666,77.8,1.3,0.1,"E:/alexfraser_tagged/af19_nov1/101RECNX","RCNX2195.JPG","Nothing",2,"Species|Nothing"
"af19","Nothing",2025-10-05 17:06:34,2025-10-06,"17:06:34",1532,25.5,0.4,0,"E:/alexfraser_tagged/af19_nov1/101RECNX","RCNX2197.JPG","Nothing",2,"Species|Nothing"
"af19","Nothing",2025-10-05 17:43:12,2025-10-06,"17:43:12",2197,36.6,0.6,0,"E:/alexfraser_tagged/af19_nov1/101RECNX","RCNX2199.JPG","Nothing",2,"Species|Nothing"
"af19","Nothing",2025-10-05 20:59:19,2025-10-06,"20:59:19",11763,196.1,3.3,0.1,"E:/alexfraser_tagged/af19_nov1/101RECNX","RCNX2201.JPG","Nothing",2,"Species|Nothing"
"af19","Nothing",2025-10-06 01:02:41,2025-10-06,"01:02:41",14589,243.2,4.1,0.2,"E:/alexfraser_tagged/af19_nov1/101RECNX","RCNX2203.JPG","Nothing",2,"Species|Nothing"
"af19","Nothing",2025-10-06 03:55:59,2025-10-06,"03:55:59",10378,173,2.9,0.1,"E:/alexfraser_tagged/af19_nov1/101RECNX","RCNX2205.JPG","Nothing",2,"Species|Nothing"
"af19","Nothing",2025-10-06 06:35:11,2025-10-06,"06:35:11",9551,159.2,2.7,0.1,"E:/alexfraser_tagged/af19_nov1/101RECNX","RCNX2207.JPG","Nothing",2,"Species|Nothing"
"af19","Nothing",2025-10-06 07:14:10,2025-10-06,"07:14:10",2337,39,0.7,0,"E:/alexfraser_tagged/af19_nov1/101RECNX","RCNX2209.JPG","Nothing",2,"Species|Nothing"
"af19","Nothing",2025-10-06 08:15:08,2025-10-06,"08:15:08",3644,60.7,1,0,"E:/alexfraser_tagged/af19_nov1/101RECNX","RCNX2211.JPG","Nothing",2,"Species|Nothing"
"af19","Nothing",2025-10-06 10:28:58,2025-10-06,"10:28:58",8023,133.7,2.2,0.1,"E:/alexfraser_tagged/af19_nov1/101RECNX","RCNX2215.JPG","Nothing",2,"Species|Nothing"
"af19","Nothing",2025-10-06 10:53:07,2025-10-06,"10:53:07",1448,24.1,0.4,0,"E:/alexfraser_tagged/af19_nov1/101RECNX","RCNX2217.JPG","Nothing",2,"Species|Nothing"
"af19","Nothing",2025-10-06 12:52:29,2025-10-06,"12:52:29",7146,119.1,2,0.1,"E:/alexfraser_tagged/af19_nov1/101RECNX","RCNX2219.JPG","Nothing",2,"Species|Nothing"
"af19","Nothing",2025-10-06 13:44:03,2025-10-06,"13:44:03",3088,51.5,0.9,0,"E:/alexfraser_tagged/af19_nov1/101RECNX","RCNX2221.JPG","Nothing",1,"Species|Nothing"
"af19","Nothing",2025-10-06 15:15:19,2025-10-06,"15:15:19",5476,91.3,1.5,0.1,"E:/alexfraser_tagged/af19_nov1/101RECNX","RCNX2222.JPG","Nothing",1,"Species|Nothing"
"af19","Nothing",2025-10-06 16:08:46,2025-10-06,"16:08:46",3207,53.5,0.9,0,"E:/alexfraser_tagged/af19_nov1/101RECNX","RCNX2223.JPG","Nothing",2,"Species|Nothing"
"af19","Nothing",2025-10-06 17:03:46,2025-10-07,"17:03:46",3298,55,0.9,0,"E:/alexfraser_tagged/af19_nov1/101RECNX","RCNX2225.JPG","Nothing",2,"Species|Nothing"
"af19","Nothing",2025-10-06 18:12:40,2025-10-07,"18:12:40",4131,68.8,1.1,0,"E:/alexfraser_tagged/af19_nov1/101RECNX","RCNX2227.JPG","Nothing",2,"Species|Nothing"
"af19","Nothing",2025-10-06 19:41:17,2025-10-07,"19:41:17",5312,88.5,1.5,0.1,"E:/alexfraser_tagged/af19_nov1/101RECNX","RCNX2229.JPG","Nothing",2,"Species|Nothing"
"af19","Nothing",2025-10-06 23:49:40,2025-10-07,"23:49:40",14892,248.2,4.1,0.2,"E:/alexfraser_tagged/af19_nov1/101RECNX","RCNX2246.JPG","Nothing",2,"Species|Nothing"
"af19","Nothing",2025-10-07 00:27:59,2025-10-07,"00:27:59",2293,38.2,0.6,0,"E:/alexfraser_tagged/af19_nov1/101RECNX","RCNX2248.JPG","Nothing",2,"Species|Nothing"
"af19","Nothing",2025-10-07 03:26:46,2025-10-07,"03:26:46",10724,178.7,3,0.1,"E:/alexfraser_tagged/af19_nov1/101RECNX","RCNX2250.JPG","Nothing",2,"Species|Nothing"
"af19","Nothing",2025-10-07 08:29:43,2025-10-07,"08:29:43",18156,302.6,5,0.2,"E:/alexfraser_tagged/af19_nov1/101RECNX","RCNX2252.JPG","Nothing",1,"Species|Nothing"
"af19","Nothing",2025-10-07 11:43:45,2025-10-07,"11:43:45",11642,194,3.2,0.1,"E:/alexfraser_tagged/af19_nov1/101RECNX","RCNX2253.JPG","Nothing",2,"Species|Nothing"
"af19","Nothing",2025-10-07 12:50:38,2025-10-07,"12:50:38",4009,66.8,1.1,0,"E:/alexfraser_tagged/af19_nov1/101RECNX","RCNX2255.JPG","Nothing",2,"Species|Nothing"
"af19","Nothing",2025-10-07 15:07:44,2025-10-07,"15:07:44",8217,136.9,2.3,0.1,"E:/alexfraser_tagged/af19_nov1/101RECNX","RCNX2257.JPG","Nothing",2,"Species|Nothing"
"af19","Nothing",2025-10-07 21:49:03,2025-10-08,"21:49:03",24071,401.2,6.7,0.3,"E:/alexfraser_tagged/af19_nov1/101RECNX","RCNX2259.JPG","Nothing",2,"Species|Nothing"
"af19","Nothing",2025-10-07 23:33:45,2025-10-08,"23:33:45",6277,104.6,1.7,0.1,"E:/alexfraser_tagged/af19_nov1/101RECNX","RCNX2261.JPG","Nothing",2,"Species|Nothing"
"af19","Nothing",2025-10-07 23:52:33,2025-10-08,"23:52:33",1123,18.7,0.3,0,"E:/alexfraser_tagged/af19_nov1/101RECNX","RCNX2263.JPG","Nothing",2,"Species|Nothing"
"af19","Nothing",2025-10-08 01:02:11,2025-10-08,"01:02:11",4176,69.6,1.2,0,"E:/alexfraser_tagged/af19_nov1/101RECNX","RCNX2265.JPG","Nothing",2,"Species|Nothing"
"af19","Nothing",2025-10-08 02:07:18,2025-10-08,"02:07:18",3904,65.1,1.1,0,"E:/alexfraser_tagged/af19_nov1/101RECNX","RCNX2267.JPG","Nothing",2,"Species|Nothing"
"af19","Nothing",2025-10-08 05:42:36,2025-10-08,"05:42:36",12910,215.2,3.6,0.1,"E:/alexfraser_tagged/af19_nov1/101RECNX","RCNX2293.JPG","Nothing",2,"Species|Nothing"
"af19","Nothing",2025-10-08 06:29:56,2025-10-08,"06:29:56",2839,47.3,0.8,0,"E:/alexfraser_tagged/af19_nov1/101RECNX","RCNX2295.JPG","Nothing",2,"Species|Nothing"
"af19","Nothing",2025-10-08 07:15:25,2025-10-08,"07:15:25",2715,45.2,0.8,0,"E:/alexfraser_tagged/af19_nov1/101RECNX","RCNX2297.JPG","Nothing",2,"Species|Nothing"
"af19","Nothing",2025-10-08 07:39:13,2025-10-08,"07:39:13",1418,23.6,0.4,0,"E:/alexfraser_tagged/af19_nov1/101RECNX","RCNX2299.JPG","Nothing",2,"Species|Nothing"
"af19","Nothing",2025-10-08 16:40:09,2025-10-08,"16:40:09",32451,540.9,9,0.4,"E:/alexfraser_tagged/af19_nov1/101RECNX","RCNX2301.JPG","Nothing",2,"Species|Nothing"
"af19","Nothing",2025-10-08 17:58:28,2025-10-09,"17:58:28",4693,78.2,1.3,0.1,"E:/alexfraser_tagged/af19_nov1/101RECNX","RCNX2303.JPG","Nothing",1,"Species|Nothing"
"af19","Nothing",2025-10-08 19:04:36,2025-10-09,"19:04:36",3968,66.1,1.1,0,"E:/alexfraser_tagged/af19_nov1/101RECNX","RCNX2304.JPG","Nothing",2,"Species|Nothing"
"af19","Nothing",2025-10-08 19:19:17,2025-10-09,"19:19:17",870,14.5,0.2,0,"E:/alexfraser_tagged/af19_nov1/101RECNX","RCNX2306.JPG","Nothing",2,"Species|Nothing"
"af19","Nothing",2025-10-08 19:50:12,2025-10-09,"19:50:12",1851,30.9,0.5,0,"E:/alexfraser_tagged/af19_nov1/101RECNX","RCNX2308.JPG","Nothing",2,"Species|Nothing"
"af19","Nothing",2025-10-08 21:08:33,2025-10-09,"21:08:33",4691,78.2,1.3,0.1,"E:/alexfraser_tagged/af19_nov1/101RECNX","RCNX2310.JPG","Nothing",2,"Species|Nothing"
"af19","Nothing",2025-10-08 23:37:04,2025-10-09,"23:37:04",8905,148.4,2.5,0.1,"E:/alexfraser_tagged/af19_nov1/101RECNX","RCNX2312.JPG","Nothing",2,"Species|Nothing"
"af19","Nothing",2025-10-09 00:05:24,2025-10-09,"00:05:24",1683,28,0.5,0,"E:/alexfraser_tagged/af19_nov1/101RECNX","RCNX2314.JPG","Nothing",2,"Species|Nothing"
"af19","Nothing",2025-10-09 00:12:52,2025-10-09,"00:12:52",446,7.4,0.1,0,"E:/alexfraser_tagged/af19_nov1/101RECNX","RCNX2316.JPG","Nothing",2,"Species|Nothing"
"af19","Nothing",2025-10-09 05:30:04,2025-10-09,"05:30:04",19028,317.1,5.3,0.2,"E:/alexfraser_tagged/af19_nov1/101RECNX","RCNX2318.JPG","Nothing",2,"Species|Nothing"
"af19","Nothing",2025-10-09 06:03:11,2025-10-09,"06:03:11",1979,33,0.6,0,"E:/alexfraser_tagged/af19_nov1/101RECNX","RCNX2320.JPG","Nothing",2,"Species|Nothing"
"af19","Nothing",2025-10-09 06:37:23,2025-10-09,"06:37:23",2049,34.1,0.6,0,"E:/alexfraser_tagged/af19_nov1/101RECNX","RCNX2322.JPG","Nothing",2,"Species|Nothing"
"af19","Nothing",2025-10-09 06:50:02,2025-10-09,"06:50:02",758,12.6,0.2,0,"E:/alexfraser_tagged/af19_nov1/101RECNX","RCNX2324.JPG","Nothing",2,"Species|Nothing"
"af19","Nothing",2025-10-09 08:59:11,2025-10-09,"08:59:11",7742,129,2.1,0.1,"E:/alexfraser_tagged/af19_nov1/101RECNX","RCNX2326.JPG","Nothing",2,"Species|Nothing"
"af19","Nothing",2025-10-09 09:04:28,2025-10-09,"09:04:28",313,5.2,0.1,0,"E:/alexfraser_tagged/af19_nov1/101RECNX","RCNX2328.JPG","Nothing",2,"Species|Nothing"
"af19","Nothing",2025-10-09 11:15:47,2025-10-09,"11:15:47",7872,131.2,2.2,0.1,"E:/alexfraser_tagged/af19_nov1/101RECNX","RCNX2330.JPG","Nothing",2,"Species|Nothing"
"af19","Nothing",2025-10-09 11:56:41,2025-10-09,"11:56:41",2452,40.9,0.7,0,"E:/alexfraser_tagged/af19_nov1/101RECNX","RCNX2332.JPG","Nothing",2,"Species|Nothing"
"af19","Nothing",2025-10-09 13:53:23,2025-10-09,"13:53:23",6995,116.6,1.9,0.1,"E:/alexfraser_tagged/af19_nov1/101RECNX","RCNX2334.JPG","Nothing",2,"Species|Nothing"
"af19","Nothing",2025-10-09 17:03:39,2025-10-10,"17:03:39",11415,190.2,3.2,0.1,"E:/alexfraser_tagged/af19_nov1/101RECNX","RCNX2336.JPG","Nothing",2,"Species|Nothing"
"af19","Nothing",2025-10-09 18:10:35,2025-10-10,"18:10:35",4010,66.8,1.1,0,"E:/alexfraser_tagged/af19_nov1/101RECNX","RCNX2338.JPG","Nothing",2,"Species|Nothing"
"af19","Nothing",2025-10-09 21:59:20,2025-10-10,"21:59:20",13703,228.4,3.8,0.2,"E:/alexfraser_tagged/af19_nov1/101RECNX","RCNX2340.JPG","Nothing",2,"Species|Nothing"
"af19","Nothing",2025-10-09 22:39:35,2025-10-10,"22:39:35",2411,40.2,0.7,0,"E:/alexfraser_tagged/af19_nov1/101RECNX","RCNX2342.JPG","Nothing",4,"Species|Nothing"
"af19","Nothing",2025-10-10 02:03:31,2025-10-10,"02:03:31",12153,202.6,3.4,0.1,"E:/alexfraser_tagged/af19_nov1/101RECNX","RCNX2346.JPG","Nothing",2,"Species|Nothing"
"af19","Nothing",2025-10-10 12:46:52,2025-10-10,"12:46:52",38600,643.3,10.7,0.4,"E:/alexfraser_tagged/af19_nov1/101RECNX","RCNX2348.JPG","Nothing",1,"Species|Nothing"
"af19","Nothing",2025-10-10 12:56:50,2025-10-10,"12:56:50",598,10,0.2,0,"E:/alexfraser_tagged/af19_nov1/101RECNX","RCNX2349.JPG","Nothing",2,"Species|Nothing"
"af19","Nothing",2025-10-10 15:06:12,2025-10-10,"15:06:12",7747,129.1,2.2,0.1,"E:/alexfraser_tagged/af19_nov1/101RECNX","RCNX2351.JPG","Nothing",2,"Species|Nothing"
"af19","Nothing",2025-10-10 19:06:49,2025-10-11,"19:06:49",14428,240.5,4,0.2,"E:/alexfraser_tagged/af19_nov1/101RECNX","RCNX2353.JPG","Nothing",2,"Species|Nothing"
"af19","Nothing",2025-10-10 20:15:01,2025-10-11,"20:15:01",4086,68.1,1.1,0,"E:/alexfraser_tagged/af19_nov1/101RECNX","RCNX2355.JPG","Nothing",1,"Species|Nothing"
"af19","Nothing",2025-10-10 20:38:22,2025-10-11,"20:38:22",1401,23.4,0.4,0,"E:/alexfraser_tagged/af19_nov1/101RECNX","RCNX2356.JPG","Nothing",2,"Species|Nothing"
"af19","Nothing",2025-10-11 04:12:16,2025-10-11,"04:12:16",27230,453.8,7.6,0.3,"E:/alexfraser_tagged/af19_nov1/101RECNX","RCNX2363.JPG","Nothing",2,"Species|Nothing"
"af19","Nothing",2025-10-11 06:43:26,2025-10-11,"06:43:26",9044,150.7,2.5,0.1,"E:/alexfraser_tagged/af19_nov1/101RECNX","RCNX2365.JPG","Nothing",2,"Species|Nothing"
"af19","Nothing",2025-10-11 08:16:26,2025-10-11,"08:16:26",5556,92.6,1.5,0.1,"E:/alexfraser_tagged/af19_nov1/101RECNX","RCNX2367.JPG","Nothing",1,"Species|Nothing"
"af19","Nothing",2025-10-11 08:32:27,2025-10-11,"08:32:27",961,16,0.3,0,"E:/alexfraser_tagged/af19_nov1/101RECNX","RCNX2368.JPG","Nothing",2,"Species|Nothing"
"af19","Nothing",2025-10-11 14:42:41,2025-10-11,"14:42:41",22201,370,6.2,0.3,"E:/alexfraser_tagged/af19_nov1/101RECNX","RCNX2370.JPG","Nothing",2,"Species|Nothing"
"af19","Nothing",2025-10-11 15:57:57,2025-10-11,"15:57:57",4512,75.2,1.3,0.1,"E:/alexfraser_tagged/af19_nov1/101RECNX","RCNX2372.JPG","Nothing",2,"Species|Nothing"
"af19","Nothing",2025-10-11 16:32:38,2025-10-11,"16:32:38",2078,34.6,0.6,0,"E:/alexfraser_tagged/af19_nov1/101RECNX","RCNX2374.JPG","Nothing",2,"Species|Nothing"
"af19","Nothing",2025-10-11 18:17:59,2025-10-12,"18:17:59",6314,105.2,1.8,0.1,"E:/alexfraser_tagged/af19_nov1/101RECNX","RCNX2376.JPG","Nothing",1,"Species|Nothing"
"af19","Nothing",2025-10-11 19:35:18,2025-10-12,"19:35:18",4639,77.3,1.3,0.1,"E:/alexfraser_tagged/af19_nov1/101RECNX","RCNX2377.JPG","Nothing",2,"Species|Nothing"
"af19","Nothing",2025-10-11 21:39:36,2025-10-12,"21:39:36",7445,124.1,2.1,0.1,"E:/alexfraser_tagged/af19_nov1/101RECNX","RCNX2379.JPG","Nothing",2,"Species|Nothing"
"af19","Nothing",2025-10-12 00:41:25,2025-10-12,"00:41:25",10902,181.7,3,0.1,"E:/alexfraser_tagged/af19_nov1/101RECNX","RCNX2381.JPG","Nothing",2,"Species|Nothing"
"af19","Nothing",2025-10-12 06:20:54,2025-10-12,"06:20:54",20366,339.4,5.7,0.2,"E:/alexfraser_tagged/af19_nov1/101RECNX","RCNX2383.JPG","Nothing",2,"Species|Nothing"
"af19","Nothing",2025-10-12 07:26:00,2025-10-12,"07:26:00",3892,64.9,1.1,0,"E:/alexfraser_tagged/af19_nov1/101RECNX","RCNX2385.JPG","Nothing",2,"Species|Nothing"
"af19","Nothing",2025-10-12 11:30:25,2025-10-12,"11:30:25",14658,244.3,4.1,0.2,"E:/alexfraser_tagged/af19_nov1/101RECNX","RCNX2387.JPG","Nothing",2,"Species|Nothing"
"af19","Nothing",2025-10-12 11:48:36,2025-10-12,"11:48:36",1078,18,0.3,0,"E:/alexfraser_tagged/af19_nov1/101RECNX","RCNX2389.JPG","Nothing",2,"Species|Nothing"
"af19","Nothing",2025-10-12 15:05:02,2025-10-12,"15:05:02",11782,196.4,3.3,0.1,"E:/alexfraser_tagged/af19_nov1/101RECNX","RCNX2391.JPG","Nothing",2,"Species|Nothing"
"af19","Nothing",2025-10-12 20:17:02,2025-10-13,"20:17:02",18710,311.8,5.2,0.2,"E:/alexfraser_tagged/af19_nov1/101RECNX","RCNX2393.JPG","Nothing",2,"Species|Nothing"
"af19","Nothing",2025-10-13 00:25:26,2025-10-13,"00:25:26",14898,248.3,4.1,0.2,"E:/alexfraser_tagged/af19_nov1/101RECNX","RCNX2395.JPG","Nothing",2,"Species|Nothing"
"af19","Nothing",2025-10-13 00:52:31,2025-10-13,"00:52:31",1621,27,0.4,0,"E:/alexfraser_tagged/af19_nov1/101RECNX","RCNX2397.JPG","Nothing",2,"Species|Nothing"
"af19","Nothing",2025-10-13 02:40:05,2025-10-13,"02:40:05",6441,107.3,1.8,0.1,"E:/alexfraser_tagged/af19_nov1/101RECNX","RCNX2399.JPG","Nothing",2,"Species|Nothing"
"af19","Nothing",2025-10-13 03:23:02,2025-10-13,"03:23:02",2569,42.8,0.7,0,"E:/alexfraser_tagged/af19_nov1/101RECNX","RCNX2401.JPG","Nothing",1,"Species|Nothing"
"af19","Nothing",2025-10-13 06:28:54,2025-10-13,"06:28:54",11152,185.9,3.1,0.1,"E:/alexfraser_tagged/af19_nov1/101RECNX","RCNX2402.JPG","Nothing",1,"Species|Nothing"
"af19","Nothing",2025-10-13 08:54:34,2025-10-13,"08:54:34",8740,145.7,2.4,0.1,"E:/alexfraser_tagged/af19_nov1/101RECNX","RCNX2403.JPG","Nothing",1,"Species|Nothing"
"af19","Nothing",2025-10-13 14:45:19,2025-10-13,"14:45:19",21045,350.8,5.8,0.2,"E:/alexfraser_tagged/af19_nov1/101RECNX","RCNX2404.JPG","Nothing",2,"Species|Nothing"
"af19","Nothing",2025-10-13 16:19:04,2025-10-13,"16:19:04",5624,93.7,1.6,0.1,"E:/alexfraser_tagged/af19_nov1/101RECNX","RCNX2406.JPG","Nothing",1,"Species|Nothing"
"af19","Nothing",2025-10-13 19:20:35,2025-10-14,"19:20:35",10891,181.5,3,0.1,"E:/alexfraser_tagged/af19_nov1/101RECNX","RCNX2408.JPG","Nothing",2,"Species|Nothing"
"af19","Nothing",2025-10-13 20:03:55,2025-10-14,"20:03:55",2599,43.3,0.7,0,"E:/alexfraser_tagged/af19_nov1/101RECNX","RCNX2410.JPG","Nothing",2,"Species|Nothing"
"af19","Nothing",2025-10-14 00:34:54,2025-10-14,"00:34:54",16254,270.9,4.5,0.2,"E:/alexfraser_tagged/af19_nov1/101RECNX","RCNX2412.JPG","Nothing",2,"Species|Nothing"
"af19","Nothing",2025-10-14 03:25:16,2025-10-14,"03:25:16",10220,170.3,2.8,0.1,"E:/alexfraser_tagged/af19_nov1/101RECNX","RCNX2414.JPG","Nothing",2,"Species|Nothing"
"af19","Nothing",2025-10-14 07:28:27,2025-10-14,"07:28:27",14590,243.2,4.1,0.2,"E:/alexfraser_tagged/af19_nov1/101RECNX","RCNX2416.JPG","Nothing",2,"Species|Nothing"
"af19","Nothing",2025-10-14 11:33:32,2025-10-14,"11:33:32",14697,244.9,4.1,0.2,"E:/alexfraser_tagged/af19_nov1/101RECNX","RCNX2418.JPG","Nothing",2,"Species|Nothing"
"af19","Nothing",2025-10-14 11:43:59,2025-10-14,"11:43:59",624,10.4,0.2,0,"E:/alexfraser_tagged/af19_nov1/101RECNX","RCNX2420.JPG","Nothing",4,"Species|Nothing"
"af19","Nothing",2025-10-14 15:07:15,2025-10-14,"15:07:15",12167,202.8,3.4,0.1,"E:/alexfraser_tagged/af19_nov1/101RECNX","RCNX2424.JPG","Nothing",2,"Species|Nothing"
"af19","Nothing",2025-10-14 16:54:58,2025-10-14,"16:54:58",6458,107.6,1.8,0.1,"E:/alexfraser_tagged/af19_nov1/101RECNX","RCNX2426.JPG","Nothing",2,"Species|Nothing"
"af19","Nothing",2025-10-14 18:30:19,2025-10-15,"18:30:19",5711,95.2,1.6,0.1,"E:/alexfraser_tagged/af19_nov1/101RECNX","RCNX2428.JPG","Nothing",2,"Species|Nothing"
"af19","Nothing",2025-10-14 19:08:10,2025-10-15,"19:08:10",2266,37.8,0.6,0,"E:/alexfraser_tagged/af19_nov1/101RECNX","RCNX2430.JPG","Nothing",2,"Species|Nothing"
"af19","Nothing",2025-10-15 01:56:13,2025-10-15,"01:56:13",24464,407.7,6.8,0.3,"E:/alexfraser_tagged/af19_nov1/101RECNX","RCNX2433.JPG","Nothing",2,"Species|Nothing"
"af19","Nothing",2025-10-15 02:37:22,2025-10-15,"02:37:22",2460,41,0.7,0,"E:/alexfraser_tagged/af19_nov1/101RECNX","RCNX2435.JPG","Nothing",2,"Species|Nothing"
"af19","Nothing",2025-10-15 05:22:27,2025-10-15,"05:22:27",9900,165,2.8,0.1,"E:/alexfraser_tagged/af19_nov1/101RECNX","RCNX2437.JPG","Nothing",2,"Species|Nothing"
"af19","Nothing",2025-10-15 13:01:23,2025-10-15,"13:01:23",27526,458.8,7.6,0.3,"E:/alexfraser_tagged/af19_nov1/101RECNX","RCNX2440.JPG","Nothing",2,"Species|Nothing"
"af19","Nothing",2025-10-15 14:56:03,2025-10-15,"14:56:03",6876,114.6,1.9,0.1,"E:/alexfraser_tagged/af19_nov1/101RECNX","RCNX2442.JPG","Nothing",2,"Species|Nothing"
"af19","Nothing",2025-10-15 15:08:52,2025-10-15,"15:08:52",765,12.8,0.2,0,"E:/alexfraser_tagged/af19_nov1/101RECNX","RCNX2444.JPG","Nothing",2,"Species|Nothing"
"af19","Nothing",2025-10-15 15:59:40,2025-10-15,"15:59:40",3047,50.8,0.8,0,"E:/alexfraser_tagged/af19_nov1/101RECNX","RCNX2446.JPG","Nothing",2,"Species|Nothing"
"af19","Nothing",2025-10-15 16:36:04,2025-10-15,"16:36:04",2179,36.3,0.6,0,"E:/alexfraser_tagged/af19_nov1/101RECNX","RCNX2448.JPG","Nothing",2,"Species|Nothing"
"af19","Nothing",2025-10-15 17:54:18,2025-10-16,"17:54:18",4691,78.2,1.3,0.1,"E:/alexfraser_tagged/af19_nov1/101RECNX","RCNX2450.JPG","Nothing",1,"Species|Nothing"
"af19","Nothing",2025-10-15 18:01:12,2025-10-16,"18:01:12",414,6.9,0.1,0,"E:/alexfraser_tagged/af19_nov1/101RECNX","RCNX2451.JPG","Nothing",2,"Species|Nothing"
"af19","Nothing",2025-10-15 20:00:12,2025-10-16,"20:00:12",7134,118.9,2,0.1,"E:/alexfraser_tagged/af19_nov1/101RECNX","RCNX2453.JPG","Nothing",2,"Species|Nothing"
"af19","Nothing",2025-10-15 20:16:03,2025-10-16,"20:16:03",941,15.7,0.3,0,"E:/alexfraser_tagged/af19_nov1/101RECNX","RCNX2455.JPG","Nothing",2,"Species|Nothing"
"af19","Nothing",2025-10-15 22:30:44,2025-10-16,"22:30:44",8078,134.6,2.2,0.1,"E:/alexfraser_tagged/af19_nov1/101RECNX","RCNX2457.JPG","Nothing",6,"Species|Nothing"
"af19","Nothing",2025-10-16 00:19:29,2025-10-16,"00:19:29",5944,99.1,1.7,0.1,"E:/alexfraser_tagged/af19_nov1/101RECNX","RCNX2463.JPG","Nothing",2,"Species|Nothing"
"af19","Nothing",2025-10-16 02:07:13,2025-10-16,"02:07:13",6453,107.6,1.8,0.1,"E:/alexfraser_tagged/af19_nov1/101RECNX","RCNX2465.JPG","Nothing",4,"Species|Nothing"
"af19","Nothing",2025-10-16 05:10:23,2025-10-16,"05:10:23",10975,182.9,3,0.1,"E:/alexfraser_tagged/af19_nov1/101RECNX","RCNX2469.JPG","Nothing",2,"Species|Nothing"
"af19","Nothing",2025-10-16 06:15:24,2025-10-16,"06:15:24",3892,64.9,1.1,0,"E:/alexfraser_tagged/af19_nov1/101RECNX","RCNX2471.JPG","Nothing",2,"Species|Nothing"
"af19","Nothing",2025-10-16 06:59:09,2025-10-16,"06:59:09",2621,43.7,0.7,0,"E:/alexfraser_tagged/af19_nov1/101RECNX","RCNX2473.JPG","Nothing",2,"Species|Nothing"
"af19","Nothing",2025-10-16 07:34:21,2025-10-16,"07:34:21",2102,35,0.6,0,"E:/alexfraser_tagged/af19_nov1/101RECNX","RCNX2475.JPG","Nothing",2,"Species|Nothing"
"af19","Nothing",2025-10-16 09:06:46,2025-10-16,"09:06:46",5526,92.1,1.5,0.1,"E:/alexfraser_tagged/af19_nov1/101RECNX","RCNX2477.JPG","Nothing",1,"Species|Nothing"
"af19","Nothing",2025-10-16 10:10:51,2025-10-16,"10:10:51",3845,64.1,1.1,0,"E:/alexfraser_tagged/af19_nov1/101RECNX","RCNX2478.JPG","Nothing",2,"Species|Nothing"
"af19","Nothing",2025-10-16 12:17:31,2025-10-16,"12:17:31",7596,126.6,2.1,0.1,"E:/alexfraser_tagged/af19_nov1/101RECNX","RCNX2480.JPG","Nothing",2,"Species|Nothing"
"af19","Nothing",2025-10-16 12:51:12,2025-10-16,"12:51:12",2012,33.5,0.6,0,"E:/alexfraser_tagged/af19_nov1/101RECNX","RCNX2482.JPG","Nothing",2,"Species|Nothing"
"af19","Nothing",2025-10-16 15:10:46,2025-10-16,"15:10:46",8365,139.4,2.3,0.1,"E:/alexfraser_tagged/af19_nov1/101RECNX","RCNX2484.JPG","Nothing",2,"Species|Nothing"
"af19","Nothing",2025-10-16 15:48:40,2025-10-16,"15:48:40",2272,37.9,0.6,0,"E:/alexfraser_tagged/af19_nov1/101RECNX","RCNX2486.JPG","Nothing",1,"Species|Nothing"
"af19","Nothing",2025-10-16 16:28:42,2025-10-16,"16:28:42",2402,40,0.7,0,"E:/alexfraser_tagged/af19_nov1/101RECNX","RCNX2487.JPG","Nothing",2,"Species|Nothing"
"af19","Nothing",2025-10-16 22:32:29,2025-10-17,"22:32:29",21825,363.8,6.1,0.3,"E:/alexfraser_tagged/af19_nov1/101RECNX","RCNX2502.JPG","Nothing",3,"Species|Nothing"
"af19","Nothing",2025-10-16 23:08:14,2025-10-17,"23:08:14",1949,32.5,0.5,0,"E:/alexfraser_tagged/af19_nov1/101RECNX","RCNX2505.JPG","Nothing",2,"Species|Nothing"
"af19","Nothing",2025-10-16 23:35:52,2025-10-17,"23:35:52",1647,27.4,0.5,0,"E:/alexfraser_tagged/af19_nov1/101RECNX","RCNX2507.JPG","Nothing",2,"Species|Nothing"
"af19","Nothing",2025-10-17 01:44:04,2025-10-17,"01:44:04",7691,128.2,2.1,0.1,"E:/alexfraser_tagged/af19_nov1/101RECNX","RCNX2509.JPG","Nothing",2,"Species|Nothing"
"af19","Nothing",2025-10-17 04:38:34,2025-10-17,"04:38:34",10437,173.9,2.9,0.1,"E:/alexfraser_tagged/af19_nov1/101RECNX","RCNX2511.JPG","Nothing",2,"Species|Nothing"
"af19","Nothing",2025-10-17 06:42:02,2025-10-17,"06:42:02",7407,123.4,2.1,0.1,"E:/alexfraser_tagged/af19_nov1/101RECNX","RCNX2513.JPG","Nothing",2,"Species|Nothing"
"af19","Nothing",2025-10-17 12:41:42,2025-10-17,"12:41:42",21578,359.6,6,0.2,"E:/alexfraser_tagged/af19_nov1/101RECNX","RCNX2515.JPG","Nothing",2,"Species|Nothing"
"af19","Nothing",2025-10-17 12:49:57,2025-10-17,"12:49:57",476,7.9,0.1,0,"E:/alexfraser_tagged/af19_nov1/101RECNX","RCNX2517.JPG","Nothing",2,"Species|Nothing"
"af19","Nothing",2025-10-17 14:29:50,2025-10-17,"14:29:50",5981,99.7,1.7,0.1,"E:/alexfraser_tagged/af19_nov1/101RECNX","RCNX2519.JPG","Nothing",2,"Species|Nothing"
"af19","Nothing",2025-10-17 16:33:03,2025-10-17,"16:33:03",7384,123.1,2.1,0.1,"E:/alexfraser_tagged/af19_nov1/101RECNX","RCNX2523.JPG","Nothing",2,"Species|Nothing"
"af19","Nothing",2025-10-17 17:26:04,2025-10-18,"17:26:04",3176,52.9,0.9,0,"E:/alexfraser_tagged/af19_nov1/101RECNX","RCNX2525.JPG","Nothing",2,"Species|Nothing"
"af19","Nothing",2025-10-17 18:02:27,2025-10-18,"18:02:27",2181,36.4,0.6,0,"E:/alexfraser_tagged/af19_nov1/101RECNX","RCNX2527.JPG","Nothing",2,"Species|Nothing"
"af19","Nothing",2025-10-17 22:24:40,2025-10-18,"22:24:40",15731,262.2,4.4,0.2,"E:/alexfraser_tagged/af19_nov1/101RECNX","RCNX2529.JPG","Nothing",2,"Species|Nothing"
"af19","Nothing",2025-10-17 23:18:49,2025-10-18,"23:18:49",3247,54.1,0.9,0,"E:/alexfraser_tagged/af19_nov1/101RECNX","RCNX2531.JPG","Nothing",1,"Species|Nothing"
"af19","Nothing",2025-10-18 00:33:27,2025-10-18,"00:33:27",4478,74.6,1.2,0,"E:/alexfraser_tagged/af19_nov1/101RECNX","RCNX2532.JPG","Nothing",2,"Species|Nothing"
"af19","Nothing",2025-10-18 01:01:29,2025-10-18,"01:01:29",1679,28,0.5,0,"E:/alexfraser_tagged/af19_nov1/101RECNX","RCNX2534.JPG","Nothing",2,"Species|Nothing"
"af19","Nothing",2025-10-18 06:26:32,2025-10-18,"06:26:32",19494,324.9,5.4,0.2,"E:/alexfraser_tagged/af19_nov1/101RECNX","RCNX2536.JPG","Nothing",2,"Species|Nothing"
"af19","Nothing",2025-10-18 07:07:49,2025-10-18,"07:07:49",2452,40.9,0.7,0,"E:/alexfraser_tagged/af19_nov1/101RECNX","RCNX2538.JPG","Nothing",2,"Species|Nothing"
"af19","Nothing",2025-10-18 09:49:14,2025-10-18,"09:49:14",9684,161.4,2.7,0.1,"E:/alexfraser_tagged/af19_nov1/101RECNX","RCNX2540.JPG","Nothing",2,"Species|Nothing"
"af19","Nothing",2025-10-18 15:22:16,2025-10-18,"15:22:16",19977,333,5.6,0.2,"E:/alexfraser_tagged/af19_nov1/101RECNX","RCNX2542.JPG","Nothing",2,"Species|Nothing"
"af19","Nothing",2025-10-18 16:52:48,2025-10-18,"16:52:48",5424,90.4,1.5,0.1,"E:/alexfraser_tagged/af19_nov1/101RECNX","RCNX2544.JPG","Nothing",2,"Species|Nothing"
"af19","Nothing",2025-10-18 21:00:57,2025-10-19,"21:00:57",14887,248.1,4.1,0.2,"E:/alexfraser_tagged/af19_nov1/101RECNX","RCNX2546.JPG","Nothing",2,"Species|Nothing"
"af19","Nothing",2025-10-18 21:35:46,2025-10-19,"21:35:46",2088,34.8,0.6,0,"E:/alexfraser_tagged/af19_nov1/101RECNX","RCNX2548.JPG","Nothing",2,"Species|Nothing"
"af19","Nothing",2025-10-18 21:46:27,2025-10-19,"21:46:27",618,10.3,0.2,0,"E:/alexfraser_tagged/af19_nov1/101RECNX","RCNX2550.JPG","Nothing",2,"Species|Nothing"
"af19","Nothing",2025-10-19 03:20:14,2025-10-19,"03:20:14",20025,333.8,5.6,0.2,"E:/alexfraser_tagged/af19_nov1/101RECNX","RCNX2552.JPG","Nothing",2,"Species|Nothing"
"af19","Nothing",2025-10-19 05:30:55,2025-10-19,"05:30:55",7829,130.5,2.2,0.1,"E:/alexfraser_tagged/af19_nov1/101RECNX","RCNX2554.JPG","Nothing",2,"Species|Nothing"
"af19","Nothing",2025-10-19 06:07:38,2025-10-19,"06:07:38",2202,36.7,0.6,0,"E:/alexfraser_tagged/af19_nov1/101RECNX","RCNX2565.JPG","Nothing",2,"Species|Nothing"
"af19","Nothing",2025-10-19 06:19:31,2025-10-19,"06:19:31",710,11.8,0.2,0,"E:/alexfraser_tagged/af19_nov1/101RECNX","RCNX2567.JPG","Nothing",2,"Species|Nothing"
"af19","Nothing",2025-10-19 09:12:56,2025-10-19,"09:12:56",10399,173.3,2.9,0.1,"E:/alexfraser_tagged/af19_nov1/101RECNX","RCNX2569.JPG","Nothing",2,"Species|Nothing"
"af19","Nothing",2025-10-19 11:12:37,2025-10-19,"11:12:37",7178,119.6,2,0.1,"E:/alexfraser_tagged/af19_nov1/101RECNX","RCNX2571.JPG","Nothing",1,"Species|Nothing"
"af19","Nothing",2025-10-19 14:13:42,2025-10-19,"14:13:42",10865,181.1,3,0.1,"E:/alexfraser_tagged/af19_nov1/101RECNX","RCNX2572.JPG","Nothing",2,"Species|Nothing"
"af19","Nothing",2025-10-19 16:28:54,2025-10-19,"16:28:54",8109,135.2,2.3,0.1,"E:/alexfraser_tagged/af19_nov1/101RECNX","RCNX2574.JPG","Nothing",2,"Species|Nothing"
"af19","Nothing",2025-10-19 19:44:28,2025-10-20,"19:44:28",11727,195.4,3.3,0.1,"E:/alexfraser_tagged/af19_nov1/101RECNX","RCNX2576.JPG","Nothing",2,"Species|Nothing"
"af19","Nothing",2025-10-19 21:34:02,2025-10-20,"21:34:02",6563,109.4,1.8,0.1,"E:/alexfraser_tagged/af19_nov1/101RECNX","RCNX2578.JPG","Nothing",2,"Species|Nothing"
"af19","Nothing",2025-10-19 22:03:16,2025-10-20,"22:03:16",1746,29.1,0.5,0,"E:/alexfraser_tagged/af19_nov1/101RECNX","RCNX2580.JPG","Nothing",2,"Species|Nothing"
"af19","Nothing",2025-10-20 01:14:58,2025-10-20,"01:14:58",11501,191.7,3.2,0.1,"E:/alexfraser_tagged/af19_nov1/101RECNX","RCNX2582.JPG","Nothing",1,"Species|Nothing"
"af19","Nothing",2025-10-20 08:12:04,2025-10-20,"08:12:04",25026,417.1,7,0.3,"E:/alexfraser_tagged/af19_nov1/101RECNX","RCNX2583.JPG","Nothing",2,"Species|Nothing"
"af19","Nothing",2025-10-20 09:30:30,2025-10-20,"09:30:30",4697,78.3,1.3,0.1,"E:/alexfraser_tagged/af19_nov1/101RECNX","RCNX2585.JPG","Nothing",1,"Species|Nothing"
"af19","Nothing",2025-10-20 09:35:36,2025-10-20,"09:35:36",306,5.1,0.1,0,"E:/alexfraser_tagged/af19_nov1/101RECNX","RCNX2586.JPG","Nothing",1,"Species|Nothing"
"af19","Nothing",2025-10-20 13:00:27,2025-10-20,"13:00:27",12291,204.8,3.4,0.1,"E:/alexfraser_tagged/af19_nov1/101RECNX","RCNX2587.JPG","Nothing",2,"Species|Nothing"
"af19","Nothing",2025-10-20 14:56:51,2025-10-20,"14:56:51",6962,116,1.9,0.1,"E:/alexfraser_tagged/af19_nov1/101RECNX","RCNX2589.JPG","Nothing",2,"Species|Nothing"
"af19","Nothing",2025-10-20 16:57:34,2025-10-20,"16:57:34",7239,120.7,2,0.1,"E:/alexfraser_tagged/af19_nov1/101RECNX","RCNX2591.JPG","Nothing",2,"Species|Nothing"
"af19","Nothing",2025-10-20 17:56:11,2025-10-21,"17:56:11",3512,58.5,1,0,"E:/alexfraser_tagged/af19_nov1/101RECNX","RCNX2593.JPG","Nothing",2,"Species|Nothing"
"af19","Nothing",2025-10-20 18:38:41,2025-10-21,"18:38:41",2548,42.5,0.7,0,"E:/alexfraser_tagged/af19_nov1/101RECNX","RCNX2595.JPG","Nothing",2,"Species|Nothing"
"af19","Nothing",2025-10-20 23:37:26,2025-10-21,"23:37:26",17912,298.5,5,0.2,"E:/alexfraser_tagged/af19_nov1/101RECNX","RCNX2597.JPG","Nothing",2,"Species|Nothing"
"af19","Nothing",2025-10-21 00:37:05,2025-10-21,"00:37:05",3576,59.6,1,0,"E:/alexfraser_tagged/af19_nov1/101RECNX","RCNX2599.JPG","Nothing",2,"Species|Nothing"
"af19","Nothing",2025-10-21 02:07:48,2025-10-21,"02:07:48",5428,90.5,1.5,0.1,"E:/alexfraser_tagged/af19_nov1/101RECNX","RCNX2601.JPG","Nothing",1,"Species|Nothing"
"af19","Nothing",2025-10-21 03:18:45,2025-10-21,"03:18:45",4257,71,1.2,0,"E:/alexfraser_tagged/af19_nov1/101RECNX","RCNX2602.JPG","Nothing",2,"Species|Nothing"
"af19","Nothing",2025-10-21 08:20:34,2025-10-21,"08:20:34",18108,301.8,5,0.2,"E:/alexfraser_tagged/af19_nov1/101RECNX","RCNX2604.JPG","Nothing",2,"Species|Nothing"
"af19","Nothing",2025-10-21 09:34:40,2025-10-21,"09:34:40",4431,73.8,1.2,0,"E:/alexfraser_tagged/af19_nov1/101RECNX","RCNX2606.JPG","Nothing",2,"Species|Nothing"
"af19","Nothing",2025-10-21 12:46:27,2025-10-21,"12:46:27",11506,191.8,3.2,0.1,"E:/alexfraser_tagged/af19_nov1/101RECNX","RCNX2608.JPG","Nothing",2,"Species|Nothing"
"af19","Nothing",2025-10-21 14:07:04,2025-10-21,"14:07:04",4834,80.6,1.3,0.1,"E:/alexfraser_tagged/af19_nov1/101RECNX","RCNX2610.JPG","Nothing",4,"Species|Nothing"
"af19","Nothing",2025-10-21 14:29:59,2025-10-21,"14:29:59",1083,18,0.3,0,"E:/alexfraser_tagged/af19_nov1/101RECNX","RCNX2614.JPG","Nothing",2,"Species|Nothing"
"af19","Nothing",2025-10-21 15:40:50,2025-10-21,"15:40:50",4239,70.7,1.2,0,"E:/alexfraser_tagged/af19_nov1/101RECNX","RCNX2616.JPG","Nothing",3,"Species|Nothing"
"af19","Nothing",2025-10-21 18:43:46,2025-10-22,"18:43:46",10969,182.8,3,0.1,"E:/alexfraser_tagged/af19_nov1/101RECNX","RCNX2619.JPG","Nothing",2,"Species|Nothing"
"af19","Nothing",2025-10-21 19:59:56,2025-10-22,"19:59:56",4562,76,1.3,0.1,"E:/alexfraser_tagged/af19_nov1/101RECNX","RCNX2621.JPG","Nothing",1,"Species|Nothing"
"af19","Nothing",2025-10-21 21:14:19,2025-10-22,"21:14:19",4463,74.4,1.2,0,"E:/alexfraser_tagged/af19_nov1/101RECNX","RCNX2623.JPG","Nothing",2,"Species|Nothing"
"af19","Nothing",2025-10-22 03:32:49,2025-10-22,"03:32:49",22694,378.2,6.3,0.3,"E:/alexfraser_tagged/af19_nov1/101RECNX","RCNX2625.JPG","Nothing",2,"Species|Nothing"
"af19","Nothing",2025-10-22 06:59:58,2025-10-22,"06:59:58",12428,207.1,3.5,0.1,"E:/alexfraser_tagged/af19_nov1/101RECNX","RCNX2627.JPG","Nothing",2,"Species|Nothing"
"af19","Nothing",2025-10-22 11:42:29,2025-10-22,"11:42:29",16944,282.4,4.7,0.2,"E:/alexfraser_tagged/af19_nov1/101RECNX","RCNX2629.JPG","Nothing",2,"Species|Nothing"
"af19","Nothing",2025-10-22 16:42:14,2025-10-22,"16:42:14",17972,299.5,5,0.2,"E:/alexfraser_tagged/af19_nov1/101RECNX","RCNX2631.JPG","Nothing",2,"Species|Nothing"
"af19","Nothing",2025-10-22 18:12:56,2025-10-23,"18:12:56",5435,90.6,1.5,0.1,"E:/alexfraser_tagged/af19_nov1/101RECNX","RCNX2633.JPG","Nothing",2,"Species|Nothing"
"af19","Nothing",2025-10-22 18:37:34,2025-10-23,"18:37:34",1469,24.5,0.4,0,"E:/alexfraser_tagged/af19_nov1/101RECNX","RCNX2635.JPG","Nothing",2,"Species|Nothing"
"af19","Nothing",2025-10-22 20:24:29,2025-10-23,"20:24:29",6400,106.7,1.8,0.1,"E:/alexfraser_tagged/af19_nov1/101RECNX","RCNX2637.JPG","Nothing",2,"Species|Nothing"
"af19","Nothing",2025-10-22 21:16:48,2025-10-23,"21:16:48",3135,52.2,0.9,0,"E:/alexfraser_tagged/af19_nov1/101RECNX","RCNX2639.JPG","Nothing",2,"Species|Nothing"
"af19","Nothing",2025-10-22 21:38:05,2025-10-23,"21:38:05",1273,21.2,0.4,0,"E:/alexfraser_tagged/af19_nov1/101RECNX","RCNX2641.JPG","Nothing",2,"Species|Nothing"
"af19","Nothing",2025-10-23 03:31:26,2025-10-23,"03:31:26",21189,353.1,5.9,0.2,"E:/alexfraser_tagged/af19_nov1/101RECNX","RCNX2643.JPG","Nothing",2,"Species|Nothing"
"af19","Nothing",2025-10-23 04:36:36,2025-10-23,"04:36:36",3904,65.1,1.1,0,"E:/alexfraser_tagged/af19_nov1/101RECNX","RCNX2645.JPG","Nothing",2,"Species|Nothing"
"af19","Nothing",2025-10-23 06:19:26,2025-10-23,"06:19:26",6165,102.8,1.7,0.1,"E:/alexfraser_tagged/af19_nov1/101RECNX","RCNX2647.JPG","Nothing",2,"Species|Nothing"
"af19","Nothing",2025-10-23 06:36:56,2025-10-23,"06:36:56",1045,17.4,0.3,0,"E:/alexfraser_tagged/af19_nov1/101RECNX","RCNX2649.JPG","Nothing",2,"Species|Nothing"
"af19","Nothing",2025-10-23 07:09:28,2025-10-23,"07:09:28",1945,32.4,0.5,0,"E:/alexfraser_tagged/af19_nov1/101RECNX","RCNX2651.JPG","Nothing",2,"Species|Nothing"
"af19","Nothing",2025-10-23 11:40:19,2025-10-23,"11:40:19",16244,270.7,4.5,0.2,"E:/alexfraser_tagged/af19_nov1/101RECNX","RCNX2653.JPG","Nothing",4,"Species|Nothing"
"af19","Nothing",2025-10-23 12:45:31,2025-10-23,"12:45:31",3824,63.7,1.1,0,"E:/alexfraser_tagged/af19_nov1/101RECNX","RCNX2657.JPG","Nothing",6,"Species|Nothing"
"af19","Nothing",2025-10-23 20:47:20,2025-10-24,"20:47:20",28697,478.3,8,0.3,"E:/alexfraser_tagged/af19_nov1/101RECNX","RCNX2663.JPG","Nothing",2,"Species|Nothing"
"af19","Nothing",2025-10-24 05:17:50,2025-10-24,"05:17:50",30628,510.5,8.5,0.4,"E:/alexfraser_tagged/af19_nov1/101RECNX","RCNX2665.JPG","Nothing",2,"Species|Nothing"
"af19","Nothing",2025-10-24 07:29:27,2025-10-24,"07:29:27",7882,131.4,2.2,0.1,"E:/alexfraser_tagged/af19_nov1/101RECNX","RCNX2667.JPG","Nothing",1,"Species|Nothing"
"af19","Nothing",2025-10-24 08:11:03,2025-10-24,"08:11:03",2496,41.6,0.7,0,"E:/alexfraser_tagged/af19_nov1/101RECNX","RCNX2668.JPG","Nothing",2,"Species|Nothing"
"af19","Nothing",2025-10-24 09:41:47,2025-10-24,"09:41:47",5442,90.7,1.5,0.1,"E:/alexfraser_tagged/af19_nov1/101RECNX","RCNX2670.JPG","Nothing",2,"Species|Nothing"
"af19","Nothing",2025-10-24 10:07:07,2025-10-24,"10:07:07",1516,25.3,0.4,0,"E:/alexfraser_tagged/af19_nov1/101RECNX","RCNX2672.JPG","Nothing",2,"Species|Nothing"
"af19","Nothing",2025-10-24 10:19:33,2025-10-24,"10:19:33",710,11.8,0.2,0,"E:/alexfraser_tagged/af19_nov1/101RECNX","RCNX2674.JPG","Nothing",2,"Species|Nothing"
"af19","Nothing",2025-10-24 12:33:46,2025-10-24,"12:33:46",8047,134.1,2.2,0.1,"E:/alexfraser_tagged/af19_nov1/101RECNX","RCNX2676.JPG","Nothing",2,"Species|Nothing"
"af19","Nothing",2025-10-24 16:43:35,2025-10-24,"16:43:35",14980,249.7,4.2,0.2,"E:/alexfraser_tagged/af19_nov1/101RECNX","RCNX2678.JPG","Nothing",2,"Species|Nothing"
"af19","Nothing",2025-10-24 17:34:30,2025-10-25,"17:34:30",3037,50.6,0.8,0,"E:/alexfraser_tagged/af19_nov1/101RECNX","RCNX2680.JPG","Nothing",2,"Species|Nothing"
"af19","Nothing",2025-10-24 18:38:36,2025-10-25,"18:38:36",3825,63.8,1.1,0,"E:/alexfraser_tagged/af19_nov1/101RECNX","RCNX2682.JPG","Nothing",2,"Species|Nothing"
"af19","Nothing",2025-10-24 21:58:18,2025-10-25,"21:58:18",11980,199.7,3.3,0.1,"E:/alexfraser_tagged/af19_nov1/101RECNX","RCNX2684.JPG","Nothing",2,"Species|Nothing"
"af19","Nothing",2025-10-24 22:56:43,2025-10-25,"22:56:43",3501,58.4,1,0,"E:/alexfraser_tagged/af19_nov1/101RECNX","RCNX2686.JPG","Nothing",2,"Species|Nothing"
"af19","Nothing",2025-10-25 01:48:25,2025-10-25,"01:48:25",10288,171.5,2.9,0.1,"E:/alexfraser_tagged/af19_nov1/101RECNX","RCNX2688.JPG","Nothing",4,"Species|Nothing"
"af19","Nothing",2025-10-25 08:42:32,2025-10-25,"08:42:32",24780,413,6.9,0.3,"E:/alexfraser_tagged/af19_nov1/101RECNX","RCNX2692.JPG","Nothing",2,"Species|Nothing"
"af19","Nothing",2025-10-25 11:02:53,2025-10-25,"11:02:53",8419,140.3,2.3,0.1,"E:/alexfraser_tagged/af19_nov1/101RECNX","RCNX2694.JPG","Nothing",2,"Species|Nothing"
"af19","Nothing",2025-10-25 11:31:02,2025-10-25,"11:31:02",1684,28.1,0.5,0,"E:/alexfraser_tagged/af19_nov1/101RECNX","RCNX2696.JPG","Nothing",2,"Species|Nothing"
"af19","Nothing",2025-10-25 14:24:26,2025-10-25,"14:24:26",10396,173.3,2.9,0.1,"E:/alexfraser_tagged/af19_nov1/101RECNX","RCNX2698.JPG","Nothing",1,"Species|Nothing"
"af19","Nothing",2025-10-25 21:44:47,2025-10-26,"21:44:47",26421,440.4,7.3,0.3,"E:/alexfraser_tagged/af19_nov1/101RECNX","RCNX2699.JPG","Nothing",2,"Species|Nothing"
"af19","Nothing",2025-10-26 00:25:31,2025-10-26,"00:25:31",9643,160.7,2.7,0.1,"E:/alexfraser_tagged/af19_nov1/101RECNX","RCNX2701.JPG","Nothing",2,"Species|Nothing"
"af19","Nothing",2025-10-26 04:46:40,2025-10-26,"04:46:40",15667,261.1,4.4,0.2,"E:/alexfraser_tagged/af19_nov1/101RECNX","RCNX2703.JPG","Nothing",2,"Species|Nothing"
"af19","Nothing",2025-10-26 04:55:25,2025-10-26,"04:55:25",507,8.4,0.1,0,"E:/alexfraser_tagged/af19_nov1/101RECNX","RCNX2705.JPG","Nothing",2,"Species|Nothing"
"af19","Nothing",2025-10-26 05:49:02,2025-10-26,"05:49:02",3216,53.6,0.9,0,"E:/alexfraser_tagged/af19_nov1/101RECNX","RCNX2707.JPG","Nothing",2,"Species|Nothing"
"af19","Nothing",2025-10-26 06:18:17,2025-10-26,"06:18:17",1747,29.1,0.5,0,"E:/alexfraser_tagged/af19_nov1/101RECNX","RCNX2709.JPG","Nothing",2,"Species|Nothing"
"af19","Nothing",2025-10-26 06:25:39,2025-10-26,"06:25:39",439,7.3,0.1,0,"E:/alexfraser_tagged/af19_nov1/101RECNX","RCNX2711.JPG","Nothing",2,"Species|Nothing"
"af19","Nothing",2025-10-26 07:54:25,2025-10-26,"07:54:25",5324,88.7,1.5,0.1,"E:/alexfraser_tagged/af19_nov1/101RECNX","RCNX2713.JPG","Nothing",2,"Species|Nothing"
"af19","Nothing",2025-10-26 08:07:14,2025-10-26,"08:07:14",767,12.8,0.2,0,"E:/alexfraser_tagged/af19_nov1/101RECNX","RCNX2715.JPG","Nothing",2,"Species|Nothing"
"af19","Nothing",2025-10-26 13:00:02,2025-10-26,"13:00:02",17562,292.7,4.9,0.2,"E:/alexfraser_tagged/af19_nov1/101RECNX","RCNX2717.JPG","Nothing",2,"Species|Nothing"
"af19","Nothing",2025-10-26 14:00:29,2025-10-26,"14:00:29",3620,60.3,1,0,"E:/alexfraser_tagged/af19_nov1/101RECNX","RCNX2719.JPG","Nothing",2,"Species|Nothing"
"af19","Nothing",2025-10-26 15:56:31,2025-10-26,"15:56:31",6960,116,1.9,0.1,"E:/alexfraser_tagged/af19_nov1/101RECNX","RCNX2721.JPG","Nothing",2,"Species|Nothing"
"af19","Nothing",2025-10-26 16:30:44,2025-10-26,"16:30:44",2047,34.1,0.6,0,"E:/alexfraser_tagged/af19_nov1/101RECNX","RCNX2723.JPG","Nothing",2,"Species|Nothing"
"af19","Nothing",2025-10-26 18:52:58,2025-10-27,"18:52:58",8529,142.2,2.4,0.1,"E:/alexfraser_tagged/af19_nov1/101RECNX","RCNX2725.JPG","Nothing",2,"Species|Nothing"
"af19","Nothing",2025-10-27 02:51:33,2025-10-27,"02:51:33",28708,478.5,8,0.3,"E:/alexfraser_tagged/af19_nov1/101RECNX","RCNX2727.JPG","Nothing",2,"Species|Nothing"
"af19","Nothing",2025-10-27 03:46:17,2025-10-27,"03:46:17",3279,54.6,0.9,0,"E:/alexfraser_tagged/af19_nov1/101RECNX","RCNX2729.JPG","Nothing",4,"Species|Nothing"
"af19","Nothing",2025-10-27 05:39:03,2025-10-27,"05:39:03",6749,112.5,1.9,0.1,"E:/alexfraser_tagged/af19_nov1/101RECNX","RCNX2733.JPG","Nothing",2,"Species|Nothing"
"af19","Nothing",2025-10-27 08:27:33,2025-10-27,"08:27:33",10109,168.5,2.8,0.1,"E:/alexfraser_tagged/af19_nov1/101RECNX","RCNX2735.JPG","Nothing",2,"Species|Nothing"
"af19","Nothing",2025-10-27 10:50:21,2025-10-27,"10:50:21",8541,142.3,2.4,0.1,"E:/alexfraser_tagged/af19_nov1/101RECNX","RCNX2737.JPG","Nothing",2,"Species|Nothing"
"af19","Nothing",2025-10-27 11:33:21,2025-10-27,"11:33:21",2574,42.9,0.7,0,"E:/alexfraser_tagged/af19_nov1/101RECNX","RCNX2739.JPG","Nothing",2,"Species|Nothing"
"af19","Nothing",2025-10-27 13:35:54,2025-10-27,"13:35:54",7330,122.2,2,0.1,"E:/alexfraser_tagged/af19_nov1/101RECNX","RCNX2741.JPG","Nothing",2,"Species|Nothing"
"af19","Nothing",2025-10-27 17:48:16,2025-10-28,"17:48:16",15115,251.9,4.2,0.2,"E:/alexfraser_tagged/af19_nov1/101RECNX","RCNX2743.JPG","Nothing",2,"Species|Nothing"
"af19","Nothing",2025-10-27 18:22:59,2025-10-28,"18:22:59",2080,34.7,0.6,0,"E:/alexfraser_tagged/af19_nov1/101RECNX","RCNX2745.JPG","Nothing",2,"Species|Nothing"
"af19","Nothing",2025-10-27 22:02:38,2025-10-28,"22:02:38",13176,219.6,3.7,0.2,"E:/alexfraser_tagged/af19_nov1/101RECNX","RCNX2747.JPG","Nothing",6,"Species|Nothing"
"af19","Nothing",2025-10-27 22:17:57,2025-10-28,"22:17:57",679,11.3,0.2,0,"E:/alexfraser_tagged/af19_nov1/101RECNX","RCNX2753.JPG","Nothing",2,"Species|Nothing"
"af19","Nothing",2025-10-27 23:20:08,2025-10-28,"23:20:08",3715,61.9,1,0,"E:/alexfraser_tagged/af19_nov1/101RECNX","RCNX2755.JPG","Nothing",1,"Species|Nothing"
"af19","Nothing",2025-10-28 02:26:19,2025-10-28,"02:26:19",11171,186.2,3.1,0.1,"E:/alexfraser_tagged/af19_nov1/101RECNX","RCNX2756.JPG","Nothing",2,"Species|Nothing"
"af19","Nothing",2025-10-28 06:34:41,2025-10-28,"06:34:41",14887,248.1,4.1,0.2,"E:/alexfraser_tagged/af19_nov1/101RECNX","RCNX2758.JPG","Nothing",2,"Species|Nothing"
"af19","Nothing",2025-10-28 08:13:23,2025-10-28,"08:13:23",5921,98.7,1.6,0.1,"E:/alexfraser_tagged/af19_nov1/101RECNX","RCNX2760.JPG","Nothing",2,"Species|Nothing"
"af19","Nothing",2025-10-28 09:25:33,2025-10-28,"09:25:33",4323,72,1.2,0,"E:/alexfraser_tagged/af19_nov1/101RECNX","RCNX2762.JPG","Nothing",1,"Species|Nothing"
"af19","Nothing",2025-10-28 11:43:51,2025-10-28,"11:43:51",8298,138.3,2.3,0.1,"E:/alexfraser_tagged/af19_nov1/101RECNX","RCNX2763.JPG","Nothing",2,"Species|Nothing"
"af19","Nothing",2025-10-28 12:55:06,2025-10-28,"12:55:06",4274,71.2,1.2,0,"E:/alexfraser_tagged/af19_nov1/101RECNX","RCNX2765.JPG","Nothing",2,"Species|Nothing"
"af19","Nothing",2025-10-28 13:18:35,2025-10-28,"13:18:35",1400,23.3,0.4,0,"E:/alexfraser_tagged/af19_nov1/101RECNX","RCNX2767.JPG","Nothing",2,"Species|Nothing"
"af19","Nothing",2025-10-28 13:45:30,2025-10-28,"13:45:30",1609,26.8,0.4,0,"E:/alexfraser_tagged/af19_nov1/101RECNX","RCNX2769.JPG","Nothing",2,"Species|Nothing"
"af19","Nothing",2025-10-28 15:08:00,2025-10-28,"15:08:00",4948,82.5,1.4,0.1,"E:/alexfraser_tagged/af19_nov1/101RECNX","RCNX2771.JPG","Nothing",2,"Species|Nothing"
"af19","Nothing",2025-10-28 21:28:38,2025-10-29,"21:28:38",22832,380.5,6.3,0.3,"E:/alexfraser_tagged/af19_nov1/101RECNX","RCNX2773.JPG","Nothing",2,"Species|Nothing"
"af19","Nothing",2025-10-29 00:02:44,2025-10-29,"00:02:44",9244,154.1,2.6,0.1,"E:/alexfraser_tagged/af19_nov1/101RECNX","RCNX2775.JPG","Nothing",2,"Species|Nothing"
"af19","Nothing",2025-10-29 04:23:59,2025-10-29,"04:23:59",15669,261.1,4.4,0.2,"E:/alexfraser_tagged/af19_nov1/101RECNX","RCNX2777.JPG","Nothing",4,"Species|Nothing"
"af19","Nothing",2025-10-29 05:44:19,2025-10-29,"05:44:19",4788,79.8,1.3,0.1,"E:/alexfraser_tagged/af19_nov1/101RECNX","RCNX2781.JPG","Nothing",2,"Species|Nothing"
"af19","Nothing",2025-10-29 09:00:03,2025-10-29,"09:00:03",11739,195.7,3.3,0.1,"E:/alexfraser_tagged/af19_nov1/101RECNX","RCNX2783.JPG","Nothing",2,"Species|Nothing"
"af19","Nothing",2025-10-29 13:38:23,2025-10-29,"13:38:23",16697,278.3,4.6,0.2,"E:/alexfraser_tagged/af19_nov1/101RECNX","RCNX2785.JPG","Nothing",2,"Species|Nothing"
"af19","Nothing",2025-10-29 17:20:57,2025-10-30,"17:20:57",13349,222.5,3.7,0.2,"E:/alexfraser_tagged/af19_nov1/101RECNX","RCNX2787.JPG","Nothing",2,"Species|Nothing"
"af19","Nothing",2025-10-29 20:43:24,2025-10-30,"20:43:24",12124,202.1,3.4,0.1,"E:/alexfraser_tagged/af19_nov1/101RECNX","RCNX2789.JPG","Nothing",2,"Species|Nothing"
"af19","Nothing",2025-10-29 20:54:48,2025-10-30,"20:54:48",676,11.3,0.2,0,"E:/alexfraser_tagged/af19_nov1/101RECNX","RCNX2791.JPG","Nothing",2,"Species|Nothing"
"af19","Nothing",2025-10-30 01:33:37,2025-10-30,"01:33:37",16727,278.8,4.6,0.2,"E:/alexfraser_tagged/af19_nov1/101RECNX","RCNX2793.JPG","Nothing",2,"Species|Nothing"
"af19","Nothing",2025-10-30 03:48:30,2025-10-30,"03:48:30",8077,134.6,2.2,0.1,"E:/alexfraser_tagged/af19_nov1/101RECNX","RCNX2795.JPG","Nothing",2,"Species|Nothing"
"af19","Nothing",2025-10-30 06:09:42,2025-10-30,"06:09:42",8467,141.1,2.4,0.1,"E:/alexfraser_tagged/af19_nov1/101RECNX","RCNX2797.JPG","Nothing",2,"Species|Nothing"
"af19","Nothing",2025-10-30 08:16:16,2025-10-30,"08:16:16",7587,126.4,2.1,0.1,"E:/alexfraser_tagged/af19_nov1/101RECNX","RCNX2799.JPG","Nothing",4,"Species|Nothing"
"af19","Nothing",2025-10-30 10:07:03,2025-10-30,"10:07:03",6591,109.8,1.8,0.1,"E:/alexfraser_tagged/af19_nov1/101RECNX","RCNX2803.JPG","Nothing",2,"Species|Nothing"
"af19","Nothing",2025-10-30 10:14:04,2025-10-30,"10:14:04",418,7,0.1,0,"E:/alexfraser_tagged/af19_nov1/101RECNX","RCNX2805.JPG","Nothing",1,"Species|Nothing"
"af19","Nothing",2025-10-30 13:02:38,2025-10-30,"13:02:38",10114,168.6,2.8,0.1,"E:/alexfraser_tagged/af19_nov1/101RECNX","RCNX2806.JPG","Nothing",2,"Species|Nothing"
"af19","Nothing",2025-10-30 15:56:22,2025-10-30,"15:56:22",10421,173.7,2.9,0.1,"E:/alexfraser_tagged/af19_nov1/101RECNX","RCNX2808.JPG","Nothing",2,"Species|Nothing"
"af19","Nothing",2025-10-30 17:26:19,2025-10-31,"17:26:19",5396,89.9,1.5,0.1,"E:/alexfraser_tagged/af19_nov1/101RECNX","RCNX2810.JPG","Nothing",2,"Species|Nothing"
"af19","Nothing",2025-10-30 20:50:01,2025-10-31,"20:50:01",12220,203.7,3.4,0.1,"E:/alexfraser_tagged/af19_nov1/101RECNX","RCNX2812.JPG","Nothing",2,"Species|Nothing"
"af19","Nothing",2025-10-30 21:05:56,2025-10-31,"21:05:56",945,15.8,0.3,0,"E:/alexfraser_tagged/af19_nov1/101RECNX","RCNX2814.JPG","Nothing",2,"Species|Nothing"
"af19","Nothing",2025-10-30 21:18:34,2025-10-31,"21:18:34",732,12.2,0.2,0,"E:/alexfraser_tagged/af19_nov1/101RECNX","RCNX2816.JPG","Nothing",2,"Species|Nothing"
"af19","Nothing",2025-10-30 22:06:30,2025-10-31,"22:06:30",2875,47.9,0.8,0,"E:/alexfraser_tagged/af19_nov1/101RECNX","RCNX2818.JPG","Nothing",2,"Species|Nothing"
"af19","Nothing",2025-10-31 04:20:08,2025-10-31,"04:20:08",22417,373.6,6.2,0.3,"E:/alexfraser_tagged/af19_nov1/101RECNX","RCNX2820.JPG","Nothing",1,"Species|Nothing"
"af19","Nothing",2025-10-31 07:43:32,2025-10-31,"07:43:32",12204,203.4,3.4,0.1,"E:/alexfraser_tagged/af19_nov1/101RECNX","RCNX2821.JPG","Nothing",2,"Species|Nothing"
"af19","Nothing",2025-10-31 08:58:41,2025-10-31,"08:58:41",4499,75,1.2,0,"E:/alexfraser_tagged/af19_nov1/101RECNX","RCNX2823.JPG","Nothing",2,"Species|Nothing"
"af19","Nothing",2025-10-31 12:22:28,2025-10-31,"12:22:28",12224,203.7,3.4,0.1,"E:/alexfraser_tagged/af19_nov1/101RECNX","RCNX2825.JPG","Nothing",4,"Species|Nothing"
"af19","Nothing",2025-10-31 14:22:52,2025-10-31,"14:22:52",7181,119.7,2,0.1,"E:/alexfraser_tagged/af19_nov1/101RECNX","RCNX2829.JPG","Nothing",2,"Species|Nothing"
"af19","Nothing",2025-10-31 16:05:13,2025-10-31,"16:05:13",6126,102.1,1.7,0.1,"E:/alexfraser_tagged/af19_nov1/101RECNX","RCNX2831.JPG","Nothing",2,"Species|Nothing"
"af19","Nothing",2025-10-31 17:28:23,2025-11-01,"17:28:23",4966,82.8,1.4,0.1,"E:/alexfraser_tagged/af19_nov1/101RECNX","RCNX2833.JPG","Nothing",2,"Species|Nothing"
"af19","Nothing",2025-10-31 21:25:06,2025-11-01,"21:25:06",14194,236.6,3.9,0.2,"E:/alexfraser_tagged/af19_nov1/101RECNX","RCNX2835.JPG","Nothing",2,"Species|Nothing"
"af19","Nothing",2025-11-01 00:05:13,2025-11-01,"00:05:13",9595,159.9,2.7,0.1,"E:/alexfraser_tagged/af19_nov1/101RECNX","RCNX2837.JPG","Nothing",2,"Species|Nothing"
"af19","Nothing",2025-11-01 01:11:37,2025-11-01,"01:11:37",3979,66.3,1.1,0,"E:/alexfraser_tagged/af19_nov1/101RECNX","RCNX2839.JPG","Nothing",2,"Species|Nothing"
"af19","Nothing",2025-11-01 02:53:05,2025-11-01,"02:53:05",6084,101.4,1.7,0.1,"E:/alexfraser_tagged/af19_nov1/101RECNX","RCNX2841.JPG","Nothing",2,"Species|Nothing"
"af19","Nothing",2025-11-01 04:14:40,2025-11-01,"04:14:40",4890,81.5,1.4,0.1,"E:/alexfraser_tagged/af19_nov1/101RECNX","RCNX2843.JPG","Nothing",2,"Species|Nothing"
"af19","Nothing",2025-11-01 05:10:55,2025-11-01,"05:10:55",3367,56.1,0.9,0,"E:/alexfraser_tagged/af19_nov1/101RECNX","RCNX2845.JPG","Nothing",2,"Species|Nothing"
"af19","Nothing",2025-11-01 10:34:20,2025-11-01,"10:34:20",19401,323.4,5.4,0.2,"E:/alexfraser_tagged/af19_nov1/101RECNX","RCNX2847.JPG","Nothing",2,"Species|Nothing"
"af19","Nothing",2025-11-01 11:42:03,2025-11-01,"11:42:03",4058,67.6,1.1,0,"E:/alexfraser_tagged/af19_nov1/101RECNX","RCNX2849.JPG","Nothing",2,"Species|Nothing"
"af19","Nothing",2025-11-01 12:06:20,2025-11-01,"12:06:20",1454,24.2,0.4,0,"E:/alexfraser_tagged/af19_nov1/101RECNX","RCNX2851.JPG","Nothing",2,"Species|Nothing"
"af19","Nothing",2025-11-01 12:32:21,2025-11-01,"12:32:21",1554,25.9,0.4,0,"E:/alexfraser_tagged/af19_nov1/101RECNX","RCNX2853.JPG","Nothing",2,"Species|Nothing"
"af19","Nothing",2025-11-01 14:02:30,2025-11-01,"14:02:30",5407,90.1,1.5,0.1,"E:/alexfraser_tagged/af19_nov1/101RECNX","RCNX2855.JPG","Nothing",2,"Species|Nothing"
"af19","Nothing",2025-11-01 16:28:49,2025-11-01,"16:28:49",8774,146.2,2.4,0.1,"E:/alexfraser_tagged/af19_nov1/101RECNX","RCNX2857.JPG","Nothing",2,"Species|Nothing"
"af19","Nothing",2025-11-01 17:00:34,2025-11-02,"17:00:34",1901,31.7,0.5,0,"E:/alexfraser_tagged/af19_nov1/101RECNX","RCNX2859.JPG","Nothing",2,"Species|Nothing"
"af19","Nothing",2025-11-01 17:08:14,2025-11-02,"17:08:14",457,7.6,0.1,0,"E:/alexfraser_tagged/af19_nov1/101RECNX","RCNX2861.JPG","Nothing",2,"Species|Nothing"
"af19","Nothing",2025-11-01 17:31:17,2025-11-02,"17:31:17",1376,22.9,0.4,0,"E:/alexfraser_tagged/af19_nov1/101RECNX","RCNX2863.JPG","Nothing",2,"Species|Nothing"
"af19","Nothing",2025-11-01 18:46:56,2025-11-02,"18:46:56",4514,75.2,1.3,0.1,"E:/alexfraser_tagged/af19_nov1/101RECNX","RCNX2865.JPG","Nothing",2,"Species|Nothing"
"af19","Nothing",2025-11-01 20:10:40,2025-11-02,"20:10:40",5023,83.7,1.4,0.1,"E:/alexfraser_tagged/af19_nov1/101RECNX","RCNX2867.JPG","Nothing",2,"Species|Nothing"
"af19","Nothing",2025-11-01 21:11:17,2025-11-02,"21:11:17",3625,60.4,1,0,"E:/alexfraser_tagged/af19_nov1/101RECNX","RCNX2869.JPG","Nothing",2,"Species|Nothing"
"af19","Nothing",2025-11-01 23:20:34,2025-11-02,"23:20:34",7750,129.2,2.2,0.1,"E:/alexfraser_tagged/af19_nov1/101RECNX","RCNX2871.JPG","Nothing",1,"Species|Nothing"
"af19","Nothing",2025-11-02 00:44:50,2025-11-02,"00:44:50",5056,84.3,1.4,0.1,"E:/alexfraser_tagged/af19_nov1/101RECNX","RCNX2872.JPG","Nothing",2,"Species|Nothing"
"af19","People",2025-08-06 15:57:09,2025-08-06,"15:57:09",0,0,0,0,"E:/alexfraser_tagged/af19_nov1/100RECNX","RCNX0001.JPG","People",27,"Species|People"
"af19","People",2025-08-06 16:11:14,2025-08-06,"16:11:14",812,13.5,0.2,0,"E:/alexfraser_tagged/af19_nov1/101RECNX","RCNX0001.JPG","People",39,"Species|People"
"af19","People",2025-11-02 12:15:40,2025-11-02,"12:15:40",7592617,126543.6,2109.1,87.9,"E:/alexfraser_tagged/af19_nov1/101RECNX","RCNX2874.JPG","People",34,"Species|People"
"af19","Red squirrel",2025-08-22 15:48:58,2025-08-22,"15:48:58",0,0,0,0,"E:/alexfraser_tagged/af19_nov1/101RECNX","RCNX0619.JPG","Red squirrel",2,"Species|Red squirrel"
"af19","Red squirrel",2025-09-19 08:25:24,2025-09-19,"08:25:24",2392583,39876.4,664.6,27.7,"E:/alexfraser_tagged/af19_nov1/101RECNX","RCNX1749.JPG","Red squirrel",1,"Species|Red squirrel"
"af19","Red squirrel",2025-10-15 10:42:00,2025-10-15,"10:42:00",2254596,37576.6,626.3,26.1,"E:/alexfraser_tagged/af19_nov1/101RECNX","RCNX2439.JPG","Red squirrel",1,"Species|Red squirrel"
"af19","Snowshoe hare",2025-08-10 22:08:24,2025-08-11,"22:08:24",0,0,0,0,"E:/alexfraser_tagged/af19_nov1/101RECNX","RCNX0201.JPG","Snowshoe hare",1,"Species|Snowshoe hare"
"af19","Snowshoe hare",2025-08-14 01:49:43,2025-08-14,"01:49:43",272479,4541.3,75.7,3.2,"E:/alexfraser_tagged/af19_nov1/101RECNX","RCNX0337.JPG","Snowshoe hare",2,"Species|Snowshoe hare"
"af19","Snowshoe hare",2025-09-16 19:47:11,2025-09-17,"19:47:11",2915847,48597.4,810,33.8,"E:/alexfraser_tagged/af19_nov1/101RECNX","RCNX1661.JPG","Snowshoe hare",3,"Species|Snowshoe hare"
"af19","Snowshoe hare",2025-09-19 21:52:15,2025-09-20,"21:52:15",266692,4444.9,74.1,3.1,"E:/alexfraser_tagged/af19_nov1/101RECNX","RCNX1766.JPG","Snowshoe hare",1,"Species|Snowshoe hare"
"af19","Snowshoe hare",2025-09-19 23:40:59,2025-09-20,"23:40:59",6524,108.7,1.8,0.1,"E:/alexfraser_tagged/af19_nov1/101RECNX","RCNX1768.JPG","Snowshoe hare",2,"Species|Snowshoe hare"
"af19","Snowshoe hare",2025-10-06 20:18:25,2025-10-07,"20:18:25",1456644,24277.4,404.6,16.9,"E:/alexfraser_tagged/af19_nov1/101RECNX","RCNX2231.JPG","Snowshoe hare",15,"Species|Snowshoe hare"
"af19","Snowshoe hare",2025-10-08 05:06:36,2025-10-08,"05:06:36",117826,1963.8,32.7,1.4,"E:/alexfraser_tagged/af19_nov1/101RECNX","RCNX2269.JPG","Snowshoe hare",11,"Species|Snowshoe hare"
"af19","Snowshoe hare",2025-10-08 05:16:08,2025-10-08,"05:16:08",395,6.6,0.1,0,"E:/alexfraser_tagged/af19_nov1/101RECNX","RCNX2281.JPG","Snowshoe hare",12,"Species|Snowshoe hare"
"af19","Snowshoe hare",2025-10-11 01:19:47,2025-10-11,"01:19:47",244818,4080.3,68,2.8,"E:/alexfraser_tagged/af19_nov1/101RECNX","RCNX2358.JPG","Snowshoe hare",5,"Species|Snowshoe hare"
"af19","Snowshoe hare",2025-10-16 20:21:24,2025-10-17,"20:21:24",500419,8340.3,139,5.8,"E:/alexfraser_tagged/af19_nov1/101RECNX","RCNX2489.JPG","Snowshoe hare",6,"Species|Snowshoe hare"
"af19","Snowshoe hare",2025-10-16 20:34:35,2025-10-17,"20:34:35",344,5.7,0.1,0,"E:/alexfraser_tagged/af19_nov1/101RECNX","RCNX2496.JPG","Snowshoe hare",6,"Species|Snowshoe hare"
"af19","Snowshoe hare",2025-10-19 05:51:41,2025-10-19,"05:51:41",206079,3434.7,57.2,2.4,"E:/alexfraser_tagged/af19_nov1/101RECNX","RCNX2556.JPG","Snowshoe hare",9,"Species|Snowshoe hare"
"af2","Bird",2025-07-25 10:30:11,2025-07-25,"10:30:11",0,0,0,0,"E:/alexfraser_tagged/af2_nov1/102RECNX","RCNX0183.JPG","Bird",1,"Species|Bird"
"af2","Black bear",2025-08-17 08:08:28,2025-08-17,"08:08:28",0,0,0,0,"E:/alexfraser_tagged/af2_nov1/102RECNX","RCNX0820.JPG","Black bear",18,"Species|Black bear"
"af2","Black bear",2025-10-05 07:40:30,2025-10-05,"07:40:30",4231897,70531.6,1175.5,49,"E:/alexfraser_tagged/af2_nov1/102RECNX","RCNX1633.JPG","Black bear",12,"Species|Black bear"
"af2","Moose",2025-08-28 06:30:32,2025-08-28,"06:30:32",0,0,0,0,"E:/alexfraser_tagged/af2_nov1/102RECNX","RCNX1190.JPG","Moose",13,"Species|Moose"
"af2","Moose",2025-09-30 09:54:27,2025-09-30,"09:54:27",2863422,47723.7,795.4,33.1,"E:/alexfraser_tagged/af2_nov1/102RECNX","RCNX1563.JPG","Moose",6,"Species|Moose"
"af2","Mule deer",2025-07-27 21:27:49,2025-07-28,"21:27:49",0,0,0,0,"E:/alexfraser_tagged/af2_nov1/102RECNX","RCNX0314.JPG","Mule deer",53,"Species|Mule deer"
"af2","Nothing",2025-07-15 10:50:39,2025-07-15,"10:50:39",0,0,0,0,"E:/alexfraser_tagged/af2_nov1/102RECNX","RCNX0027.JPG","Nothing",1,"Species|Nothing"
"af2","Nothing",2025-07-15 13:36:08,2025-07-15,"13:36:08",9929,165.5,2.8,0.1,"E:/alexfraser_tagged/af2_nov1/102RECNX","RCNX0028.JPG","Nothing",1,"Species|Nothing"
"af2","Nothing",2025-07-15 13:57:18,2025-07-15,"13:57:18",1270,21.2,0.4,0,"E:/alexfraser_tagged/af2_nov1/102RECNX","RCNX0029.JPG","Nothing",1,"Species|Nothing"
"af2","Nothing",2025-07-15 14:29:49,2025-07-15,"14:29:49",1951,32.5,0.5,0,"E:/alexfraser_tagged/af2_nov1/102RECNX","RCNX0030.JPG","Nothing",1,"Species|Nothing"
"af2","Nothing",2025-07-15 14:35:58,2025-07-15,"14:35:58",369,6.2,0.1,0,"E:/alexfraser_tagged/af2_nov1/102RECNX","RCNX0031.JPG","Nothing",2,"Species|Nothing"
"af2","Nothing",2025-07-15 14:48:49,2025-07-15,"14:48:49",657,10.9,0.2,0,"E:/alexfraser_tagged/af2_nov1/102RECNX","RCNX0033.JPG","Nothing",2,"Species|Nothing"
"af2","Nothing",2025-07-15 15:04:23,2025-07-15,"15:04:23",657,10.9,0.2,0,"E:/alexfraser_tagged/af2_nov1/102RECNX","RCNX0035.JPG","Nothing",2,"Species|Nothing"
"af2","Nothing",2025-07-15 15:20:13,2025-07-15,"15:20:13",874,14.6,0.2,0,"E:/alexfraser_tagged/af2_nov1/102RECNX","RCNX0037.JPG","Nothing",1,"Species|Nothing"
"af2","Nothing",2025-07-15 15:26:12,2025-07-15,"15:26:12",359,6,0.1,0,"E:/alexfraser_tagged/af2_nov1/102RECNX","RCNX0038.JPG","Nothing",1,"Species|Nothing"
"af2","Nothing",2025-07-15 15:54:55,2025-07-15,"15:54:55",1723,28.7,0.5,0,"E:/alexfraser_tagged/af2_nov1/102RECNX","RCNX0039.JPG","Nothing",1,"Species|Nothing"
"af2","Nothing",2025-07-15 16:01:10,2025-07-15,"16:01:10",375,6.2,0.1,0,"E:/alexfraser_tagged/af2_nov1/102RECNX","RCNX0040.JPG","Nothing",8,"Species|Nothing"
"af2","Nothing",2025-07-15 16:21:25,2025-07-15,"16:21:25",481,8,0.1,0,"E:/alexfraser_tagged/af2_nov1/102RECNX","RCNX0048.JPG","Nothing",3,"Species|Nothing"
"af2","Nothing",2025-07-15 16:53:06,2025-07-15,"16:53:06",1761,29.4,0.5,0,"E:/alexfraser_tagged/af2_nov1/102RECNX","RCNX0051.JPG","Nothing",5,"Species|Nothing"
"af2","Nothing",2025-07-16 06:32:39,2025-07-16,"06:32:39",49091,818.2,13.6,0.6,"E:/alexfraser_tagged/af2_nov1/102RECNX","RCNX0056.JPG","Nothing",1,"Species|Nothing"
"af2","Nothing",2025-07-16 14:21:34,2025-07-16,"14:21:34",28135,468.9,7.8,0.3,"E:/alexfraser_tagged/af2_nov1/102RECNX","RCNX0057.JPG","Nothing",11,"Species|Nothing"
"af2","Nothing",2025-07-16 14:42:09,2025-07-16,"14:42:09",652,10.9,0.2,0,"E:/alexfraser_tagged/af2_nov1/102RECNX","RCNX0068.JPG","Nothing",2,"Species|Nothing"
"af2","Nothing",2025-07-16 17:46:17,2025-07-17,"17:46:17",11044,184.1,3.1,0.1,"E:/alexfraser_tagged/af2_nov1/102RECNX","RCNX0070.JPG","Nothing",6,"Species|Nothing"
"af2","Nothing",2025-07-18 14:46:08,2025-07-18,"14:46:08",161175,2686.2,44.8,1.9,"E:/alexfraser_tagged/af2_nov1/102RECNX","RCNX0076.JPG","Nothing",1,"Species|Nothing"
"af2","Nothing",2025-07-18 14:59:42,2025-07-18,"14:59:42",814,13.6,0.2,0,"E:/alexfraser_tagged/af2_nov1/102RECNX","RCNX0077.JPG","Nothing",2,"Species|Nothing"
"af2","Nothing",2025-07-18 15:10:20,2025-07-18,"15:10:20",417,7,0.1,0,"E:/alexfraser_tagged/af2_nov1/102RECNX","RCNX0079.JPG","Nothing",1,"Species|Nothing"
"af2","Nothing",2025-07-18 15:16:43,2025-07-18,"15:16:43",383,6.4,0.1,0,"E:/alexfraser_tagged/af2_nov1/102RECNX","RCNX0080.JPG","Nothing",2,"Species|Nothing"
"af2","Nothing",2025-07-18 15:46:30,2025-07-18,"15:46:30",1737,29,0.5,0,"E:/alexfraser_tagged/af2_nov1/102RECNX","RCNX0082.JPG","Nothing",2,"Species|Nothing"
"af2","Nothing",2025-07-18 15:59:34,2025-07-18,"15:59:34",729,12.2,0.2,0,"E:/alexfraser_tagged/af2_nov1/102RECNX","RCNX0084.JPG","Nothing",1,"Species|Nothing"
"af2","Nothing",2025-07-18 16:06:27,2025-07-18,"16:06:27",413,6.9,0.1,0,"E:/alexfraser_tagged/af2_nov1/102RECNX","RCNX0085.JPG","Nothing",1,"Species|Nothing"
"af2","Nothing",2025-07-19 12:50:47,2025-07-19,"12:50:47",74660,1244.3,20.7,0.9,"E:/alexfraser_tagged/af2_nov1/102RECNX","RCNX0086.JPG","Nothing",1,"Species|Nothing"
"af2","Nothing",2025-07-20 15:09:20,2025-07-20,"15:09:20",94713,1578.6,26.3,1.1,"E:/alexfraser_tagged/af2_nov1/102RECNX","RCNX0087.JPG","Nothing",2,"Species|Nothing"
"af2","Nothing",2025-07-20 15:27:54,2025-07-20,"15:27:54",855,14.2,0.2,0,"E:/alexfraser_tagged/af2_nov1/102RECNX","RCNX0089.JPG","Nothing",3,"Species|Nothing"
"af2","Nothing",2025-07-20 16:34:09,2025-07-20,"16:34:09",3554,59.2,1,0,"E:/alexfraser_tagged/af2_nov1/102RECNX","RCNX0092.JPG","Nothing",1,"Species|Nothing"
"af2","Nothing",2025-07-20 17:00:51,2025-07-21,"17:00:51",1602,26.7,0.4,0,"E:/alexfraser_tagged/af2_nov1/102RECNX","RCNX0093.JPG","Nothing",1,"Species|Nothing"
"af2","Nothing",2025-07-21 07:38:56,2025-07-21,"07:38:56",52685,878.1,14.6,0.6,"E:/alexfraser_tagged/af2_nov1/102RECNX","RCNX0094.JPG","Nothing",1,"Species|Nothing"
"af2","Nothing",2025-07-21 15:40:12,2025-07-21,"15:40:12",28876,481.3,8,0.3,"E:/alexfraser_tagged/af2_nov1/102RECNX","RCNX0095.JPG","Nothing",1,"Species|Nothing"
"af2","Nothing",2025-07-21 15:45:15,2025-07-21,"15:45:15",303,5,0.1,0,"E:/alexfraser_tagged/af2_nov1/102RECNX","RCNX0096.JPG","Nothing",4,"Species|Nothing"
"af2","Nothing",2025-07-21 16:06:10,2025-07-21,"16:06:10",985,16.4,0.3,0,"E:/alexfraser_tagged/af2_nov1/102RECNX","RCNX0100.JPG","Nothing",7,"Species|Nothing"
"af2","Nothing",2025-07-21 16:22:23,2025-07-21,"16:22:23",742,12.4,0.2,0,"E:/alexfraser_tagged/af2_nov1/102RECNX","RCNX0107.JPG","Nothing",4,"Species|Nothing"
"af2","Nothing",2025-07-21 16:43:35,2025-07-21,"16:43:35",769,12.8,0.2,0,"E:/alexfraser_tagged/af2_nov1/102RECNX","RCNX0111.JPG","Nothing",1,"Species|Nothing"
"af2","Nothing",2025-07-21 16:49:23,2025-07-21,"16:49:23",348,5.8,0.1,0,"E:/alexfraser_tagged/af2_nov1/102RECNX","RCNX0112.JPG","Nothing",13,"Species|Nothing"
"af2","Nothing",2025-07-21 17:46:38,2025-07-22,"17:46:38",2627,43.8,0.7,0,"E:/alexfraser_tagged/af2_nov1/102RECNX","RCNX0125.JPG","Nothing",6,"Species|Nothing"
"af2","Nothing",2025-07-21 18:27:08,2025-07-22,"18:27:08",1944,32.4,0.5,0,"E:/alexfraser_tagged/af2_nov1/102RECNX","RCNX0131.JPG","Nothing",1,"Species|Nothing"
"af2","Nothing",2025-07-22 13:20:35,2025-07-22,"13:20:35",68007,1133.4,18.9,0.8,"E:/alexfraser_tagged/af2_nov1/102RECNX","RCNX0132.JPG","Nothing",1,"Species|Nothing"
"af2","Nothing",2025-07-22 14:01:29,2025-07-22,"14:01:29",2454,40.9,0.7,0,"E:/alexfraser_tagged/af2_nov1/102RECNX","RCNX0133.JPG","Nothing",2,"Species|Nothing"
"af2","Nothing",2025-07-22 14:17:35,2025-07-22,"14:17:35",675,11.2,0.2,0,"E:/alexfraser_tagged/af2_nov1/102RECNX","RCNX0135.JPG","Nothing",2,"Species|Nothing"
"af2","Nothing",2025-07-22 14:25:34,2025-07-22,"14:25:34",314,5.2,0.1,0,"E:/alexfraser_tagged/af2_nov1/102RECNX","RCNX0137.JPG","Nothing",4,"Species|Nothing"
"af2","Nothing",2025-07-22 14:47:13,2025-07-22,"14:47:13",1149,19.1,0.3,0,"E:/alexfraser_tagged/af2_nov1/102RECNX","RCNX0141.JPG","Nothing",1,"Species|Nothing"
"af2","Nothing",2025-07-22 14:52:23,2025-07-22,"14:52:23",310,5.2,0.1,0,"E:/alexfraser_tagged/af2_nov1/102RECNX","RCNX0142.JPG","Nothing",1,"Species|Nothing"
"af2","Nothing",2025-07-22 14:58:38,2025-07-22,"14:58:38",375,6.2,0.1,0,"E:/alexfraser_tagged/af2_nov1/102RECNX","RCNX0143.JPG","Nothing",1,"Species|Nothing"
"af2","Nothing",2025-07-22 15:14:52,2025-07-22,"15:14:52",974,16.2,0.3,0,"E:/alexfraser_tagged/af2_nov1/102RECNX","RCNX0144.JPG","Nothing",4,"Species|Nothing"
"af2","Nothing",2025-07-22 15:26:06,2025-07-22,"15:26:06",485,8.1,0.1,0,"E:/alexfraser_tagged/af2_nov1/102RECNX","RCNX0148.JPG","Nothing",1,"Species|Nothing"
"af2","Nothing",2025-07-22 16:24:54,2025-07-22,"16:24:54",3528,58.8,1,0,"E:/alexfraser_tagged/af2_nov1/102RECNX","RCNX0149.JPG","Nothing",1,"Species|Nothing"
"af2","Nothing",2025-07-22 16:32:07,2025-07-22,"16:32:07",433,7.2,0.1,0,"E:/alexfraser_tagged/af2_nov1/102RECNX","RCNX0150.JPG","Nothing",1,"Species|Nothing"
"af2","Nothing",2025-07-22 16:44:47,2025-07-22,"16:44:47",760,12.7,0.2,0,"E:/alexfraser_tagged/af2_nov1/102RECNX","RCNX0151.JPG","Nothing",5,"Species|Nothing"
"af2","Nothing",2025-07-22 17:36:26,2025-07-23,"17:36:26",2865,47.8,0.8,0,"E:/alexfraser_tagged/af2_nov1/102RECNX","RCNX0156.JPG","Nothing",3,"Species|Nothing"
"af2","Nothing",2025-07-23 14:07:43,2025-07-23,"14:07:43",73875,1231.2,20.5,0.9,"E:/alexfraser_tagged/af2_nov1/102RECNX","RCNX0159.JPG","Nothing",1,"Species|Nothing"
"af2","Nothing",2025-07-23 14:52:01,2025-07-23,"14:52:01",2658,44.3,0.7,0,"E:/alexfraser_tagged/af2_nov1/102RECNX","RCNX0160.JPG","Nothing",1,"Species|Nothing"
"af2","Nothing",2025-07-23 15:26:10,2025-07-23,"15:26:10",2049,34.1,0.6,0,"E:/alexfraser_tagged/af2_nov1/102RECNX","RCNX0161.JPG","Nothing",3,"Species|Nothing"
"af2","Nothing",2025-07-23 16:19:08,2025-07-23,"16:19:08",2900,48.3,0.8,0,"E:/alexfraser_tagged/af2_nov1/102RECNX","RCNX0164.JPG","Nothing",1,"Species|Nothing"
"af2","Nothing",2025-07-23 16:48:11,2025-07-23,"16:48:11",1743,29,0.5,0,"E:/alexfraser_tagged/af2_nov1/102RECNX","RCNX0165.JPG","Nothing",1,"Species|Nothing"
"af2","Nothing",2025-07-24 13:22:08,2025-07-24,"13:22:08",74037,1234,20.6,0.9,"E:/alexfraser_tagged/af2_nov1/102RECNX","RCNX0166.JPG","Nothing",2,"Species|Nothing"
"af2","Nothing",2025-07-24 13:48:57,2025-07-24,"13:48:57",1363,22.7,0.4,0,"E:/alexfraser_tagged/af2_nov1/102RECNX","RCNX0168.JPG","Nothing",1,"Species|Nothing"
"af2","Nothing",2025-07-24 14:22:28,2025-07-24,"14:22:28",2011,33.5,0.6,0,"E:/alexfraser_tagged/af2_nov1/102RECNX","RCNX0169.JPG","Nothing",1,"Species|Nothing"
"af2","Nothing",2025-07-24 14:51:41,2025-07-24,"14:51:41",1753,29.2,0.5,0,"E:/alexfraser_tagged/af2_nov1/102RECNX","RCNX0170.JPG","Nothing",1,"Species|Nothing"
"af2","Nothing",2025-07-24 15:12:29,2025-07-24,"15:12:29",1248,20.8,0.3,0,"E:/alexfraser_tagged/af2_nov1/102RECNX","RCNX0171.JPG","Nothing",2,"Species|Nothing"
"af2","Nothing",2025-07-24 15:29:48,2025-07-24,"15:29:48",1036,17.3,0.3,0,"E:/alexfraser_tagged/af2_nov1/102RECNX","RCNX0173.JPG","Nothing",2,"Species|Nothing"
"af2","Nothing",2025-07-24 15:40:16,2025-07-24,"15:40:16",621,10.3,0.2,0,"E:/alexfraser_tagged/af2_nov1/102RECNX","RCNX0175.JPG","Nothing",6,"Species|Nothing"
"af2","Nothing",2025-07-24 18:35:20,2025-07-25,"18:35:20",9607,160.1,2.7,0.1,"E:/alexfraser_tagged/af2_nov1/102RECNX","RCNX0181.JPG","Nothing",2,"Species|Nothing"
"af2","Nothing",2025-07-25 11:23:00,2025-07-25,"11:23:00",60459,1007.6,16.8,0.7,"E:/alexfraser_tagged/af2_nov1/102RECNX","RCNX0184.JPG","Nothing",1,"Species|Nothing"
"af2","Nothing",2025-07-25 12:55:11,2025-07-25,"12:55:11",5531,92.2,1.5,0.1,"E:/alexfraser_tagged/af2_nov1/102RECNX","RCNX0185.JPG","Nothing",1,"Species|Nothing"
"af2","Nothing",2025-07-25 13:06:08,2025-07-25,"13:06:08",657,10.9,0.2,0,"E:/alexfraser_tagged/af2_nov1/102RECNX","RCNX0186.JPG","Nothing",2,"Species|Nothing"
"af2","Nothing",2025-07-25 13:34:12,2025-07-25,"13:34:12",1472,24.5,0.4,0,"E:/alexfraser_tagged/af2_nov1/102RECNX","RCNX0188.JPG","Nothing",1,"Species|Nothing"
"af2","Nothing",2025-07-25 13:44:02,2025-07-25,"13:44:02",590,9.8,0.2,0,"E:/alexfraser_tagged/af2_nov1/102RECNX","RCNX0189.JPG","Nothing",6,"Species|Nothing"
"af2","Nothing",2025-07-25 14:01:47,2025-07-25,"14:01:47",482,8,0.1,0,"E:/alexfraser_tagged/af2_nov1/102RECNX","RCNX0195.JPG","Nothing",1,"Species|Nothing"
"af2","Nothing",2025-07-25 14:19:13,2025-07-25,"14:19:13",1046,17.4,0.3,0,"E:/alexfraser_tagged/af2_nov1/102RECNX","RCNX0196.JPG","Nothing",6,"Species|Nothing"
"af2","Nothing",2025-07-25 14:34:18,2025-07-25,"14:34:18",541,9,0.1,0,"E:/alexfraser_tagged/af2_nov1/102RECNX","RCNX0203.JPG","Nothing",21,"Species|Nothing"
"af2","Nothing",2025-07-25 14:59:28,2025-07-25,"14:59:28",361,6,0.1,0,"E:/alexfraser_tagged/af2_nov1/102RECNX","RCNX0224.JPG","Nothing",9,"Species|Nothing"
"af2","Nothing",2025-07-25 15:09:39,2025-07-25,"15:09:39",335,5.6,0.1,0,"E:/alexfraser_tagged/af2_nov1/102RECNX","RCNX0233.JPG","Nothing",15,"Species|Nothing"
"af2","Nothing",2025-07-25 15:25:54,2025-07-25,"15:25:54",302,5,0.1,0,"E:/alexfraser_tagged/af2_nov1/102RECNX","RCNX0248.JPG","Nothing",6,"Species|Nothing"
"af2","Nothing",2025-07-25 15:33:13,2025-07-25,"15:33:13",314,5.2,0.1,0,"E:/alexfraser_tagged/af2_nov1/102RECNX","RCNX0254.JPG","Nothing",1,"Species|Nothing"
"af2","Nothing",2025-07-25 15:39:41,2025-07-25,"15:39:41",388,6.5,0.1,0,"E:/alexfraser_tagged/af2_nov1/102RECNX","RCNX0255.JPG","Nothing",7,"Species|Nothing"
"af2","Nothing",2025-07-25 16:18:34,2025-07-25,"16:18:34",1919,32,0.5,0,"E:/alexfraser_tagged/af2_nov1/102RECNX","RCNX0262.JPG","Nothing",6,"Species|Nothing"
"af2","Nothing",2025-07-25 16:32:00,2025-07-25,"16:32:00",300,5,0.1,0,"E:/alexfraser_tagged/af2_nov1/102RECNX","RCNX0268.JPG","Nothing",10,"Species|Nothing"
"af2","Nothing",2025-07-25 16:45:05,2025-07-25,"16:45:05",424,7.1,0.1,0,"E:/alexfraser_tagged/af2_nov1/102RECNX","RCNX0278.JPG","Nothing",4,"Species|Nothing"
"af2","Nothing",2025-07-25 17:02:34,2025-07-26,"17:02:34",954,15.9,0.3,0,"E:/alexfraser_tagged/af2_nov1/102RECNX","RCNX0282.JPG","Nothing",1,"Species|Nothing"
"af2","Nothing",2025-07-25 17:51:57,2025-07-26,"17:51:57",2963,49.4,0.8,0,"E:/alexfraser_tagged/af2_nov1/102RECNX","RCNX0283.JPG","Nothing",8,"Species|Nothing"
"af2","Nothing",2025-07-25 18:07:30,2025-07-26,"18:07:30",813,13.6,0.2,0,"E:/alexfraser_tagged/af2_nov1/102RECNX","RCNX0291.JPG","Nothing",4,"Species|Nothing"
"af2","Nothing",2025-07-25 18:24:28,2025-07-26,"18:24:28",838,14,0.2,0,"E:/alexfraser_tagged/af2_nov1/102RECNX","RCNX0295.JPG","Nothing",1,"Species|Nothing"
"af2","Nothing",2025-07-25 18:37:03,2025-07-26,"18:37:03",755,12.6,0.2,0,"E:/alexfraser_tagged/af2_nov1/102RECNX","RCNX0296.JPG","Nothing",2,"Species|Nothing"
"af2","Nothing",2025-07-26 13:01:34,2025-07-26,"13:01:34",66255,1104.2,18.4,0.8,"E:/alexfraser_tagged/af2_nov1/102RECNX","RCNX0298.JPG","Nothing",3,"Species|Nothing"
"af2","Nothing",2025-07-26 13:25:10,2025-07-26,"13:25:10",1177,19.6,0.3,0,"E:/alexfraser_tagged/af2_nov1/102RECNX","RCNX0301.JPG","Nothing",1,"Species|Nothing"
"af2","Nothing",2025-07-26 15:04:57,2025-07-26,"15:04:57",5987,99.8,1.7,0.1,"E:/alexfraser_tagged/af2_nov1/102RECNX","RCNX0302.JPG","Nothing",6,"Species|Nothing"
"af2","Nothing",2025-07-27 13:48:37,2025-07-27,"13:48:37",81584,1359.7,22.7,0.9,"E:/alexfraser_tagged/af2_nov1/102RECNX","RCNX0308.JPG","Nothing",1,"Species|Nothing"
"af2","Nothing",2025-07-27 15:32:50,2025-07-27,"15:32:50",6253,104.2,1.7,0.1,"E:/alexfraser_tagged/af2_nov1/102RECNX","RCNX0309.JPG","Nothing",2,"Species|Nothing"
"af2","Nothing",2025-07-27 15:40:14,2025-07-27,"15:40:14",335,5.6,0.1,0,"E:/alexfraser_tagged/af2_nov1/102RECNX","RCNX0311.JPG","Nothing",2,"Species|Nothing"
"af2","Nothing",2025-07-27 16:33:00,2025-07-27,"16:33:00",3163,52.7,0.9,0,"E:/alexfraser_tagged/af2_nov1/102RECNX","RCNX0313.JPG","Nothing",1,"Species|Nothing"
"af2","Nothing",2025-07-28 14:56:29,2025-07-28,"14:56:29",80609,1343.5,22.4,0.9,"E:/alexfraser_tagged/af2_nov1/102RECNX","RCNX0374.JPG","Nothing",1,"Species|Nothing"
"af2","Nothing",2025-07-28 15:13:46,2025-07-28,"15:13:46",1037,17.3,0.3,0,"E:/alexfraser_tagged/af2_nov1/102RECNX","RCNX0375.JPG","Nothing",2,"Species|Nothing"
"af2","Nothing",2025-07-28 15:27:30,2025-07-28,"15:27:30",823,13.7,0.2,0,"E:/alexfraser_tagged/af2_nov1/102RECNX","RCNX0377.JPG","Nothing",1,"Species|Nothing"
"af2","Nothing",2025-07-28 15:40:03,2025-07-28,"15:40:03",753,12.6,0.2,0,"E:/alexfraser_tagged/af2_nov1/102RECNX","RCNX0378.JPG","Nothing",2,"Species|Nothing"
"af2","Nothing",2025-07-28 16:34:25,2025-07-28,"16:34:25",3033,50.5,0.8,0,"E:/alexfraser_tagged/af2_nov1/102RECNX","RCNX0380.JPG","Nothing",1,"Species|Nothing"
"af2","Nothing",2025-07-28 18:14:52,2025-07-29,"18:14:52",6027,100.4,1.7,0.1,"E:/alexfraser_tagged/af2_nov1/102RECNX","RCNX0381.JPG","Nothing",1,"Species|Nothing"
"af2","Nothing",2025-07-29 07:49:28,2025-07-29,"07:49:28",48876,814.6,13.6,0.6,"E:/alexfraser_tagged/af2_nov1/102RECNX","RCNX0382.JPG","Nothing",1,"Species|Nothing"
"af2","Nothing",2025-07-29 13:49:20,2025-07-29,"13:49:20",21592,359.9,6,0.2,"E:/alexfraser_tagged/af2_nov1/102RECNX","RCNX0383.JPG","Nothing",3,"Species|Nothing"
"af2","Nothing",2025-07-29 14:10:04,2025-07-29,"14:10:04",1219,20.3,0.3,0,"E:/alexfraser_tagged/af2_nov1/102RECNX","RCNX0386.JPG","Nothing",1,"Species|Nothing"
"af2","Nothing",2025-07-29 14:32:25,2025-07-29,"14:32:25",1341,22.4,0.4,0,"E:/alexfraser_tagged/af2_nov1/102RECNX","RCNX0387.JPG","Nothing",1,"Species|Nothing"
"af2","Nothing",2025-07-29 15:13:36,2025-07-29,"15:13:36",2471,41.2,0.7,0,"E:/alexfraser_tagged/af2_nov1/102RECNX","RCNX0388.JPG","Nothing",2,"Species|Nothing"
"af2","Nothing",2025-07-29 15:35:44,2025-07-29,"15:35:44",1263,21,0.3,0,"E:/alexfraser_tagged/af2_nov1/102RECNX","RCNX0390.JPG","Nothing",1,"Species|Nothing"
"af2","Nothing",2025-07-29 15:53:49,2025-07-29,"15:53:49",1085,18.1,0.3,0,"E:/alexfraser_tagged/af2_nov1/102RECNX","RCNX0391.JPG","Nothing",1,"Species|Nothing"
"af2","Nothing",2025-07-29 16:14:51,2025-07-29,"16:14:51",1262,21,0.3,0,"E:/alexfraser_tagged/af2_nov1/102RECNX","RCNX0392.JPG","Nothing",1,"Species|Nothing"
"af2","Nothing",2025-07-29 16:22:07,2025-07-29,"16:22:07",436,7.3,0.1,0,"E:/alexfraser_tagged/af2_nov1/102RECNX","RCNX0393.JPG","Nothing",1,"Species|Nothing"
"af2","Nothing",2025-07-30 13:19:05,2025-07-30,"13:19:05",75418,1257,21,0.9,"E:/alexfraser_tagged/af2_nov1/102RECNX","RCNX0394.JPG","Nothing",1,"Species|Nothing"
"af2","Nothing",2025-07-30 14:56:35,2025-07-30,"14:56:35",5850,97.5,1.6,0.1,"E:/alexfraser_tagged/af2_nov1/102RECNX","RCNX0395.JPG","Nothing",1,"Species|Nothing"
"af2","Nothing",2025-07-30 15:07:18,2025-07-30,"15:07:18",643,10.7,0.2,0,"E:/alexfraser_tagged/af2_nov1/102RECNX","RCNX0396.JPG","Nothing",2,"Species|Nothing"
"af2","Nothing",2025-07-30 15:43:19,2025-07-30,"15:43:19",1923,32,0.5,0,"E:/alexfraser_tagged/af2_nov1/102RECNX","RCNX0398.JPG","Nothing",6,"Species|Nothing"
"af2","Nothing",2025-07-30 16:16:53,2025-07-30,"16:16:53",1640,27.3,0.5,0,"E:/alexfraser_tagged/af2_nov1/102RECNX","RCNX0404.JPG","Nothing",1,"Species|Nothing"
"af2","Nothing",2025-07-30 16:50:47,2025-07-30,"16:50:47",2034,33.9,0.6,0,"E:/alexfraser_tagged/af2_nov1/102RECNX","RCNX0405.JPG","Nothing",1,"Species|Nothing"
"af2","Nothing",2025-07-31 06:59:41,2025-07-31,"06:59:41",50934,848.9,14.1,0.6,"E:/alexfraser_tagged/af2_nov1/102RECNX","RCNX0406.JPG","Nothing",1,"Species|Nothing"
"af2","Nothing",2025-07-31 15:31:06,2025-07-31,"15:31:06",30685,511.4,8.5,0.4,"E:/alexfraser_tagged/af2_nov1/102RECNX","RCNX0407.JPG","Nothing",2,"Species|Nothing"
"af2","Nothing",2025-07-31 16:10:43,2025-07-31,"16:10:43",2371,39.5,0.7,0,"E:/alexfraser_tagged/af2_nov1/102RECNX","RCNX0409.JPG","Nothing",2,"Species|Nothing"
"af2","Nothing",2025-07-31 16:16:32,2025-07-31,"16:16:32",348,5.8,0.1,0,"E:/alexfraser_tagged/af2_nov1/102RECNX","RCNX0411.JPG","Nothing",1,"Species|Nothing"
"af2","Nothing",2025-07-31 17:27:33,2025-08-01,"17:27:33",4261,71,1.2,0,"E:/alexfraser_tagged/af2_nov1/102RECNX","RCNX0412.JPG","Nothing",1,"Species|Nothing"
"af2","Nothing",2025-08-01 15:31:17,2025-08-01,"15:31:17",79424,1323.7,22.1,0.9,"E:/alexfraser_tagged/af2_nov1/102RECNX","RCNX0413.JPG","Nothing",2,"Species|Nothing"
"af2","Nothing",2025-08-01 15:37:42,2025-08-01,"15:37:42",304,5.1,0.1,0,"E:/alexfraser_tagged/af2_nov1/102RECNX","RCNX0415.JPG","Nothing",1,"Species|Nothing"
"af2","Nothing",2025-08-01 15:48:44,2025-08-01,"15:48:44",662,11,0.2,0,"E:/alexfraser_tagged/af2_nov1/102RECNX","RCNX0416.JPG","Nothing",1,"Species|Nothing"
"af2","Nothing",2025-08-01 16:30:32,2025-08-01,"16:30:32",2508,41.8,0.7,0,"E:/alexfraser_tagged/af2_nov1/102RECNX","RCNX0418.JPG","Nothing",1,"Species|Nothing"
"af2","Nothing",2025-08-01 18:55:39,2025-08-02,"18:55:39",8707,145.1,2.4,0.1,"E:/alexfraser_tagged/af2_nov1/102RECNX","RCNX0419.JPG","Nothing",1,"Species|Nothing"
"af2","Nothing",2025-08-02 15:59:48,2025-08-02,"15:59:48",75849,1264.2,21.1,0.9,"E:/alexfraser_tagged/af2_nov1/102RECNX","RCNX0420.JPG","Nothing",1,"Species|Nothing"
"af2","Nothing",2025-08-02 16:53:40,2025-08-02,"16:53:40",3232,53.9,0.9,0,"E:/alexfraser_tagged/af2_nov1/102RECNX","RCNX0421.JPG","Nothing",3,"Species|Nothing"
"af2","Nothing",2025-08-02 17:02:41,2025-08-03,"17:02:41",527,8.8,0.1,0,"E:/alexfraser_tagged/af2_nov1/102RECNX","RCNX0424.JPG","Nothing",3,"Species|Nothing"
"af2","Nothing",2025-08-02 17:25:53,2025-08-03,"17:25:53",1049,17.5,0.3,0,"E:/alexfraser_tagged/af2_nov1/102RECNX","RCNX0427.JPG","Nothing",2,"Species|Nothing"
"af2","Nothing",2025-08-03 13:59:41,2025-08-03,"13:59:41",73796,1229.9,20.5,0.9,"E:/alexfraser_tagged/af2_nov1/102RECNX","RCNX0429.JPG","Nothing",2,"Species|Nothing"
"af2","Nothing",2025-08-03 14:08:06,2025-08-03,"14:08:06",504,8.4,0.1,0,"E:/alexfraser_tagged/af2_nov1/102RECNX","RCNX0431.JPG","Nothing",1,"Species|Nothing"
"af2","Nothing",2025-08-03 14:58:53,2025-08-03,"14:58:53",3047,50.8,0.8,0,"E:/alexfraser_tagged/af2_nov1/102RECNX","RCNX0432.JPG","Nothing",1,"Species|Nothing"
"af2","Nothing",2025-08-03 15:15:28,2025-08-03,"15:15:28",995,16.6,0.3,0,"E:/alexfraser_tagged/af2_nov1/102RECNX","RCNX0433.JPG","Nothing",4,"Species|Nothing"
"af2","Nothing",2025-08-03 15:21:48,2025-08-03,"15:21:48",306,5.1,0.1,0,"E:/alexfraser_tagged/af2_nov1/102RECNX","RCNX0437.JPG","Nothing",1,"Species|Nothing"
"af2","Nothing",2025-08-03 15:36:03,2025-08-03,"15:36:03",855,14.2,0.2,0,"E:/alexfraser_tagged/af2_nov1/102RECNX","RCNX0438.JPG","Nothing",3,"Species|Nothing"
"af2","Nothing",2025-08-03 15:52:01,2025-08-03,"15:52:01",559,9.3,0.2,0,"E:/alexfraser_tagged/af2_nov1/102RECNX","RCNX0441.JPG","Nothing",3,"Species|Nothing"
"af2","Nothing",2025-08-03 16:03:12,2025-08-03,"16:03:12",416,6.9,0.1,0,"E:/alexfraser_tagged/af2_nov1/102RECNX","RCNX0444.JPG","Nothing",2,"Species|Nothing"
"af2","Nothing",2025-08-03 16:10:16,2025-08-03,"16:10:16",423,7,0.1,0,"E:/alexfraser_tagged/af2_nov1/102RECNX","RCNX0446.JPG","Nothing",2,"Species|Nothing"
"af2","Nothing",2025-08-03 16:16:03,2025-08-03,"16:16:03",303,5,0.1,0,"E:/alexfraser_tagged/af2_nov1/102RECNX","RCNX0448.JPG","Nothing",5,"Species|Nothing"
"af2","Nothing",2025-08-03 16:30:32,2025-08-03,"16:30:32",512,8.5,0.1,0,"E:/alexfraser_tagged/af2_nov1/102RECNX","RCNX0453.JPG","Nothing",5,"Species|Nothing"
"af2","Nothing",2025-08-03 16:41:59,2025-08-03,"16:41:59",366,6.1,0.1,0,"E:/alexfraser_tagged/af2_nov1/102RECNX","RCNX0458.JPG","Nothing",2,"Species|Nothing"
"af2","Nothing",2025-08-03 16:47:37,2025-08-03,"16:47:37",336,5.6,0.1,0,"E:/alexfraser_tagged/af2_nov1/102RECNX","RCNX0460.JPG","Nothing",2,"Species|Nothing"
"af2","Nothing",2025-08-03 17:02:47,2025-08-04,"17:02:47",908,15.1,0.3,0,"E:/alexfraser_tagged/af2_nov1/102RECNX","RCNX0463.JPG","Nothing",7,"Species|Nothing"
"af2","Nothing",2025-08-03 17:14:22,2025-08-04,"17:14:22",493,8.2,0.1,0,"E:/alexfraser_tagged/af2_nov1/102RECNX","RCNX0470.JPG","Nothing",1,"Species|Nothing"
"af2","Nothing",2025-08-03 17:25:55,2025-08-04,"17:25:55",693,11.6,0.2,0,"E:/alexfraser_tagged/af2_nov1/102RECNX","RCNX0471.JPG","Nothing",1,"Species|Nothing"
"af2","Nothing",2025-08-04 14:10:24,2025-08-04,"14:10:24",74669,1244.5,20.7,0.9,"E:/alexfraser_tagged/af2_nov1/102RECNX","RCNX0472.JPG","Nothing",2,"Species|Nothing"
"af2","Nothing",2025-08-04 14:22:55,2025-08-04,"14:22:55",636,10.6,0.2,0,"E:/alexfraser_tagged/af2_nov1/102RECNX","RCNX0474.JPG","Nothing",1,"Species|Nothing"
"af2","Nothing",2025-08-04 14:47:42,2025-08-04,"14:47:42",1487,24.8,0.4,0,"E:/alexfraser_tagged/af2_nov1/102RECNX","RCNX0475.JPG","Nothing",6,"Species|Nothing"
"af2","Nothing",2025-08-04 15:10:02,2025-08-04,"15:10:02",685,11.4,0.2,0,"E:/alexfraser_tagged/af2_nov1/102RECNX","RCNX0481.JPG","Nothing",3,"Species|Nothing"
"af2","Nothing",2025-08-04 15:18:55,2025-08-04,"15:18:55",307,5.1,0.1,0,"E:/alexfraser_tagged/af2_nov1/102RECNX","RCNX0484.JPG","Nothing",4,"Species|Nothing"
"af2","Nothing",2025-08-04 15:26:00,2025-08-04,"15:26:00",393,6.6,0.1,0,"E:/alexfraser_tagged/af2_nov1/102RECNX","RCNX0488.JPG","Nothing",8,"Species|Nothing"
"af2","Nothing",2025-08-04 15:37:24,2025-08-04,"15:37:24",536,8.9,0.1,0,"E:/alexfraser_tagged/af2_nov1/102RECNX","RCNX0496.JPG","Nothing",9,"Species|Nothing"
"af2","Nothing",2025-08-04 15:55:08,2025-08-04,"15:55:08",518,8.6,0.1,0,"E:/alexfraser_tagged/af2_nov1/102RECNX","RCNX0505.JPG","Nothing",3,"Species|Nothing"
"af2","Nothing",2025-08-04 16:21:04,2025-08-04,"16:21:04",1553,25.9,0.4,0,"E:/alexfraser_tagged/af2_nov1/102RECNX","RCNX0508.JPG","Nothing",4,"Species|Nothing"
"af2","Nothing",2025-08-05 05:22:15,2025-08-05,"05:22:15",46660,777.7,13,0.5,"E:/alexfraser_tagged/af2_nov1/102RECNX","RCNX0512.JPG","Nothing",1,"Species|Nothing"
"af2","Nothing",2025-08-05 14:41:45,2025-08-05,"14:41:45",33570,559.5,9.3,0.4,"E:/alexfraser_tagged/af2_nov1/102RECNX","RCNX0513.JPG","Nothing",2,"Species|Nothing"
"af2","Nothing",2025-08-06 13:56:45,2025-08-06,"13:56:45",83699,1395,23.2,1,"E:/alexfraser_tagged/af2_nov1/102RECNX","RCNX0515.JPG","Nothing",2,"Species|Nothing"
"af2","Nothing",2025-08-06 14:36:26,2025-08-06,"14:36:26",2379,39.6,0.7,0,"E:/alexfraser_tagged/af2_nov1/102RECNX","RCNX0517.JPG","Nothing",3,"Species|Nothing"
"af2","Nothing",2025-08-06 14:48:08,2025-08-06,"14:48:08",544,9.1,0.2,0,"E:/alexfraser_tagged/af2_nov1/102RECNX","RCNX0520.JPG","Nothing",5,"Species|Nothing"
"af2","Nothing",2025-08-06 15:01:30,2025-08-06,"15:01:30",480,8,0.1,0,"E:/alexfraser_tagged/af2_nov1/102RECNX","RCNX0525.JPG","Nothing",8,"Species|Nothing"
"af2","Nothing",2025-08-06 15:18:20,2025-08-06,"15:18:20",442,7.4,0.1,0,"E:/alexfraser_tagged/af2_nov1/102RECNX","RCNX0533.JPG","Nothing",24,"Species|Nothing"
"af2","Nothing",2025-08-07 14:05:23,2025-08-07,"14:05:23",80839,1347.3,22.5,0.9,"E:/alexfraser_tagged/af2_nov1/102RECNX","RCNX0557.JPG","Nothing",3,"Species|Nothing"
"af2","Nothing",2025-08-07 14:23:27,2025-08-07,"14:23:27",754,12.6,0.2,0,"E:/alexfraser_tagged/af2_nov1/102RECNX","RCNX0560.JPG","Nothing",1,"Species|Nothing"
"af2","Nothing",2025-08-07 14:36:50,2025-08-07,"14:36:50",803,13.4,0.2,0,"E:/alexfraser_tagged/af2_nov1/102RECNX","RCNX0561.JPG","Nothing",6,"Species|Nothing"
"af2","Nothing",2025-08-07 14:51:01,2025-08-07,"14:51:01",484,8.1,0.1,0,"E:/alexfraser_tagged/af2_nov1/102RECNX","RCNX0567.JPG","Nothing",1,"Species|Nothing"
"af2","Nothing",2025-08-07 18:02:29,2025-08-08,"18:02:29",11488,191.5,3.2,0.1,"E:/alexfraser_tagged/af2_nov1/102RECNX","RCNX0568.JPG","Nothing",2,"Species|Nothing"
"af2","Nothing",2025-08-08 14:19:23,2025-08-08,"14:19:23",73013,1216.9,20.3,0.8,"E:/alexfraser_tagged/af2_nov1/102RECNX","RCNX0570.JPG","Nothing",4,"Species|Nothing"
"af2","Nothing",2025-08-08 14:44:41,2025-08-08,"14:44:41",1032,17.2,0.3,0,"E:/alexfraser_tagged/af2_nov1/102RECNX","RCNX0574.JPG","Nothing",2,"Species|Nothing"
"af2","Nothing",2025-08-10 13:06:32,2025-08-10,"13:06:32",166641,2777.3,46.3,1.9,"E:/alexfraser_tagged/af2_nov1/102RECNX","RCNX0576.JPG","Nothing",3,"Species|Nothing"
"af2","Nothing",2025-08-10 13:22:59,2025-08-10,"13:22:59",629,10.5,0.2,0,"E:/alexfraser_tagged/af2_nov1/102RECNX","RCNX0579.JPG","Nothing",5,"Species|Nothing"
"af2","Nothing",2025-08-10 13:35:42,2025-08-10,"13:35:42",311,5.2,0.1,0,"E:/alexfraser_tagged/af2_nov1/102RECNX","RCNX0584.JPG","Nothing",1,"Species|Nothing"
"af2","Nothing",2025-08-10 13:43:08,2025-08-10,"13:43:08",446,7.4,0.1,0,"E:/alexfraser_tagged/af2_nov1/102RECNX","RCNX0585.JPG","Nothing",4,"Species|Nothing"
"af2","Nothing",2025-08-10 14:04:49,2025-08-10,"14:04:49",1259,21,0.3,0,"E:/alexfraser_tagged/af2_nov1/102RECNX","RCNX0589.JPG","Nothing",1,"Species|Nothing"
"af2","Nothing",2025-08-10 14:14:11,2025-08-10,"14:14:11",562,9.4,0.2,0,"E:/alexfraser_tagged/af2_nov1/102RECNX","RCNX0590.JPG","Nothing",7,"Species|Nothing"
"af2","Nothing",2025-08-10 14:25:11,2025-08-10,"14:25:11",590,9.8,0.2,0,"E:/alexfraser_tagged/af2_nov1/102RECNX","RCNX0597.JPG","Nothing",3,"Species|Nothing"
"af2","Nothing",2025-08-10 14:38:00,2025-08-10,"14:38:00",662,11,0.2,0,"E:/alexfraser_tagged/af2_nov1/102RECNX","RCNX0600.JPG","Nothing",4,"Species|Nothing"
"af2","Nothing",2025-08-10 14:45:00,2025-08-10,"14:45:00",344,5.7,0.1,0,"E:/alexfraser_tagged/af2_nov1/102RECNX","RCNX0605.JPG","Nothing",3,"Species|Nothing"
"af2","Nothing",2025-08-10 16:20:43,2025-08-10,"16:20:43",5740,95.7,1.6,0.1,"E:/alexfraser_tagged/af2_nov1/102RECNX","RCNX0608.JPG","Nothing",3,"Species|Nothing"
"af2","Nothing",2025-08-10 16:35:40,2025-08-10,"16:35:40",579,9.7,0.2,0,"E:/alexfraser_tagged/af2_nov1/102RECNX","RCNX0611.JPG","Nothing",1,"Species|Nothing"
"af2","Nothing",2025-08-10 16:44:26,2025-08-10,"16:44:26",526,8.8,0.1,0,"E:/alexfraser_tagged/af2_nov1/102RECNX","RCNX0612.JPG","Nothing",2,"Species|Nothing"
"af2","Nothing",2025-08-10 16:57:51,2025-08-10,"16:57:51",800,13.3,0.2,0,"E:/alexfraser_tagged/af2_nov1/102RECNX","RCNX0614.JPG","Nothing",1,"Species|Nothing"
"af2","Nothing",2025-08-10 17:13:32,2025-08-11,"17:13:32",941,15.7,0.3,0,"E:/alexfraser_tagged/af2_nov1/102RECNX","RCNX0615.JPG","Nothing",2,"Species|Nothing"
"af2","Nothing",2025-08-10 18:18:04,2025-08-11,"18:18:04",3578,59.6,1,0,"E:/alexfraser_tagged/af2_nov1/102RECNX","RCNX0617.JPG","Nothing",1,"Species|Nothing"
"af2","Nothing",2025-08-11 12:14:02,2025-08-11,"12:14:02",64558,1076,17.9,0.7,"E:/alexfraser_tagged/af2_nov1/102RECNX","RCNX0618.JPG","Nothing",2,"Species|Nothing"
"af2","Nothing",2025-08-11 12:36:37,2025-08-11,"12:36:37",1099,18.3,0.3,0,"E:/alexfraser_tagged/af2_nov1/102RECNX","RCNX0620.JPG","Nothing",1,"Species|Nothing"
"af2","Nothing",2025-08-11 12:54:33,2025-08-11,"12:54:33",1076,17.9,0.3,0,"E:/alexfraser_tagged/af2_nov1/102RECNX","RCNX0621.JPG","Nothing",1,"Species|Nothing"
"af2","Nothing",2025-08-11 13:05:31,2025-08-11,"13:05:31",658,11,0.2,0,"E:/alexfraser_tagged/af2_nov1/102RECNX","RCNX0622.JPG","Nothing",1,"Species|Nothing"
"af2","Nothing",2025-08-11 13:38:48,2025-08-11,"13:38:48",1997,33.3,0.6,0,"E:/alexfraser_tagged/af2_nov1/102RECNX","RCNX0623.JPG","Nothing",2,"Species|Nothing"
"af2","Nothing",2025-08-11 13:55:27,2025-08-11,"13:55:27",994,16.6,0.3,0,"E:/alexfraser_tagged/af2_nov1/102RECNX","RCNX0625.JPG","Nothing",1,"Species|Nothing"
"af2","Nothing",2025-08-11 14:10:40,2025-08-11,"14:10:40",913,15.2,0.3,0,"E:/alexfraser_tagged/af2_nov1/102RECNX","RCNX0626.JPG","Nothing",1,"Species|Nothing"
"af2","Nothing",2025-08-11 14:21:37,2025-08-11,"14:21:37",657,10.9,0.2,0,"E:/alexfraser_tagged/af2_nov1/102RECNX","RCNX0627.JPG","Nothing",1,"Species|Nothing"
"af2","Nothing",2025-08-11 15:09:57,2025-08-11,"15:09:57",2900,48.3,0.8,0,"E:/alexfraser_tagged/af2_nov1/102RECNX","RCNX0628.JPG","Nothing",1,"Species|Nothing"
"af2","Nothing",2025-08-11 15:20:01,2025-08-11,"15:20:01",604,10.1,0.2,0,"E:/alexfraser_tagged/af2_nov1/102RECNX","RCNX0629.JPG","Nothing",1,"Species|Nothing"
"af2","Nothing",2025-08-11 15:25:23,2025-08-11,"15:25:23",322,5.4,0.1,0,"E:/alexfraser_tagged/af2_nov1/102RECNX","RCNX0630.JPG","Nothing",1,"Species|Nothing"
"af2","Nothing",2025-08-11 15:34:42,2025-08-11,"15:34:42",559,9.3,0.2,0,"E:/alexfraser_tagged/af2_nov1/102RECNX","RCNX0631.JPG","Nothing",20,"Species|Nothing"
"af2","Nothing",2025-08-11 18:11:57,2025-08-12,"18:11:57",8759,146,2.4,0.1,"E:/alexfraser_tagged/af2_nov1/102RECNX","RCNX0651.JPG","Nothing",3,"Species|Nothing"
"af2","Nothing",2025-08-12 13:30:53,2025-08-12,"13:30:53",69266,1154.4,19.2,0.8,"E:/alexfraser_tagged/af2_nov1/102RECNX","RCNX0654.JPG","Nothing",1,"Species|Nothing"
"af2","Nothing",2025-08-12 13:38:31,2025-08-12,"13:38:31",458,7.6,0.1,0,"E:/alexfraser_tagged/af2_nov1/102RECNX","RCNX0655.JPG","Nothing",5,"Species|Nothing"
"af2","Nothing",2025-08-12 13:54:55,2025-08-12,"13:54:55",581,9.7,0.2,0,"E:/alexfraser_tagged/af2_nov1/102RECNX","RCNX0660.JPG","Nothing",1,"Species|Nothing"
"af2","Nothing",2025-08-12 14:03:36,2025-08-12,"14:03:36",521,8.7,0.1,0,"E:/alexfraser_tagged/af2_nov1/102RECNX","RCNX0661.JPG","Nothing",2,"Species|Nothing"
"af2","Nothing",2025-08-12 14:48:52,2025-08-12,"14:48:52",2646,44.1,0.7,0,"E:/alexfraser_tagged/af2_nov1/102RECNX","RCNX0663.JPG","Nothing",1,"Species|Nothing"
"af2","Nothing",2025-08-12 14:55:58,2025-08-12,"14:55:58",426,7.1,0.1,0,"E:/alexfraser_tagged/af2_nov1/102RECNX","RCNX0664.JPG","Nothing",1,"Species|Nothing"
"af2","Nothing",2025-08-12 15:17:58,2025-08-12,"15:17:58",1320,22,0.4,0,"E:/alexfraser_tagged/af2_nov1/102RECNX","RCNX0665.JPG","Nothing",1,"Species|Nothing"
"af2","Nothing",2025-08-12 15:26:51,2025-08-12,"15:26:51",533,8.9,0.1,0,"E:/alexfraser_tagged/af2_nov1/102RECNX","RCNX0666.JPG","Nothing",3,"Species|Nothing"
"af2","Nothing",2025-08-12 15:35:00,2025-08-12,"15:35:00",384,6.4,0.1,0,"E:/alexfraser_tagged/af2_nov1/102RECNX","RCNX0669.JPG","Nothing",11,"Species|Nothing"
"af2","Nothing",2025-08-12 15:51:29,2025-08-12,"15:51:29",403,6.7,0.1,0,"E:/alexfraser_tagged/af2_nov1/102RECNX","RCNX0680.JPG","Nothing",2,"Species|Nothing"
"af2","Nothing",2025-08-12 15:59:31,2025-08-12,"15:59:31",358,6,0.1,0,"E:/alexfraser_tagged/af2_nov1/102RECNX","RCNX0682.JPG","Nothing",7,"Species|Nothing"
"af2","Nothing",2025-08-12 16:22:17,2025-08-12,"16:22:17",891,14.8,0.2,0,"E:/alexfraser_tagged/af2_nov1/102RECNX","RCNX0689.JPG","Nothing",2,"Species|Nothing"
"af2","Nothing",2025-08-12 16:29:05,2025-08-12,"16:29:05",407,6.8,0.1,0,"E:/alexfraser_tagged/af2_nov1/102RECNX","RCNX0691.JPG","Nothing",1,"Species|Nothing"
"af2","Nothing",2025-08-13 13:27:07,2025-08-13,"13:27:07",75482,1258,21,0.9,"E:/alexfraser_tagged/af2_nov1/102RECNX","RCNX0692.JPG","Nothing",1,"Species|Nothing"
"af2","Nothing",2025-08-13 13:32:09,2025-08-13,"13:32:09",302,5,0.1,0,"E:/alexfraser_tagged/af2_nov1/102RECNX","RCNX0693.JPG","Nothing",4,"Species|Nothing"
"af2","Nothing",2025-08-13 13:45:25,2025-08-13,"13:45:25",501,8.3,0.1,0,"E:/alexfraser_tagged/af2_nov1/102RECNX","RCNX0697.JPG","Nothing",2,"Species|Nothing"
"af2","Nothing",2025-08-13 13:52:28,2025-08-13,"13:52:28",422,7,0.1,0,"E:/alexfraser_tagged/af2_nov1/102RECNX","RCNX0699.JPG","Nothing",3,"Species|Nothing"
"af2","Nothing",2025-08-13 14:14:24,2025-08-13,"14:14:24",1093,18.2,0.3,0,"E:/alexfraser_tagged/af2_nov1/102RECNX","RCNX0702.JPG","Nothing",1,"Species|Nothing"
"af2","Nothing",2025-08-13 14:38:19,2025-08-13,"14:38:19",1435,23.9,0.4,0,"E:/alexfraser_tagged/af2_nov1/102RECNX","RCNX0703.JPG","Nothing",10,"Species|Nothing"
"af2","Nothing",2025-08-13 14:54:51,2025-08-13,"14:54:51",590,9.8,0.2,0,"E:/alexfraser_tagged/af2_nov1/102RECNX","RCNX0713.JPG","Nothing",9,"Species|Nothing"
"af2","Nothing",2025-08-13 15:10:16,2025-08-13,"15:10:16",345,5.8,0.1,0,"E:/alexfraser_tagged/af2_nov1/102RECNX","RCNX0723.JPG","Nothing",29,"Species|Nothing"
"af2","Nothing",2025-08-13 15:36:24,2025-08-13,"15:36:24",483,8.1,0.1,0,"E:/alexfraser_tagged/af2_nov1/102RECNX","RCNX0752.JPG","Nothing",17,"Species|Nothing"
"af2","Nothing",2025-08-13 15:54:01,2025-08-13,"15:54:01",443,7.4,0.1,0,"E:/alexfraser_tagged/af2_nov1/102RECNX","RCNX0769.JPG","Nothing",2,"Species|Nothing"
"af2","Nothing",2025-08-13 16:04:56,2025-08-13,"16:04:56",379,6.3,0.1,0,"E:/alexfraser_tagged/af2_nov1/102RECNX","RCNX0771.JPG","Nothing",4,"Species|Nothing"
"af2","Nothing",2025-08-13 16:20:20,2025-08-13,"16:20:20",867,14.4,0.2,0,"E:/alexfraser_tagged/af2_nov1/102RECNX","RCNX0775.JPG","Nothing",9,"Species|Nothing"
"af2","Nothing",2025-08-13 16:42:56,2025-08-13,"16:42:56",954,15.9,0.3,0,"E:/alexfraser_tagged/af2_nov1/102RECNX","RCNX0784.JPG","Nothing",3,"Species|Nothing"
"af2","Nothing",2025-08-13 17:09:24,2025-08-14,"17:09:24",1562,26,0.4,0,"E:/alexfraser_tagged/af2_nov1/102RECNX","RCNX0787.JPG","Nothing",10,"Species|Nothing"
"af2","Nothing",2025-08-13 17:38:19,2025-08-14,"17:38:19",988,16.5,0.3,0,"E:/alexfraser_tagged/af2_nov1/102RECNX","RCNX0797.JPG","Nothing",1,"Species|Nothing"
"af2","Nothing",2025-08-13 17:56:19,2025-08-14,"17:56:19",1080,18,0.3,0,"E:/alexfraser_tagged/af2_nov1/102RECNX","RCNX0798.JPG","Nothing",2,"Species|Nothing"
"af2","Nothing",2025-08-13 18:12:36,2025-08-14,"18:12:36",974,16.2,0.3,0,"E:/alexfraser_tagged/af2_nov1/102RECNX","RCNX0800.JPG","Nothing",4,"Species|Nothing"
"af2","Nothing",2025-08-16 15:04:04,2025-08-16,"15:04:04",247852,4130.9,68.8,2.9,"E:/alexfraser_tagged/af2_nov1/102RECNX","RCNX0804.JPG","Nothing",1,"Species|Nothing"
"af2","Nothing",2025-08-16 15:12:33,2025-08-16,"15:12:33",509,8.5,0.1,0,"E:/alexfraser_tagged/af2_nov1/102RECNX","RCNX0805.JPG","Nothing",5,"Species|Nothing"
"af2","Nothing",2025-08-16 15:25:01,2025-08-16,"15:25:01",382,6.4,0.1,0,"E:/alexfraser_tagged/af2_nov1/102RECNX","RCNX0810.JPG","Nothing",1,"Species|Nothing"
"af2","Nothing",2025-08-16 15:31:55,2025-08-16,"15:31:55",414,6.9,0.1,0,"E:/alexfraser_tagged/af2_nov1/102RECNX","RCNX0811.JPG","Nothing",8,"Species|Nothing"
"af2","Nothing",2025-08-16 17:15:10,2025-08-17,"17:15:10",5765,96.1,1.6,0.1,"E:/alexfraser_tagged/af2_nov1/102RECNX","RCNX0819.JPG","Nothing",1,"Species|Nothing"
"af2","Nothing",2025-08-17 12:26:44,2025-08-17,"12:26:44",69094,1151.6,19.2,0.8,"E:/alexfraser_tagged/af2_nov1/102RECNX","RCNX0840.JPG","Nothing",2,"Species|Nothing"
"af2","Nothing",2025-08-17 13:57:19,2025-08-17,"13:57:19",5424,90.4,1.5,0.1,"E:/alexfraser_tagged/af2_nov1/102RECNX","RCNX0842.JPG","Nothing",4,"Species|Nothing"
"af2","Nothing",2025-08-17 14:10:36,2025-08-17,"14:10:36",451,7.5,0.1,0,"E:/alexfraser_tagged/af2_nov1/102RECNX","RCNX0846.JPG","Nothing",2,"Species|Nothing"
"af2","Nothing",2025-08-17 14:24:13,2025-08-17,"14:24:13",799,13.3,0.2,0,"E:/alexfraser_tagged/af2_nov1/102RECNX","RCNX0848.JPG","Nothing",2,"Species|Nothing"
"af2","Nothing",2025-08-17 14:39:04,2025-08-17,"14:39:04",799,13.3,0.2,0,"E:/alexfraser_tagged/af2_nov1/102RECNX","RCNX0850.JPG","Nothing",2,"Species|Nothing"
"af2","Nothing",2025-08-17 14:51:38,2025-08-17,"14:51:38",709,11.8,0.2,0,"E:/alexfraser_tagged/af2_nov1/102RECNX","RCNX0852.JPG","Nothing",1,"Species|Nothing"
"af2","Nothing",2025-08-17 15:35:56,2025-08-17,"15:35:56",2658,44.3,0.7,0,"E:/alexfraser_tagged/af2_nov1/102RECNX","RCNX0853.JPG","Nothing",5,"Species|Nothing"
"af2","Nothing",2025-08-17 15:45:10,2025-08-17,"15:45:10",325,5.4,0.1,0,"E:/alexfraser_tagged/af2_nov1/102RECNX","RCNX0858.JPG","Nothing",7,"Species|Nothing"
"af2","Nothing",2025-08-17 15:54:21,2025-08-17,"15:54:21",366,6.1,0.1,0,"E:/alexfraser_tagged/af2_nov1/102RECNX","RCNX0865.JPG","Nothing",1,"Species|Nothing"
"af2","Nothing",2025-08-17 16:03:12,2025-08-17,"16:03:12",531,8.8,0.1,0,"E:/alexfraser_tagged/af2_nov1/102RECNX","RCNX0866.JPG","Nothing",1,"Species|Nothing"
"af2","Nothing",2025-08-17 16:43:52,2025-08-17,"16:43:52",2440,40.7,0.7,0,"E:/alexfraser_tagged/af2_nov1/102RECNX","RCNX0867.JPG","Nothing",2,"Species|Nothing"
"af2","Nothing",2025-08-17 16:53:38,2025-08-17,"16:53:38",553,9.2,0.2,0,"E:/alexfraser_tagged/af2_nov1/102RECNX","RCNX0870.JPG","Nothing",4,"Species|Nothing"
"af2","Nothing",2025-08-17 17:13:05,2025-08-18,"17:13:05",984,16.4,0.3,0,"E:/alexfraser_tagged/af2_nov1/102RECNX","RCNX0874.JPG","Nothing",1,"Species|Nothing"
"af2","Nothing",2025-08-18 16:05:25,2025-08-18,"16:05:25",82340,1372.3,22.9,1,"E:/alexfraser_tagged/af2_nov1/102RECNX","RCNX0875.JPG","Nothing",2,"Species|Nothing"
"af2","Nothing",2025-08-19 11:34:04,2025-08-19,"11:34:04",70115,1168.6,19.5,0.8,"E:/alexfraser_tagged/af2_nov1/102RECNX","RCNX0877.JPG","Nothing",1,"Species|Nothing"
"af2","Nothing",2025-08-19 12:42:47,2025-08-19,"12:42:47",4123,68.7,1.1,0,"E:/alexfraser_tagged/af2_nov1/102RECNX","RCNX0878.JPG","Nothing",2,"Species|Nothing"
"af2","Nothing",2025-08-19 13:16:29,2025-08-19,"13:16:29",1858,31,0.5,0,"E:/alexfraser_tagged/af2_nov1/102RECNX","RCNX0880.JPG","Nothing",1,"Species|Nothing"
"af2","Nothing",2025-08-19 13:30:09,2025-08-19,"13:30:09",820,13.7,0.2,0,"E:/alexfraser_tagged/af2_nov1/102RECNX","RCNX0881.JPG","Nothing",1,"Species|Nothing"
"af2","Nothing",2025-08-19 13:41:45,2025-08-19,"13:41:45",696,11.6,0.2,0,"E:/alexfraser_tagged/af2_nov1/102RECNX","RCNX0882.JPG","Nothing",3,"Species|Nothing"
"af2","Nothing",2025-08-19 13:53:45,2025-08-19,"13:53:45",469,7.8,0.1,0,"E:/alexfraser_tagged/af2_nov1/102RECNX","RCNX0885.JPG","Nothing",5,"Species|Nothing"
"af2","Nothing",2025-08-19 14:05:05,2025-08-19,"14:05:05",440,7.3,0.1,0,"E:/alexfraser_tagged/af2_nov1/102RECNX","RCNX0890.JPG","Nothing",2,"Species|Nothing"
"af2","Nothing",2025-08-19 14:15:13,2025-08-19,"14:15:13",607,10.1,0.2,0,"E:/alexfraser_tagged/af2_nov1/102RECNX","RCNX0892.JPG","Nothing",22,"Species|Nothing"
"af2","Nothing",2025-08-19 14:45:23,2025-08-19,"14:45:23",325,5.4,0.1,0,"E:/alexfraser_tagged/af2_nov1/102RECNX","RCNX0914.JPG","Nothing",21,"Species|Nothing"
"af2","Nothing",2025-08-19 15:17:00,2025-08-19,"15:17:00",818,13.6,0.2,0,"E:/alexfraser_tagged/af2_nov1/102RECNX","RCNX0935.JPG","Nothing",2,"Species|Nothing"
"af2","Nothing",2025-08-19 16:03:56,2025-08-19,"16:03:56",2815,46.9,0.8,0,"E:/alexfraser_tagged/af2_nov1/102RECNX","RCNX0937.JPG","Nothing",3,"Species|Nothing"
"af2","Nothing",2025-08-19 16:27:42,2025-08-19,"16:27:42",1157,19.3,0.3,0,"E:/alexfraser_tagged/af2_nov1/102RECNX","RCNX0940.JPG","Nothing",2,"Species|Nothing"
"af2","Nothing",2025-08-19 16:35:33,2025-08-19,"16:35:33",343,5.7,0.1,0,"E:/alexfraser_tagged/af2_nov1/102RECNX","RCNX0942.JPG","Nothing",2,"Species|Nothing"
"af2","Nothing",2025-08-19 16:45:30,2025-08-19,"16:45:30",398,6.6,0.1,0,"E:/alexfraser_tagged/af2_nov1/102RECNX","RCNX0944.JPG","Nothing",3,"Species|Nothing"
"af2","Nothing",2025-08-19 17:14:15,2025-08-20,"17:14:15",1537,25.6,0.4,0,"E:/alexfraser_tagged/af2_nov1/102RECNX","RCNX0947.JPG","Nothing",4,"Species|Nothing"
"af2","Nothing",2025-08-20 13:12:18,2025-08-20,"13:12:18",71411,1190.2,19.8,0.8,"E:/alexfraser_tagged/af2_nov1/102RECNX","RCNX0951.JPG","Nothing",1,"Species|Nothing"
"af2","Nothing",2025-08-20 13:20:12,2025-08-20,"13:20:12",474,7.9,0.1,0,"E:/alexfraser_tagged/af2_nov1/102RECNX","RCNX0952.JPG","Nothing",1,"Species|Nothing"
"af2","Nothing",2025-08-20 13:26:09,2025-08-20,"13:26:09",357,6,0.1,0,"E:/alexfraser_tagged/af2_nov1/102RECNX","RCNX0953.JPG","Nothing",12,"Species|Nothing"
"af2","Nothing",2025-08-20 13:44:34,2025-08-20,"13:44:34",314,5.2,0.1,0,"E:/alexfraser_tagged/af2_nov1/102RECNX","RCNX0965.JPG","Nothing",3,"Species|Nothing"
"af2","Nothing",2025-08-20 13:55:33,2025-08-20,"13:55:33",303,5,0.1,0,"E:/alexfraser_tagged/af2_nov1/102RECNX","RCNX0968.JPG","Nothing",12,"Species|Nothing"
"af2","Nothing",2025-08-20 14:11:10,2025-08-20,"14:11:10",350,5.8,0.1,0,"E:/alexfraser_tagged/af2_nov1/102RECNX","RCNX0980.JPG","Nothing",15,"Species|Nothing"
"af2","Nothing",2025-08-20 14:44:16,2025-08-20,"14:44:16",1026,17.1,0.3,0,"E:/alexfraser_tagged/af2_nov1/102RECNX","RCNX0995.JPG","Nothing",1,"Species|Nothing"
"af2","Nothing",2025-08-20 14:51:38,2025-08-20,"14:51:38",442,7.4,0.1,0,"E:/alexfraser_tagged/af2_nov1/102RECNX","RCNX0996.JPG","Nothing",2,"Species|Nothing"
"af2","Nothing",2025-08-20 15:01:26,2025-08-20,"15:01:26",517,8.6,0.1,0,"E:/alexfraser_tagged/af2_nov1/102RECNX","RCNX0998.JPG","Nothing",1,"Species|Nothing"
"af2","Nothing",2025-08-20 15:09:23,2025-08-20,"15:09:23",477,8,0.1,0,"E:/alexfraser_tagged/af2_nov1/102RECNX","RCNX0999.JPG","Nothing",17,"Species|Nothing"
"af2","Nothing",2025-08-20 16:16:26,2025-08-20,"16:16:26",3682,61.4,1,0,"E:/alexfraser_tagged/af2_nov1/102RECNX","RCNX1016.JPG","Nothing",1,"Species|Nothing"
"af2","Nothing",2025-08-20 16:28:52,2025-08-20,"16:28:52",746,12.4,0.2,0,"E:/alexfraser_tagged/af2_nov1/102RECNX","RCNX1017.JPG","Nothing",2,"Species|Nothing"
"af2","Nothing",2025-08-20 16:43:59,2025-08-20,"16:43:59",804,13.4,0.2,0,"E:/alexfraser_tagged/af2_nov1/102RECNX","RCNX1019.JPG","Nothing",6,"Species|Nothing"
"af2","Nothing",2025-08-20 16:55:31,2025-08-20,"16:55:31",326,5.4,0.1,0,"E:/alexfraser_tagged/af2_nov1/102RECNX","RCNX1025.JPG","Nothing",2,"Species|Nothing"
"af2","Nothing",2025-08-20 17:01:38,2025-08-21,"17:01:38",311,5.2,0.1,0,"E:/alexfraser_tagged/af2_nov1/102RECNX","RCNX1027.JPG","Nothing",1,"Species|Nothing"
"af2","Nothing",2025-08-20 17:07:56,2025-08-21,"17:07:56",378,6.3,0.1,0,"E:/alexfraser_tagged/af2_nov1/102RECNX","RCNX1028.JPG","Nothing",1,"Species|Nothing"
"af2","Nothing",2025-08-20 17:17:48,2025-08-21,"17:17:48",592,9.9,0.2,0,"E:/alexfraser_tagged/af2_nov1/102RECNX","RCNX1029.JPG","Nothing",4,"Species|Nothing"
"af2","Nothing",2025-08-20 18:40:37,2025-08-21,"18:40:37",4645,77.4,1.3,0.1,"E:/alexfraser_tagged/af2_nov1/102RECNX","RCNX1033.JPG","Nothing",1,"Species|Nothing"
"af2","Nothing",2025-08-21 14:06:30,2025-08-21,"14:06:30",69953,1165.9,19.4,0.8,"E:/alexfraser_tagged/af2_nov1/102RECNX","RCNX1034.JPG","Nothing",1,"Species|Nothing"
"af2","Nothing",2025-08-21 14:19:49,2025-08-21,"14:19:49",799,13.3,0.2,0,"E:/alexfraser_tagged/af2_nov1/102RECNX","RCNX1035.JPG","Nothing",1,"Species|Nothing"
"af2","Nothing",2025-08-21 14:35:47,2025-08-21,"14:35:47",958,16,0.3,0,"E:/alexfraser_tagged/af2_nov1/102RECNX","RCNX1036.JPG","Nothing",3,"Species|Nothing"
"af2","Nothing",2025-08-21 14:41:05,2025-08-21,"14:41:05",306,5.1,0.1,0,"E:/alexfraser_tagged/af2_nov1/102RECNX","RCNX1039.JPG","Nothing",1,"Species|Nothing"
"af2","Nothing",2025-08-21 15:01:50,2025-08-21,"15:01:50",1245,20.8,0.3,0,"E:/alexfraser_tagged/af2_nov1/102RECNX","RCNX1040.JPG","Nothing",2,"Species|Nothing"
"af2","Nothing",2025-08-21 15:16:04,2025-08-21,"15:16:04",776,12.9,0.2,0,"E:/alexfraser_tagged/af2_nov1/102RECNX","RCNX1042.JPG","Nothing",1,"Species|Nothing"
"af2","Nothing",2025-08-21 15:33:38,2025-08-21,"15:33:38",1054,17.6,0.3,0,"E:/alexfraser_tagged/af2_nov1/102RECNX","RCNX1043.JPG","Nothing",1,"Species|Nothing"
"af2","Nothing",2025-08-21 15:42:56,2025-08-21,"15:42:56",558,9.3,0.2,0,"E:/alexfraser_tagged/af2_nov1/102RECNX","RCNX1044.JPG","Nothing",2,"Species|Nothing"
"af2","Nothing",2025-08-22 14:16:01,2025-08-22,"14:16:01",81071,1351.2,22.5,0.9,"E:/alexfraser_tagged/af2_nov1/102RECNX","RCNX1046.JPG","Nothing",1,"Species|Nothing"
"af2","Nothing",2025-08-22 14:51:37,2025-08-22,"14:51:37",2136,35.6,0.6,0,"E:/alexfraser_tagged/af2_nov1/102RECNX","RCNX1047.JPG","Nothing",2,"Species|Nothing"
"af2","Nothing",2025-08-22 15:08:15,2025-08-22,"15:08:15",997,16.6,0.3,0,"E:/alexfraser_tagged/af2_nov1/102RECNX","RCNX1049.JPG","Nothing",1,"Species|Nothing"
"af2","Nothing",2025-08-22 15:19:30,2025-08-22,"15:19:30",675,11.2,0.2,0,"E:/alexfraser_tagged/af2_nov1/102RECNX","RCNX1050.JPG","Nothing",1,"Species|Nothing"
"af2","Nothing",2025-08-22 15:24:53,2025-08-22,"15:24:53",323,5.4,0.1,0,"E:/alexfraser_tagged/af2_nov1/102RECNX","RCNX1051.JPG","Nothing",1,"Species|Nothing"
"af2","Nothing",2025-08-22 15:45:10,2025-08-22,"15:45:10",1217,20.3,0.3,0,"E:/alexfraser_tagged/af2_nov1/102RECNX","RCNX1052.JPG","Nothing",9,"Species|Nothing"
"af2","Nothing",2025-08-22 16:32:06,2025-08-22,"16:32:06",2489,41.5,0.7,0,"E:/alexfraser_tagged/af2_nov1/102RECNX","RCNX1061.JPG","Nothing",4,"Species|Nothing"
"af2","Nothing",2025-08-22 16:41:55,2025-08-22,"16:41:55",444,7.4,0.1,0,"E:/alexfraser_tagged/af2_nov1/102RECNX","RCNX1065.JPG","Nothing",1,"Species|Nothing"
"af2","Nothing",2025-08-23 13:56:06,2025-08-23,"13:56:06",76451,1274.2,21.2,0.9,"E:/alexfraser_tagged/af2_nov1/102RECNX","RCNX1066.JPG","Nothing",1,"Species|Nothing"
"af2","Nothing",2025-08-23 14:09:56,2025-08-23,"14:09:56",830,13.8,0.2,0,"E:/alexfraser_tagged/af2_nov1/102RECNX","RCNX1067.JPG","Nothing",1,"Species|Nothing"
"af2","Nothing",2025-08-23 14:35:24,2025-08-23,"14:35:24",1528,25.5,0.4,0,"E:/alexfraser_tagged/af2_nov1/102RECNX","RCNX1068.JPG","Nothing",1,"Species|Nothing"
"af2","Nothing",2025-08-23 14:45:40,2025-08-23,"14:45:40",616,10.3,0.2,0,"E:/alexfraser_tagged/af2_nov1/102RECNX","RCNX1069.JPG","Nothing",1,"Species|Nothing"
"af2","Nothing",2025-08-23 15:11:10,2025-08-23,"15:11:10",1530,25.5,0.4,0,"E:/alexfraser_tagged/af2_nov1/102RECNX","RCNX1070.JPG","Nothing",1,"Species|Nothing"
"af2","Nothing",2025-08-23 15:25:52,2025-08-23,"15:25:52",882,14.7,0.2,0,"E:/alexfraser_tagged/af2_nov1/102RECNX","RCNX1071.JPG","Nothing",1,"Species|Nothing"
"af2","Nothing",2025-08-23 15:32:56,2025-08-23,"15:32:56",424,7.1,0.1,0,"E:/alexfraser_tagged/af2_nov1/102RECNX","RCNX1072.JPG","Nothing",3,"Species|Nothing"
"af2","Nothing",2025-08-23 15:39:34,2025-08-23,"15:39:34",321,5.3,0.1,0,"E:/alexfraser_tagged/af2_nov1/102RECNX","RCNX1075.JPG","Nothing",1,"Species|Nothing"
"af2","Nothing",2025-08-23 15:45:43,2025-08-23,"15:45:43",369,6.2,0.1,0,"E:/alexfraser_tagged/af2_nov1/102RECNX","RCNX1076.JPG","Nothing",2,"Species|Nothing"
"af2","Nothing",2025-08-23 16:11:09,2025-08-23,"16:11:09",1504,25.1,0.4,0,"E:/alexfraser_tagged/af2_nov1/102RECNX","RCNX1078.JPG","Nothing",1,"Species|Nothing"
"af2","Nothing",2025-08-23 17:26:26,2025-08-24,"17:26:26",4517,75.3,1.3,0.1,"E:/alexfraser_tagged/af2_nov1/102RECNX","RCNX1079.JPG","Nothing",1,"Species|Nothing"
"af2","Nothing",2025-08-24 13:19:32,2025-08-24,"13:19:32",71586,1193.1,19.9,0.8,"E:/alexfraser_tagged/af2_nov1/102RECNX","RCNX1080.JPG","Nothing",1,"Species|Nothing"
"af2","Nothing",2025-08-24 13:34:37,2025-08-24,"13:34:37",905,15.1,0.3,0,"E:/alexfraser_tagged/af2_nov1/102RECNX","RCNX1081.JPG","Nothing",2,"Species|Nothing"
"af2","Nothing",2025-08-24 14:05:34,2025-08-24,"14:05:34",1846,30.8,0.5,0,"E:/alexfraser_tagged/af2_nov1/102RECNX","RCNX1083.JPG","Nothing",1,"Species|Nothing"
"af2","Nothing",2025-08-24 14:14:02,2025-08-24,"14:14:02",508,8.5,0.1,0,"E:/alexfraser_tagged/af2_nov1/102RECNX","RCNX1084.JPG","Nothing",3,"Species|Nothing"
"af2","Nothing",2025-08-24 14:42:03,2025-08-24,"14:42:03",1608,26.8,0.4,0,"E:/alexfraser_tagged/af2_nov1/102RECNX","RCNX1087.JPG","Nothing",1,"Species|Nothing"
"af2","Nothing",2025-08-24 14:50:30,2025-08-24,"14:50:30",507,8.4,0.1,0,"E:/alexfraser_tagged/af2_nov1/102RECNX","RCNX1088.JPG","Nothing",2,"Species|Nothing"
"af2","Nothing",2025-08-24 15:02:33,2025-08-24,"15:02:33",479,8,0.1,0,"E:/alexfraser_tagged/af2_nov1/102RECNX","RCNX1090.JPG","Nothing",2,"Species|Nothing"
"af2","Nothing",2025-08-24 15:12:20,2025-08-24,"15:12:20",432,7.2,0.1,0,"E:/alexfraser_tagged/af2_nov1/102RECNX","RCNX1092.JPG","Nothing",5,"Species|Nothing"
"af2","Nothing",2025-08-24 15:24:39,2025-08-24,"15:24:39",377,6.3,0.1,0,"E:/alexfraser_tagged/af2_nov1/102RECNX","RCNX1097.JPG","Nothing",1,"Species|Nothing"
"af2","Nothing",2025-08-24 15:30:15,2025-08-24,"15:30:15",336,5.6,0.1,0,"E:/alexfraser_tagged/af2_nov1/102RECNX","RCNX1098.JPG","Nothing",2,"Species|Nothing"
"af2","Nothing",2025-08-24 15:41:34,2025-08-24,"15:41:34",544,9.1,0.2,0,"E:/alexfraser_tagged/af2_nov1/102RECNX","RCNX1100.JPG","Nothing",1,"Species|Nothing"
"af2","Nothing",2025-08-24 15:46:39,2025-08-24,"15:46:39",305,5.1,0.1,0,"E:/alexfraser_tagged/af2_nov1/102RECNX","RCNX1101.JPG","Nothing",3,"Species|Nothing"
"af2","Nothing",2025-08-24 16:23:07,2025-08-24,"16:23:07",1883,31.4,0.5,0,"E:/alexfraser_tagged/af2_nov1/102RECNX","RCNX1104.JPG","Nothing",1,"Species|Nothing"
"af2","Nothing",2025-08-24 16:31:15,2025-08-24,"16:31:15",488,8.1,0.1,0,"E:/alexfraser_tagged/af2_nov1/102RECNX","RCNX1105.JPG","Nothing",1,"Species|Nothing"
"af2","Nothing",2025-08-24 16:40:27,2025-08-24,"16:40:27",552,9.2,0.2,0,"E:/alexfraser_tagged/af2_nov1/102RECNX","RCNX1106.JPG","Nothing",2,"Species|Nothing"
"af2","Nothing",2025-08-25 14:00:46,2025-08-25,"14:00:46",76676,1277.9,21.3,0.9,"E:/alexfraser_tagged/af2_nov1/102RECNX","RCNX1108.JPG","Nothing",1,"Species|Nothing"
"af2","Nothing",2025-08-25 14:20:55,2025-08-25,"14:20:55",1209,20.1,0.3,0,"E:/alexfraser_tagged/af2_nov1/102RECNX","RCNX1109.JPG","Nothing",2,"Species|Nothing"
"af2","Nothing",2025-08-25 15:00:43,2025-08-25,"15:00:43",2341,39,0.7,0,"E:/alexfraser_tagged/af2_nov1/102RECNX","RCNX1111.JPG","Nothing",3,"Species|Nothing"
"af2","Nothing",2025-08-25 15:07:24,2025-08-25,"15:07:24",357,6,0.1,0,"E:/alexfraser_tagged/af2_nov1/102RECNX","RCNX1114.JPG","Nothing",1,"Species|Nothing"
"af2","Nothing",2025-08-25 15:15:56,2025-08-25,"15:15:56",512,8.5,0.1,0,"E:/alexfraser_tagged/af2_nov1/102RECNX","RCNX1115.JPG","Nothing",2,"Species|Nothing"
"af2","Nothing",2025-08-25 15:31:39,2025-08-25,"15:31:39",820,13.7,0.2,0,"E:/alexfraser_tagged/af2_nov1/102RECNX","RCNX1117.JPG","Nothing",3,"Species|Nothing"
"af2","Nothing",2025-08-25 15:46:38,2025-08-25,"15:46:38",775,12.9,0.2,0,"E:/alexfraser_tagged/af2_nov1/102RECNX","RCNX1120.JPG","Nothing",3,"Species|Nothing"
"af2","Nothing",2025-08-25 16:06:59,2025-08-25,"16:06:59",888,14.8,0.2,0,"E:/alexfraser_tagged/af2_nov1/102RECNX","RCNX1123.JPG","Nothing",1,"Species|Nothing"
"af2","Nothing",2025-08-25 16:14:45,2025-08-25,"16:14:45",466,7.8,0.1,0,"E:/alexfraser_tagged/af2_nov1/102RECNX","RCNX1124.JPG","Nothing",2,"Species|Nothing"
"af2","Nothing",2025-08-26 13:51:26,2025-08-26,"13:51:26",77799,1296.7,21.6,0.9,"E:/alexfraser_tagged/af2_nov1/102RECNX","RCNX1126.JPG","Nothing",1,"Species|Nothing"
"af2","Nothing",2025-08-26 13:58:20,2025-08-26,"13:58:20",414,6.9,0.1,0,"E:/alexfraser_tagged/af2_nov1/102RECNX","RCNX1127.JPG","Nothing",1,"Species|Nothing"
"af2","Nothing",2025-08-26 14:13:58,2025-08-26,"14:13:58",938,15.6,0.3,0,"E:/alexfraser_tagged/af2_nov1/102RECNX","RCNX1128.JPG","Nothing",1,"Species|Nothing"
"af2","Nothing",2025-08-26 14:26:24,2025-08-26,"14:26:24",746,12.4,0.2,0,"E:/alexfraser_tagged/af2_nov1/102RECNX","RCNX1129.JPG","Nothing",1,"Species|Nothing"
"af2","Nothing",2025-08-26 14:53:04,2025-08-26,"14:53:04",1600,26.7,0.4,0,"E:/alexfraser_tagged/af2_nov1/102RECNX","RCNX1130.JPG","Nothing",1,"Species|Nothing"
"af2","Nothing",2025-08-26 15:00:38,2025-08-26,"15:00:38",454,7.6,0.1,0,"E:/alexfraser_tagged/af2_nov1/102RECNX","RCNX1131.JPG","Nothing",1,"Species|Nothing"
"af2","Nothing",2025-08-26 15:20:24,2025-08-26,"15:20:24",1186,19.8,0.3,0,"E:/alexfraser_tagged/af2_nov1/102RECNX","RCNX1132.JPG","Nothing",2,"Species|Nothing"
"af2","Nothing",2025-08-26 15:26:04,2025-08-26,"15:26:04",339,5.7,0.1,0,"E:/alexfraser_tagged/af2_nov1/102RECNX","RCNX1134.JPG","Nothing",1,"Species|Nothing"
"af2","Nothing",2025-08-26 15:36:38,2025-08-26,"15:36:38",634,10.6,0.2,0,"E:/alexfraser_tagged/af2_nov1/102RECNX","RCNX1135.JPG","Nothing",6,"Species|Nothing"
"af2","Nothing",2025-08-26 16:12:53,2025-08-26,"16:12:53",1670,27.8,0.5,0,"E:/alexfraser_tagged/af2_nov1/102RECNX","RCNX1141.JPG","Nothing",3,"Species|Nothing"
"af2","Nothing",2025-08-26 16:26:36,2025-08-26,"16:26:36",658,11,0.2,0,"E:/alexfraser_tagged/af2_nov1/102RECNX","RCNX1144.JPG","Nothing",3,"Species|Nothing"
"af2","Nothing",2025-08-26 16:55:24,2025-08-26,"16:55:24",1461,24.4,0.4,0,"E:/alexfraser_tagged/af2_nov1/102RECNX","RCNX1147.JPG","Nothing",2,"Species|Nothing"
"af2","Nothing",2025-08-26 17:30:01,2025-08-27,"17:30:01",2076,34.6,0.6,0,"E:/alexfraser_tagged/af2_nov1/102RECNX","RCNX1149.JPG","Nothing",1,"Species|Nothing"
"af2","Nothing",2025-08-27 14:27:18,2025-08-27,"14:27:18",75437,1257.3,21,0.9,"E:/alexfraser_tagged/af2_nov1/102RECNX","RCNX1150.JPG","Nothing",1,"Species|Nothing"
"af2","Nothing",2025-08-27 14:55:35,2025-08-27,"14:55:35",1697,28.3,0.5,0,"E:/alexfraser_tagged/af2_nov1/102RECNX","RCNX1151.JPG","Nothing",4,"Species|Nothing"
"af2","Nothing",2025-08-27 15:10:43,2025-08-27,"15:10:43",732,12.2,0.2,0,"E:/alexfraser_tagged/af2_nov1/102RECNX","RCNX1155.JPG","Nothing",3,"Species|Nothing"
"af2","Nothing",2025-08-27 15:18:59,2025-08-27,"15:18:59",494,8.2,0.1,0,"E:/alexfraser_tagged/af2_nov1/102RECNX","RCNX1158.JPG","Nothing",6,"Species|Nothing"
"af2","Nothing",2025-08-27 15:31:41,2025-08-27,"15:31:41",325,5.4,0.1,0,"E:/alexfraser_tagged/af2_nov1/102RECNX","RCNX1164.JPG","Nothing",3,"Species|Nothing"
"af2","Nothing",2025-08-27 15:43:14,2025-08-27,"15:43:14",637,10.6,0.2,0,"E:/alexfraser_tagged/af2_nov1/102RECNX","RCNX1167.JPG","Nothing",2,"Species|Nothing"
"af2","Nothing",2025-08-27 15:51:17,2025-08-27,"15:51:17",478,8,0.1,0,"E:/alexfraser_tagged/af2_nov1/102RECNX","RCNX1169.JPG","Nothing",1,"Species|Nothing"
"af2","Nothing",2025-08-27 16:01:25,2025-08-27,"16:01:25",608,10.1,0.2,0,"E:/alexfraser_tagged/af2_nov1/102RECNX","RCNX1170.JPG","Nothing",4,"Species|Nothing"
"af2","Nothing",2025-08-27 16:23:28,2025-08-27,"16:23:28",981,16.4,0.3,0,"E:/alexfraser_tagged/af2_nov1/102RECNX","RCNX1174.JPG","Nothing",2,"Species|Nothing"
"af2","Nothing",2025-08-27 16:34:41,2025-08-27,"16:34:41",644,10.7,0.2,0,"E:/alexfraser_tagged/af2_nov1/102RECNX","RCNX1176.JPG","Nothing",8,"Species|Nothing"
"af2","Nothing",2025-08-27 16:50:17,2025-08-27,"16:50:17",723,12.1,0.2,0,"E:/alexfraser_tagged/af2_nov1/102RECNX","RCNX1184.JPG","Nothing",1,"Species|Nothing"
"af2","Nothing",2025-08-27 17:20:58,2025-08-28,"17:20:58",1841,30.7,0.5,0,"E:/alexfraser_tagged/af2_nov1/102RECNX","RCNX1185.JPG","Nothing",5,"Species|Nothing"
"af2","Nothing",2025-08-28 13:09:09,2025-08-28,"13:09:09",70847,1180.8,19.7,0.8,"E:/alexfraser_tagged/af2_nov1/102RECNX","RCNX1204.JPG","Nothing",1,"Species|Nothing"
"af2","Nothing",2025-08-28 13:56:30,2025-08-28,"13:56:30",2841,47.4,0.8,0,"E:/alexfraser_tagged/af2_nov1/102RECNX","RCNX1205.JPG","Nothing",2,"Species|Nothing"
"af2","Nothing",2025-08-28 14:08:52,2025-08-28,"14:08:52",707,11.8,0.2,0,"E:/alexfraser_tagged/af2_nov1/102RECNX","RCNX1207.JPG","Nothing",2,"Species|Nothing"
"af2","Nothing",2025-08-28 14:22:39,2025-08-28,"14:22:39",752,12.5,0.2,0,"E:/alexfraser_tagged/af2_nov1/102RECNX","RCNX1209.JPG","Nothing",1,"Species|Nothing"
"af2","Nothing",2025-08-28 14:38:08,2025-08-28,"14:38:08",929,15.5,0.3,0,"E:/alexfraser_tagged/af2_nov1/102RECNX","RCNX1210.JPG","Nothing",1,"Species|Nothing"
"af2","Nothing",2025-08-28 14:44:58,2025-08-28,"14:44:58",410,6.8,0.1,0,"E:/alexfraser_tagged/af2_nov1/102RECNX","RCNX1211.JPG","Nothing",2,"Species|Nothing"
"af2","Nothing",2025-08-28 14:52:29,2025-08-28,"14:52:29",352,5.9,0.1,0,"E:/alexfraser_tagged/af2_nov1/102RECNX","RCNX1213.JPG","Nothing",1,"Species|Nothing"
"af2","Nothing",2025-08-28 15:09:22,2025-08-28,"15:09:22",1013,16.9,0.3,0,"E:/alexfraser_tagged/af2_nov1/102RECNX","RCNX1214.JPG","Nothing",18,"Species|Nothing"
"af2","Nothing",2025-08-28 15:39:37,2025-08-28,"15:39:37",704,11.7,0.2,0,"E:/alexfraser_tagged/af2_nov1/102RECNX","RCNX1232.JPG","Nothing",2,"Species|Nothing"
"af2","Nothing",2025-08-28 16:46:30,2025-08-28,"16:46:30",3786,63.1,1.1,0,"E:/alexfraser_tagged/af2_nov1/102RECNX","RCNX1234.JPG","Nothing",1,"Species|Nothing"
"af2","Nothing",2025-08-29 15:00:38,2025-08-29,"15:00:38",80048,1334.1,22.2,0.9,"E:/alexfraser_tagged/af2_nov1/102RECNX","RCNX1235.JPG","Nothing",1,"Species|Nothing"
"af2","Nothing",2025-08-29 15:33:39,2025-08-29,"15:33:39",1981,33,0.6,0,"E:/alexfraser_tagged/af2_nov1/102RECNX","RCNX1236.JPG","Nothing",2,"Species|Nothing"
"af2","Nothing",2025-08-30 12:23:58,2025-08-30,"12:23:58",75018,1250.3,20.8,0.9,"E:/alexfraser_tagged/af2_nov1/102RECNX","RCNX1238.JPG","Nothing",1,"Species|Nothing"
"af2","Nothing",2025-08-30 12:51:00,2025-08-30,"12:51:00",1622,27,0.4,0,"E:/alexfraser_tagged/af2_nov1/102RECNX","RCNX1239.JPG","Nothing",1,"Species|Nothing"
"af2","Nothing",2025-08-30 14:28:24,2025-08-30,"14:28:24",5844,97.4,1.6,0.1,"E:/alexfraser_tagged/af2_nov1/102RECNX","RCNX1240.JPG","Nothing",1,"Species|Nothing"
"af2","Nothing",2025-08-30 14:47:51,2025-08-30,"14:47:51",1167,19.4,0.3,0,"E:/alexfraser_tagged/af2_nov1/102RECNX","RCNX1241.JPG","Nothing",2,"Species|Nothing"
"af2","Nothing",2025-08-30 14:57:38,2025-08-30,"14:57:38",586,9.8,0.2,0,"E:/alexfraser_tagged/af2_nov1/102RECNX","RCNX1243.JPG","Nothing",5,"Species|Nothing"
"af2","Nothing",2025-08-30 15:05:14,2025-08-30,"15:05:14",431,7.2,0.1,0,"E:/alexfraser_tagged/af2_nov1/102RECNX","RCNX1248.JPG","Nothing",2,"Species|Nothing"
"af2","Nothing",2025-08-30 15:24:15,2025-08-30,"15:24:15",1101,18.4,0.3,0,"E:/alexfraser_tagged/af2_nov1/102RECNX","RCNX1250.JPG","Nothing",1,"Species|Nothing"
"af2","Nothing",2025-08-30 15:31:03,2025-08-30,"15:31:03",408,6.8,0.1,0,"E:/alexfraser_tagged/af2_nov1/102RECNX","RCNX1251.JPG","Nothing",1,"Species|Nothing"
"af2","Nothing",2025-08-30 15:41:57,2025-08-30,"15:41:57",654,10.9,0.2,0,"E:/alexfraser_tagged/af2_nov1/102RECNX","RCNX1252.JPG","Nothing",5,"Species|Nothing"
"af2","Nothing",2025-08-30 16:06:25,2025-08-30,"16:06:25",895,14.9,0.2,0,"E:/alexfraser_tagged/af2_nov1/102RECNX","RCNX1257.JPG","Nothing",4,"Species|Nothing"
"af2","Nothing",2025-08-30 16:42:11,2025-08-30,"16:42:11",2006,33.4,0.6,0,"E:/alexfraser_tagged/af2_nov1/102RECNX","RCNX1261.JPG","Nothing",1,"Species|Nothing"
"af2","Nothing",2025-08-31 14:25:16,2025-08-31,"14:25:16",78185,1303.1,21.7,0.9,"E:/alexfraser_tagged/af2_nov1/102RECNX","RCNX1262.JPG","Nothing",1,"Species|Nothing"
"af2","Nothing",2025-08-31 14:39:25,2025-08-31,"14:39:25",849,14.2,0.2,0,"E:/alexfraser_tagged/af2_nov1/102RECNX","RCNX1263.JPG","Nothing",1,"Species|Nothing"
"af2","Nothing",2025-08-31 14:48:23,2025-08-31,"14:48:23",538,9,0.1,0,"E:/alexfraser_tagged/af2_nov1/102RECNX","RCNX1264.JPG","Nothing",1,"Species|Nothing"
"af2","Nothing",2025-08-31 14:59:47,2025-08-31,"14:59:47",684,11.4,0.2,0,"E:/alexfraser_tagged/af2_nov1/102RECNX","RCNX1265.JPG","Nothing",1,"Species|Nothing"
"af2","Nothing",2025-08-31 15:10:06,2025-08-31,"15:10:06",619,10.3,0.2,0,"E:/alexfraser_tagged/af2_nov1/102RECNX","RCNX1266.JPG","Nothing",2,"Species|Nothing"
"af2","Nothing",2025-08-31 15:26:30,2025-08-31,"15:26:30",783,13.1,0.2,0,"E:/alexfraser_tagged/af2_nov1/102RECNX","RCNX1268.JPG","Nothing",3,"Species|Nothing"
"af2","Nothing",2025-08-31 15:36:56,2025-08-31,"15:36:56",596,9.9,0.2,0,"E:/alexfraser_tagged/af2_nov1/102RECNX","RCNX1271.JPG","Nothing",2,"Species|Nothing"
"af2","Nothing",2025-08-31 16:02:58,2025-08-31,"16:02:58",1337,22.3,0.4,0,"E:/alexfraser_tagged/af2_nov1/102RECNX","RCNX1273.JPG","Nothing",1,"Species|Nothing"
"af2","Nothing",2025-08-31 16:08:43,2025-08-31,"16:08:43",345,5.8,0.1,0,"E:/alexfraser_tagged/af2_nov1/102RECNX","RCNX1274.JPG","Nothing",2,"Species|Nothing"
"af2","Nothing",2025-08-31 16:19:32,2025-08-31,"16:19:32",519,8.7,0.1,0,"E:/alexfraser_tagged/af2_nov1/102RECNX","RCNX1276.JPG","Nothing",1,"Species|Nothing"
"af2","Nothing",2025-08-31 16:32:08,2025-08-31,"16:32:08",756,12.6,0.2,0,"E:/alexfraser_tagged/af2_nov1/102RECNX","RCNX1277.JPG","Nothing",1,"Species|Nothing"
"af2","Nothing",2025-08-31 16:38:15,2025-08-31,"16:38:15",367,6.1,0.1,0,"E:/alexfraser_tagged/af2_nov1/102RECNX","RCNX1278.JPG","Nothing",2,"Species|Nothing"
"af2","Nothing",2025-09-01 14:07:46,2025-09-01,"14:07:46",77309,1288.5,21.5,0.9,"E:/alexfraser_tagged/af2_nov1/102RECNX","RCNX1280.JPG","Nothing",1,"Species|Nothing"
"af2","Nothing",2025-09-01 14:58:31,2025-09-01,"14:58:31",3045,50.8,0.8,0,"E:/alexfraser_tagged/af2_nov1/102RECNX","RCNX1281.JPG","Nothing",2,"Species|Nothing"
"af2","Nothing",2025-09-01 15:17:31,2025-09-01,"15:17:31",966,16.1,0.3,0,"E:/alexfraser_tagged/af2_nov1/102RECNX","RCNX1283.JPG","Nothing",2,"Species|Nothing"
"af2","Nothing",2025-09-01 15:50:17,2025-09-01,"15:50:17",1913,31.9,0.5,0,"E:/alexfraser_tagged/af2_nov1/102RECNX","RCNX1285.JPG","Nothing",1,"Species|Nothing"
"af2","Nothing",2025-09-01 16:14:11,2025-09-01,"16:14:11",1434,23.9,0.4,0,"E:/alexfraser_tagged/af2_nov1/102RECNX","RCNX1286.JPG","Nothing",1,"Species|Nothing"
"af2","Nothing",2025-09-03 15:51:48,2025-09-03,"15:51:48",171457,2857.6,47.6,2,"E:/alexfraser_tagged/af2_nov1/102RECNX","RCNX1287.JPG","Nothing",1,"Species|Nothing"
"af2","Nothing",2025-09-03 16:10:44,2025-09-03,"16:10:44",1136,18.9,0.3,0,"E:/alexfraser_tagged/af2_nov1/102RECNX","RCNX1288.JPG","Nothing",2,"Species|Nothing"
"af2","Nothing",2025-09-03 16:45:00,2025-09-03,"16:45:00",2055,34.2,0.6,0,"E:/alexfraser_tagged/af2_nov1/102RECNX","RCNX1290.JPG","Nothing",2,"Species|Nothing"
"af2","Nothing",2025-09-09 14:07:59,2025-09-09,"14:07:59",508978,8483,141.4,5.9,"E:/alexfraser_tagged/af2_nov1/102RECNX","RCNX1292.JPG","Nothing",1,"Species|Nothing"
"af2","Nothing",2025-09-09 14:58:17,2025-09-09,"14:58:17",3018,50.3,0.8,0,"E:/alexfraser_tagged/af2_nov1/102RECNX","RCNX1293.JPG","Nothing",1,"Species|Nothing"
"af2","Nothing",2025-09-09 15:54:05,2025-09-09,"15:54:05",3348,55.8,0.9,0,"E:/alexfraser_tagged/af2_nov1/102RECNX","RCNX1294.JPG","Nothing",1,"Species|Nothing"
"af2","Nothing",2025-09-11 14:49:18,2025-09-11,"14:49:18",168913,2815.2,46.9,2,"E:/alexfraser_tagged/af2_nov1/102RECNX","RCNX1295.JPG","Nothing",1,"Species|Nothing"
"af2","Nothing",2025-09-13 12:31:23,2025-09-13,"12:31:23",164525,2742.1,45.7,1.9,"E:/alexfraser_tagged/af2_nov1/102RECNX","RCNX1296.JPG","Nothing",1,"Species|Nothing"
"af2","Nothing",2025-09-13 12:46:29,2025-09-13,"12:46:29",906,15.1,0.3,0,"E:/alexfraser_tagged/af2_nov1/102RECNX","RCNX1297.JPG","Nothing",1,"Species|Nothing"
"af2","Nothing",2025-09-13 12:58:17,2025-09-13,"12:58:17",708,11.8,0.2,0,"E:/alexfraser_tagged/af2_nov1/102RECNX","RCNX1298.JPG","Nothing",1,"Species|Nothing"
"af2","Nothing",2025-09-13 13:15:53,2025-09-13,"13:15:53",1056,17.6,0.3,0,"E:/alexfraser_tagged/af2_nov1/102RECNX","RCNX1299.JPG","Nothing",2,"Species|Nothing"
"af2","Nothing",2025-09-13 13:42:44,2025-09-13,"13:42:44",1572,26.2,0.4,0,"E:/alexfraser_tagged/af2_nov1/102RECNX","RCNX1301.JPG","Nothing",4,"Species|Nothing"
"af2","Nothing",2025-09-13 14:33:35,2025-09-13,"14:33:35",3008,50.1,0.8,0,"E:/alexfraser_tagged/af2_nov1/102RECNX","RCNX1305.JPG","Nothing",1,"Species|Nothing"
"af2","Nothing",2025-09-13 14:40:07,2025-09-13,"14:40:07",392,6.5,0.1,0,"E:/alexfraser_tagged/af2_nov1/102RECNX","RCNX1306.JPG","Nothing",10,"Species|Nothing"
"af2","Nothing",2025-09-13 14:55:30,2025-09-13,"14:55:30",515,8.6,0.1,0,"E:/alexfraser_tagged/af2_nov1/102RECNX","RCNX1316.JPG","Nothing",61,"Species|Nothing"
"af2","Nothing",2025-09-13 16:29:04,2025-09-13,"16:29:04",3140,52.3,0.9,0,"E:/alexfraser_tagged/af2_nov1/102RECNX","RCNX1377.JPG","Nothing",1,"Species|Nothing"
"af2","Nothing",2025-09-13 17:33:42,2025-09-14,"17:33:42",3878,64.6,1.1,0,"E:/alexfraser_tagged/af2_nov1/102RECNX","RCNX1378.JPG","Nothing",1,"Species|Nothing"
"af2","Nothing",2025-09-14 14:00:29,2025-09-14,"14:00:29",73607,1226.8,20.4,0.8,"E:/alexfraser_tagged/af2_nov1/102RECNX","RCNX1379.JPG","Nothing",1,"Species|Nothing"
"af2","Nothing",2025-09-14 14:25:12,2025-09-14,"14:25:12",1483,24.7,0.4,0,"E:/alexfraser_tagged/af2_nov1/102RECNX","RCNX1380.JPG","Nothing",1,"Species|Nothing"
"af2","Nothing",2025-09-14 14:49:38,2025-09-14,"14:49:38",1466,24.4,0.4,0,"E:/alexfraser_tagged/af2_nov1/102RECNX","RCNX1381.JPG","Nothing",3,"Species|Nothing"
"af2","Nothing",2025-09-15 14:16:39,2025-09-15,"14:16:39",84410,1406.8,23.4,1,"E:/alexfraser_tagged/af2_nov1/102RECNX","RCNX1384.JPG","Nothing",1,"Species|Nothing"
"af2","Nothing",2025-09-15 14:26:24,2025-09-15,"14:26:24",585,9.8,0.2,0,"E:/alexfraser_tagged/af2_nov1/102RECNX","RCNX1385.JPG","Nothing",1,"Species|Nothing"
"af2","Nothing",2025-09-15 14:32:54,2025-09-15,"14:32:54",390,6.5,0.1,0,"E:/alexfraser_tagged/af2_nov1/102RECNX","RCNX1386.JPG","Nothing",1,"Species|Nothing"
"af2","Nothing",2025-09-15 14:51:21,2025-09-15,"14:51:21",1107,18.4,0.3,0,"E:/alexfraser_tagged/af2_nov1/102RECNX","RCNX1387.JPG","Nothing",1,"Species|Nothing"
"af2","Nothing",2025-09-15 15:04:19,2025-09-15,"15:04:19",778,13,0.2,0,"E:/alexfraser_tagged/af2_nov1/102RECNX","RCNX1388.JPG","Nothing",2,"Species|Nothing"
"af2","Nothing",2025-09-15 15:20:39,2025-09-15,"15:20:39",937,15.6,0.3,0,"E:/alexfraser_tagged/af2_nov1/102RECNX","RCNX1390.JPG","Nothing",2,"Species|Nothing"
"af2","Nothing",2025-09-15 15:37:06,2025-09-15,"15:37:06",986,16.4,0.3,0,"E:/alexfraser_tagged/af2_nov1/102RECNX","RCNX1392.JPG","Nothing",2,"Species|Nothing"
"af2","Nothing",2025-09-15 16:02:23,2025-09-15,"16:02:23",1359,22.6,0.4,0,"E:/alexfraser_tagged/af2_nov1/102RECNX","RCNX1394.JPG","Nothing",2,"Species|Nothing"
"af2","Nothing",2025-09-16 13:00:23,2025-09-16,"13:00:23",75466,1257.8,21,0.9,"E:/alexfraser_tagged/af2_nov1/102RECNX","RCNX1396.JPG","Nothing",1,"Species|Nothing"
"af2","Nothing",2025-09-16 13:08:06,2025-09-16,"13:08:06",463,7.7,0.1,0,"E:/alexfraser_tagged/af2_nov1/102RECNX","RCNX1397.JPG","Nothing",1,"Species|Nothing"
"af2","Nothing",2025-09-16 13:41:53,2025-09-16,"13:41:53",2027,33.8,0.6,0,"E:/alexfraser_tagged/af2_nov1/102RECNX","RCNX1398.JPG","Nothing",3,"Species|Nothing"
"af2","Nothing",2025-09-16 13:53:22,2025-09-16,"13:53:22",571,9.5,0.2,0,"E:/alexfraser_tagged/af2_nov1/102RECNX","RCNX1401.JPG","Nothing",8,"Species|Nothing"
"af2","Nothing",2025-09-16 14:06:07,2025-09-16,"14:06:07",317,5.3,0.1,0,"E:/alexfraser_tagged/af2_nov1/102RECNX","RCNX1409.JPG","Nothing",3,"Species|Nothing"
"af2","Nothing",2025-09-16 14:12:34,2025-09-16,"14:12:34",306,5.1,0.1,0,"E:/alexfraser_tagged/af2_nov1/102RECNX","RCNX1412.JPG","Nothing",6,"Species|Nothing"
"af2","Nothing",2025-09-16 14:24:10,2025-09-16,"14:24:10",378,6.3,0.1,0,"E:/alexfraser_tagged/af2_nov1/102RECNX","RCNX1418.JPG","Nothing",3,"Species|Nothing"
"af2","Nothing",2025-09-16 14:35:18,2025-09-16,"14:35:18",353,5.9,0.1,0,"E:/alexfraser_tagged/af2_nov1/102RECNX","RCNX1421.JPG","Nothing",2,"Species|Nothing"
"af2","Nothing",2025-09-16 14:44:34,2025-09-16,"14:44:34",554,9.2,0.2,0,"E:/alexfraser_tagged/af2_nov1/102RECNX","RCNX1423.JPG","Nothing",10,"Species|Nothing"
"af2","Nothing",2025-09-16 15:02:43,2025-09-16,"15:02:43",428,7.1,0.1,0,"E:/alexfraser_tagged/af2_nov1/102RECNX","RCNX1433.JPG","Nothing",2,"Species|Nothing"
"af2","Nothing",2025-09-16 15:22:23,2025-09-16,"15:22:23",953,15.9,0.3,0,"E:/alexfraser_tagged/af2_nov1/102RECNX","RCNX1435.JPG","Nothing",26,"Species|Nothing"
"af2","Nothing",2025-09-16 16:01:57,2025-09-16,"16:01:57",749,12.5,0.2,0,"E:/alexfraser_tagged/af2_nov1/102RECNX","RCNX1461.JPG","Nothing",3,"Species|Nothing"
"af2","Nothing",2025-09-16 16:13:58,2025-09-16,"16:13:58",587,9.8,0.2,0,"E:/alexfraser_tagged/af2_nov1/102RECNX","RCNX1464.JPG","Nothing",14,"Species|Nothing"
"af2","Nothing",2025-09-16 16:29:31,2025-09-16,"16:29:31",316,5.3,0.1,0,"E:/alexfraser_tagged/af2_nov1/102RECNX","RCNX1478.JPG","Nothing",1,"Species|Nothing"
"af2","Nothing",2025-09-16 16:55:10,2025-09-16,"16:55:10",1539,25.6,0.4,0,"E:/alexfraser_tagged/af2_nov1/102RECNX","RCNX1479.JPG","Nothing",1,"Species|Nothing"
"af2","Nothing",2025-09-16 17:44:22,2025-09-17,"17:44:22",2952,49.2,0.8,0,"E:/alexfraser_tagged/af2_nov1/102RECNX","RCNX1480.JPG","Nothing",2,"Species|Nothing"
"af2","Nothing",2025-09-17 15:56:18,2025-09-17,"15:56:18",79884,1331.4,22.2,0.9,"E:/alexfraser_tagged/af2_nov1/102RECNX","RCNX1482.JPG","Nothing",1,"Species|Nothing"
"af2","Nothing",2025-09-17 16:01:41,2025-09-17,"16:01:41",323,5.4,0.1,0,"E:/alexfraser_tagged/af2_nov1/102RECNX","RCNX1483.JPG","Nothing",1,"Species|Nothing"
"af2","Nothing",2025-09-18 13:31:42,2025-09-18,"13:31:42",77401,1290,21.5,0.9,"E:/alexfraser_tagged/af2_nov1/102RECNX","RCNX1484.JPG","Nothing",1,"Species|Nothing"
"af2","Nothing",2025-09-18 13:39:21,2025-09-18,"13:39:21",459,7.7,0.1,0,"E:/alexfraser_tagged/af2_nov1/102RECNX","RCNX1485.JPG","Nothing",1,"Species|Nothing"
"af2","Nothing",2025-09-18 13:47:59,2025-09-18,"13:47:59",518,8.6,0.1,0,"E:/alexfraser_tagged/af2_nov1/102RECNX","RCNX1486.JPG","Nothing",2,"Species|Nothing"
"af2","Nothing",2025-09-18 13:56:55,2025-09-18,"13:56:55",353,5.9,0.1,0,"E:/alexfraser_tagged/af2_nov1/102RECNX","RCNX1488.JPG","Nothing",3,"Species|Nothing"
"af2","Nothing",2025-09-18 14:08:08,2025-09-18,"14:08:08",669,11.2,0.2,0,"E:/alexfraser_tagged/af2_nov1/102RECNX","RCNX1491.JPG","Nothing",4,"Species|Nothing"
"af2","Nothing",2025-09-18 14:24:01,2025-09-18,"14:24:01",527,8.8,0.1,0,"E:/alexfraser_tagged/af2_nov1/102RECNX","RCNX1495.JPG","Nothing",1,"Species|Nothing"
"af2","Nothing",2025-09-18 14:49:11,2025-09-18,"14:49:11",1510,25.2,0.4,0,"E:/alexfraser_tagged/af2_nov1/102RECNX","RCNX1496.JPG","Nothing",5,"Species|Nothing"
"af2","Nothing",2025-09-18 15:28:30,2025-09-18,"15:28:30",1782,29.7,0.5,0,"E:/alexfraser_tagged/af2_nov1/102RECNX","RCNX1501.JPG","Nothing",1,"Species|Nothing"
"af2","Nothing",2025-09-18 15:35:18,2025-09-18,"15:35:18",408,6.8,0.1,0,"E:/alexfraser_tagged/af2_nov1/102RECNX","RCNX1502.JPG","Nothing",3,"Species|Nothing"
"af2","Nothing",2025-09-18 15:56:14,2025-09-18,"15:56:14",885,14.8,0.2,0,"E:/alexfraser_tagged/af2_nov1/102RECNX","RCNX1505.JPG","Nothing",10,"Species|Nothing"
"af2","Nothing",2025-09-19 13:06:54,2025-09-19,"13:06:54",75585,1259.8,21,0.9,"E:/alexfraser_tagged/af2_nov1/102RECNX","RCNX1515.JPG","Nothing",1,"Species|Nothing"
"af2","Nothing",2025-09-19 15:43:57,2025-09-19,"15:43:57",9423,157.1,2.6,0.1,"E:/alexfraser_tagged/af2_nov1/102RECNX","RCNX1516.JPG","Nothing",1,"Species|Nothing"
"af2","Nothing",2025-09-19 15:56:14,2025-09-19,"15:56:14",737,12.3,0.2,0,"E:/alexfraser_tagged/af2_nov1/102RECNX","RCNX1517.JPG","Nothing",2,"Species|Nothing"
"af2","Nothing",2025-09-21 16:07:34,2025-09-21,"16:07:34",173477,2891.3,48.2,2,"E:/alexfraser_tagged/af2_nov1/102RECNX","RCNX1519.JPG","Nothing",1,"Species|Nothing"
"af2","Nothing",2025-09-21 16:52:07,2025-09-21,"16:52:07",2673,44.5,0.7,0,"E:/alexfraser_tagged/af2_nov1/102RECNX","RCNX1520.JPG","Nothing",1,"Species|Nothing"
"af2","Nothing",2025-09-22 15:59:08,2025-09-22,"15:59:08",83221,1387,23.1,1,"E:/alexfraser_tagged/af2_nov1/102RECNX","RCNX1521.JPG","Nothing",11,"Species|Nothing"
"af2","Nothing",2025-09-24 13:09:56,2025-09-24,"13:09:56",162249,2704.2,45.1,1.9,"E:/alexfraser_tagged/af2_nov1/102RECNX","RCNX1533.JPG","Nothing",2,"Species|Nothing"
"af2","Nothing",2025-09-24 15:58:09,2025-09-24,"15:58:09",10092,168.2,2.8,0.1,"E:/alexfraser_tagged/af2_nov1/102RECNX","RCNX1535.JPG","Nothing",3,"Species|Nothing"
"af2","Nothing",2025-09-24 16:06:58,2025-09-24,"16:06:58",489,8.2,0.1,0,"E:/alexfraser_tagged/af2_nov1/102RECNX","RCNX1538.JPG","Nothing",1,"Species|Nothing"
"af2","Nothing",2025-09-24 16:21:42,2025-09-24,"16:21:42",884,14.7,0.2,0,"E:/alexfraser_tagged/af2_nov1/102RECNX","RCNX1539.JPG","Nothing",1,"Species|Nothing"
"af2","Nothing",2025-09-26 15:46:11,2025-09-26,"15:46:11",170669,2844.5,47.4,2,"E:/alexfraser_tagged/af2_nov1/102RECNX","RCNX1540.JPG","Nothing",1,"Species|Nothing"
"af2","Nothing",2025-09-26 16:06:53,2025-09-26,"16:06:53",1242,20.7,0.3,0,"E:/alexfraser_tagged/af2_nov1/102RECNX","RCNX1541.JPG","Nothing",3,"Species|Nothing"
"af2","Nothing",2025-09-26 16:27:00,2025-09-26,"16:27:00",944,15.7,0.3,0,"E:/alexfraser_tagged/af2_nov1/102RECNX","RCNX1544.JPG","Nothing",13,"Species|Nothing"
"af2","Nothing",2025-09-26 16:50:46,2025-09-26,"16:50:46",999,16.6,0.3,0,"E:/alexfraser_tagged/af2_nov1/102RECNX","RCNX1557.JPG","Nothing",6,"Species|Nothing"
"af2","Nothing",2025-09-30 16:29:01,2025-09-30,"16:29:01",344004,5733.4,95.6,4,"E:/alexfraser_tagged/af2_nov1/102RECNX","RCNX1569.JPG","Nothing",5,"Species|Nothing"
"af2","Nothing",2025-09-30 16:42:19,2025-09-30,"16:42:19",410,6.8,0.1,0,"E:/alexfraser_tagged/af2_nov1/102RECNX","RCNX1574.JPG","Nothing",1,"Species|Nothing"
"af2","Nothing",2025-09-30 16:53:59,2025-09-30,"16:53:59",700,11.7,0.2,0,"E:/alexfraser_tagged/af2_nov1/102RECNX","RCNX1575.JPG","Nothing",1,"Species|Nothing"
"af2","Nothing",2025-10-01 14:02:47,2025-10-01,"14:02:47",76128,1268.8,21.1,0.9,"E:/alexfraser_tagged/af2_nov1/102RECNX","RCNX1576.JPG","Nothing",2,"Species|Nothing"
"af2","Nothing",2025-10-01 14:12:38,2025-10-01,"14:12:38",448,7.5,0.1,0,"E:/alexfraser_tagged/af2_nov1/102RECNX","RCNX1578.JPG","Nothing",2,"Species|Nothing"
"af2","Nothing",2025-10-02 15:38:07,2025-10-02,"15:38:07",91528,1525.5,25.4,1.1,"E:/alexfraser_tagged/af2_nov1/102RECNX","RCNX1580.JPG","Nothing",1,"Species|Nothing"
"af2","Nothing",2025-10-02 15:46:53,2025-10-02,"15:46:53",526,8.8,0.1,0,"E:/alexfraser_tagged/af2_nov1/102RECNX","RCNX1581.JPG","Nothing",2,"Species|Nothing"
"af2","Nothing",2025-10-04 12:55:06,2025-10-04,"12:55:06",162220,2703.7,45.1,1.9,"E:/alexfraser_tagged/af2_nov1/102RECNX","RCNX1583.JPG","Nothing",1,"Species|Nothing"
"af2","Nothing",2025-10-04 13:43:17,2025-10-04,"13:43:17",2891,48.2,0.8,0,"E:/alexfraser_tagged/af2_nov1/102RECNX","RCNX1584.JPG","Nothing",1,"Species|Nothing"
"af2","Nothing",2025-10-04 13:52:04,2025-10-04,"13:52:04",527,8.8,0.1,0,"E:/alexfraser_tagged/af2_nov1/102RECNX","RCNX1585.JPG","Nothing",6,"Species|Nothing"
"af2","Nothing",2025-10-04 14:05:38,2025-10-04,"14:05:38",609,10.2,0.2,0,"E:/alexfraser_tagged/af2_nov1/102RECNX","RCNX1591.JPG","Nothing",6,"Species|Nothing"
"af2","Nothing",2025-10-04 14:18:36,2025-10-04,"14:18:36",486,8.1,0.1,0,"E:/alexfraser_tagged/af2_nov1/102RECNX","RCNX1597.JPG","Nothing",2,"Species|Nothing"
"af2","Nothing",2025-10-04 15:05:06,2025-10-04,"15:05:06",2789,46.5,0.8,0,"E:/alexfraser_tagged/af2_nov1/102RECNX","RCNX1599.JPG","Nothing",2,"Species|Nothing"
"af2","Nothing",2025-10-04 15:35:53,2025-10-04,"15:35:53",1771,29.5,0.5,0,"E:/alexfraser_tagged/af2_nov1/102RECNX","RCNX1601.JPG","Nothing",6,"Species|Nothing"
"af2","Nothing",2025-10-04 15:47:52,2025-10-04,"15:47:52",370,6.2,0.1,0,"E:/alexfraser_tagged/af2_nov1/102RECNX","RCNX1607.JPG","Nothing",1,"Species|Nothing"
"af2","Nothing",2025-10-04 15:53:48,2025-10-04,"15:53:48",356,5.9,0.1,0,"E:/alexfraser_tagged/af2_nov1/102RECNX","RCNX1608.JPG","Nothing",13,"Species|Nothing"
"af2","Nothing",2025-10-04 16:32:33,2025-10-04,"16:32:33",1997,33.3,0.6,0,"E:/alexfraser_tagged/af2_nov1/102RECNX","RCNX1621.JPG","Nothing",1,"Species|Nothing"
"af2","Nothing",2025-10-04 16:37:33,2025-10-04,"16:37:33",300,5,0.1,0,"E:/alexfraser_tagged/af2_nov1/102RECNX","RCNX1622.JPG","Nothing",5,"Species|Nothing"
"af2","Nothing",2025-10-04 17:02:37,2025-10-05,"17:02:37",1426,23.8,0.4,0,"E:/alexfraser_tagged/af2_nov1/102RECNX","RCNX1627.JPG","Nothing",4,"Species|Nothing"
"af2","Nothing",2025-10-04 17:09:43,2025-10-05,"17:09:43",421,7,0.1,0,"E:/alexfraser_tagged/af2_nov1/102RECNX","RCNX1631.JPG","Nothing",2,"Species|Nothing"
"af2","Nothing",2025-10-06 14:51:38,2025-10-06,"14:51:38",164503,2741.7,45.7,1.9,"E:/alexfraser_tagged/af2_nov1/102RECNX","RCNX1645.JPG","Nothing",2,"Species|Nothing"
"af2","Nothing",2025-10-07 15:04:12,2025-10-07,"15:04:12",86939,1449,24.1,1,"E:/alexfraser_tagged/af2_nov1/102RECNX","RCNX1647.JPG","Nothing",1,"Species|Nothing"
"af2","Nothing",2025-10-07 15:09:32,2025-10-07,"15:09:32",320,5.3,0.1,0,"E:/alexfraser_tagged/af2_nov1/102RECNX","RCNX1648.JPG","Nothing",2,"Species|Nothing"
"af2","Nothing",2025-10-07 15:31:04,2025-10-07,"15:31:04",1290,21.5,0.4,0,"E:/alexfraser_tagged/af2_nov1/102RECNX","RCNX1650.JPG","Nothing",1,"Species|Nothing"
"af2","Nothing",2025-10-07 15:52:37,2025-10-07,"15:52:37",1293,21.6,0.4,0,"E:/alexfraser_tagged/af2_nov1/102RECNX","RCNX1651.JPG","Nothing",61,"Species|Nothing"
"af2","Nothing",2025-10-09 14:11:59,2025-10-09,"14:11:59",164117,2735.3,45.6,1.9,"E:/alexfraser_tagged/af2_nov1/102RECNX","RCNX1713.JPG","Nothing",1,"Species|Nothing"
"af2","Nothing",2025-10-11 12:26:14,2025-10-11,"12:26:14",166455,2774.2,46.2,1.9,"E:/alexfraser_tagged/af2_nov1/102RECNX","RCNX1714.JPG","Nothing",1,"Species|Nothing"
"af2","Nothing",2025-10-11 13:32:02,2025-10-11,"13:32:02",3948,65.8,1.1,0,"E:/alexfraser_tagged/af2_nov1/102RECNX","RCNX1715.JPG","Nothing",2,"Species|Nothing"
"af2","Nothing",2025-10-11 13:42:47,2025-10-11,"13:42:47",464,7.7,0.1,0,"E:/alexfraser_tagged/af2_nov1/102RECNX","RCNX1717.JPG","Nothing",1,"Species|Nothing"
"af2","Nothing",2025-10-11 14:05:10,2025-10-11,"14:05:10",1343,22.4,0.4,0,"E:/alexfraser_tagged/af2_nov1/102RECNX","RCNX1718.JPG","Nothing",1,"Species|Nothing"
"af2","Nothing",2025-10-11 14:10:19,2025-10-11,"14:10:19",309,5.2,0.1,0,"E:/alexfraser_tagged/af2_nov1/102RECNX","RCNX1719.JPG","Nothing",4,"Species|Nothing"
"af2","Nothing",2025-10-11 14:31:07,2025-10-11,"14:31:07",1233,20.6,0.3,0,"E:/alexfraser_tagged/af2_nov1/102RECNX","RCNX1723.JPG","Nothing",1,"Species|Nothing"
"af2","Nothing",2025-10-11 14:40:53,2025-10-11,"14:40:53",586,9.8,0.2,0,"E:/alexfraser_tagged/af2_nov1/102RECNX","RCNX1724.JPG","Nothing",1,"Species|Nothing"
"af2","Nothing",2025-10-11 15:11:30,2025-10-11,"15:11:30",1837,30.6,0.5,0,"E:/alexfraser_tagged/af2_nov1/102RECNX","RCNX1725.JPG","Nothing",1,"Species|Nothing"
"af2","Nothing",2025-10-12 13:33:57,2025-10-12,"13:33:57",80547,1342.4,22.4,0.9,"E:/alexfraser_tagged/af2_nov1/102RECNX","RCNX1726.JPG","Nothing",1,"Species|Nothing"
"af2","Nothing",2025-10-12 15:51:24,2025-10-12,"15:51:24",8247,137.4,2.3,0.1,"E:/alexfraser_tagged/af2_nov1/102RECNX","RCNX1727.JPG","Nothing",13,"Species|Nothing"
"af2","Nothing",2025-10-13 14:04:15,2025-10-13,"14:04:15",79319,1322,22,0.9,"E:/alexfraser_tagged/af2_nov1/102RECNX","RCNX1740.JPG","Nothing",2,"Species|Nothing"
"af2","Nothing",2025-10-13 15:44:05,2025-10-13,"15:44:05",5796,96.6,1.6,0.1,"E:/alexfraser_tagged/af2_nov1/102RECNX","RCNX1742.JPG","Nothing",1,"Species|Nothing"
"af2","Nothing",2025-10-14 17:42:16,2025-10-15,"17:42:16",93491,1558.2,26,1.1,"E:/alexfraser_tagged/af2_nov1/102RECNX","RCNX1743.JPG","Nothing",1,"Species|Nothing"
"af2","Nothing",2025-10-16 14:41:44,2025-10-16,"14:41:44",161968,2699.5,45,1.9,"E:/alexfraser_tagged/af2_nov1/102RECNX","RCNX1744.JPG","Nothing",2,"Species|Nothing"
"af2","Nothing",2025-10-20 14:48:49,2025-10-20,"14:48:49",345813,5763.6,96.1,4,"E:/alexfraser_tagged/af2_nov1/102RECNX","RCNX1746.JPG","Nothing",1,"Species|Nothing"
"af2","Nothing",2025-10-20 14:54:39,2025-10-20,"14:54:39",350,5.8,0.1,0,"E:/alexfraser_tagged/af2_nov1/102RECNX","RCNX1747.JPG","Nothing",6,"Species|Nothing"
"af2","Nothing",2025-10-20 15:23:13,2025-10-20,"15:23:13",1381,23,0.4,0,"E:/alexfraser_tagged/af2_nov1/102RECNX","RCNX1753.JPG","Nothing",1,"Species|Nothing"
"af2","Nothing",2025-10-20 15:33:31,2025-10-20,"15:33:31",618,10.3,0.2,0,"E:/alexfraser_tagged/af2_nov1/102RECNX","RCNX1754.JPG","Nothing",2,"Species|Nothing"
"af2","Nothing",2025-10-20 16:13:25,2025-10-20,"16:13:25",2118,35.3,0.6,0,"E:/alexfraser_tagged/af2_nov1/102RECNX","RCNX1756.JPG","Nothing",3,"Species|Nothing"
"af2","Nothing",2025-10-20 16:20:56,2025-10-20,"16:20:56",302,5,0.1,0,"E:/alexfraser_tagged/af2_nov1/102RECNX","RCNX1759.JPG","Nothing",2,"Species|Nothing"
"af2","Nothing",2025-10-20 16:28:32,2025-10-20,"16:28:32",450,7.5,0.1,0,"E:/alexfraser_tagged/af2_nov1/102RECNX","RCNX1761.JPG","Nothing",1,"Species|Nothing"
"af2","Nothing",2025-10-20 16:41:40,2025-10-20,"16:41:40",788,13.1,0.2,0,"E:/alexfraser_tagged/af2_nov1/102RECNX","RCNX1762.JPG","Nothing",2,"Species|Nothing"
"af2","Nothing",2025-10-21 14:10:19,2025-10-21,"14:10:19",77151,1285.8,21.4,0.9,"E:/alexfraser_tagged/af2_nov1/102RECNX","RCNX1764.JPG","Nothing",1,"Species|Nothing"
"af2","Nothing",2025-10-23 15:13:43,2025-10-23,"15:13:43",176604,2943.4,49.1,2,"E:/alexfraser_tagged/af2_nov1/102RECNX","RCNX1765.JPG","Nothing",1,"Species|Nothing"
"af2","Nothing",2025-10-27 14:08:05,2025-10-27,"14:08:05",341662,5694.4,94.9,4,"E:/alexfraser_tagged/af2_nov1/102RECNX","RCNX1766.JPG","Nothing",1,"Species|Nothing"
"af2","Nothing",2025-10-27 14:32:52,2025-10-27,"14:32:52",1487,24.8,0.4,0,"E:/alexfraser_tagged/af2_nov1/102RECNX","RCNX1767.JPG","Nothing",2,"Species|Nothing"
"af2","Nothing",2025-10-30 15:05:53,2025-10-30,"15:05:53",261132,4352.2,72.5,3,"E:/alexfraser_tagged/af2_nov1/102RECNX","RCNX1769.JPG","Nothing",1,"Species|Nothing"
"af2","Nothing",2025-10-30 18:04:42,2025-10-31,"18:04:42",10729,178.8,3,0.1,"E:/alexfraser_tagged/af2_nov1/102RECNX","RCNX1770.JPG","Nothing",4,"Species|Nothing"
"af2","People",2025-07-15 10:03:36,2025-07-15,"10:03:36",0,0,0,0,"E:/alexfraser_tagged/af2_nov1/100RECNX","RCNX0001.JPG","People",34,"Species|People"
"af2","People",2025-07-15 10:30:19,2025-07-15,"10:30:19",1386,23.1,0.4,0,"E:/alexfraser_tagged/af2_nov1/102RECNX","RCNX0001.JPG","People",25,"Species|People"
"af2","People",2025-11-01 08:19:15,2025-11-01,"08:19:15",9409568,156826.1,2613.8,108.9,"E:/alexfraser_tagged/af2_nov1/102RECNX","RCNX1774.JPG","People",46,"Species|People"
"af20","Bird",2025-10-01 18:23:15,2025-10-02,"18:23:15",0,0,0,0,"E:/alexfraser_tagged/af20_nov1/101RECNX","RCNX0206.JPG","Bird",4,"Species|Bird"
"af20","Bird",2025-10-12 16:50:26,2025-10-12,"16:50:26",944825,15747.1,262.5,10.9,"E:/alexfraser_tagged/af20_nov1/101RECNX","RCNX0368.JPG","Bird",2,"Species|Bird"
"af20","Bird",2025-10-13 10:52:04,2025-10-13,"10:52:04",64897,1081.6,18,0.8,"E:/alexfraser_tagged/af20_nov1/101RECNX","RCNX0371.JPG","Bird",1,"Species|Bird"
"af20","Bird",2025-10-27 18:04:46,2025-10-28,"18:04:46",1235562,20592.7,343.2,14.3,"E:/alexfraser_tagged/af20_nov1/101RECNX","RCNX0457.JPG","Bird",1,"Species|Bird"
"af20","Black bear",2025-08-17 20:21:10,2025-08-18,"20:21:10",0,0,0,0,"E:/alexfraser_tagged/af20_nov1/101RECNX","RCNX0045.JPG","Black bear",20,"Species|Black bear"
"af20","Flying squirrel",2025-10-12 21:22:53,2025-10-13,"21:22:53",0,0,0,0,"E:/alexfraser_tagged/af20_nov1/101RECNX","RCNX0370.JPG","Flying squirrel",1,"Species|Flying squirrel"
"af20","Mule deer",2025-08-19 19:08:09,2025-08-20,"19:08:09",0,0,0,0,"E:/alexfraser_tagged/af20_nov1/101RECNX","RCNX0079.JPG","Mule deer",10,"Species|Mule deer"
"af20","Mule deer",2025-08-23 13:34:24,2025-08-23,"13:34:24",325565,5426.1,90.4,3.8,"E:/alexfraser_tagged/af20_nov1/101RECNX","RCNX0106.JPG","Mule deer",3,"Species|Mule deer"
"af20","Mule deer",2025-09-01 19:01:29,2025-09-02,"19:01:29",797223,13287,221.4,9.2,"E:/alexfraser_tagged/af20_nov1/101RECNX","RCNX0111.JPG","Mule deer",38,"Species|Mule deer"
"af20","Mule deer",2025-10-03 12:14:53,2025-10-03,"12:14:53",2740176,45669.6,761.2,31.7,"E:/alexfraser_tagged/af20_nov1/101RECNX","RCNX0211.JPG","Mule deer",85,"Species|Mule deer"
"af20","Mule deer",2025-10-06 03:49:25,2025-10-06,"03:49:25",228707,3811.8,63.5,2.6,"E:/alexfraser_tagged/af20_nov1/101RECNX","RCNX0328.JPG","Mule deer",14,"Species|Mule deer"
"af20","Mule deer",2025-10-13 21:42:22,2025-10-14,"21:42:22",669145,11152.4,185.9,7.7,"E:/alexfraser_tagged/af20_nov1/101RECNX","RCNX0372.JPG","Mule deer",44,"Species|Mule deer"
"af20","Mule deer",2025-10-14 13:39:24,2025-10-14,"13:39:24",57109,951.8,15.9,0.7,"E:/alexfraser_tagged/af20_nov1/101RECNX","RCNX0419.JPG","Mule deer",20,"Species|Mule deer"
"af20","Nothing",2025-08-09 06:07:32,2025-08-09,"06:07:32",0,0,0,0,"E:/alexfraser_tagged/af20_nov1/101RECNX","RCNX0019.JPG","Nothing",1,"Species|Nothing"
"af20","Nothing",2025-08-10 05:16:08,2025-08-10,"05:16:08",83316,1388.6,23.1,1,"E:/alexfraser_tagged/af20_nov1/101RECNX","RCNX0028.JPG","Nothing",2,"Species|Nothing"
"af20","Nothing",2025-08-21 08:54:45,2025-08-21,"08:54:45",963516,16058.6,267.6,11.2,"E:/alexfraser_tagged/af20_nov1/101RECNX","RCNX0100.JPG","Nothing",1,"Species|Nothing"
"af20","Nothing",2025-08-23 02:42:44,2025-08-23,"02:42:44",150479,2508,41.8,1.7,"E:/alexfraser_tagged/af20_nov1/101RECNX","RCNX0103.JPG","Nothing",1,"Species|Nothing"
"af20","Nothing",2025-08-25 07:10:48,2025-08-25,"07:10:48",188884,3148.1,52.5,2.2,"E:/alexfraser_tagged/af20_nov1/101RECNX","RCNX0110.JPG","Nothing",1,"Species|Nothing"
"af20","Nothing",2025-09-12 22:54:47,2025-09-13,"22:54:47",1611839,26864,447.7,18.7,"E:/alexfraser_tagged/af20_nov1/101RECNX","RCNX0177.JPG","Nothing",1,"Species|Nothing"
"af20","Nothing",2025-09-24 07:13:03,2025-09-24,"07:13:03",980296,16338.3,272.3,11.3,"E:/alexfraser_tagged/af20_nov1/101RECNX","RCNX0193.JPG","Nothing",1,"Species|Nothing"
"af20","Nothing",2025-09-25 17:08:35,2025-09-26,"17:08:35",122132,2035.5,33.9,1.4,"E:/alexfraser_tagged/af20_nov1/101RECNX","RCNX0200.JPG","Nothing",1,"Species|Nothing"
"af20","Nothing",2025-10-04 07:11:15,2025-10-04,"07:11:15",741760,12362.7,206,8.6,"E:/alexfraser_tagged/af20_nov1/101RECNX","RCNX0303.JPG","Nothing",1,"Species|Nothing"
"af20","Nothing",2025-10-04 22:36:58,2025-10-05,"22:36:58",55543,925.7,15.4,0.6,"E:/alexfraser_tagged/af20_nov1/101RECNX","RCNX0307.JPG","Nothing",1,"Species|Nothing"
"af20","Nothing",2025-10-06 07:09:54,2025-10-06,"07:09:54",117176,1952.9,32.5,1.4,"E:/alexfraser_tagged/af20_nov1/101RECNX","RCNX0343.JPG","Nothing",1,"Species|Nothing"
"af20","Nothing",2025-10-06 14:44:26,2025-10-06,"14:44:26",27272,454.5,7.6,0.3,"E:/alexfraser_tagged/af20_nov1/101RECNX","RCNX0344.JPG","Nothing",2,"Species|Nothing"
"af20","Nothing",2025-10-07 08:24:16,2025-10-07,"08:24:16",63589,1059.8,17.7,0.7,"E:/alexfraser_tagged/af20_nov1/101RECNX","RCNX0346.JPG","Nothing",1,"Species|Nothing"
"af20","Nothing",2025-10-10 03:30:12,2025-10-10,"03:30:12",241556,4025.9,67.1,2.8,"E:/alexfraser_tagged/af20_nov1/101RECNX","RCNX0365.JPG","Nothing",1,"Species|Nothing"
"af20","Nothing",2025-10-10 11:36:39,2025-10-10,"11:36:39",29187,486.4,8.1,0.3,"E:/alexfraser_tagged/af20_nov1/101RECNX","RCNX0366.JPG","Nothing",1,"Species|Nothing"
"af20","Nothing",2025-10-17 22:35:31,2025-10-18,"22:35:31",644332,10738.9,179,7.5,"E:/alexfraser_tagged/af20_nov1/101RECNX","RCNX0447.JPG","Nothing",1,"Species|Nothing"
"af20","People",2025-08-06 16:59:53,2025-08-06,"16:59:53",0,0,0,0,"E:/alexfraser_tagged/af20_nov1/100RECNX","RCNX0001.JPG","People",38,"Species|People"
"af20","People",2025-11-02 12:42:52,2025-11-02,"12:42:52",7591314,126521.9,2108.7,87.9,"E:/alexfraser_tagged/af20_nov1/101RECNX","RCNX0502.JPG","People",22,"Species|People"
"af20","Red squirrel",2025-08-09 06:27:59,2025-08-09,"06:27:59",0,0,0,0,"E:/alexfraser_tagged/af20_nov1/101RECNX","RCNX0020.JPG","Red squirrel",1,"Species|Red squirrel"
"af20","Red squirrel",2025-08-23 11:34:43,2025-08-23,"11:34:43",1228004,20466.7,341.1,14.2,"E:/alexfraser_tagged/af20_nov1/101RECNX","RCNX0104.JPG","Red squirrel",2,"Species|Red squirrel"
"af20","Red squirrel",2025-09-07 06:31:58,2025-09-07,"06:31:58",1277834,21297.2,355,14.8,"E:/alexfraser_tagged/af20_nov1/101RECNX","RCNX0175.JPG","Red squirrel",2,"Species|Red squirrel"
"af20","Red squirrel",2025-09-18 07:01:09,2025-09-18,"07:01:09",952149,15869.1,264.5,11,"E:/alexfraser_tagged/af20_nov1/101RECNX","RCNX0187.JPG","Red squirrel",1,"Species|Red squirrel"
"af20","Red squirrel",2025-09-30 07:47:36,2025-09-30,"07:47:36",1039587,17326.4,288.8,12,"E:/alexfraser_tagged/af20_nov1/101RECNX","RCNX0205.JPG","Red squirrel",1,"Species|Red squirrel"
"af20","Red squirrel",2025-10-03 06:55:30,2025-10-03,"06:55:30",256074,4267.9,71.1,3,"E:/alexfraser_tagged/af20_nov1/101RECNX","RCNX0210.JPG","Red squirrel",1,"Species|Red squirrel"
"af20","Red squirrel",2025-10-05 07:41:09,2025-10-05,"07:41:09",175539,2925.7,48.8,2,"E:/alexfraser_tagged/af20_nov1/101RECNX","RCNX0324.JPG","Red squirrel",3,"Species|Red squirrel"
"af20","Red squirrel",2025-10-05 07:50:55,2025-10-05,"07:50:55",584,9.7,0.2,0,"E:/alexfraser_tagged/af20_nov1/101RECNX","RCNX0327.JPG","Red squirrel",1,"Species|Red squirrel"
"af20","Red squirrel",2025-10-09 07:58:42,2025-10-09,"07:58:42",346067,5767.8,96.1,4,"E:/alexfraser_tagged/af20_nov1/101RECNX","RCNX0354.JPG","Red squirrel",1,"Species|Red squirrel"
"af20","Red squirrel",2025-10-09 11:27:20,2025-10-09,"11:27:20",12518,208.6,3.5,0.1,"E:/alexfraser_tagged/af20_nov1/101RECNX","RCNX0355.JPG","Red squirrel",3,"Species|Red squirrel"
"af20","Red squirrel",2025-10-09 18:37:24,2025-10-10,"18:37:24",25801,430,7.2,0.3,"E:/alexfraser_tagged/af20_nov1/101RECNX","RCNX0358.JPG","Red squirrel",1,"Species|Red squirrel"
"af20","Red squirrel",2025-10-15 07:33:51,2025-10-15,"07:33:51",478587,7976.4,132.9,5.5,"E:/alexfraser_tagged/af20_nov1/101RECNX","RCNX0439.JPG","Red squirrel",4,"Species|Red squirrel"
"af20","Red squirrel",2025-11-01 17:07:37,2025-11-02,"17:07:37",1503206,25053.4,417.6,17.4,"E:/alexfraser_tagged/af20_nov1/101RECNX","RCNX0493.JPG","Red squirrel",3,"Species|Red squirrel"
"af20","Red squirrel",2025-11-02 08:17:07,2025-11-02,"08:17:07",58136,968.9,16.1,0.7,"E:/alexfraser_tagged/af20_nov1/101RECNX","RCNX0500.JPG","Red squirrel",2,"Species|Red squirrel"
"af20","Snowshoe hare",2025-08-07 00:10:00,2025-08-07,"00:10:00",0,0,0,0,"E:/alexfraser_tagged/af20_nov1/101RECNX","RCNX0001.JPG","Snowshoe hare",3,"Species|Snowshoe hare"
"af20","Snowshoe hare",2025-08-07 22:35:59,2025-08-08,"22:35:59",80726,1345.4,22.4,0.9,"E:/alexfraser_tagged/af20_nov1/101RECNX","RCNX0005.JPG","Snowshoe hare",6,"Species|Snowshoe hare"
"af20","Snowshoe hare",2025-08-08 04:14:47,2025-08-08,"04:14:47",20285,338.1,5.6,0.2,"E:/alexfraser_tagged/af20_nov1/101RECNX","RCNX0012.JPG","Snowshoe hare",3,"Species|Snowshoe hare"
"af20","Snowshoe hare",2025-08-08 04:24:23,2025-08-08,"04:24:23",568,9.5,0.2,0,"E:/alexfraser_tagged/af20_nov1/101RECNX","RCNX0015.JPG","Snowshoe hare",1,"Species|Snowshoe hare"
"af20","Snowshoe hare",2025-08-08 23:33:04,2025-08-09,"23:33:04",68921,1148.7,19.1,0.8,"E:/alexfraser_tagged/af20_nov1/101RECNX","RCNX0016.JPG","Snowshoe hare",1,"Species|Snowshoe hare"
"af20","Snowshoe hare",2025-08-09 00:07:17,2025-08-09,"00:07:17",2053,34.2,0.6,0,"E:/alexfraser_tagged/af20_nov1/101RECNX","RCNX0017.JPG","Snowshoe hare",2,"Species|Snowshoe hare"
"af20","Snowshoe hare",2025-08-10 03:36:12,2025-08-10,"03:36:12",98934,1648.9,27.5,1.1,"E:/alexfraser_tagged/af20_nov1/101RECNX","RCNX0021.JPG","Snowshoe hare",7,"Species|Snowshoe hare"
"af20","Snowshoe hare",2025-08-10 05:32:47,2025-08-10,"05:32:47",6968,116.1,1.9,0.1,"E:/alexfraser_tagged/af20_nov1/101RECNX","RCNX0030.JPG","Snowshoe hare",2,"Species|Snowshoe hare"
"af20","Snowshoe hare",2025-08-12 03:09:24,2025-08-12,"03:09:24",164194,2736.6,45.6,1.9,"E:/alexfraser_tagged/af20_nov1/101RECNX","RCNX0032.JPG","Snowshoe hare",1,"Species|Snowshoe hare"
"af20","Snowshoe hare",2025-08-15 00:37:05,2025-08-15,"00:37:05",250061,4167.7,69.5,2.9,"E:/alexfraser_tagged/af20_nov1/101RECNX","RCNX0033.JPG","Snowshoe hare",1,"Species|Snowshoe hare"
"af20","Snowshoe hare",2025-08-16 00:59:51,2025-08-16,"00:59:51",87766,1462.8,24.4,1,"E:/alexfraser_tagged/af20_nov1/101RECNX","RCNX0034.JPG","Snowshoe hare",1,"Species|Snowshoe hare"
"af20","Snowshoe hare",2025-08-16 01:52:32,2025-08-16,"01:52:32",3161,52.7,0.9,0,"E:/alexfraser_tagged/af20_nov1/101RECNX","RCNX0035.JPG","Snowshoe hare",2,"Species|Snowshoe hare"
"af20","Snowshoe hare",2025-08-16 20:49:07,2025-08-17,"20:49:07",68194,1136.6,18.9,0.8,"E:/alexfraser_tagged/af20_nov1/101RECNX","RCNX0037.JPG","Snowshoe hare",4,"Species|Snowshoe hare"
"af20","Snowshoe hare",2025-08-17 02:11:35,2025-08-17,"02:11:35",19276,321.3,5.4,0.2,"E:/alexfraser_tagged/af20_nov1/101RECNX","RCNX0041.JPG","Snowshoe hare",2,"Species|Snowshoe hare"
"af20","Snowshoe hare",2025-08-17 02:22:03,2025-08-17,"02:22:03",627,10.4,0.2,0,"E:/alexfraser_tagged/af20_nov1/101RECNX","RCNX0043.JPG","Snowshoe hare",1,"Species|Snowshoe hare"
"af20","Snowshoe hare",2025-08-17 02:48:53,2025-08-17,"02:48:53",1610,26.8,0.4,0,"E:/alexfraser_tagged/af20_nov1/101RECNX","RCNX0044.JPG","Snowshoe hare",1,"Species|Snowshoe hare"
"af20","Snowshoe hare",2025-08-18 01:50:14,2025-08-18,"01:50:14",82881,1381.3,23,1,"E:/alexfraser_tagged/af20_nov1/101RECNX","RCNX0066.JPG","Snowshoe hare",3,"Species|Snowshoe hare"
"af20","Snowshoe hare",2025-08-18 02:54:54,2025-08-18,"02:54:54",3821,63.7,1.1,0,"E:/alexfraser_tagged/af20_nov1/101RECNX","RCNX0069.JPG","Snowshoe hare",1,"Species|Snowshoe hare"
"af20","Snowshoe hare",2025-08-18 20:34:43,2025-08-19,"20:34:43",63589,1059.8,17.7,0.7,"E:/alexfraser_tagged/af20_nov1/101RECNX","RCNX0070.JPG","Snowshoe hare",2,"Species|Snowshoe hare"
"af20","Snowshoe hare",2025-08-18 22:49:18,2025-08-19,"22:49:18",8074,134.6,2.2,0.1,"E:/alexfraser_tagged/af20_nov1/101RECNX","RCNX0073.JPG","Snowshoe hare",6,"Species|Snowshoe hare"
"af20","Snowshoe hare",2025-08-19 21:20:36,2025-08-20,"21:20:36",81055,1350.9,22.5,0.9,"E:/alexfraser_tagged/af20_nov1/101RECNX","RCNX0089.JPG","Snowshoe hare",1,"Species|Snowshoe hare"
"af20","Snowshoe hare",2025-08-20 05:07:46,2025-08-20,"05:07:46",28030,467.2,7.8,0.3,"E:/alexfraser_tagged/af20_nov1/101RECNX","RCNX0090.JPG","Snowshoe hare",1,"Species|Snowshoe hare"
"af20","Snowshoe hare",2025-08-20 22:47:32,2025-08-21,"22:47:32",63586,1059.8,17.7,0.7,"E:/alexfraser_tagged/af20_nov1/101RECNX","RCNX0091.JPG","Snowshoe hare",9,"Species|Snowshoe hare"
"af20","Snowshoe hare",2025-08-22 02:45:09,2025-08-22,"02:45:09",100623,1677,28,1.2,"E:/alexfraser_tagged/af20_nov1/101RECNX","RCNX0101.JPG","Snowshoe hare",2,"Species|Snowshoe hare"
"af20","Snowshoe hare",2025-08-25 04:02:43,2025-08-25,"04:02:43",263852,4397.5,73.3,3.1,"E:/alexfraser_tagged/af20_nov1/101RECNX","RCNX0109.JPG","Snowshoe hare",1,"Species|Snowshoe hare"
"af20","Snowshoe hare",2025-09-06 23:59:21,2025-09-07,"23:59:21",1108598,18476.6,307.9,12.8,"E:/alexfraser_tagged/af20_nov1/101RECNX","RCNX0173.JPG","Snowshoe hare",2,"Species|Snowshoe hare"
"af20","Snowshoe hare",2025-09-15 04:34:41,2025-09-15,"04:34:41",707719,11795.3,196.6,8.2,"E:/alexfraser_tagged/af20_nov1/101RECNX","RCNX0178.JPG","Snowshoe hare",1,"Species|Snowshoe hare"
"af20","Snowshoe hare",2025-09-15 04:43:18,2025-09-15,"04:43:18",517,8.6,0.1,0,"E:/alexfraser_tagged/af20_nov1/101RECNX","RCNX0179.JPG","Snowshoe hare",1,"Species|Snowshoe hare"
"af20","Snowshoe hare",2025-09-17 01:02:05,2025-09-17,"01:02:05",159527,2658.8,44.3,1.8,"E:/alexfraser_tagged/af20_nov1/101RECNX","RCNX0180.JPG","Snowshoe hare",2,"Species|Snowshoe hare"
"af20","Snowshoe hare",2025-09-17 01:56:40,2025-09-17,"01:56:40",3274,54.6,0.9,0,"E:/alexfraser_tagged/af20_nov1/101RECNX","RCNX0182.JPG","Snowshoe hare",1,"Species|Snowshoe hare"
"af20","Snowshoe hare",2025-09-18 01:34:52,2025-09-18,"01:34:52",85092,1418.2,23.6,1,"E:/alexfraser_tagged/af20_nov1/101RECNX","RCNX0183.JPG","Snowshoe hare",4,"Species|Snowshoe hare"
"af20","Snowshoe hare",2025-09-20 05:39:34,2025-09-20,"05:39:34",187200,3120,52,2.2,"E:/alexfraser_tagged/af20_nov1/101RECNX","RCNX0188.JPG","Snowshoe hare",3,"Species|Snowshoe hare"
"af20","Snowshoe hare",2025-09-23 22:55:12,2025-09-24,"22:55:12",321335,5355.6,89.3,3.7,"E:/alexfraser_tagged/af20_nov1/101RECNX","RCNX0191.JPG","Snowshoe hare",2,"Species|Snowshoe hare"
"af20","Snowshoe hare",2025-09-24 19:40:45,2025-09-25,"19:40:45",74732,1245.5,20.8,0.9,"E:/alexfraser_tagged/af20_nov1/101RECNX","RCNX0194.JPG","Snowshoe hare",2,"Species|Snowshoe hare"
"af20","Snowshoe hare",2025-09-24 22:36:07,2025-09-25,"22:36:07",10521,175.3,2.9,0.1,"E:/alexfraser_tagged/af20_nov1/101RECNX","RCNX0196.JPG","Snowshoe hare",1,"Species|Snowshoe hare"
"af20","Snowshoe hare",2025-09-25 04:57:18,2025-09-25,"04:57:18",22871,381.2,6.4,0.3,"E:/alexfraser_tagged/af20_nov1/101RECNX","RCNX0197.JPG","Snowshoe hare",3,"Species|Snowshoe hare"
"af20","Snowshoe hare",2025-09-26 01:04:43,2025-09-26,"01:04:43",72436,1207.3,20.1,0.8,"E:/alexfraser_tagged/af20_nov1/101RECNX","RCNX0201.JPG","Snowshoe hare",4,"Species|Snowshoe hare"
"af20","Snowshoe hare",2025-10-04 04:41:39,2025-10-04,"04:41:39",704011,11733.5,195.6,8.2,"E:/alexfraser_tagged/af20_nov1/101RECNX","RCNX0298.JPG","Snowshoe hare",5,"Species|Snowshoe hare"
"af20","Snowshoe hare",2025-10-04 20:36:10,2025-10-05,"20:36:10",57263,954.4,15.9,0.7,"E:/alexfraser_tagged/af20_nov1/101RECNX","RCNX0304.JPG","Snowshoe hare",2,"Species|Snowshoe hare"
"af20","Snowshoe hare",2025-10-04 21:54:34,2025-10-05,"21:54:34",4700,78.3,1.3,0.1,"E:/alexfraser_tagged/af20_nov1/101RECNX","RCNX0306.JPG","Snowshoe hare",1,"Species|Snowshoe hare"
"af20","Snowshoe hare",2025-10-05 02:32:13,2025-10-05,"02:32:13",16659,277.6,4.6,0.2,"E:/alexfraser_tagged/af20_nov1/101RECNX","RCNX0308.JPG","Snowshoe hare",1,"Species|Snowshoe hare"
"af20","Snowshoe hare",2025-10-05 02:43:13,2025-10-05,"02:43:13",660,11,0.2,0,"E:/alexfraser_tagged/af20_nov1/101RECNX","RCNX0310.JPG","Snowshoe hare",2,"Species|Snowshoe hare"
"af20","Snowshoe hare",2025-10-05 03:00:51,2025-10-05,"03:00:51",913,15.2,0.3,0,"E:/alexfraser_tagged/af20_nov1/101RECNX","RCNX0312.JPG","Snowshoe hare",11,"Species|Snowshoe hare"
"af20","Snowshoe hare",2025-10-05 03:15:41,2025-10-05,"03:15:41",426,7.1,0.1,0,"E:/alexfraser_tagged/af20_nov1/101RECNX","RCNX0323.JPG","Snowshoe hare",1,"Species|Snowshoe hare"
"af20","Snowshoe hare",2025-10-07 22:08:52,2025-10-08,"22:08:52",240791,4013.2,66.9,2.8,"E:/alexfraser_tagged/af20_nov1/101RECNX","RCNX0347.JPG","Snowshoe hare",4,"Species|Snowshoe hare"
"af20","Snowshoe hare",2025-10-08 22:13:39,2025-10-09,"22:13:39",86658,1444.3,24.1,1,"E:/alexfraser_tagged/af20_nov1/101RECNX","RCNX0351.JPG","Snowshoe hare",1,"Species|Snowshoe hare"
"af20","Snowshoe hare",2025-10-09 05:04:26,2025-10-09,"05:04:26",24647,410.8,6.8,0.3,"E:/alexfraser_tagged/af20_nov1/101RECNX","RCNX0352.JPG","Snowshoe hare",1,"Species|Snowshoe hare"
"af20","Snowshoe hare",2025-10-09 05:29:58,2025-10-09,"05:29:58",1532,25.5,0.4,0,"E:/alexfraser_tagged/af20_nov1/101RECNX","RCNX0353.JPG","Snowshoe hare",1,"Species|Snowshoe hare"
"af20","Snowshoe hare",2025-10-09 20:46:20,2025-10-10,"20:46:20",54982,916.4,15.3,0.6,"E:/alexfraser_tagged/af20_nov1/101RECNX","RCNX0359.JPG","Snowshoe hare",1,"Species|Snowshoe hare"
"af20","Snowshoe hare",2025-10-10 02:22:14,2025-10-10,"02:22:14",20154,335.9,5.6,0.2,"E:/alexfraser_tagged/af20_nov1/101RECNX","RCNX0360.JPG","Snowshoe hare",4,"Species|Snowshoe hare"
"af20","Snowshoe hare",2025-10-10 03:30:11,2025-10-10,"03:30:11",4011,66.8,1.1,0,"E:/alexfraser_tagged/af20_nov1/101RECNX","RCNX0364.JPG","Snowshoe hare",1,"Species|Snowshoe hare"
"af20","Snowshoe hare",2025-10-11 01:32:54,2025-10-11,"01:32:54",79363,1322.7,22,0.9,"E:/alexfraser_tagged/af20_nov1/101RECNX","RCNX0367.JPG","Snowshoe hare",1,"Species|Snowshoe hare"
"af20","Snowshoe hare",2025-10-17 21:19:37,2025-10-18,"21:19:37",589603,9826.7,163.8,6.8,"E:/alexfraser_tagged/af20_nov1/101RECNX","RCNX0443.JPG","Snowshoe hare",4,"Species|Snowshoe hare"
"af20","Snowshoe hare",2025-10-19 07:45:10,2025-10-19,"07:45:10",123925,2065.4,34.4,1.4,"E:/alexfraser_tagged/af20_nov1/101RECNX","RCNX0448.JPG","Snowshoe hare",1,"Species|Snowshoe hare"
"af20","Snowshoe hare",2025-10-24 17:03:36,2025-10-25,"17:03:36",465506,7758.4,129.3,5.4,"E:/alexfraser_tagged/af20_nov1/101RECNX","RCNX0449.JPG","Snowshoe hare",1,"Species|Snowshoe hare"
"af20","Snowshoe hare",2025-10-25 19:05:01,2025-10-26,"19:05:01",93685,1561.4,26,1.1,"E:/alexfraser_tagged/af20_nov1/101RECNX","RCNX0450.JPG","Snowshoe hare",5,"Species|Snowshoe hare"
"af20","Snowshoe hare",2025-10-26 02:21:02,2025-10-26,"02:21:02",26149,435.8,7.3,0.3,"E:/alexfraser_tagged/af20_nov1/101RECNX","RCNX0455.JPG","Snowshoe hare",2,"Species|Snowshoe hare"
"af20","Snowshoe hare",2025-10-28 04:57:04,2025-10-28,"04:57:04",182159,3036,50.6,2.1,"E:/alexfraser_tagged/af20_nov1/101RECNX","RCNX0458.JPG","Snowshoe hare",1,"Species|Snowshoe hare"
"af20","Snowshoe hare",2025-10-29 05:43:41,2025-10-29,"05:43:41",89197,1486.6,24.8,1,"E:/alexfraser_tagged/af20_nov1/101RECNX","RCNX0459.JPG","Snowshoe hare",9,"Species|Snowshoe hare"
"af20","Snowshoe hare",2025-10-29 20:05:27,2025-10-30,"20:05:27",51612,860.2,14.3,0.6,"E:/alexfraser_tagged/af20_nov1/101RECNX","RCNX0468.JPG","Snowshoe hare",1,"Species|Snowshoe hare"
"af20","Snowshoe hare",2025-10-29 20:19:36,2025-10-30,"20:19:36",849,14.2,0.2,0,"E:/alexfraser_tagged/af20_nov1/101RECNX","RCNX0469.JPG","Snowshoe hare",2,"Species|Snowshoe hare"
"af20","Snowshoe hare",2025-10-29 21:53:17,2025-10-30,"21:53:17",5602,93.4,1.6,0.1,"E:/alexfraser_tagged/af20_nov1/101RECNX","RCNX0471.JPG","Snowshoe hare",6,"Species|Snowshoe hare"
"af20","Snowshoe hare",2025-10-30 00:48:30,2025-10-30,"00:48:30",10310,171.8,2.9,0.1,"E:/alexfraser_tagged/af20_nov1/101RECNX","RCNX0477.JPG","Snowshoe hare",2,"Species|Snowshoe hare"
"af20","Snowshoe hare",2025-10-30 00:58:14,2025-10-30,"00:58:14",583,9.7,0.2,0,"E:/alexfraser_tagged/af20_nov1/101RECNX","RCNX0479.JPG","Snowshoe hare",2,"Species|Snowshoe hare"
"af20","Snowshoe hare",2025-10-30 03:00:11,2025-10-30,"03:00:11",7316,121.9,2,0.1,"E:/alexfraser_tagged/af20_nov1/101RECNX","RCNX0481.JPG","Snowshoe hare",1,"Species|Snowshoe hare"
"af20","Snowshoe hare",2025-10-31 01:50:28,2025-10-31,"01:50:28",82217,1370.3,22.8,1,"E:/alexfraser_tagged/af20_nov1/101RECNX","RCNX0482.JPG","Snowshoe hare",5,"Species|Snowshoe hare"
"af20","Snowshoe hare",2025-10-31 02:08:31,2025-10-31,"02:08:31",983,16.4,0.3,0,"E:/alexfraser_tagged/af20_nov1/101RECNX","RCNX0487.JPG","Snowshoe hare",3,"Species|Snowshoe hare"
"af20","Snowshoe hare",2025-10-31 02:43:08,2025-10-31,"02:43:08",2071,34.5,0.6,0,"E:/alexfraser_tagged/af20_nov1/101RECNX","RCNX0490.JPG","Snowshoe hare",1,"Species|Snowshoe hare"
"af20","Snowshoe hare",2025-11-01 00:26:31,2025-11-01,"00:26:31",78203,1303.4,21.7,0.9,"E:/alexfraser_tagged/af20_nov1/101RECNX","RCNX0491.JPG","Snowshoe hare",1,"Species|Snowshoe hare"
"af20","Snowshoe hare",2025-11-01 01:47:03,2025-11-01,"01:47:03",4832,80.5,1.3,0.1,"E:/alexfraser_tagged/af20_nov1/101RECNX","RCNX0492.JPG","Snowshoe hare",1,"Species|Snowshoe hare"
"af20","Snowshoe hare",2025-11-02 00:06:55,2025-11-02,"00:06:55",80392,1339.9,22.3,0.9,"E:/alexfraser_tagged/af20_nov1/101RECNX","RCNX0496.JPG","Snowshoe hare",1,"Species|Snowshoe hare"
"af20","Snowshoe hare",2025-11-02 02:27:18,2025-11-02,"02:27:18",12023,200.4,3.3,0.1,"E:/alexfraser_tagged/af20_nov1/101RECNX","RCNX0497.JPG","Snowshoe hare",3,"Species|Snowshoe hare"
"af20","Unknown",2025-08-07 18:37:27,2025-08-08,"18:37:27",0,0,0,0,"E:/alexfraser_tagged/af20_nov1/101RECNX","RCNX0004.JPG","Unknown",1,"Species|Unknown"
"af20","Unknown",2025-09-02 04:06:56,2025-09-02,"04:06:56",2194169,36569.5,609.5,25.4,"E:/alexfraser_tagged/af20_nov1/101RECNX","RCNX0153.JPG","Unknown",1,"Species|Unknown"
"af20","Unknown",2025-09-04 03:13:01,2025-09-04,"03:13:01",169565,2826.1,47.1,2,"E:/alexfraser_tagged/af20_nov1/101RECNX","RCNX0154.JPG","Unknown",8,"Species|Unknown"
"af20","Unknown",2025-09-04 03:29:16,2025-09-04,"03:29:16",963,16,0.3,0,"E:/alexfraser_tagged/af20_nov1/101RECNX","RCNX0162.JPG","Unknown",1,"Species|Unknown"
"af20","Unknown",2025-09-04 22:15:59,2025-09-05,"22:15:59",67603,1126.7,18.8,0.8,"E:/alexfraser_tagged/af20_nov1/101RECNX","RCNX0163.JPG","Unknown",6,"Species|Unknown"
"af20","Unknown",2025-09-06 21:05:36,2025-09-07,"21:05:36",168560,2809.3,46.8,2,"E:/alexfraser_tagged/af20_nov1/101RECNX","RCNX0169.JPG","Unknown",4,"Species|Unknown"
"af21","Bird",2025-08-13 20:28:25,2025-08-14,"20:28:25",0,0,0,0,"E:/alexfraser_tagged/af21_nov1/102RECNX","RCNX0480.JPG","Bird",4,"Species|Bird"
"af21","Bird",2025-08-17 20:05:26,2025-08-18,"20:05:26",344214,5736.9,95.6,4,"E:/alexfraser_tagged/af21_nov1/102RECNX","RCNX0614.JPG","Bird",1,"Species|Bird"
"af21","Bird",2025-08-27 19:45:52,2025-08-28,"19:45:52",862826,14380.4,239.7,10,"E:/alexfraser_tagged/af21_nov1/102RECNX","RCNX0781.JPG","Bird",1,"Species|Bird"
"af21","Bird",2025-08-30 19:35:19,2025-08-31,"19:35:19",258567,4309.4,71.8,3,"E:/alexfraser_tagged/af21_nov1/102RECNX","RCNX0787.JPG","Bird",1,"Species|Bird"
"af21","Bird",2025-08-31 09:36:42,2025-08-31,"09:36:42",50483,841.4,14,0.6,"E:/alexfraser_tagged/af21_nov1/102RECNX","RCNX0788.JPG","Bird",1,"Species|Bird"
"af21","Bird",2025-08-31 19:46:23,2025-09-01,"19:46:23",36581,609.7,10.2,0.4,"E:/alexfraser_tagged/af21_nov1/102RECNX","RCNX0789.JPG","Bird",2,"Species|Bird"
"af21","Bird",2025-09-01 06:24:17,2025-09-01,"06:24:17",38177,636.3,10.6,0.4,"E:/alexfraser_tagged/af21_nov1/102RECNX","RCNX0792.JPG","Bird",1,"Species|Bird"
"af21","Bird",2025-09-04 07:18:52,2025-09-04,"07:18:52",262475,4374.6,72.9,3,"E:/alexfraser_tagged/af21_nov1/102RECNX","RCNX0809.JPG","Bird",1,"Species|Bird"
"af21","Bird",2025-09-04 19:30:44,2025-09-05,"19:30:44",43912,731.9,12.2,0.5,"E:/alexfraser_tagged/af21_nov1/102RECNX","RCNX0810.JPG","Bird",1,"Species|Bird"
"af21","Bird",2025-09-15 19:27:14,2025-09-16,"19:27:14",950190,15836.5,263.9,11,"E:/alexfraser_tagged/af21_nov1/102RECNX","RCNX0837.JPG","Bird",1,"Species|Bird"
"af21","Bird",2025-09-18 19:27:27,2025-09-19,"19:27:27",259213,4320.2,72,3,"E:/alexfraser_tagged/af21_nov1/102RECNX","RCNX0864.JPG","Bird",1,"Species|Bird"
"af21","Bird",2025-09-19 08:42:05,2025-09-19,"08:42:05",47678,794.6,13.2,0.5,"E:/alexfraser_tagged/af21_nov1/102RECNX","RCNX0866.JPG","Bird",1,"Species|Bird"
"af21","Bird",2025-09-24 07:34:16,2025-09-24,"07:34:16",427931,7132.2,118.9,5,"E:/alexfraser_tagged/af21_nov1/102RECNX","RCNX0884.JPG","Bird",1,"Species|Bird"
"af21","Bird",2025-09-24 16:28:24,2025-09-24,"16:28:24",32048,534.1,8.9,0.4,"E:/alexfraser_tagged/af21_nov1/102RECNX","RCNX0885.JPG","Bird",1,"Species|Bird"
"af21","Bird",2025-09-25 12:09:39,2025-09-25,"12:09:39",70875,1181.2,19.7,0.8,"E:/alexfraser_tagged/af21_nov1/102RECNX","RCNX0889.JPG","Bird",1,"Species|Bird"
"af21","Bird",2025-09-28 18:46:39,2025-09-29,"18:46:39",283020,4717,78.6,3.3,"E:/alexfraser_tagged/af21_nov1/102RECNX","RCNX0911.JPG","Bird",1,"Species|Bird"
"af21","Bird",2025-09-28 19:03:04,2025-09-29,"19:03:04",985,16.4,0.3,0,"E:/alexfraser_tagged/af21_nov1/102RECNX","RCNX0912.JPG","Bird",1,"Species|Bird"
"af21","Bird",2025-09-30 16:44:02,2025-09-30,"16:44:02",164458,2741,45.7,1.9,"E:/alexfraser_tagged/af21_nov1/102RECNX","RCNX0937.JPG","Bird",1,"Species|Bird"
"af21","Bird",2025-10-01 17:28:17,2025-10-02,"17:28:17",89055,1484.2,24.7,1,"E:/alexfraser_tagged/af21_nov1/102RECNX","RCNX0938.JPG","Bird",1,"Species|Bird"
"af21","Bird",2025-10-02 07:02:57,2025-10-02,"07:02:57",48880,814.7,13.6,0.6,"E:/alexfraser_tagged/af21_nov1/102RECNX","RCNX0939.JPG","Bird",2,"Species|Bird"
"af21","Bird",2025-10-02 07:17:55,2025-10-02,"07:17:55",896,14.9,0.2,0,"E:/alexfraser_tagged/af21_nov1/102RECNX","RCNX0941.JPG","Bird",3,"Species|Bird"
"af21","Bird",2025-10-06 07:04:14,2025-10-06,"07:04:14",344465,5741.1,95.7,4,"E:/alexfraser_tagged/af21_nov1/102RECNX","RCNX0956.JPG","Bird",3,"Species|Bird"
"af21","Bird",2025-10-06 17:39:41,2025-10-07,"17:39:41",37940,632.3,10.5,0.4,"E:/alexfraser_tagged/af21_nov1/102RECNX","RCNX0959.JPG","Bird",1,"Species|Bird"
"af21","Bird",2025-10-06 18:35:18,2025-10-07,"18:35:18",3337,55.6,0.9,0,"E:/alexfraser_tagged/af21_nov1/102RECNX","RCNX0960.JPG","Bird",2,"Species|Bird"
"af21","Bird",2025-10-09 18:44:46,2025-10-10,"18:44:46",259766,4329.4,72.2,3,"E:/alexfraser_tagged/af21_nov1/102RECNX","RCNX0964.JPG","Bird",2,"Species|Bird"
"af21","Bird",2025-10-16 18:09:52,2025-10-17,"18:09:52",602703,10045,167.4,7,"E:/alexfraser_tagged/af21_nov1/102RECNX","RCNX0972.JPG","Bird",1,"Species|Bird"
"af21","Bird",2025-10-18 17:23:26,2025-10-19,"17:23:26",170014,2833.6,47.2,2,"E:/alexfraser_tagged/af21_nov1/102RECNX","RCNX0975.JPG","Bird",1,"Species|Bird"
"af21","Black bear",2025-08-21 13:46:25,2025-08-21,"13:46:25",0,0,0,0,"E:/alexfraser_tagged/af21_nov1/102RECNX","RCNX0626.JPG","Black bear",3,"Species|Black bear"
"af21","Black bear",2025-08-26 15:51:27,2025-08-26,"15:51:27",439492,7324.9,122.1,5.1,"E:/alexfraser_tagged/af21_nov1/102RECNX","RCNX0773.JPG","Black bear",8,"Species|Black bear"
"af21","Black bear",2025-08-28 17:30:49,2025-08-29,"17:30:49",178744,2979.1,49.7,2.1,"E:/alexfraser_tagged/af21_nov1/102RECNX","RCNX0782.JPG","Black bear",2,"Species|Black bear"
"af21","Black bear",2025-08-30 13:34:21,2025-08-30,"13:34:21",158610,2643.5,44.1,1.8,"E:/alexfraser_tagged/af21_nov1/102RECNX","RCNX0785.JPG","Black bear",2,"Species|Black bear"
"af21","Black bear",2025-09-03 17:17:29,2025-09-04,"17:17:29",358985,5983.1,99.7,4.2,"E:/alexfraser_tagged/af21_nov1/102RECNX","RCNX0794.JPG","Black bear",15,"Species|Black bear"
"af21","Black bear",2025-09-06 17:47:46,2025-09-07,"17:47:46",260961,4349.4,72.5,3,"E:/alexfraser_tagged/af21_nov1/102RECNX","RCNX0813.JPG","Black bear",1,"Species|Black bear"
"af21","Black bear",2025-09-06 20:50:04,2025-09-07,"20:50:04",10938,182.3,3,0.1,"E:/alexfraser_tagged/af21_nov1/102RECNX","RCNX0814.JPG","Black bear",3,"Species|Black bear"
"af21","Black bear",2025-09-09 15:39:24,2025-09-09,"15:39:24",240555,4009.2,66.8,2.8,"E:/alexfraser_tagged/af21_nov1/102RECNX","RCNX0817.JPG","Black bear",4,"Species|Black bear"
"af21","Black bear",2025-09-14 08:21:46,2025-09-14,"08:21:46",405735,6762.2,112.7,4.7,"E:/alexfraser_tagged/af21_nov1/102RECNX","RCNX0830.JPG","Black bear",5,"Species|Black bear"
"af21","Black bear",2025-09-18 12:34:34,2025-09-18,"12:34:34",360755,6012.6,100.2,4.2,"E:/alexfraser_tagged/af21_nov1/102RECNX","RCNX0842.JPG","Black bear",21,"Species|Black bear"
"af21","Black bear",2025-09-22 16:23:52,2025-09-22,"16:23:52",359310,5988.5,99.8,4.2,"E:/alexfraser_tagged/af21_nov1/102RECNX","RCNX0867.JPG","Black bear",16,"Species|Black bear"
"af21","Black bear",2025-09-28 07:41:41,2025-09-28,"07:41:41",486985,8116.4,135.3,5.6,"E:/alexfraser_tagged/af21_nov1/102RECNX","RCNX0895.JPG","Black bear",11,"Species|Black bear"
"af21","Black bear",2025-09-28 08:00:23,2025-09-28,"08:00:23",856,14.3,0.2,0,"E:/alexfraser_tagged/af21_nov1/102RECNX","RCNX0906.JPG","Black bear",5,"Species|Black bear"
"af21","Black bear",2025-09-30 16:12:46,2025-09-30,"16:12:46",202324,3372.1,56.2,2.3,"E:/alexfraser_tagged/af21_nov1/102RECNX","RCNX0923.JPG","Black bear",14,"Species|Black bear"
"af21","Black bear",2025-10-04 15:49:15,2025-10-04,"15:49:15",344139,5735.6,95.6,4,"E:/alexfraser_tagged/af21_nov1/102RECNX","RCNX0948.JPG","Black bear",3,"Species|Black bear"
"af21","Bobcat",2025-10-06 02:56:09,2025-10-06,"02:56:09",0,0,0,0,"E:/alexfraser_tagged/af21_nov1/102RECNX","RCNX0953.JPG","Bobcat",3,"Species|Bobcat"
"af21","Cattle",2025-08-09 08:32:50,2025-08-09,"08:32:50",0,0,0,0,"E:/alexfraser_tagged/af21_nov1/102RECNX","RCNX0046.JPG","Cattle",41,"Species|Cattle"
"af21","Cattle",2025-08-11 01:23:59,2025-08-11,"01:23:59",146969,2449.5,40.8,1.7,"E:/alexfraser_tagged/af21_nov1/102RECNX","RCNX0087.JPG","Cattle",2,"Species|Cattle"
"af21","Cattle",2025-08-11 07:57:02,2025-08-11,"07:57:02",23373,389.6,6.5,0.3,"E:/alexfraser_tagged/af21_nov1/102RECNX","RCNX0089.JPG","Cattle",53,"Species|Cattle"
"af21","Cattle",2025-08-11 08:13:23,2025-08-11,"08:13:23",705,11.8,0.2,0,"E:/alexfraser_tagged/af21_nov1/102RECNX","RCNX0142.JPG","Cattle",275,"Species|Cattle"
"af21","Cattle",2025-08-11 08:36:53,2025-08-11,"08:36:53",369,6.2,0.1,0,"E:/alexfraser_tagged/af21_nov1/102RECNX","RCNX0417.JPG","Cattle",51,"Species|Cattle"
"af21","Cattle",2025-08-11 11:47:37,2025-08-11,"11:47:37",11266,187.8,3.1,0.1,"E:/alexfraser_tagged/af21_nov1/102RECNX","RCNX0468.JPG","Cattle",10,"Species|Cattle"
"af21","Cattle",2025-08-17 07:51:58,2025-08-17,"07:51:58",504205,8403.4,140.1,5.8,"E:/alexfraser_tagged/af21_nov1/102RECNX","RCNX0492.JPG","Cattle",34,"Species|Cattle"
"af21","Cattle",2025-08-17 12:32:03,2025-08-17,"12:32:03",16670,277.8,4.6,0.2,"E:/alexfraser_tagged/af21_nov1/102RECNX","RCNX0526.JPG","Cattle",51,"Species|Cattle"
"af21","Cattle",2025-08-17 12:45:30,2025-08-17,"12:45:30",450,7.5,0.1,0,"E:/alexfraser_tagged/af21_nov1/102RECNX","RCNX0577.JPG","Cattle",3,"Species|Cattle"
"af21","Cattle",2025-08-17 13:18:39,2025-08-17,"13:18:39",1954,32.6,0.5,0,"E:/alexfraser_tagged/af21_nov1/102RECNX","RCNX0580.JPG","Cattle",19,"Species|Cattle"
"af21","Cattle",2025-08-17 13:25:20,2025-08-17,"13:25:20",357,6,0.1,0,"E:/alexfraser_tagged/af21_nov1/102RECNX","RCNX0599.JPG","Cattle",15,"Species|Cattle"
"af21","Cattle",2025-08-24 08:55:34,2025-08-24,"08:55:34",588244,9804.1,163.4,6.8,"E:/alexfraser_tagged/af21_nov1/102RECNX","RCNX0629.JPG","Cattle",76,"Species|Cattle"
"af21","Cattle",2025-08-24 09:09:16,2025-08-24,"09:09:16",420,7,0.1,0,"E:/alexfraser_tagged/af21_nov1/102RECNX","RCNX0705.JPG","Cattle",32,"Species|Cattle"
"af21","Cattle",2025-08-25 08:04:27,2025-08-25,"08:04:27",82285,1371.4,22.9,1,"E:/alexfraser_tagged/af21_nov1/102RECNX","RCNX0739.JPG","Cattle",33,"Species|Cattle"
"af21","Coyote",2025-09-29 23:47:46,2025-09-30,"23:47:46",0,0,0,0,"E:/alexfraser_tagged/af21_nov1/102RECNX","RCNX0913.JPG","Coyote",3,"Species|Coyote"
"af21","Flying squirrel",2025-08-18 00:15:59,2025-08-18,"00:15:59",0,0,0,0,"E:/alexfraser_tagged/af21_nov1/102RECNX","RCNX0615.JPG","Flying squirrel",1,"Species|Flying squirrel"
"af21","Flying squirrel",2025-09-13 01:12:03,2025-09-13,"01:12:03",2249764,37496.1,624.9,26,"E:/alexfraser_tagged/af21_nov1/102RECNX","RCNX0824.JPG","Flying squirrel",1,"Species|Flying squirrel"
"af21","Flying squirrel",2025-09-18 23:32:31,2025-09-19,"23:32:31",512428,8540.5,142.3,5.9,"E:/alexfraser_tagged/af21_nov1/102RECNX","RCNX0865.JPG","Flying squirrel",1,"Species|Flying squirrel"
"af21","Flying squirrel",2025-10-15 02:16:44,2025-10-15,"02:16:44",2256253,37604.2,626.7,26.1,"E:/alexfraser_tagged/af21_nov1/102RECNX","RCNX0969.JPG","Flying squirrel",3,"Species|Flying squirrel"
"af21","Flying squirrel",2025-10-21 22:56:39,2025-10-22,"22:56:39",592783,9879.7,164.7,6.9,"E:/alexfraser_tagged/af21_nov1/102RECNX","RCNX0989.JPG","Flying squirrel",1,"Species|Flying squirrel"
"af21","Flying squirrel",2025-10-22 21:29:30,2025-10-23,"21:29:30",81171,1352.8,22.5,0.9,"E:/alexfraser_tagged/af21_nov1/102RECNX","RCNX0990.JPG","Flying squirrel",3,"Species|Flying squirrel"
"af21","Flying squirrel",2025-10-23 03:35:05,2025-10-23,"03:35:05",21909,365.1,6.1,0.3,"E:/alexfraser_tagged/af21_nov1/102RECNX","RCNX0993.JPG","Flying squirrel",2,"Species|Flying squirrel"
"af21","Marten",2025-09-01 04:57:34,2025-09-01,"04:57:34",0,0,0,0,"E:/alexfraser_tagged/af21_nov1/102RECNX","RCNX0791.JPG","Marten",1,"Species|Marten"
"af21","Marten",2025-09-10 06:03:48,2025-09-10,"06:03:48",781574,13026.2,217.1,9,"E:/alexfraser_tagged/af21_nov1/102RECNX","RCNX0821.JPG","Marten",1,"Species|Marten"
"af21","Mule deer",2025-08-08 02:02:07,2025-08-08,"02:02:07",0,0,0,0,"E:/alexfraser_tagged/af21_nov1/102RECNX","RCNX0001.JPG","Mule deer",2,"Species|Mule deer"
"af21","Mule deer",2025-08-08 07:30:45,2025-08-08,"07:30:45",19715,328.6,5.5,0.2,"E:/alexfraser_tagged/af21_nov1/102RECNX","RCNX0003.JPG","Mule deer",12,"Species|Mule deer"
"af21","Mule deer",2025-08-15 12:31:48,2025-08-15,"12:31:48",622796,10379.9,173,7.2,"E:/alexfraser_tagged/af21_nov1/102RECNX","RCNX0484.JPG","Mule deer",8,"Species|Mule deer"
"af21","Mule deer",2025-09-25 13:45:53,2025-09-25,"13:45:53",3546829,59113.8,985.2,41.1,"E:/alexfraser_tagged/af21_nov1/102RECNX","RCNX0890.JPG","Mule deer",5,"Species|Mule deer"
"af21","Mule deer",2025-10-19 10:20:14,2025-10-19,"10:20:14",2061236,34353.9,572.6,23.9,"E:/alexfraser_tagged/af21_nov1/102RECNX","RCNX0981.JPG","Mule deer",6,"Species|Mule deer"
"af21","Mule deer",2025-10-31 12:06:03,2025-10-31,"12:06:03",1043130,17385.5,289.8,12.1,"E:/alexfraser_tagged/af21_nov1/102RECNX","RCNX0995.JPG","Mule deer",5,"Species|Mule deer"
"af21","Nothing",2025-08-18 03:12:49,2025-08-18,"03:12:49",0,0,0,0,"E:/alexfraser_tagged/af21_nov1/102RECNX","RCNX0616.JPG","Nothing",1,"Species|Nothing"
"af21","Nothing",2025-08-19 14:42:20,2025-08-19,"14:42:20",127771,2129.5,35.5,1.5,"E:/alexfraser_tagged/af21_nov1/102RECNX","RCNX0625.JPG","Nothing",1,"Species|Nothing"
"af21","Nothing",2025-08-25 21:11:47,2025-08-26,"21:11:47",541767,9029.5,150.5,6.3,"E:/alexfraser_tagged/af21_nov1/102RECNX","RCNX0772.JPG","Nothing",1,"Species|Nothing"
"af21","Nothing",2025-09-05 19:59:32,2025-09-06,"19:59:32",946065,15767.8,262.8,11,"E:/alexfraser_tagged/af21_nov1/102RECNX","RCNX0811.JPG","Nothing",1,"Species|Nothing"
"af21","Nothing",2025-10-18 02:10:01,2025-10-18,"02:10:01",3651029,60850.5,1014.2,42.3,"E:/alexfraser_tagged/af21_nov1/102RECNX","RCNX0974.JPG","Nothing",1,"Species|Nothing"
"af21","Nothing",2025-10-20 07:45:37,2025-10-20,"07:45:37",192936,3215.6,53.6,2.2,"E:/alexfraser_tagged/af21_nov1/102RECNX","RCNX0987.JPG","Nothing",1,"Species|Nothing"
"af21","Nothing",2025-10-20 21:46:02,2025-10-21,"21:46:02",50425,840.4,14,0.6,"E:/alexfraser_tagged/af21_nov1/102RECNX","RCNX0988.JPG","Nothing",1,"Species|Nothing"
"af21","People",2025-08-07 08:17:30,2025-08-07,"08:17:30",0,0,0,0,"E:/alexfraser_tagged/af21_nov1/100RECNX","RCNX0001.JPG","People",26,"Species|People"
"af21","People",2025-11-02 09:27:52,2025-11-02,"09:27:52",7524367,125406.1,2090.1,87.1,"E:/alexfraser_tagged/af21_nov1/102RECNX","RCNX1000.JPG","People",11,"Species|People"
"af21","Red fox",2025-09-03 05:08:41,2025-09-03,"05:08:41",0,0,0,0,"E:/alexfraser_tagged/af21_nov1/102RECNX","RCNX0793.JPG","Red fox",1,"Species|Red fox"
"af21","Red fox",2025-09-13 02:18:25,2025-09-13,"02:18:25",853784,14229.7,237.2,9.9,"E:/alexfraser_tagged/af21_nov1/102RECNX","RCNX0825.JPG","Red fox",5,"Species|Red fox"
"af21","Red fox",2025-09-15 03:30:18,2025-09-15,"03:30:18",177103,2951.7,49.2,2.1,"E:/alexfraser_tagged/af21_nov1/102RECNX","RCNX0835.JPG","Red fox",2,"Species|Red fox"
"af21","Red fox",2025-09-17 01:38:19,2025-09-17,"01:38:19",166078,2768,46.1,1.9,"E:/alexfraser_tagged/af21_nov1/102RECNX","RCNX0838.JPG","Red fox",1,"Species|Red fox"
"af21","Red fox",2025-09-18 05:19:42,2025-09-18,"05:19:42",99683,1661.4,27.7,1.2,"E:/alexfraser_tagged/af21_nov1/102RECNX","RCNX0841.JPG","Red fox",1,"Species|Red fox"
"af21","Red fox",2025-09-22 17:47:34,2025-09-23,"17:47:34",390472,6507.9,108.5,4.5,"E:/alexfraser_tagged/af21_nov1/102RECNX","RCNX0883.JPG","Red fox",1,"Species|Red fox"
"af21","Red fox",2025-09-24 22:12:41,2025-09-25,"22:12:41",188707,3145.1,52.4,2.2,"E:/alexfraser_tagged/af21_nov1/102RECNX","RCNX0886.JPG","Red fox",3,"Species|Red fox"
"af21","Red fox",2025-09-30 00:22:19,2025-09-30,"00:22:19",439741,7329,122.2,5.1,"E:/alexfraser_tagged/af21_nov1/102RECNX","RCNX0916.JPG","Red fox",7,"Species|Red fox"
"af21","Red fox",2025-10-06 21:05:25,2025-10-07,"21:05:25",592963,9882.7,164.7,6.9,"E:/alexfraser_tagged/af21_nov1/102RECNX","RCNX0962.JPG","Red fox",2,"Species|Red fox"
"af21","Red fox",2025-10-14 19:56:17,2025-10-15,"19:56:17",687050,11450.8,190.8,8,"E:/alexfraser_tagged/af21_nov1/102RECNX","RCNX0966.JPG","Red fox",3,"Species|Red fox"
"af21","Red squirrel",2025-08-18 09:56:50,2025-08-18,"09:56:50",0,0,0,0,"E:/alexfraser_tagged/af21_nov1/102RECNX","RCNX0617.JPG","Red squirrel",1,"Species|Red squirrel"
"af21","Red squirrel",2025-08-24 10:08:21,2025-08-24,"10:08:21",519091,8651.5,144.2,6,"E:/alexfraser_tagged/af21_nov1/102RECNX","RCNX0737.JPG","Red squirrel",1,"Species|Red squirrel"
"af21","Red squirrel",2025-08-25 06:57:50,2025-08-25,"06:57:50",74969,1249.5,20.8,0.9,"E:/alexfraser_tagged/af21_nov1/102RECNX","RCNX0738.JPG","Red squirrel",1,"Species|Red squirrel"
"af21","Red squirrel",2025-09-06 08:47:07,2025-09-06,"08:47:07",1043357,17389.3,289.8,12.1,"E:/alexfraser_tagged/af21_nov1/102RECNX","RCNX0812.JPG","Red squirrel",1,"Species|Red squirrel"
"af21","Red squirrel",2025-09-12 09:07:48,2025-09-12,"09:07:48",519641,8660.7,144.3,6,"E:/alexfraser_tagged/af21_nov1/102RECNX","RCNX0823.JPG","Red squirrel",1,"Species|Red squirrel"
"af21","Red squirrel",2025-09-18 19:26:33,2025-09-19,"19:26:33",555525,9258.8,154.3,6.4,"E:/alexfraser_tagged/af21_nov1/102RECNX","RCNX0863.JPG","Red squirrel",1,"Species|Red squirrel"
"af21","Rodent - other",2025-08-29 03:18:40,2025-08-29,"03:18:40",0,0,0,0,"E:/alexfraser_tagged/af21_nov1/102RECNX","RCNX0784.JPG","Rodent - other",1,"Species|Rodent - other"
"af21","Rodent - other",2025-09-11 05:19:23,2025-09-11,"05:19:23",1130443,18840.7,314,13.1,"E:/alexfraser_tagged/af21_nov1/102RECNX","RCNX0822.JPG","Rodent - other",1,"Species|Rodent - other"
"af21","Rodent - other",2025-09-18 02:44:28,2025-09-18,"02:44:28",595505,9925.1,165.4,6.9,"E:/alexfraser_tagged/af21_nov1/102RECNX","RCNX0839.JPG","Rodent - other",2,"Species|Rodent - other"
"af21","Rodent - other",2025-10-05 01:22:03,2025-10-05,"01:22:03",1463852,24397.5,406.6,16.9,"E:/alexfraser_tagged/af21_nov1/102RECNX","RCNX0952.JPG","Rodent - other",1,"Species|Rodent - other"
"af21","Rodent - other",2025-10-17 20:16:21,2025-10-18,"20:16:21",1104858,18414.3,306.9,12.8,"E:/alexfraser_tagged/af21_nov1/102RECNX","RCNX0973.JPG","Rodent - other",1,"Species|Rodent - other"
"af21","Snowshoe hare",2025-08-12 00:50:19,2025-08-12,"00:50:19",0,0,0,0,"E:/alexfraser_tagged/af21_nov1/102RECNX","RCNX0478.JPG","Snowshoe hare",2,"Species|Snowshoe hare"
"af21","Striped Skunk",2025-10-03 02:33:32,2025-10-03,"02:33:32",0,0,0,0,"E:/alexfraser_tagged/af21_nov1/102RECNX","RCNX0944.JPG","Striped Skunk",3,"Species|Striped Skunk"
"af21","Striped Skunk",2025-10-03 18:17:30,2025-10-04,"18:17:30",56632,943.9,15.7,0.7,"E:/alexfraser_tagged/af21_nov1/102RECNX","RCNX0947.JPG","Striped Skunk",1,"Species|Striped Skunk"
"af21","Striped Skunk",2025-10-04 18:54:13,2025-10-05,"18:54:13",88603,1476.7,24.6,1,"E:/alexfraser_tagged/af21_nov1/102RECNX","RCNX0951.JPG","Striped Skunk",1,"Species|Striped Skunk"
"af21","Striped Skunk",2025-10-18 22:54:27,2025-10-19,"22:54:27",1224014,20400.2,340,14.2,"E:/alexfraser_tagged/af21_nov1/102RECNX","RCNX0976.JPG","Striped Skunk",5,"Species|Striped Skunk"
"af21","White-tailed deer",2025-08-08 10:04:07,2025-08-08,"10:04:07",0,0,0,0,"E:/alexfraser_tagged/af21_nov1/102RECNX","RCNX0015.JPG","White-tailed deer",31,"Species|White-tailed deer"
"af21","White-tailed deer",2025-08-19 13:08:57,2025-08-19,"13:08:57",961363,16022.7,267,11.1,"E:/alexfraser_tagged/af21_nov1/102RECNX","RCNX0618.JPG","White-tailed deer",7,"Species|White-tailed deer"
"af22","Bird",2025-09-09 19:30:48,2025-09-10,"19:30:48",0,0,0,0,"E:/alexfraser_tagged/af22_nov1/101RECNX","RCNX0079.JPG","Bird",2,"Species|Bird"
"af22","Bird",2025-09-29 14:31:53,2025-09-29,"14:31:53",1710062,28501,475,19.8,"E:/alexfraser_tagged/af22_nov1/101RECNX","RCNX0098.JPG","Bird",1,"Species|Bird"
"af22","Bird",2025-10-01 06:54:18,2025-10-01,"06:54:18",145345,2422.4,40.4,1.7,"E:/alexfraser_tagged/af22_nov1/101RECNX","RCNX0099.JPG","Bird",1,"Species|Bird"
"af22","Bird",2025-10-02 07:01:24,2025-10-02,"07:01:24",86826,1447.1,24.1,1,"E:/alexfraser_tagged/af22_nov1/101RECNX","RCNX0100.JPG","Bird",2,"Species|Bird"
"af22","Bird",2025-10-16 11:28:07,2025-10-16,"11:28:07",1225600,20426.7,340.4,14.2,"E:/alexfraser_tagged/af22_nov1/101RECNX","RCNX0123.JPG","Bird",1,"Species|Bird"
"af22","Bird",2025-10-24 10:13:00,2025-10-24,"10:13:00",686693,11444.9,190.7,7.9,"E:/alexfraser_tagged/af22_nov1/101RECNX","RCNX0130.JPG","Bird",1,"Species|Bird"
"af22","Black bear",2025-08-07 20:25:00,2025-08-08,"20:25:00",0,0,0,0,"E:/alexfraser_tagged/af22_nov1/101RECNX","RCNX0003.JPG","Black bear",13,"Species|Black bear"
"af22","Black bear",2025-08-16 18:52:26,2025-08-17,"18:52:26",772000,12866.7,214.4,8.9,"E:/alexfraser_tagged/af22_nov1/101RECNX","RCNX0059.JPG","Black bear",8,"Species|Black bear"
"af22","Black bear",2025-08-23 19:28:58,2025-08-24,"19:28:58",606963,10116,168.6,7,"E:/alexfraser_tagged/af22_nov1/101RECNX","RCNX0068.JPG","Black bear",6,"Species|Black bear"
"af22","Black bear",2025-10-02 20:25:20,2025-10-03,"20:25:20",3459366,57656.1,960.9,40,"E:/alexfraser_tagged/af22_nov1/101RECNX","RCNX0105.JPG","Black bear",9,"Species|Black bear"
"af22","Flying squirrel",2025-08-16 00:39:21,2025-08-16,"00:39:21",0,0,0,0,"E:/alexfraser_tagged/af22_nov1/101RECNX","RCNX0057.JPG","Flying squirrel",2,"Species|Flying squirrel"
"af22","Flying squirrel",2025-08-17 01:33:30,2025-08-17,"01:33:30",89646,1494.1,24.9,1,"E:/alexfraser_tagged/af22_nov1/101RECNX","RCNX0067.JPG","Flying squirrel",1,"Species|Flying squirrel"
"af22","Flying squirrel",2025-09-10 21:12:41,2025-09-11,"21:12:41",2144351,35739.2,595.7,24.8,"E:/alexfraser_tagged/af22_nov1/101RECNX","RCNX0086.JPG","Flying squirrel",1,"Species|Flying squirrel"
"af22","Flying squirrel",2025-09-11 22:22:37,2025-09-12,"22:22:37",90596,1509.9,25.2,1,"E:/alexfraser_tagged/af22_nov1/101RECNX","RCNX0087.JPG","Flying squirrel",1,"Species|Flying squirrel"
"af22","Mule deer",2025-08-14 07:58:43,2025-08-14,"07:58:43",0,0,0,0,"E:/alexfraser_tagged/af22_nov1/101RECNX","RCNX0016.JPG","Mule deer",41,"Species|Mule deer"
"af22","Mule deer",2025-09-14 19:43:01,2025-09-15,"19:43:01",2720410,45340.2,755.7,31.5,"E:/alexfraser_tagged/af22_nov1/101RECNX","RCNX0088.JPG","Mule deer",4,"Species|Mule deer"
"af22","Mule deer",2025-10-29 12:44:57,2025-10-29,"12:44:57",3862909,64381.8,1073,44.7,"E:/alexfraser_tagged/af22_nov1/101RECNX","RCNX0132.JPG","Mule deer",1,"Species|Mule deer"
"af22","Nothing",2025-08-07 09:20:56,2025-08-07,"09:20:56",0,0,0,0,"E:/alexfraser_tagged/af22_nov1/101RECNX","RCNX0001.JPG","Nothing",2,"Species|Nothing"
"af22","Nothing",2025-08-26 06:37:34,2025-08-26,"06:37:34",1631796,27196.6,453.3,18.9,"E:/alexfraser_tagged/af22_nov1/101RECNX","RCNX0074.JPG","Nothing",1,"Species|Nothing"
"af22","Nothing",2025-08-31 22:25:17,2025-09-01,"22:25:17",488863,8147.7,135.8,5.7,"E:/alexfraser_tagged/af22_nov1/101RECNX","RCNX0075.JPG","Nothing",1,"Species|Nothing"
"af22","Nothing",2025-09-07 19:12:47,2025-09-08,"19:12:47",593250,9887.5,164.8,6.9,"E:/alexfraser_tagged/af22_nov1/101RECNX","RCNX0077.JPG","Nothing",1,"Species|Nothing"
"af22","Nothing",2025-09-15 23:10:07,2025-09-16,"23:10:07",705440,11757.3,196,8.2,"E:/alexfraser_tagged/af22_nov1/101RECNX","RCNX0092.JPG","Nothing",1,"Species|Nothing"
"af22","Nothing",2025-09-21 18:54:07,2025-09-22,"18:54:07",503040,8384,139.7,5.8,"E:/alexfraser_tagged/af22_nov1/101RECNX","RCNX0094.JPG","Nothing",1,"Species|Nothing"
"af22","Nothing",2025-09-22 06:56:14,2025-09-22,"06:56:14",43327,722.1,12,0.5,"E:/alexfraser_tagged/af22_nov1/101RECNX","RCNX0095.JPG","Nothing",1,"Species|Nothing"
"af22","Nothing",2025-10-24 13:14:24,2025-10-24,"13:14:24",2787490,46458.2,774.3,32.3,"E:/alexfraser_tagged/af22_nov1/101RECNX","RCNX0131.JPG","Nothing",1,"Species|Nothing"
"af22","People",2025-08-07 09:08:15,2025-08-07,"09:08:15",0,0,0,0,"E:/alexfraser_tagged/af22_nov1/100RECNX","RCNX0001.JPG","People",15,"Species|People"
"af22","People",2025-11-02 09:44:55,2025-11-02,"09:44:55",7522564,125376.1,2089.6,87.1,"E:/alexfraser_tagged/af22_nov1/101RECNX","RCNX0133.JPG","People",26,"Species|People"
"af22","Red fox",2025-09-01 04:42:55,2025-09-01,"04:42:55",0,0,0,0,"E:/alexfraser_tagged/af22_nov1/101RECNX","RCNX0076.JPG","Red fox",1,"Species|Red fox"
"af22","Red squirrel",2025-09-10 10:47:02,2025-09-10,"10:47:02",0,0,0,0,"E:/alexfraser_tagged/af22_nov1/101RECNX","RCNX0081.JPG","Red squirrel",2,"Species|Red squirrel"
"af22","Red squirrel",2025-09-10 11:06:44,2025-09-10,"11:06:44",1178,19.6,0.3,0,"E:/alexfraser_tagged/af22_nov1/101RECNX","RCNX0083.JPG","Red squirrel",2,"Species|Red squirrel"
"af22","Red squirrel",2025-09-10 16:05:37,2025-09-10,"16:05:37",17927,298.8,5,0.2,"E:/alexfraser_tagged/af22_nov1/101RECNX","RCNX0085.JPG","Red squirrel",1,"Species|Red squirrel"
"af22","Red squirrel",2025-09-20 09:39:36,2025-09-20,"09:39:36",840839,14014,233.6,9.7,"E:/alexfraser_tagged/af22_nov1/101RECNX","RCNX0093.JPG","Red squirrel",1,"Species|Red squirrel"
"af22","Red squirrel",2025-09-26 17:52:11,2025-09-27,"17:52:11",547955,9132.6,152.2,6.3,"E:/alexfraser_tagged/af22_nov1/101RECNX","RCNX0096.JPG","Red squirrel",2,"Species|Red squirrel"
"af22","Red squirrel",2025-10-02 07:02:23,2025-10-02,"07:02:23",479410,7990.2,133.2,5.6,"E:/alexfraser_tagged/af22_nov1/101RECNX","RCNX0102.JPG","Red squirrel",3,"Species|Red squirrel"
"af22","Red squirrel",2025-10-04 07:12:56,2025-10-04,"07:12:56",173427,2890.4,48.2,2,"E:/alexfraser_tagged/af22_nov1/101RECNX","RCNX0116.JPG","Red squirrel",1,"Species|Red squirrel"
"af22","Red squirrel",2025-10-05 18:35:13,2025-10-06,"18:35:13",127337,2122.3,35.4,1.5,"E:/alexfraser_tagged/af22_nov1/101RECNX","RCNX0117.JPG","Red squirrel",1,"Species|Red squirrel"
"af22","Red squirrel",2025-10-10 11:30:34,2025-10-10,"11:30:34",406521,6775.4,112.9,4.7,"E:/alexfraser_tagged/af22_nov1/101RECNX","RCNX0118.JPG","Red squirrel",1,"Species|Red squirrel"
"af22","Red squirrel",2025-10-11 18:17:00,2025-10-12,"18:17:00",110786,1846.4,30.8,1.3,"E:/alexfraser_tagged/af22_nov1/101RECNX","RCNX0119.JPG","Red squirrel",1,"Species|Red squirrel"
"af22","Red squirrel",2025-10-12 09:36:56,2025-10-12,"09:36:56",55196,919.9,15.3,0.6,"E:/alexfraser_tagged/af22_nov1/101RECNX","RCNX0120.JPG","Red squirrel",1,"Species|Red squirrel"
"af22","Red squirrel",2025-10-15 13:24:28,2025-10-15,"13:24:28",272852,4547.5,75.8,3.2,"E:/alexfraser_tagged/af22_nov1/101RECNX","RCNX0121.JPG","Red squirrel",2,"Species|Red squirrel"
"af22","Red squirrel",2025-10-17 07:57:52,2025-10-17,"07:57:52",153202,2553.4,42.6,1.8,"E:/alexfraser_tagged/af22_nov1/101RECNX","RCNX0124.JPG","Red squirrel",2,"Species|Red squirrel"
"af22","Red squirrel",2025-10-19 15:24:00,2025-10-19,"15:24:00",199566,3326.1,55.4,2.3,"E:/alexfraser_tagged/af22_nov1/101RECNX","RCNX0126.JPG","Red squirrel",1,"Species|Red squirrel"
"af22","Red squirrel",2025-10-24 07:50:46,2025-10-24,"07:50:46",404806,6746.8,112.4,4.7,"E:/alexfraser_tagged/af22_nov1/101RECNX","RCNX0127.JPG","Red squirrel",3,"Species|Red squirrel"
"af22","Unknown",2025-09-08 07:32:14,2025-09-08,"07:32:14",0,0,0,0,"E:/alexfraser_tagged/af22_nov1/101RECNX","RCNX0078.JPG","Unknown",1,"Species|Unknown"
"af22","Unknown",2025-10-02 20:32:00,2025-10-03,"20:32:00",2120386,35339.8,589,24.5,"E:/alexfraser_tagged/af22_nov1/101RECNX","RCNX0114.JPG","Unknown",2,"Species|Unknown"
"af23","Bird",2025-08-07 15:27:08,2025-08-07,"15:27:08",0,0,0,0,"E:/alexfraser_tagged/af23_nov1/102RECNX","RCNX0003.JPG","Bird",1,"Species|Bird"
"af23","Bird",2025-08-18 16:37:57,2025-08-18,"16:37:57",954649,15910.8,265.2,11,"E:/alexfraser_tagged/af23_nov1/102RECNX","RCNX0311.JPG","Bird",2,"Species|Bird"
"af23","Bird",2025-08-18 20:18:28,2025-08-19,"20:18:28",13211,220.2,3.7,0.2,"E:/alexfraser_tagged/af23_nov1/102RECNX","RCNX0313.JPG","Bird",1,"Species|Bird"
"af23","Bird",2025-08-19 05:43:09,2025-08-19,"05:43:09",33881,564.7,9.4,0.4,"E:/alexfraser_tagged/af23_nov1/102RECNX","RCNX0322.JPG","Bird",6,"Species|Bird"
"af23","Bird",2025-08-22 20:20:45,2025-08-23,"20:20:45",311335,5188.9,86.5,3.6,"E:/alexfraser_tagged/af23_nov1/102RECNX","RCNX0415.JPG","Bird",1,"Species|Bird"
"af23","Bird",2025-08-23 05:55:51,2025-08-23,"05:55:51",34506,575.1,9.6,0.4,"E:/alexfraser_tagged/af23_nov1/102RECNX","RCNX0416.JPG","Bird",2,"Species|Bird"
"af23","Bird",2025-08-25 06:03:22,2025-08-25,"06:03:22",173098,2885,48.1,2,"E:/alexfraser_tagged/af23_nov1/102RECNX","RCNX0425.JPG","Bird",1,"Species|Bird"
"af23","Bird",2025-09-01 08:18:26,2025-09-01,"08:18:26",612904,10215.1,170.3,7.1,"E:/alexfraser_tagged/af23_nov1/102RECNX","RCNX0464.JPG","Bird",1,"Species|Bird"
"af23","Bird",2025-09-03 14:27:51,2025-09-03,"14:27:51",194965,3249.4,54.2,2.3,"E:/alexfraser_tagged/af23_nov1/102RECNX","RCNX0484.JPG","Bird",7,"Species|Bird"
"af23","Black bear",2025-08-08 11:40:24,2025-08-08,"11:40:24",0,0,0,0,"E:/alexfraser_tagged/af23_nov1/102RECNX","RCNX0072.JPG","Black bear",32,"Species|Black bear"
"af23","Black bear",2025-08-11 17:11:43,2025-08-12,"17:11:43",278890,4648.2,77.5,3.2,"E:/alexfraser_tagged/af23_nov1/102RECNX","RCNX0242.JPG","Black bear",1,"Species|Black bear"
"af23","Black bear",2025-08-15 08:11:01,2025-08-15,"08:11:01",313158,5219.3,87,3.6,"E:/alexfraser_tagged/af23_nov1/102RECNX","RCNX0281.JPG","Black bear",13,"Species|Black bear"
"af23","Black bear",2025-09-12 10:55:28,2025-09-12,"10:55:28",2429043,40484.1,674.7,28.1,"E:/alexfraser_tagged/af23_nov1/102RECNX","RCNX0588.JPG","Black bear",13,"Species|Black bear"
"af23","Black bear",2025-09-20 12:11:31,2025-09-20,"12:11:31",695741,11595.7,193.3,8.1,"E:/alexfraser_tagged/af23_nov1/102RECNX","RCNX0625.JPG","Black bear",19,"Species|Black bear"
"af23","Black bear",2025-09-21 13:11:58,2025-09-21,"13:11:58",89987,1499.8,25,1,"E:/alexfraser_tagged/af23_nov1/102RECNX","RCNX0644.JPG","Black bear",1,"Species|Black bear"
"af23","Coyote",2025-09-20 10:08:22,2025-09-20,"10:08:22",0,0,0,0,"E:/alexfraser_tagged/af23_nov1/102RECNX","RCNX0621.JPG","Coyote",1,"Species|Coyote"
"af23","Coyote",2025-09-23 19:38:51,2025-09-24,"19:38:51",293429,4890.5,81.5,3.4,"E:/alexfraser_tagged/af23_nov1/102RECNX","RCNX0657.JPG","Coyote",1,"Species|Coyote"
"af23","Flying squirrel",2025-08-19 02:39:39,2025-08-19,"02:39:39",0,0,0,0,"E:/alexfraser_tagged/af23_nov1/102RECNX","RCNX0318.JPG","Flying squirrel",1,"Species|Flying squirrel"
"af23","Mule deer",2025-08-08 06:28:17,2025-08-08,"06:28:17",0,0,0,0,"E:/alexfraser_tagged/af23_nov1/102RECNX","RCNX0028.JPG","Mule deer",22,"Species|Mule deer"
"af23","Mule deer",2025-08-09 07:28:43,2025-08-09,"07:28:43",89997,1500,25,1,"E:/alexfraser_tagged/af23_nov1/102RECNX","RCNX0133.JPG","Mule deer",41,"Species|Mule deer"
"af23","Mule deer",2025-08-09 11:05:50,2025-08-09,"11:05:50",12696,211.6,3.5,0.1,"E:/alexfraser_tagged/af23_nov1/102RECNX","RCNX0180.JPG","Mule deer",44,"Species|Mule deer"
"af23","Mule deer",2025-08-20 07:16:29,2025-08-20,"07:16:29",936583,15609.7,260.2,10.8,"E:/alexfraser_tagged/af23_nov1/102RECNX","RCNX0345.JPG","Mule deer",17,"Species|Mule deer"
"af23","Mule deer",2025-09-08 10:27:06,2025-09-08,"10:27:06",1653013,27550.2,459.2,19.1,"E:/alexfraser_tagged/af23_nov1/102RECNX","RCNX0526.JPG","Mule deer",43,"Species|Mule deer"
"af23","Mule deer",2025-10-21 09:11:18,2025-10-21,"09:11:18",3710537,61842.3,1030.7,42.9,"E:/alexfraser_tagged/af23_nov1/102RECNX","RCNX0841.JPG","Mule deer",3,"Species|Mule deer"
"af23","Nothing",2025-08-08 16:05:05,2025-08-08,"16:05:05",0,0,0,0,"E:/alexfraser_tagged/af23_nov1/102RECNX","RCNX0105.JPG","Nothing",1,"Species|Nothing"
"af23","Nothing",2025-08-09 15:15:28,2025-08-09,"15:15:28",83423,1390.4,23.2,1,"E:/alexfraser_tagged/af23_nov1/102RECNX","RCNX0226.JPG","Nothing",1,"Species|Nothing"
"af23","Nothing",2025-08-11 22:01:44,2025-08-12,"22:01:44",197176,3286.3,54.8,2.3,"E:/alexfraser_tagged/af23_nov1/102RECNX","RCNX0244.JPG","Nothing",1,"Species|Nothing"
"af23","Nothing",2025-08-14 05:32:06,2025-08-14,"05:32:06",199822,3330.4,55.5,2.3,"E:/alexfraser_tagged/af23_nov1/102RECNX","RCNX0266.JPG","Nothing",1,"Species|Nothing"
"af23","Nothing",2025-08-14 06:21:46,2025-08-14,"06:21:46",2980,49.7,0.8,0,"E:/alexfraser_tagged/af23_nov1/102RECNX","RCNX0267.JPG","Nothing",1,"Species|Nothing"
"af23","Nothing",2025-08-19 07:02:35,2025-08-19,"07:02:35",434449,7240.8,120.7,5,"E:/alexfraser_tagged/af23_nov1/102RECNX","RCNX0331.JPG","Nothing",1,"Species|Nothing"
"af23","Nothing",2025-08-20 20:18:04,2025-08-21,"20:18:04",134129,2235.5,37.3,1.6,"E:/alexfraser_tagged/af23_nov1/102RECNX","RCNX0367.JPG","Nothing",1,"Species|Nothing"
"af23","Nothing",2025-08-21 05:55:49,2025-08-21,"05:55:49",34665,577.8,9.6,0.4,"E:/alexfraser_tagged/af23_nov1/102RECNX","RCNX0404.JPG","Nothing",1,"Species|Nothing"
"af23","Nothing",2025-08-21 06:42:32,2025-08-21,"06:42:32",2803,46.7,0.8,0,"E:/alexfraser_tagged/af23_nov1/102RECNX","RCNX0409.JPG","Nothing",1,"Species|Nothing"
"af23","Nothing",2025-08-23 07:27:22,2025-08-23,"07:27:22",175490,2924.8,48.7,2,"E:/alexfraser_tagged/af23_nov1/102RECNX","RCNX0418.JPG","Nothing",1,"Species|Nothing"
"af23","Nothing",2025-08-25 06:54:34,2025-08-25,"06:54:34",170832,2847.2,47.5,2,"E:/alexfraser_tagged/af23_nov1/102RECNX","RCNX0426.JPG","Nothing",1,"Species|Nothing"
"af23","Nothing",2025-08-31 06:46:53,2025-08-31,"06:46:53",517939,8632.3,143.9,6,"E:/alexfraser_tagged/af23_nov1/102RECNX","RCNX0454.JPG","Nothing",1,"Species|Nothing"
"af23","Nothing",2025-09-07 08:39:18,2025-09-07,"08:39:18",611545,10192.4,169.9,7.1,"E:/alexfraser_tagged/af23_nov1/102RECNX","RCNX0525.JPG","Nothing",1,"Species|Nothing"
"af23","Nothing",2025-09-14 11:30:47,2025-09-14,"11:30:47",615089,10251.5,170.9,7.1,"E:/alexfraser_tagged/af23_nov1/102RECNX","RCNX0605.JPG","Nothing",1,"Species|Nothing"
"af23","Nothing",2025-09-15 06:56:05,2025-09-15,"06:56:05",69918,1165.3,19.4,0.8,"E:/alexfraser_tagged/af23_nov1/102RECNX","RCNX0607.JPG","Nothing",1,"Species|Nothing"
"af23","Nothing",2025-09-25 17:07:21,2025-09-26,"17:07:21",900676,15011.3,250.2,10.4,"E:/alexfraser_tagged/af23_nov1/102RECNX","RCNX0699.JPG","Nothing",1,"Species|Nothing"
"af23","Nothing",2025-09-28 07:13:29,2025-09-28,"07:13:29",223568,3726.1,62.1,2.6,"E:/alexfraser_tagged/af23_nov1/102RECNX","RCNX0701.JPG","Nothing",1,"Species|Nothing"
"af23","Nothing",2025-09-29 11:01:58,2025-09-29,"11:01:58",100109,1668.5,27.8,1.2,"E:/alexfraser_tagged/af23_nov1/102RECNX","RCNX0703.JPG","Nothing",1,"Species|Nothing"
"af23","Nothing",2025-09-30 21:50:18,2025-10-01,"21:50:18",125300,2088.3,34.8,1.4,"E:/alexfraser_tagged/af23_nov1/102RECNX","RCNX0715.JPG","Nothing",1,"Species|Nothing"
"af23","Nothing",2025-10-09 13:13:21,2025-10-09,"13:13:21",746583,12443,207.4,8.6,"E:/alexfraser_tagged/af23_nov1/102RECNX","RCNX0782.JPG","Nothing",2,"Species|Nothing"
"af23","Nothing",2025-10-12 11:49:40,2025-10-12,"11:49:40",254106,4235.1,70.6,2.9,"E:/alexfraser_tagged/af23_nov1/102RECNX","RCNX0789.JPG","Nothing",1,"Species|Nothing"
"af23","Nothing",2025-10-18 02:57:46,2025-10-18,"02:57:46",486486,8108.1,135.1,5.6,"E:/alexfraser_tagged/af23_nov1/102RECNX","RCNX0818.JPG","Nothing",1,"Species|Nothing"
"af23","Nothing",2025-10-21 10:54:38,2025-10-21,"10:54:38",287812,4796.9,79.9,3.3,"E:/alexfraser_tagged/af23_nov1/102RECNX","RCNX0845.JPG","Nothing",1,"Species|Nothing"
"af23","Nothing",2025-10-24 12:02:27,2025-10-24,"12:02:27",263269,4387.8,73.1,3,"E:/alexfraser_tagged/af23_nov1/102RECNX","RCNX0849.JPG","Nothing",1,"Species|Nothing"
"af23","Nothing",2025-10-25 07:39:29,2025-10-25,"07:39:29",70622,1177,19.6,0.8,"E:/alexfraser_tagged/af23_nov1/102RECNX","RCNX0850.JPG","Nothing",1,"Species|Nothing"
"af23","Nothing",2025-10-29 06:32:47,2025-10-29,"06:32:47",341598,5693.3,94.9,4,"E:/alexfraser_tagged/af23_nov1/102RECNX","RCNX0860.JPG","Nothing",2,"Species|Nothing"
"af23","People",2025-08-07 10:20:49,2025-08-07,"10:20:49",0,0,0,0,"E:/alexfraser_tagged/af23_nov1/100RECNX","RCNX0001.JPG","People",53,"Species|People"
"af23","People",2025-11-02 09:09:12,2025-11-02,"09:09:12",7515868,125264.5,2087.7,87,"E:/alexfraser_tagged/af23_nov1/102RECNX","RCNX0867.JPG","People",35,"Species|People"
"af23","Red fox",2025-10-05 09:27:53,2025-10-05,"09:27:53",0,0,0,0,"E:/alexfraser_tagged/af23_nov1/102RECNX","RCNX0739.JPG","Red fox",2,"Species|Red fox"
"af23","Red fox",2025-10-15 05:41:42,2025-10-15,"05:41:42",850428,14173.8,236.2,9.8,"E:/alexfraser_tagged/af23_nov1/102RECNX","RCNX0793.JPG","Red fox",2,"Species|Red fox"
"af23","Red squirrel",2025-08-07 12:22:54,2025-08-07,"12:22:54",0,0,0,0,"E:/alexfraser_tagged/af23_nov1/102RECNX","RCNX0001.JPG","Red squirrel",2,"Species|Red squirrel"
"af23","Red squirrel",2025-08-08 07:32:36,2025-08-08,"07:32:36",68980,1149.7,19.2,0.8,"E:/alexfraser_tagged/af23_nov1/102RECNX","RCNX0054.JPG","Red squirrel",2,"Species|Red squirrel"
"af23","Red squirrel",2025-08-08 08:15:30,2025-08-08,"08:15:30",2570,42.8,0.7,0,"E:/alexfraser_tagged/af23_nov1/102RECNX","RCNX0061.JPG","Red squirrel",1,"Species|Red squirrel"
"af23","Red squirrel",2025-08-09 08:21:34,2025-08-09,"08:21:34",86764,1446.1,24.1,1,"E:/alexfraser_tagged/af23_nov1/102RECNX","RCNX0176.JPG","Red squirrel",1,"Species|Red squirrel"
"af23","Red squirrel",2025-08-09 08:37:39,2025-08-09,"08:37:39",965,16.1,0.3,0,"E:/alexfraser_tagged/af23_nov1/102RECNX","RCNX0177.JPG","Red squirrel",1,"Species|Red squirrel"
"af23","Red squirrel",2025-08-09 09:34:41,2025-08-09,"09:34:41",3422,57,0.9,0,"E:/alexfraser_tagged/af23_nov1/102RECNX","RCNX0178.JPG","Red squirrel",2,"Species|Red squirrel"
"af23","Red squirrel",2025-08-09 13:22:56,2025-08-09,"13:22:56",13693,228.2,3.8,0.2,"E:/alexfraser_tagged/af23_nov1/102RECNX","RCNX0225.JPG","Red squirrel",1,"Species|Red squirrel"
"af23","Red squirrel",2025-08-09 15:46:03,2025-08-09,"15:46:03",8587,143.1,2.4,0.1,"E:/alexfraser_tagged/af23_nov1/102RECNX","RCNX0227.JPG","Red squirrel",1,"Species|Red squirrel"
"af23","Red squirrel",2025-08-10 06:24:46,2025-08-10,"06:24:46",52723,878.7,14.6,0.6,"E:/alexfraser_tagged/af23_nov1/102RECNX","RCNX0228.JPG","Red squirrel",1,"Species|Red squirrel"
"af23","Red squirrel",2025-08-10 07:58:20,2025-08-10,"07:58:20",5614,93.6,1.6,0.1,"E:/alexfraser_tagged/af23_nov1/102RECNX","RCNX0229.JPG","Red squirrel",2,"Species|Red squirrel"
"af23","Red squirrel",2025-08-10 08:28:01,2025-08-10,"08:28:01",1747,29.1,0.5,0,"E:/alexfraser_tagged/af23_nov1/102RECNX","RCNX0231.JPG","Red squirrel",1,"Species|Red squirrel"
"af23","Red squirrel",2025-08-10 18:46:15,2025-08-11,"18:46:15",37094,618.2,10.3,0.4,"E:/alexfraser_tagged/af23_nov1/102RECNX","RCNX0232.JPG","Red squirrel",1,"Species|Red squirrel"
"af23","Red squirrel",2025-08-11 05:56:09,2025-08-11,"05:56:09",40194,669.9,11.2,0.5,"E:/alexfraser_tagged/af23_nov1/102RECNX","RCNX0233.JPG","Red squirrel",1,"Species|Red squirrel"
"af23","Red squirrel",2025-08-11 08:00:53,2025-08-11,"08:00:53",7484,124.7,2.1,0.1,"E:/alexfraser_tagged/af23_nov1/102RECNX","RCNX0234.JPG","Red squirrel",1,"Species|Red squirrel"
"af23","Red squirrel",2025-08-11 08:45:05,2025-08-11,"08:45:05",2652,44.2,0.7,0,"E:/alexfraser_tagged/af23_nov1/102RECNX","RCNX0235.JPG","Red squirrel",1,"Species|Red squirrel"
"af23","Red squirrel",2025-08-11 10:01:33,2025-08-11,"10:01:33",4588,76.5,1.3,0.1,"E:/alexfraser_tagged/af23_nov1/102RECNX","RCNX0236.JPG","Red squirrel",2,"Species|Red squirrel"
"af23","Red squirrel",2025-08-11 10:55:34,2025-08-11,"10:55:34",3239,54,0.9,0,"E:/alexfraser_tagged/af23_nov1/102RECNX","RCNX0238.JPG","Red squirrel",3,"Species|Red squirrel"
"af23","Red squirrel",2025-08-12 05:35:14,2025-08-12,"05:35:14",67176,1119.6,18.7,0.8,"E:/alexfraser_tagged/af23_nov1/102RECNX","RCNX0247.JPG","Red squirrel",4,"Species|Red squirrel"
"af23","Red squirrel",2025-08-13 09:51:23,2025-08-13,"09:51:23",101741,1695.7,28.3,1.2,"E:/alexfraser_tagged/af23_nov1/102RECNX","RCNX0258.JPG","Red squirrel",1,"Species|Red squirrel"
"af23","Red squirrel",2025-08-14 05:31:38,2025-08-14,"05:31:38",70815,1180.2,19.7,0.8,"E:/alexfraser_tagged/af23_nov1/102RECNX","RCNX0263.JPG","Red squirrel",3,"Species|Red squirrel"
"af23","Red squirrel",2025-08-14 06:47:54,2025-08-14,"06:47:54",4565,76.1,1.3,0.1,"E:/alexfraser_tagged/af23_nov1/102RECNX","RCNX0268.JPG","Red squirrel",1,"Species|Red squirrel"
"af23","Red squirrel",2025-08-15 20:26:11,2025-08-16,"20:26:11",135497,2258.3,37.6,1.6,"E:/alexfraser_tagged/af23_nov1/102RECNX","RCNX0294.JPG","Red squirrel",1,"Species|Red squirrel"
"af23","Red squirrel",2025-08-19 06:57:27,2025-08-19,"06:57:27",297076,4951.3,82.5,3.4,"E:/alexfraser_tagged/af23_nov1/102RECNX","RCNX0330.JPG","Red squirrel",1,"Species|Red squirrel"
"af23","Red squirrel",2025-08-19 08:06:35,2025-08-19,"08:06:35",4148,69.1,1.2,0,"E:/alexfraser_tagged/af23_nov1/102RECNX","RCNX0332.JPG","Red squirrel",1,"Species|Red squirrel"
"af23","Red squirrel",2025-08-19 17:53:44,2025-08-20,"17:53:44",35229,587.1,9.8,0.4,"E:/alexfraser_tagged/af23_nov1/102RECNX","RCNX0333.JPG","Red squirrel",1,"Species|Red squirrel"
"af23","Red squirrel",2025-08-20 07:03:35,2025-08-20,"07:03:35",47391,789.9,13.2,0.5,"E:/alexfraser_tagged/af23_nov1/102RECNX","RCNX0342.JPG","Red squirrel",3,"Species|Red squirrel"
"af23","Red squirrel",2025-08-20 12:18:46,2025-08-20,"12:18:46",18905,315.1,5.3,0.2,"E:/alexfraser_tagged/af23_nov1/102RECNX","RCNX0364.JPG","Red squirrel",1,"Species|Red squirrel"
"af23","Red squirrel",2025-08-21 06:07:09,2025-08-21,"06:07:09",64103,1068.4,17.8,0.7,"E:/alexfraser_tagged/af23_nov1/102RECNX","RCNX0405.JPG","Red squirrel",4,"Species|Red squirrel"
"af23","Red squirrel",2025-08-21 08:02:28,2025-08-21,"08:02:28",6909,115.2,1.9,0.1,"E:/alexfraser_tagged/af23_nov1/102RECNX","RCNX0411.JPG","Red squirrel",1,"Species|Red squirrel"
"af23","Red squirrel",2025-08-23 10:10:07,2025-08-23,"10:10:07",180459,3007.7,50.1,2.1,"E:/alexfraser_tagged/af23_nov1/102RECNX","RCNX0419.JPG","Red squirrel",1,"Species|Red squirrel"
"af23","Red squirrel",2025-08-24 09:46:06,2025-08-24,"09:46:06",84959,1416,23.6,1,"E:/alexfraser_tagged/af23_nov1/102RECNX","RCNX0420.JPG","Red squirrel",1,"Species|Red squirrel"
"af23","Red squirrel",2025-08-24 10:10:20,2025-08-24,"10:10:20",1454,24.2,0.4,0,"E:/alexfraser_tagged/af23_nov1/102RECNX","RCNX0421.JPG","Red squirrel",1,"Species|Red squirrel"
"af23","Red squirrel",2025-08-24 10:41:35,2025-08-24,"10:41:35",1875,31.2,0.5,0,"E:/alexfraser_tagged/af23_nov1/102RECNX","RCNX0422.JPG","Red squirrel",1,"Species|Red squirrel"
"af23","Red squirrel",2025-08-26 07:16:44,2025-08-26,"07:16:44",160509,2675.2,44.6,1.9,"E:/alexfraser_tagged/af23_nov1/102RECNX","RCNX0434.JPG","Red squirrel",4,"Species|Red squirrel"
"af23","Red squirrel",2025-08-26 08:14:31,2025-08-26,"08:14:31",3439,57.3,1,0,"E:/alexfraser_tagged/af23_nov1/102RECNX","RCNX0438.JPG","Red squirrel",1,"Species|Red squirrel"
"af23","Red squirrel",2025-08-27 08:22:54,2025-08-27,"08:22:54",86903,1448.4,24.1,1,"E:/alexfraser_tagged/af23_nov1/102RECNX","RCNX0442.JPG","Red squirrel",1,"Species|Red squirrel"
"af23","Red squirrel",2025-08-28 18:45:56,2025-08-29,"18:45:56",123782,2063,34.4,1.4,"E:/alexfraser_tagged/af23_nov1/102RECNX","RCNX0446.JPG","Red squirrel",1,"Species|Red squirrel"
"af23","Red squirrel",2025-08-29 19:32:54,2025-08-30,"19:32:54",89218,1487,24.8,1,"E:/alexfraser_tagged/af23_nov1/102RECNX","RCNX0450.JPG","Red squirrel",1,"Species|Red squirrel"
"af23","Red squirrel",2025-08-31 12:10:29,2025-08-31,"12:10:29",146255,2437.6,40.6,1.7,"E:/alexfraser_tagged/af23_nov1/102RECNX","RCNX0456.JPG","Red squirrel",4,"Species|Red squirrel"
"af23","Red squirrel",2025-09-05 11:30:19,2025-09-05,"11:30:19",429580,7159.7,119.3,5,"E:/alexfraser_tagged/af23_nov1/102RECNX","RCNX0507.JPG","Red squirrel",1,"Species|Red squirrel"
"af23","Red squirrel",2025-09-06 07:35:12,2025-09-06,"07:35:12",72293,1204.9,20.1,0.8,"E:/alexfraser_tagged/af23_nov1/102RECNX","RCNX0522.JPG","Red squirrel",1,"Species|Red squirrel"
"af23","Red squirrel",2025-09-06 08:23:37,2025-09-06,"08:23:37",2905,48.4,0.8,0,"E:/alexfraser_tagged/af23_nov1/102RECNX","RCNX0523.JPG","Red squirrel",2,"Species|Red squirrel"
"af23","Red squirrel",2025-09-08 12:42:49,2025-09-08,"12:42:49",188351,3139.2,52.3,2.2,"E:/alexfraser_tagged/af23_nov1/102RECNX","RCNX0571.JPG","Red squirrel",4,"Species|Red squirrel"
"af23","Red squirrel",2025-09-09 08:49:02,2025-09-09,"08:49:02",72369,1206.2,20.1,0.8,"E:/alexfraser_tagged/af23_nov1/102RECNX","RCNX0581.JPG","Red squirrel",1,"Species|Red squirrel"
"af23","Red squirrel",2025-09-11 07:01:06,2025-09-11,"07:01:06",166324,2772.1,46.2,1.9,"E:/alexfraser_tagged/af23_nov1/102RECNX","RCNX0583.JPG","Red squirrel",2,"Species|Red squirrel"
"af23","Red squirrel",2025-09-11 11:11:55,2025-09-11,"11:11:55",15048,250.8,4.2,0.2,"E:/alexfraser_tagged/af23_nov1/102RECNX","RCNX0585.JPG","Red squirrel",1,"Species|Red squirrel"
"af23","Red squirrel",2025-09-11 12:11:47,2025-09-11,"12:11:47",3592,59.9,1,0,"E:/alexfraser_tagged/af23_nov1/102RECNX","RCNX0586.JPG","Red squirrel",1,"Species|Red squirrel"
"af23","Red squirrel",2025-09-11 19:23:52,2025-09-12,"19:23:52",25925,432.1,7.2,0.3,"E:/alexfraser_tagged/af23_nov1/102RECNX","RCNX0587.JPG","Red squirrel",1,"Species|Red squirrel"
"af23","Red squirrel",2025-09-12 14:32:17,2025-09-12,"14:32:17",68905,1148.4,19.1,0.8,"E:/alexfraser_tagged/af23_nov1/102RECNX","RCNX0602.JPG","Red squirrel",2,"Species|Red squirrel"
"af23","Red squirrel",2025-09-13 07:24:25,2025-09-13,"07:24:25",60721,1012,16.9,0.7,"E:/alexfraser_tagged/af23_nov1/102RECNX","RCNX0604.JPG","Red squirrel",1,"Species|Red squirrel"
"af23","Red squirrel",2025-09-15 06:42:14,2025-09-15,"06:42:14",170269,2837.8,47.3,2,"E:/alexfraser_tagged/af23_nov1/102RECNX","RCNX0606.JPG","Red squirrel",1,"Species|Red squirrel"
"af23","Red squirrel",2025-09-16 09:23:03,2025-09-16,"09:23:03",96049,1600.8,26.7,1.1,"E:/alexfraser_tagged/af23_nov1/102RECNX","RCNX0608.JPG","Red squirrel",1,"Species|Red squirrel"
"af23","Red squirrel",2025-09-18 09:50:48,2025-09-18,"09:50:48",174465,2907.8,48.5,2,"E:/alexfraser_tagged/af23_nov1/102RECNX","RCNX0609.JPG","Red squirrel",1,"Species|Red squirrel"
"af23","Red squirrel",2025-09-18 13:27:42,2025-09-18,"13:27:42",13014,216.9,3.6,0.1,"E:/alexfraser_tagged/af23_nov1/102RECNX","RCNX0610.JPG","Red squirrel",5,"Species|Red squirrel"
"af23","Red squirrel",2025-09-19 13:26:50,2025-09-19,"13:26:50",86317,1438.6,24,1,"E:/alexfraser_tagged/af23_nov1/102RECNX","RCNX0617.JPG","Red squirrel",2,"Species|Red squirrel"
"af23","Red squirrel",2025-09-20 10:47:48,2025-09-20,"10:47:48",76856,1280.9,21.3,0.9,"E:/alexfraser_tagged/af23_nov1/102RECNX","RCNX0622.JPG","Red squirrel",3,"Species|Red squirrel"
"af23","Red squirrel",2025-09-22 17:11:28,2025-09-23,"17:11:28",195810,3263.5,54.4,2.3,"E:/alexfraser_tagged/af23_nov1/102RECNX","RCNX0653.JPG","Red squirrel",1,"Species|Red squirrel"
"af23","Red squirrel",2025-09-23 10:04:47,2025-09-23,"10:04:47",60799,1013.3,16.9,0.7,"E:/alexfraser_tagged/af23_nov1/102RECNX","RCNX0656.JPG","Red squirrel",1,"Species|Red squirrel"
"af23","Red squirrel",2025-09-25 07:54:14,2025-09-25,"07:54:14",164967,2749.4,45.8,1.9,"E:/alexfraser_tagged/af23_nov1/102RECNX","RCNX0684.JPG","Red squirrel",1,"Species|Red squirrel"
"af23","Red squirrel",2025-09-25 08:35:17,2025-09-25,"08:35:17",2463,41,0.7,0,"E:/alexfraser_tagged/af23_nov1/102RECNX","RCNX0685.JPG","Red squirrel",1,"Species|Red squirrel"
"af23","Red squirrel",2025-09-25 10:18:23,2025-09-25,"10:18:23",6186,103.1,1.7,0.1,"E:/alexfraser_tagged/af23_nov1/102RECNX","RCNX0686.JPG","Red squirrel",2,"Species|Red squirrel"
"af23","Red squirrel",2025-09-25 10:24:32,2025-09-25,"10:24:32",365,6.1,0.1,0,"E:/alexfraser_tagged/af23_nov1/102RECNX","RCNX0688.JPG","Red squirrel",2,"Species|Red squirrel"
"af23","Red squirrel",2025-09-25 13:10:14,2025-09-25,"13:10:14",9941,165.7,2.8,0.1,"E:/alexfraser_tagged/af23_nov1/102RECNX","RCNX0690.JPG","Red squirrel",1,"Species|Red squirrel"
"af23","Red squirrel",2025-09-26 08:55:28,2025-09-26,"08:55:28",71114,1185.2,19.8,0.8,"E:/alexfraser_tagged/af23_nov1/102RECNX","RCNX0700.JPG","Red squirrel",1,"Species|Red squirrel"
"af23","Red squirrel",2025-09-28 14:49:28,2025-09-28,"14:49:28",194040,3234,53.9,2.2,"E:/alexfraser_tagged/af23_nov1/102RECNX","RCNX0702.JPG","Red squirrel",1,"Species|Red squirrel"
"af23","Red squirrel",2025-09-29 16:09:10,2025-09-29,"16:09:10",91182,1519.7,25.3,1.1,"E:/alexfraser_tagged/af23_nov1/102RECNX","RCNX0704.JPG","Red squirrel",1,"Species|Red squirrel"
"af23","Red squirrel",2025-10-01 08:34:02,2025-10-01,"08:34:02",145492,2424.9,40.4,1.7,"E:/alexfraser_tagged/af23_nov1/102RECNX","RCNX0716.JPG","Red squirrel",3,"Species|Red squirrel"
"af23","Red squirrel",2025-10-04 13:29:40,2025-10-04,"13:29:40",276848,4614.1,76.9,3.2,"E:/alexfraser_tagged/af23_nov1/102RECNX","RCNX0737.JPG","Red squirrel",1,"Species|Red squirrel"
"af23","Red squirrel",2025-10-05 08:34:23,2025-10-05,"08:34:23",68683,1144.7,19.1,0.8,"E:/alexfraser_tagged/af23_nov1/102RECNX","RCNX0738.JPG","Red squirrel",1,"Species|Red squirrel"
"af23","Red squirrel",2025-10-06 11:51:45,2025-10-06,"11:51:45",98242,1637.4,27.3,1.1,"E:/alexfraser_tagged/af23_nov1/102RECNX","RCNX0751.JPG","Red squirrel",1,"Species|Red squirrel"
"af23","Red squirrel",2025-10-07 09:50:43,2025-10-07,"09:50:43",79138,1319,22,0.9,"E:/alexfraser_tagged/af23_nov1/102RECNX","RCNX0758.JPG","Red squirrel",2,"Species|Red squirrel"
"af23","Red squirrel",2025-10-07 12:19:59,2025-10-07,"12:19:59",8954,149.2,2.5,0.1,"E:/alexfraser_tagged/af23_nov1/102RECNX","RCNX0760.JPG","Red squirrel",1,"Species|Red squirrel"
"af23","Red squirrel",2025-10-08 12:50:42,2025-10-08,"12:50:42",88243,1470.7,24.5,1,"E:/alexfraser_tagged/af23_nov1/102RECNX","RCNX0772.JPG","Red squirrel",2,"Species|Red squirrel"
"af23","Red squirrel",2025-10-10 09:15:34,2025-10-10,"09:15:34",159888,2664.8,44.4,1.8,"E:/alexfraser_tagged/af23_nov1/102RECNX","RCNX0784.JPG","Red squirrel",1,"Species|Red squirrel"
"af23","Red squirrel",2025-10-10 10:04:41,2025-10-10,"10:04:41",2947,49.1,0.8,0,"E:/alexfraser_tagged/af23_nov1/102RECNX","RCNX0785.JPG","Red squirrel",4,"Species|Red squirrel"
"af23","Red squirrel",2025-10-13 11:46:53,2025-10-13,"11:46:53",265304,4421.7,73.7,3.1,"E:/alexfraser_tagged/af23_nov1/102RECNX","RCNX0790.JPG","Red squirrel",2,"Species|Red squirrel"
"af23","Red squirrel",2025-10-14 12:52:11,2025-10-14,"12:52:11",90291,1504.8,25.1,1,"E:/alexfraser_tagged/af23_nov1/102RECNX","RCNX0792.JPG","Red squirrel",1,"Species|Red squirrel"
"af23","Red squirrel",2025-10-15 09:41:37,2025-10-15,"09:41:37",74966,1249.4,20.8,0.9,"E:/alexfraser_tagged/af23_nov1/102RECNX","RCNX0795.JPG","Red squirrel",4,"Species|Red squirrel"
"af23","Red squirrel",2025-10-15 10:34:27,2025-10-15,"10:34:27",3163,52.7,0.9,0,"E:/alexfraser_tagged/af23_nov1/102RECNX","RCNX0799.JPG","Red squirrel",1,"Species|Red squirrel"
"af23","Red squirrel",2025-10-15 13:20:34,2025-10-15,"13:20:34",9967,166.1,2.8,0.1,"E:/alexfraser_tagged/af23_nov1/102RECNX","RCNX0800.JPG","Red squirrel",1,"Species|Red squirrel"
"af23","Red squirrel",2025-10-16 09:19:03,2025-10-16,"09:19:03",71909,1198.5,20,0.8,"E:/alexfraser_tagged/af23_nov1/102RECNX","RCNX0812.JPG","Red squirrel",6,"Species|Red squirrel"
"af23","Red squirrel",2025-10-22 08:40:17,2025-10-22,"08:40:17",515940,8599,143.3,6,"E:/alexfraser_tagged/af23_nov1/102RECNX","RCNX0846.JPG","Red squirrel",2,"Species|Red squirrel"
"af23","Red squirrel",2025-10-24 08:01:42,2025-10-24,"08:01:42",170484,2841.4,47.4,2,"E:/alexfraser_tagged/af23_nov1/102RECNX","RCNX0848.JPG","Red squirrel",1,"Species|Red squirrel"
"af23","Red squirrel",2025-10-30 13:30:05,2025-10-30,"13:30:05",538103,8968.4,149.5,6.2,"E:/alexfraser_tagged/af23_nov1/102RECNX","RCNX0864.JPG","Red squirrel",1,"Species|Red squirrel"
"af23","Snowshoe hare",2025-08-07 21:02:44,2025-08-08,"21:02:44",0,0,0,0,"E:/alexfraser_tagged/af23_nov1/102RECNX","RCNX0004.JPG","Snowshoe hare",4,"Species|Snowshoe hare"
"af23","Snowshoe hare",2025-08-07 21:52:55,2025-08-08,"21:52:55",2999,50,0.8,0,"E:/alexfraser_tagged/af23_nov1/102RECNX","RCNX0008.JPG","Snowshoe hare",4,"Species|Snowshoe hare"
"af23","Snowshoe hare",2025-08-08 01:37:24,2025-08-08,"01:37:24",13462,224.4,3.7,0.2,"E:/alexfraser_tagged/af23_nov1/102RECNX","RCNX0012.JPG","Snowshoe hare",4,"Species|Snowshoe hare"
"af23","Snowshoe hare",2025-08-08 02:04:44,2025-08-08,"02:04:44",1632,27.2,0.5,0,"E:/alexfraser_tagged/af23_nov1/102RECNX","RCNX0016.JPG","Snowshoe hare",11,"Species|Snowshoe hare"
"af23","Snowshoe hare",2025-08-08 08:11:04,2025-08-08,"08:11:04",21807,363.4,6.1,0.3,"E:/alexfraser_tagged/af23_nov1/102RECNX","RCNX0056.JPG","Snowshoe hare",5,"Species|Snowshoe hare"
"af23","Snowshoe hare",2025-08-08 09:02:14,2025-08-08,"09:02:14",3058,51,0.8,0,"E:/alexfraser_tagged/af23_nov1/102RECNX","RCNX0062.JPG","Snowshoe hare",4,"Species|Snowshoe hare"
"af23","Snowshoe hare",2025-08-08 09:14:23,2025-08-08,"09:14:23",725,12.1,0.2,0,"E:/alexfraser_tagged/af23_nov1/102RECNX","RCNX0066.JPG","Snowshoe hare",1,"Species|Snowshoe hare"
"af23","Snowshoe hare",2025-08-08 09:22:15,2025-08-08,"09:22:15",472,7.9,0.1,0,"E:/alexfraser_tagged/af23_nov1/102RECNX","RCNX0067.JPG","Snowshoe hare",5,"Species|Snowshoe hare"
"af23","Snowshoe hare",2025-08-08 22:04:13,2025-08-09,"22:04:13",45703,761.7,12.7,0.5,"E:/alexfraser_tagged/af23_nov1/102RECNX","RCNX0106.JPG","Snowshoe hare",4,"Species|Snowshoe hare"
"af23","Snowshoe hare",2025-08-09 00:08:06,2025-08-09,"00:08:06",7426,123.8,2.1,0.1,"E:/alexfraser_tagged/af23_nov1/102RECNX","RCNX0110.JPG","Snowshoe hare",9,"Species|Snowshoe hare"
"af23","Snowshoe hare",2025-08-09 05:09:05,2025-08-09,"05:09:05",17912,298.5,5,0.2,"E:/alexfraser_tagged/af23_nov1/102RECNX","RCNX0119.JPG","Snowshoe hare",13,"Species|Snowshoe hare"
"af23","Snowshoe hare",2025-08-12 04:29:28,2025-08-12,"04:29:28",256732,4278.9,71.3,3,"E:/alexfraser_tagged/af23_nov1/102RECNX","RCNX0245.JPG","Snowshoe hare",2,"Species|Snowshoe hare"
"af23","Snowshoe hare",2025-08-13 02:47:56,2025-08-13,"02:47:56",80242,1337.4,22.3,0.9,"E:/alexfraser_tagged/af23_nov1/102RECNX","RCNX0252.JPG","Snowshoe hare",4,"Species|Snowshoe hare"
"af23","Snowshoe hare",2025-08-13 07:48:03,2025-08-13,"07:48:03",17973,299.6,5,0.2,"E:/alexfraser_tagged/af23_nov1/102RECNX","RCNX0257.JPG","Snowshoe hare",1,"Species|Snowshoe hare"
"af23","Snowshoe hare",2025-08-13 22:13:22,2025-08-14,"22:13:22",51919,865.3,14.4,0.6,"E:/alexfraser_tagged/af23_nov1/102RECNX","RCNX0259.JPG","Snowshoe hare",4,"Species|Snowshoe hare"
"af23","Snowshoe hare",2025-08-14 08:52:45,2025-08-14,"08:52:45",38358,639.3,10.7,0.4,"E:/alexfraser_tagged/af23_nov1/102RECNX","RCNX0269.JPG","Snowshoe hare",4,"Species|Snowshoe hare"
"af23","Snowshoe hare",2025-08-14 09:08:24,2025-08-14,"09:08:24",934,15.6,0.3,0,"E:/alexfraser_tagged/af23_nov1/102RECNX","RCNX0273.JPG","Snowshoe hare",5,"Species|Snowshoe hare"
"af23","Snowshoe hare",2025-08-14 22:06:09,2025-08-15,"22:06:09",46647,777.5,13,0.5,"E:/alexfraser_tagged/af23_nov1/102RECNX","RCNX0279.JPG","Snowshoe hare",2,"Species|Snowshoe hare"
"af23","Snowshoe hare",2025-08-16 08:26:55,2025-08-16,"08:26:55",123645,2060.8,34.3,1.4,"E:/alexfraser_tagged/af23_nov1/102RECNX","RCNX0295.JPG","Snowshoe hare",1,"Species|Snowshoe hare"
"af23","Snowshoe hare",2025-08-16 08:32:46,2025-08-16,"08:32:46",351,5.8,0.1,0,"E:/alexfraser_tagged/af23_nov1/102RECNX","RCNX0296.JPG","Snowshoe hare",6,"Species|Snowshoe hare"
"af23","Snowshoe hare",2025-08-17 08:05:40,2025-08-17,"08:05:40",84715,1411.9,23.5,1,"E:/alexfraser_tagged/af23_nov1/102RECNX","RCNX0302.JPG","Snowshoe hare",2,"Species|Snowshoe hare"
"af23","Snowshoe hare",2025-08-18 05:01:36,2025-08-18,"05:01:36",75350,1255.8,20.9,0.9,"E:/alexfraser_tagged/af23_nov1/102RECNX","RCNX0304.JPG","Snowshoe hare",2,"Species|Snowshoe hare"
"af23","Snowshoe hare",2025-08-18 05:24:00,2025-08-18,"05:24:00",1343,22.4,0.4,0,"E:/alexfraser_tagged/af23_nov1/102RECNX","RCNX0306.JPG","Snowshoe hare",5,"Species|Snowshoe hare"
"af23","Snowshoe hare",2025-08-19 02:32:11,2025-08-19,"02:32:11",76045,1267.4,21.1,0.9,"E:/alexfraser_tagged/af23_nov1/102RECNX","RCNX0314.JPG","Snowshoe hare",4,"Species|Snowshoe hare"
"af23","Snowshoe hare",2025-08-19 03:19:41,2025-08-19,"03:19:41",2841,47.4,0.8,0,"E:/alexfraser_tagged/af23_nov1/102RECNX","RCNX0319.JPG","Snowshoe hare",3,"Species|Snowshoe hare"
"af23","Snowshoe hare",2025-08-19 06:09:47,2025-08-19,"06:09:47",10202,170,2.8,0.1,"E:/alexfraser_tagged/af23_nov1/102RECNX","RCNX0328.JPG","Snowshoe hare",2,"Species|Snowshoe hare"
"af23","Snowshoe hare",2025-08-19 23:51:07,2025-08-20,"23:51:07",63679,1061.3,17.7,0.7,"E:/alexfraser_tagged/af23_nov1/102RECNX","RCNX0334.JPG","Snowshoe hare",5,"Species|Snowshoe hare"
"af23","Snowshoe hare",2025-08-20 05:22:13,2025-08-20,"05:22:13",19852,330.9,5.5,0.2,"E:/alexfraser_tagged/af23_nov1/102RECNX","RCNX0339.JPG","Snowshoe hare",3,"Species|Snowshoe hare"
"af23","Snowshoe hare",2025-08-20 18:14:35,2025-08-21,"18:14:35",46336,772.3,12.9,0.5,"E:/alexfraser_tagged/af23_nov1/102RECNX","RCNX0365.JPG","Snowshoe hare",2,"Species|Snowshoe hare"
"af23","Snowshoe hare",2025-08-20 20:22:21,2025-08-21,"20:22:21",7664,127.7,2.1,0.1,"E:/alexfraser_tagged/af23_nov1/102RECNX","RCNX0368.JPG","Snowshoe hare",24,"Species|Snowshoe hare"
"af23","Snowshoe hare",2025-08-20 20:55:59,2025-08-21,"20:55:59",1682,28,0.5,0,"E:/alexfraser_tagged/af23_nov1/102RECNX","RCNX0394.JPG","Snowshoe hare",2,"Species|Snowshoe hare"
"af23","Snowshoe hare",2025-08-20 22:47:29,2025-08-21,"22:47:29",6685,111.4,1.9,0.1,"E:/alexfraser_tagged/af23_nov1/102RECNX","RCNX0396.JPG","Snowshoe hare",4,"Species|Snowshoe hare"
"af23","Snowshoe hare",2025-08-21 02:37:02,2025-08-21,"02:37:02",13764,229.4,3.8,0.2,"E:/alexfraser_tagged/af23_nov1/102RECNX","RCNX0400.JPG","Snowshoe hare",4,"Species|Snowshoe hare"
"af23","Snowshoe hare",2025-08-21 07:18:31,2025-08-21,"07:18:31",16746,279.1,4.7,0.2,"E:/alexfraser_tagged/af23_nov1/102RECNX","RCNX0410.JPG","Snowshoe hare",1,"Species|Snowshoe hare"
"af23","Snowshoe hare",2025-08-21 22:33:07,2025-08-22,"22:33:07",54876,914.6,15.2,0.6,"E:/alexfraser_tagged/af23_nov1/102RECNX","RCNX0412.JPG","Snowshoe hare",2,"Species|Snowshoe hare"
"af23","Snowshoe hare",2025-08-22 05:10:37,2025-08-22,"05:10:37",23849,397.5,6.6,0.3,"E:/alexfraser_tagged/af23_nov1/102RECNX","RCNX0414.JPG","Snowshoe hare",1,"Species|Snowshoe hare"
"af23","Snowshoe hare",2025-08-24 22:44:01,2025-08-25,"22:44:01",236004,3933.4,65.6,2.7,"E:/alexfraser_tagged/af23_nov1/102RECNX","RCNX0423.JPG","Snowshoe hare",2,"Species|Snowshoe hare"
"af23","Snowshoe hare",2025-08-26 01:22:18,2025-08-26,"01:22:18",95896,1598.3,26.6,1.1,"E:/alexfraser_tagged/af23_nov1/102RECNX","RCNX0427.JPG","Snowshoe hare",6,"Species|Snowshoe hare"
"af23","Snowshoe hare",2025-08-26 06:13:33,2025-08-26,"06:13:33",17449,290.8,4.8,0.2,"E:/alexfraser_tagged/af23_nov1/102RECNX","RCNX0433.JPG","Snowshoe hare",1,"Species|Snowshoe hare"
"af23","Snowshoe hare",2025-08-26 20:32:37,2025-08-27,"20:32:37",51544,859.1,14.3,0.6,"E:/alexfraser_tagged/af23_nov1/102RECNX","RCNX0439.JPG","Snowshoe hare",3,"Species|Snowshoe hare"
"af23","Snowshoe hare",2025-08-27 08:46:38,2025-08-27,"08:46:38",44036,733.9,12.2,0.5,"E:/alexfraser_tagged/af23_nov1/102RECNX","RCNX0443.JPG","Snowshoe hare",2,"Species|Snowshoe hare"
"af23","Snowshoe hare",2025-08-28 01:11:52,2025-08-28,"01:11:52",59109,985.1,16.4,0.7,"E:/alexfraser_tagged/af23_nov1/102RECNX","RCNX0445.JPG","Snowshoe hare",1,"Species|Snowshoe hare"
"af23","Snowshoe hare",2025-08-29 03:05:40,2025-08-29,"03:05:40",93228,1553.8,25.9,1.1,"E:/alexfraser_tagged/af23_nov1/102RECNX","RCNX0447.JPG","Snowshoe hare",3,"Species|Snowshoe hare"
"af23","Snowshoe hare",2025-08-31 04:31:43,2025-08-31,"04:31:43",177961,2966,49.4,2.1,"E:/alexfraser_tagged/af23_nov1/102RECNX","RCNX0451.JPG","Snowshoe hare",2,"Species|Snowshoe hare"
"af23","Snowshoe hare",2025-08-31 21:41:00,2025-09-01,"21:41:00",61736,1028.9,17.1,0.7,"E:/alexfraser_tagged/af23_nov1/102RECNX","RCNX0460.JPG","Snowshoe hare",2,"Species|Snowshoe hare"
"af23","Snowshoe hare",2025-08-31 21:51:30,2025-09-01,"21:51:30",617,10.3,0.2,0,"E:/alexfraser_tagged/af23_nov1/102RECNX","RCNX0462.JPG","Snowshoe hare",2,"Species|Snowshoe hare"
"af23","Snowshoe hare",2025-09-01 08:38:23,2025-09-01,"08:38:23",38803,646.7,10.8,0.4,"E:/alexfraser_tagged/af23_nov1/102RECNX","RCNX0465.JPG","Snowshoe hare",7,"Species|Snowshoe hare"
"af23","Snowshoe hare",2025-09-02 05:23:07,2025-09-02,"05:23:07",74677,1244.6,20.7,0.9,"E:/alexfraser_tagged/af23_nov1/102RECNX","RCNX0472.JPG","Snowshoe hare",3,"Species|Snowshoe hare"
"af23","Snowshoe hare",2025-09-02 22:26:52,2025-09-03,"22:26:52",61416,1023.6,17.1,0.7,"E:/alexfraser_tagged/af23_nov1/102RECNX","RCNX0476.JPG","Snowshoe hare",2,"Species|Snowshoe hare"
"af23","Snowshoe hare",2025-09-02 22:32:29,2025-09-03,"22:32:29",333,5.6,0.1,0,"E:/alexfraser_tagged/af23_nov1/102RECNX","RCNX0478.JPG","Snowshoe hare",6,"Species|Snowshoe hare"
"af23","Snowshoe hare",2025-09-04 09:57:29,2025-09-04,"09:57:29",127486,2124.8,35.4,1.5,"E:/alexfraser_tagged/af23_nov1/102RECNX","RCNX0491.JPG","Snowshoe hare",5,"Species|Snowshoe hare"
"af23","Snowshoe hare",2025-09-05 00:27:10,2025-09-05,"00:27:10",52129,868.8,14.5,0.6,"E:/alexfraser_tagged/af23_nov1/102RECNX","RCNX0497.JPG","Snowshoe hare",3,"Species|Snowshoe hare"
"af23","Snowshoe hare",2025-09-05 02:46:08,2025-09-05,"02:46:08",8335,138.9,2.3,0.1,"E:/alexfraser_tagged/af23_nov1/102RECNX","RCNX0500.JPG","Snowshoe hare",5,"Species|Snowshoe hare"
"af23","Snowshoe hare",2025-09-05 09:01:11,2025-09-05,"09:01:11",22469,374.5,6.2,0.3,"E:/alexfraser_tagged/af23_nov1/102RECNX","RCNX0505.JPG","Snowshoe hare",2,"Species|Snowshoe hare"
"af23","Snowshoe hare",2025-09-06 01:53:27,2025-09-06,"01:53:27",60694,1011.6,16.9,0.7,"E:/alexfraser_tagged/af23_nov1/102RECNX","RCNX0508.JPG","Snowshoe hare",11,"Species|Snowshoe hare"
"af23","Snowshoe hare",2025-09-06 03:17:46,2025-09-06,"03:17:46",5037,84,1.4,0.1,"E:/alexfraser_tagged/af23_nov1/102RECNX","RCNX0519.JPG","Snowshoe hare",3,"Species|Snowshoe hare"
"af23","Snowshoe hare",2025-09-08 22:37:01,2025-09-09,"22:37:01",242353,4039.2,67.3,2.8,"E:/alexfraser_tagged/af23_nov1/102RECNX","RCNX0575.JPG","Snowshoe hare",5,"Species|Snowshoe hare"
"af23","Snowshoe hare",2025-09-09 22:20:44,2025-09-10,"22:20:44",85414,1423.6,23.7,1,"E:/alexfraser_tagged/af23_nov1/102RECNX","RCNX0582.JPG","Snowshoe hare",1,"Species|Snowshoe hare"
"af23","Snowshoe hare",2025-09-19 12:10:57,2025-09-19,"12:10:57",827413,13790.2,229.8,9.6,"E:/alexfraser_tagged/af23_nov1/102RECNX","RCNX0615.JPG","Snowshoe hare",2,"Species|Snowshoe hare"
"af23","Snowshoe hare",2025-09-20 04:59:58,2025-09-20,"04:59:58",60538,1009,16.8,0.7,"E:/alexfraser_tagged/af23_nov1/102RECNX","RCNX0619.JPG","Snowshoe hare",2,"Species|Snowshoe hare"
"af23","Snowshoe hare",2025-09-21 22:55:42,2025-09-22,"22:55:42",150942,2515.7,41.9,1.7,"E:/alexfraser_tagged/af23_nov1/102RECNX","RCNX0645.JPG","Snowshoe hare",4,"Species|Snowshoe hare"
"af23","Snowshoe hare",2025-09-22 01:43:09,2025-09-22,"01:43:09",10043,167.4,2.8,0.1,"E:/alexfraser_tagged/af23_nov1/102RECNX","RCNX0650.JPG","Snowshoe hare",3,"Species|Snowshoe hare"
"af23","Snowshoe hare",2025-09-23 01:53:33,2025-09-23,"01:53:33",87021,1450.3,24.2,1,"E:/alexfraser_tagged/af23_nov1/102RECNX","RCNX0654.JPG","Snowshoe hare",2,"Species|Snowshoe hare"
"af23","Snowshoe hare",2025-09-24 19:15:32,2025-09-25,"19:15:32",148918,2482,41.4,1.7,"E:/alexfraser_tagged/af23_nov1/102RECNX","RCNX0658.JPG","Snowshoe hare",19,"Species|Snowshoe hare"
"af23","Snowshoe hare",2025-09-24 23:13:26,2025-09-25,"23:13:26",13786,229.8,3.8,0.2,"E:/alexfraser_tagged/af23_nov1/102RECNX","RCNX0677.JPG","Snowshoe hare",4,"Species|Snowshoe hare"
"af23","Snowshoe hare",2025-09-25 04:58:03,2025-09-25,"04:58:03",20673,344.6,5.7,0.2,"E:/alexfraser_tagged/af23_nov1/102RECNX","RCNX0681.JPG","Snowshoe hare",3,"Species|Snowshoe hare"
"af23","Snowshoe hare",2025-09-25 14:21:20,2025-09-25,"14:21:20",33790,563.2,9.4,0.4,"E:/alexfraser_tagged/af23_nov1/102RECNX","RCNX0691.JPG","Snowshoe hare",8,"Species|Snowshoe hare"
"af23","Snowshoe hare",2025-09-30 01:00:37,2025-09-30,"01:00:37",383915,6398.6,106.6,4.4,"E:/alexfraser_tagged/af23_nov1/102RECNX","RCNX0705.JPG","Snowshoe hare",5,"Species|Snowshoe hare"
"af23","Snowshoe hare",2025-09-30 02:29:11,2025-09-30,"02:29:11",5306,88.4,1.5,0.1,"E:/alexfraser_tagged/af23_nov1/102RECNX","RCNX0710.JPG","Snowshoe hare",4,"Species|Snowshoe hare"
"af23","Snowshoe hare",2025-10-02 01:04:35,2025-10-02,"01:04:35",167704,2795.1,46.6,1.9,"E:/alexfraser_tagged/af23_nov1/102RECNX","RCNX0719.JPG","Snowshoe hare",5,"Species|Snowshoe hare"
"af23","Snowshoe hare",2025-10-02 02:13:04,2025-10-02,"02:13:04",4101,68.3,1.1,0,"E:/alexfraser_tagged/af23_nov1/102RECNX","RCNX0724.JPG","Snowshoe hare",6,"Species|Snowshoe hare"
"af23","Snowshoe hare",2025-10-03 01:16:30,2025-10-03,"01:16:30",82997,1383.3,23.1,1,"E:/alexfraser_tagged/af23_nov1/102RECNX","RCNX0730.JPG","Snowshoe hare",7,"Species|Snowshoe hare"
"af23","Snowshoe hare",2025-10-05 23:33:55,2025-10-06,"23:33:55",253031,4217.2,70.3,2.9,"E:/alexfraser_tagged/af23_nov1/102RECNX","RCNX0741.JPG","Snowshoe hare",4,"Species|Snowshoe hare"
"af23","Snowshoe hare",2025-10-06 02:45:21,2025-10-06,"02:45:21",11483,191.4,3.2,0.1,"E:/alexfraser_tagged/af23_nov1/102RECNX","RCNX0746.JPG","Snowshoe hare",4,"Species|Snowshoe hare"
"af23","Snowshoe hare",2025-10-07 05:06:33,2025-10-07,"05:06:33",94855,1580.9,26.3,1.1,"E:/alexfraser_tagged/af23_nov1/102RECNX","RCNX0752.JPG","Snowshoe hare",6,"Species|Snowshoe hare"
"af23","Snowshoe hare",2025-10-07 21:11:31,2025-10-08,"21:11:31",57771,962.9,16,0.7,"E:/alexfraser_tagged/af23_nov1/102RECNX","RCNX0761.JPG","Snowshoe hare",1,"Species|Snowshoe hare"
"af23","Snowshoe hare",2025-10-07 21:18:21,2025-10-08,"21:18:21",410,6.8,0.1,0,"E:/alexfraser_tagged/af23_nov1/102RECNX","RCNX0762.JPG","Snowshoe hare",9,"Species|Snowshoe hare"
"af23","Snowshoe hare",2025-10-09 05:05:28,2025-10-09,"05:05:28",114319,1905.3,31.8,1.3,"E:/alexfraser_tagged/af23_nov1/102RECNX","RCNX0774.JPG","Snowshoe hare",4,"Species|Snowshoe hare"
"af23","Snowshoe hare",2025-10-09 05:23:02,2025-10-09,"05:23:02",1051,17.5,0.3,0,"E:/alexfraser_tagged/af23_nov1/102RECNX","RCNX0778.JPG","Snowshoe hare",3,"Species|Snowshoe hare"
"af23","Snowshoe hare",2025-10-16 03:31:24,2025-10-16,"03:31:24",598098,9968.3,166.1,6.9,"E:/alexfraser_tagged/af23_nov1/102RECNX","RCNX0801.JPG","Snowshoe hare",3,"Species|Snowshoe hare"
"af23","Snowshoe hare",2025-10-16 03:48:21,2025-10-16,"03:48:21",1015,16.9,0.3,0,"E:/alexfraser_tagged/af23_nov1/102RECNX","RCNX0804.JPG","Snowshoe hare",5,"Species|Snowshoe hare"
"af23","Snowshoe hare",2025-10-16 04:08:04,2025-10-16,"04:08:04",1162,19.4,0.3,0,"E:/alexfraser_tagged/af23_nov1/102RECNX","RCNX0809.JPG","Snowshoe hare",3,"Species|Snowshoe hare"
"af23","Snowshoe hare",2025-10-18 18:37:03,2025-10-19,"18:37:03",224934,3748.9,62.5,2.6,"E:/alexfraser_tagged/af23_nov1/102RECNX","RCNX0819.JPG","Snowshoe hare",5,"Species|Snowshoe hare"
"af23","Snowshoe hare",2025-10-18 18:43:06,2025-10-19,"18:43:06",352,5.9,0.1,0,"E:/alexfraser_tagged/af23_nov1/102RECNX","RCNX0825.JPG","Snowshoe hare",2,"Species|Snowshoe hare"
"af23","Snowshoe hare",2025-10-18 22:52:45,2025-10-19,"22:52:45",14966,249.4,4.2,0.2,"E:/alexfraser_tagged/af23_nov1/102RECNX","RCNX0828.JPG","Snowshoe hare",5,"Species|Snowshoe hare"
"af23","Snowshoe hare",2025-10-21 06:14:37,2025-10-21,"06:14:37",199303,3321.7,55.4,2.3,"E:/alexfraser_tagged/af23_nov1/102RECNX","RCNX0833.JPG","Snowshoe hare",7,"Species|Snowshoe hare"
"af23","Snowshoe hare",2025-10-27 00:35:38,2025-10-27,"00:35:38",498046,8300.8,138.3,5.8,"E:/alexfraser_tagged/af23_nov1/102RECNX","RCNX0851.JPG","Snowshoe hare",3,"Species|Snowshoe hare"
"af23","Snowshoe hare",2025-10-28 05:39:12,2025-10-28,"05:39:12",104612,1743.5,29.1,1.2,"E:/alexfraser_tagged/af23_nov1/102RECNX","RCNX0854.JPG","Snowshoe hare",1,"Species|Snowshoe hare"
"af23","Snowshoe hare",2025-10-29 03:08:50,2025-10-29,"03:08:50",77378,1289.6,21.5,0.9,"E:/alexfraser_tagged/af23_nov1/102RECNX","RCNX0855.JPG","Snowshoe hare",3,"Species|Snowshoe hare"
"af23","Snowshoe hare",2025-10-29 04:22:22,2025-10-29,"04:22:22",4406,73.4,1.2,0,"E:/alexfraser_tagged/af23_nov1/102RECNX","RCNX0858.JPG","Snowshoe hare",2,"Species|Snowshoe hare"
"af23","Snowshoe hare",2025-10-29 21:50:54,2025-10-30,"21:50:54",62908,1048.5,17.5,0.7,"E:/alexfraser_tagged/af23_nov1/102RECNX","RCNX0862.JPG","Snowshoe hare",2,"Species|Snowshoe hare"
"af23","Snowshoe hare",2025-11-01 04:33:08,2025-11-01,"04:33:08",196933,3282.2,54.7,2.3,"E:/alexfraser_tagged/af23_nov1/102RECNX","RCNX0865.JPG","Snowshoe hare",2,"Species|Snowshoe hare"
"af23","Unknown",2025-08-31 09:56:37,2025-08-31,"09:56:37",0,0,0,0,"E:/alexfraser_tagged/af23_nov1/102RECNX","RCNX0455.JPG","Unknown",1,"Species|Unknown"
"af24","Bird",2025-08-10 08:30:57,2025-08-10,"08:30:57",0,0,0,0,"E:/alexfraser_tagged/af24_nov1/101RECNX","RCNX0062.JPG","Bird",3,"Species|Bird"
"af24","Bird",2025-08-10 10:10:15,2025-08-10,"10:10:15",5949,99.2,1.7,0.1,"E:/alexfraser_tagged/af24_nov1/101RECNX","RCNX0068.JPG","Bird",1,"Species|Bird"
"af24","Bird",2025-09-09 06:58:55,2025-09-09,"06:58:55",2580520,43008.7,716.8,29.9,"E:/alexfraser_tagged/af24_nov1/101RECNX","RCNX4600.JPG","Bird",3,"Species|Bird"
"af24","Bird",2025-09-10 10:01:25,2025-09-10,"10:01:25",97337,1622.3,27,1.1,"E:/alexfraser_tagged/af24_nov1/101RECNX","RCNX4621.JPG","Bird",7,"Species|Bird"
"af24","Bird",2025-09-11 19:27:08,2025-09-12,"19:27:08",120302,2005,33.4,1.4,"E:/alexfraser_tagged/af24_nov1/101RECNX","RCNX4633.JPG","Bird",2,"Species|Bird"
"af24","Bird",2025-09-12 10:37:41,2025-09-12,"10:37:41",54625,910.4,15.2,0.6,"E:/alexfraser_tagged/af24_nov1/101RECNX","RCNX4640.JPG","Bird",4,"Species|Bird"
"af24","Bird",2025-09-14 14:18:30,2025-09-14,"14:18:30",185940,3099,51.6,2.1,"E:/alexfraser_tagged/af24_nov1/101RECNX","RCNX4652.JPG","Bird",5,"Species|Bird"
"af24","Bird",2025-09-28 17:47:56,2025-09-29,"17:47:56",1222124,20368.7,339.5,14.1,"E:/alexfraser_tagged/af24_nov1/101RECNX","RCNX4826.JPG","Bird",3,"Species|Bird"
"af24","Bird",2025-10-07 07:12:39,2025-10-07,"07:12:39",739479,12324.6,205.4,8.6,"E:/alexfraser_tagged/af24_nov1/101RECNX","RCNX4880.JPG","Bird",4,"Species|Bird"
"af24","Bird",2025-10-10 10:34:24,2025-10-10,"10:34:24",271298,4521.6,75.4,3.1,"E:/alexfraser_tagged/af24_nov1/101RECNX","RCNX4910.JPG","Bird",6,"Species|Bird"
"af24","Bird",2025-10-13 12:25:45,2025-10-13,"12:25:45",265872,4431.2,73.9,3.1,"E:/alexfraser_tagged/af24_nov1/101RECNX","RCNX4948.JPG","Bird",2,"Species|Bird"
"af24","Bird",2025-10-13 17:05:14,2025-10-14,"17:05:14",16741,279,4.7,0.2,"E:/alexfraser_tagged/af24_nov1/101RECNX","RCNX4952.JPG","Bird",2,"Species|Bird"
"af24","Bird",2025-10-22 08:02:44,2025-10-22,"08:02:44",745043,12417.4,207,8.6,"E:/alexfraser_tagged/af24_nov1/101RECNX","RCNX5003.JPG","Bird",4,"Species|Bird"
"af24","Bird",2025-10-22 12:24:10,2025-10-22,"12:24:10",15677,261.3,4.4,0.2,"E:/alexfraser_tagged/af24_nov1/101RECNX","RCNX5007.JPG","Bird",8,"Species|Bird"
"af24","Bird",2025-10-27 17:18:09,2025-10-28,"17:18:09",449618,7493.6,124.9,5.2,"E:/alexfraser_tagged/af24_nov1/101RECNX","RCNX5030.JPG","Bird",1,"Species|Bird"
"af24","Bird",2025-10-30 12:59:13,2025-10-30,"12:59:13",243664,4061.1,67.7,2.8,"E:/alexfraser_tagged/af24_nov1/101RECNX","RCNX5034.JPG","Bird",11,"Species|Bird"
"af24","Black bear",2025-08-08 07:16:08,2025-08-08,"07:16:08",0,0,0,0,"E:/alexfraser_tagged/af24_nov1/101RECNX","RCNX0021.JPG","Black bear",12,"Species|Black bear"
"af24","Black bear",2025-08-14 08:29:56,2025-08-14,"08:29:56",522807,8713.5,145.2,6,"E:/alexfraser_tagged/af24_nov1/101RECNX","RCNX0149.JPG","Black bear",37,"Species|Black bear"
"af24","Black bear",2025-08-19 05:52:57,2025-08-19,"05:52:57",422381,7039.7,117.3,4.9,"E:/alexfraser_tagged/af24_nov1/101RECNX","RCNX0231.JPG","Black bear",55,"Species|Black bear"
"af24","Black bear",2025-08-21 15:38:15,2025-08-21,"15:38:15",207778,3463,57.7,2.4,"E:/alexfraser_tagged/af24_nov1/101RECNX","RCNX0348.JPG","Black bear",35,"Species|Black bear"
"af24","Black bear",2025-08-23 07:02:45,2025-08-23,"07:02:45",141725,2362.1,39.4,1.6,"E:/alexfraser_tagged/af24_nov1/101RECNX","RCNX0488.JPG","Black bear",19,"Species|Black bear"
"af24","Black bear",2025-09-08 11:53:12,2025-09-08,"11:53:12",1399805,23330.1,388.8,16.2,"E:/alexfraser_tagged/af24_nov1/101RECNX","RCNX4584.JPG","Black bear",1,"Species|Black bear"
"af24","Black bear",2025-09-10 06:18:58,2025-09-10,"06:18:58",152746,2545.8,42.4,1.8,"E:/alexfraser_tagged/af24_nov1/101RECNX","RCNX4614.JPG","Nothing_&_Black bear",1,"Species|Nothing, Species|Black bear"
"af24","Black bear",2025-09-10 06:52:07,2025-09-10,"06:52:07",1989,33.1,0.6,0,"E:/alexfraser_tagged/af24_nov1/101RECNX","RCNX4615.JPG","Black bear",6,"Species|Black bear"
"af24","Black bear",2025-09-22 03:36:41,2025-09-22,"03:36:41",1025069,17084.5,284.7,11.9,"E:/alexfraser_tagged/af24_nov1/101RECNX","RCNX4719.JPG","Black bear",6,"Species|Black bear"
"af24","Black bear",2025-09-24 14:08:50,2025-09-24,"14:08:50",210724,3512.1,58.5,2.4,"E:/alexfraser_tagged/af24_nov1/101RECNX","RCNX4750.JPG","Black bear",3,"Species|Black bear"
"af24","Cattle",2025-08-24 10:15:20,2025-08-24,"10:15:20",0,0,0,0,"E:/alexfraser_tagged/af24_nov1/101RECNX","RCNX0581.JPG","Cattle",645,"Species|Cattle"
"af24","Cattle",2025-08-24 11:37:41,2025-08-24,"11:37:41",761,12.7,0.2,0,"E:/alexfraser_tagged/af24_nov1/101RECNX","RCNX1256.JPG","Cattle",362,"Species|Cattle"
"af24","Cattle",2025-08-24 13:08:21,2025-08-24,"13:08:21",2315,38.6,0.6,0,"E:/alexfraser_tagged/af24_nov1/101RECNX","RCNX1647.JPG","Cattle",13,"Species|Cattle"
"af24","Cattle",2025-08-24 15:13:37,2025-08-24,"15:13:37",7494,124.9,2.1,0.1,"E:/alexfraser_tagged/af24_nov1/101RECNX","RCNX1662.JPG","Cattle",2,"Species|Cattle"
"af24","Cattle",2025-08-24 15:22:06,2025-08-24,"15:22:06",322,5.4,0.1,0,"E:/alexfraser_tagged/af24_nov1/101RECNX","RCNX1664.JPG","Cattle",4,"Species|Cattle"
"af24","Cattle",2025-08-26 07:49:16,2025-08-26,"07:49:16",145627,2427.1,40.5,1.7,"E:/alexfraser_tagged/af24_nov1/101RECNX","RCNX1705.JPG","Cattle",271,"Species|Cattle"
"af24","Cattle",2025-08-26 08:10:26,2025-08-26,"08:10:26",613,10.2,0.2,0,"E:/alexfraser_tagged/af24_nov1/101RECNX","RCNX1990.JPG","Cattle",2,"Species|Cattle"
"af24","Cattle",2025-08-26 08:31:58,2025-08-26,"08:31:58",1291,21.5,0.4,0,"E:/alexfraser_tagged/af24_nov1/101RECNX","RCNX1992.JPG","Cattle",24,"Species|Cattle"
"af24","Cattle",2025-08-26 08:45:55,2025-08-26,"08:45:55",554,9.2,0.2,0,"E:/alexfraser_tagged/af24_nov1/101RECNX","RCNX2017.JPG","Cattle",15,"Species|Cattle"
"af24","Cattle",2025-08-26 08:59:49,2025-08-26,"08:59:49",450,7.5,0.1,0,"E:/alexfraser_tagged/af24_nov1/101RECNX","RCNX2033.JPG","Cattle",40,"Species|Cattle"
"af24","Cattle",2025-08-26 11:05:59,2025-08-26,"11:05:59",7290,121.5,2,0.1,"E:/alexfraser_tagged/af24_nov1/101RECNX","RCNX2074.JPG","Cattle",187,"Species|Cattle"
"af24","Cattle",2025-08-26 11:25:00,2025-08-26,"11:25:00",473,7.9,0.1,0,"E:/alexfraser_tagged/af24_nov1/101RECNX","RCNX2273.JPG","Cattle",1,"Species|Cattle"
"af24","Cattle",2025-08-26 11:30:47,2025-08-26,"11:30:47",347,5.8,0.1,0,"E:/alexfraser_tagged/af24_nov1/101RECNX","RCNX2274.JPG","Cattle",70,"Species|Cattle"
"af24","Cattle",2025-08-26 12:14:02,2025-08-26,"12:14:02",2235,37.2,0.6,0,"E:/alexfraser_tagged/af24_nov1/101RECNX","RCNX2349.JPG","Cattle",1,"Species|Cattle"
"af24","Cattle",2025-08-26 13:55:17,2025-08-26,"13:55:17",6075,101.2,1.7,0.1,"E:/alexfraser_tagged/af24_nov1/101RECNX","RCNX2350.JPG","Cattle",44,"Species|Cattle"
"af24","Cattle",2025-08-26 15:29:05,2025-08-26,"15:29:05",5419,90.3,1.5,0.1,"E:/alexfraser_tagged/af24_nov1/101RECNX","RCNX2395.JPG","Cattle",5,"Species|Cattle"
"af24","Cattle",2025-08-27 07:11:38,2025-08-27,"07:11:38",56549,942.5,15.7,0.7,"E:/alexfraser_tagged/af24_nov1/101RECNX","RCNX2409.JPG","Cattle",193,"Species|Cattle"
"af24","Cattle",2025-08-27 07:47:22,2025-08-27,"07:47:22",1602,26.7,0.4,0,"E:/alexfraser_tagged/af24_nov1/101RECNX","RCNX2622.JPG","Cattle",187,"Species|Cattle"
"af24","Cattle",2025-08-27 07:59:16,2025-08-27,"07:59:16",340,5.7,0.1,0,"E:/alexfraser_tagged/af24_nov1/101RECNX","RCNX2818.JPG","Cattle",321,"Species|Cattle"
"af24","Cattle",2025-08-27 08:55:42,2025-08-27,"08:55:42",1626,27.1,0.5,0,"E:/alexfraser_tagged/af24_nov1/101RECNX","RCNX3155.JPG","Cattle",384,"Species|Cattle"
"af24","Cattle",2025-08-27 09:38:31,2025-08-27,"09:38:31",311,5.2,0.1,0,"E:/alexfraser_tagged/af24_nov1/101RECNX","RCNX3565.JPG","Cattle",744,"Species|Cattle"
"af24","Cattle",2025-08-27 12:19:51,2025-08-27,"12:19:51",7664,127.7,2.1,0.1,"E:/alexfraser_tagged/af24_nov1/101RECNX","RCNX4383.JPG","Cattle",1,"Species|Cattle"
"af24","Cattle",2025-08-27 18:09:57,2025-08-28,"18:09:57",21006,350.1,5.8,0.2,"E:/alexfraser_tagged/af24_nov1/101RECNX","RCNX4384.JPG","Cattle",15,"Species|Cattle"
"af24","Cattle",2025-08-31 16:19:32,2025-08-31,"16:19:32",338823,5647,94.1,3.9,"E:/alexfraser_tagged/af24_nov1/101RECNX","RCNX4421.JPG","Cattle",5,"Species|Cattle"
"af24","Cattle",2025-08-31 17:04:09,2025-09-01,"17:04:09",2673,44.5,0.7,0,"E:/alexfraser_tagged/af24_nov1/101RECNX","RCNX4426.JPG","Cattle",43,"Species|Cattle"
"af24","Cattle",2025-09-28 17:14:40,2025-09-29,"17:14:40",2419513,40325.2,672.1,28,"E:/alexfraser_tagged/af24_nov1/101RECNX","RCNX4789.JPG","Cattle",4,"Species|Cattle"
"af24","Cattle",2025-09-28 17:20:54,2025-09-29,"17:20:54",370,6.2,0.1,0,"E:/alexfraser_tagged/af24_nov1/101RECNX","RCNX4793.JPG","Cattle",32,"Species|Cattle"
"af24","Douglas squirrel",2025-09-22 07:31:38,2025-09-22,"07:31:38",0,0,0,0,"E:/alexfraser_tagged/af24_nov1/101RECNX","RCNX4725.JPG","Douglas squirrel",1,"Species|Douglas squirrel"
"af24","Douglas squirrel",2025-10-16 08:50:35,2025-10-16,"08:50:35",2078337,34638.9,577.3,24.1,"E:/alexfraser_tagged/af24_nov1/101RECNX","RCNX4983.JPG","Douglas squirrel",1,"Species|Douglas squirrel"
"af24","Flying squirrel",2025-08-09 00:14:12,2025-08-09,"00:14:12",0,0,0,0,"E:/alexfraser_tagged/af24_nov1/101RECNX","RCNX0038.JPG","Flying squirrel",1,"Species|Flying squirrel"
"af24","Flying squirrel",2025-09-09 00:13:16,2025-09-09,"00:13:16",2678344,44639.1,744,31,"E:/alexfraser_tagged/af24_nov1/101RECNX","RCNX4590.JPG","Flying squirrel",1,"Species|Flying squirrel"
"af24","Flying squirrel",2025-09-12 00:31:50,2025-09-12,"00:31:50",260314,4338.6,72.3,3,"E:/alexfraser_tagged/af24_nov1/101RECNX","RCNX4635.JPG","Flying squirrel",1,"Species|Flying squirrel"
"af24","Flying squirrel",2025-09-18 02:49:00,2025-09-18,"02:49:00",526630,8777.2,146.3,6.1,"E:/alexfraser_tagged/af24_nov1/101RECNX","RCNX4673.JPG","Flying squirrel",1,"Species|Flying squirrel"
"af24","Flying squirrel",2025-10-12 21:04:01,2025-10-13,"21:04:01",2139301,35655,594.2,24.8,"E:/alexfraser_tagged/af24_nov1/101RECNX","RCNX4935.JPG","Flying squirrel",1,"Species|Flying squirrel"
"af24","Marten",2025-10-16 02:32:39,2025-10-16,"02:32:39",0,0,0,0,"E:/alexfraser_tagged/af24_nov1/101RECNX","RCNX4968.JPG","Marten",6,"Species|Marten"
"af24","Marten",2025-10-23 03:39:32,2025-10-23,"03:39:32",608808,10146.8,169.1,7,"E:/alexfraser_tagged/af24_nov1/101RECNX","RCNX5018.JPG","Marten",2,"Species|Marten"
"af24","Mule deer",2025-08-21 17:16:04,2025-08-22,"17:16:04",0,0,0,0,"E:/alexfraser_tagged/af24_nov1/101RECNX","RCNX0392.JPG","Mule deer",18,"Species|Mule deer"
"af24","Mule deer",2025-08-21 17:42:47,2025-08-22,"17:42:47",1524,25.4,0.4,0,"E:/alexfraser_tagged/af24_nov1/101RECNX","RCNX0412.JPG","Mule deer",2,"Species|Mule deer"
"af24","Mule deer",2025-08-21 17:56:06,2025-08-22,"17:56:06",605,10.1,0.2,0,"E:/alexfraser_tagged/af24_nov1/101RECNX","RCNX0414.JPG","Mule deer",2,"Species|Mule deer"
"af24","Mule deer",2025-09-01 08:40:21,2025-09-01,"08:40:21",917039,15284,254.7,10.6,"E:/alexfraser_tagged/af24_nov1/101RECNX","RCNX4471.JPG","Mule deer",10,"Species|Mule deer"
"af24","Nothing",2025-08-09 15:52:13,2025-08-09,"15:52:13",0,0,0,0,"E:/alexfraser_tagged/af24_nov1/101RECNX","RCNX0040.JPG","Nothing",1,"Species|Nothing"
"af24","Nothing",2025-08-10 10:53:48,2025-08-10,"10:53:48",68495,1141.6,19,0.8,"E:/alexfraser_tagged/af24_nov1/101RECNX","RCNX0069.JPG","Nothing",1,"Species|Nothing"
"af24","Nothing",2025-08-10 16:06:53,2025-08-10,"16:06:53",18785,313.1,5.2,0.2,"E:/alexfraser_tagged/af24_nov1/101RECNX","RCNX0070.JPG","Nothing",1,"Species|Nothing"
"af24","Nothing",2025-08-11 11:42:16,2025-08-11,"11:42:16",70523,1175.4,19.6,0.8,"E:/alexfraser_tagged/af24_nov1/101RECNX","RCNX0130.JPG","Nothing",1,"Species|Nothing"
"af24","Nothing",2025-08-11 16:21:57,2025-08-11,"16:21:57",16781,279.7,4.7,0.2,"E:/alexfraser_tagged/af24_nov1/101RECNX","RCNX0131.JPG","Nothing",1,"Species|Nothing"
"af24","Nothing",2025-08-14 13:04:06,2025-08-14,"13:04:06",247329,4122.1,68.7,2.9,"E:/alexfraser_tagged/af24_nov1/101RECNX","RCNX0192.JPG","Nothing",1,"Species|Nothing"
"af24","Nothing",2025-08-16 08:21:21,2025-08-16,"08:21:21",155835,2597.2,43.3,1.8,"E:/alexfraser_tagged/af24_nov1/101RECNX","RCNX0196.JPG","Nothing",1,"Species|Nothing"
"af24","Nothing",2025-08-16 08:29:23,2025-08-16,"08:29:23",482,8,0.1,0,"E:/alexfraser_tagged/af24_nov1/101RECNX","RCNX0197.JPG","Nothing",1,"Species|Nothing"
"af24","Nothing",2025-08-16 12:33:06,2025-08-16,"12:33:06",14623,243.7,4.1,0.2,"E:/alexfraser_tagged/af24_nov1/101RECNX","RCNX0198.JPG","Nothing",1,"Species|Nothing"
"af24","Nothing",2025-08-18 19:48:06,2025-08-19,"19:48:06",198900,3315,55.2,2.3,"E:/alexfraser_tagged/af24_nov1/101RECNX","RCNX0228.JPG","Nothing",1,"Species|Nothing"
"af24","Nothing",2025-08-20 17:21:32,2025-08-21,"17:21:32",164006,2733.4,45.6,1.9,"E:/alexfraser_tagged/af24_nov1/101RECNX","RCNX0313.JPG","Nothing",1,"Species|Nothing"
"af24","Nothing",2025-08-20 18:05:45,2025-08-21,"18:05:45",2653,44.2,0.7,0,"E:/alexfraser_tagged/af24_nov1/101RECNX","RCNX0314.JPG","Nothing",1,"Species|Nothing"
"af24","Nothing",2025-08-20 19:04:12,2025-08-21,"19:04:12",3507,58.5,1,0,"E:/alexfraser_tagged/af24_nov1/101RECNX","RCNX0315.JPG","Nothing",2,"Species|Nothing"
"af24","Nothing",2025-08-21 11:21:24,2025-08-21,"11:21:24",58630,977.2,16.3,0.7,"E:/alexfraser_tagged/af24_nov1/101RECNX","RCNX0338.JPG","Nothing",2,"Species|Nothing"
"af24","Nothing",2025-08-21 12:31:34,2025-08-21,"12:31:34",4207,70.1,1.2,0,"E:/alexfraser_tagged/af24_nov1/101RECNX","RCNX0346.JPG","Nothing",1,"Species|Nothing"
"af24","Nothing",2025-08-21 15:04:18,2025-08-21,"15:04:18",9164,152.7,2.5,0.1,"E:/alexfraser_tagged/af24_nov1/101RECNX","RCNX0347.JPG","Nothing",1,"Species|Nothing"
"af24","Nothing",2025-08-21 16:25:27,2025-08-21,"16:25:27",4869,81.2,1.4,0.1,"E:/alexfraser_tagged/af24_nov1/101RECNX","RCNX0385.JPG","Nothing",2,"Species|Nothing"
"af24","Nothing",2025-08-21 16:34:48,2025-08-21,"16:34:48",535,8.9,0.1,0,"E:/alexfraser_tagged/af24_nov1/101RECNX","RCNX0387.JPG","Nothing",1,"Species|Nothing"
"af24","Nothing",2025-08-22 07:29:44,2025-08-22,"07:29:44",53696,894.9,14.9,0.6,"E:/alexfraser_tagged/af24_nov1/101RECNX","RCNX0430.JPG","Nothing",1,"Species|Nothing"
"af24","Nothing",2025-08-22 11:31:02,2025-08-22,"11:31:02",14478,241.3,4,0.2,"E:/alexfraser_tagged/af24_nov1/101RECNX","RCNX0453.JPG","Nothing",1,"Species|Nothing"
"af24","Nothing",2025-08-22 13:31:54,2025-08-22,"13:31:54",7252,120.9,2,0.1,"E:/alexfraser_tagged/af24_nov1/101RECNX","RCNX0455.JPG","Nothing",2,"Species|Nothing"
"af24","Nothing",2025-08-22 15:55:28,2025-08-22,"15:55:28",8422,140.4,2.3,0.1,"E:/alexfraser_tagged/af24_nov1/101RECNX","RCNX0457.JPG","Nothing",1,"Species|Nothing"
"af24","Nothing",2025-08-22 16:44:34,2025-08-22,"16:44:34",2946,49.1,0.8,0,"E:/alexfraser_tagged/af24_nov1/101RECNX","RCNX0460.JPG","Nothing",1,"Species|Nothing"
"af24","Nothing",2025-08-22 17:14:43,2025-08-23,"17:14:43",1809,30.1,0.5,0,"E:/alexfraser_tagged/af24_nov1/101RECNX","RCNX0461.JPG","Nothing",1,"Species|Nothing"
"af24","Nothing",2025-08-22 20:11:15,2025-08-23,"20:11:15",10592,176.5,2.9,0.1,"E:/alexfraser_tagged/af24_nov1/101RECNX","RCNX0474.JPG","Nothing",1,"Species|Nothing"
"af24","Nothing",2025-08-22 20:19:52,2025-08-23,"20:19:52",517,8.6,0.1,0,"E:/alexfraser_tagged/af24_nov1/101RECNX","RCNX0475.JPG","Nothing",1,"Species|Nothing"
"af24","Nothing",2025-08-23 01:25:23,2025-08-23,"01:25:23",18331,305.5,5.1,0.2,"E:/alexfraser_tagged/af24_nov1/101RECNX","RCNX0478.JPG","Nothing",3,"Species|Nothing"
"af24","Nothing",2025-08-23 08:06:41,2025-08-23,"08:06:41",24067,401.1,6.7,0.3,"E:/alexfraser_tagged/af24_nov1/101RECNX","RCNX0508.JPG","Nothing",1,"Species|Nothing"
"af24","Nothing",2025-08-23 17:29:50,2025-08-24,"17:29:50",33789,563.1,9.4,0.4,"E:/alexfraser_tagged/af24_nov1/101RECNX","RCNX0545.JPG","Nothing",1,"Species|Nothing"
"af24","Nothing",2025-08-23 19:07:12,2025-08-24,"19:07:12",5842,97.4,1.6,0.1,"E:/alexfraser_tagged/af24_nov1/101RECNX","RCNX0546.JPG","Nothing",1,"Species|Nothing"
"af24","Nothing",2025-08-23 19:17:43,2025-08-24,"19:17:43",631,10.5,0.2,0,"E:/alexfraser_tagged/af24_nov1/101RECNX","RCNX0547.JPG","Nothing",1,"Species|Nothing"
"af24","Nothing",2025-08-24 09:07:05,2025-08-24,"09:07:05",49762,829.4,13.8,0.6,"E:/alexfraser_tagged/af24_nov1/101RECNX","RCNX0567.JPG","Nothing",1,"Species|Nothing"
"af24","Nothing",2025-08-24 17:10:49,2025-08-25,"17:10:49",29024,483.7,8.1,0.3,"E:/alexfraser_tagged/af24_nov1/101RECNX","RCNX1670.JPG","Nothing",1,"Species|Nothing"
"af24","Nothing",2025-08-24 20:10:52,2025-08-25,"20:10:52",10803,180.1,3,0.1,"E:/alexfraser_tagged/af24_nov1/101RECNX","RCNX1674.JPG","Nothing",1,"Species|Nothing"
"af24","Nothing",2025-08-25 09:15:37,2025-08-25,"09:15:37",47085,784.8,13.1,0.5,"E:/alexfraser_tagged/af24_nov1/101RECNX","RCNX1682.JPG","Nothing",1,"Species|Nothing"
"af24","Nothing",2025-08-25 09:24:57,2025-08-25,"09:24:57",560,9.3,0.2,0,"E:/alexfraser_tagged/af24_nov1/101RECNX","RCNX1683.JPG","Nothing",1,"Species|Nothing"
"af24","Nothing",2025-08-25 09:36:17,2025-08-25,"09:36:17",680,11.3,0.2,0,"E:/alexfraser_tagged/af24_nov1/101RECNX","RCNX1685.JPG","Nothing",2,"Species|Nothing"
"af24","Nothing",2025-08-25 11:19:41,2025-08-25,"11:19:41",6182,103,1.7,0.1,"E:/alexfraser_tagged/af24_nov1/101RECNX","RCNX1688.JPG","Nothing",1,"Species|Nothing"
"af24","Nothing",2025-08-25 11:37:11,2025-08-25,"11:37:11",1050,17.5,0.3,0,"E:/alexfraser_tagged/af24_nov1/101RECNX","RCNX1689.JPG","Nothing",1,"Species|Nothing"
"af24","Nothing",2025-08-25 19:48:43,2025-08-26,"19:48:43",29492,491.5,8.2,0.3,"E:/alexfraser_tagged/af24_nov1/101RECNX","RCNX1699.JPG","Nothing",1,"Species|Nothing"
"af24","Nothing",2025-08-26 06:29:42,2025-08-26,"06:29:42",38459,641,10.7,0.4,"E:/alexfraser_tagged/af24_nov1/101RECNX","RCNX1700.JPG","Nothing",1,"Species|Nothing"
"af24","Nothing",2025-08-26 06:56:49,2025-08-26,"06:56:49",1627,27.1,0.5,0,"E:/alexfraser_tagged/af24_nov1/101RECNX","RCNX1701.JPG","Nothing",3,"Species|Nothing"
"af24","Nothing",2025-08-26 20:26:05,2025-08-27,"20:26:05",48409,806.8,13.4,0.6,"E:/alexfraser_tagged/af24_nov1/101RECNX","RCNX2402.JPG","Nothing",1,"Species|Nothing"
"af24","Nothing",2025-08-29 19:51:47,2025-08-30,"19:51:47",257142,4285.7,71.4,3,"E:/alexfraser_tagged/af24_nov1/101RECNX","RCNX4416.JPG","Nothing",1,"Species|Nothing"
"af24","Nothing",2025-09-01 09:44:07,2025-09-01,"09:44:07",222740,3712.3,61.9,2.6,"E:/alexfraser_tagged/af24_nov1/101RECNX","RCNX4483.JPG","Nothing",1,"Species|Nothing"
"af24","Nothing",2025-09-01 10:03:39,2025-09-01,"10:03:39",1172,19.5,0.3,0,"E:/alexfraser_tagged/af24_nov1/101RECNX","RCNX4484.JPG","Nothing",1,"Species|Nothing"
"af24","Nothing",2025-09-02 08:13:04,2025-09-02,"08:13:04",79765,1329.4,22.2,0.9,"E:/alexfraser_tagged/af24_nov1/101RECNX","RCNX4490.JPG","Nothing",1,"Species|Nothing"
"af24","Nothing",2025-09-04 06:09:21,2025-09-04,"06:09:21",165377,2756.3,45.9,1.9,"E:/alexfraser_tagged/af24_nov1/101RECNX","RCNX4512.JPG","Nothing",1,"Species|Nothing"
"af24","Nothing",2025-09-04 09:56:24,2025-09-04,"09:56:24",13623,227.1,3.8,0.2,"E:/alexfraser_tagged/af24_nov1/101RECNX","RCNX4513.JPG","Nothing",2,"Species|Nothing"
"af24","Nothing",2025-09-05 07:59:47,2025-09-05,"07:59:47",79402,1323.4,22.1,0.9,"E:/alexfraser_tagged/af24_nov1/101RECNX","RCNX4527.JPG","Nothing",1,"Species|Nothing"
"af24","Nothing",2025-09-06 15:32:03,2025-09-06,"15:32:03",113536,1892.3,31.5,1.3,"E:/alexfraser_tagged/af24_nov1/101RECNX","RCNX4575.JPG","Nothing",1,"Species|Nothing"
"af24","Nothing",2025-09-09 08:05:49,2025-09-09,"08:05:49",232426,3873.8,64.6,2.7,"E:/alexfraser_tagged/af24_nov1/101RECNX","RCNX4603.JPG","Nothing",1,"Species|Nothing"
"af24","Nothing",2025-09-10 06:18:58,2025-09-10,"06:18:58",79989,1333.2,22.2,0.9,"E:/alexfraser_tagged/af24_nov1/101RECNX","RCNX4614.JPG","Nothing_&_Black bear",1,"Species|Nothing, Species|Black bear"
"af24","Nothing",2025-09-11 10:18:37,2025-09-11,"10:18:37",100779,1679.7,28,1.2,"E:/alexfraser_tagged/af24_nov1/101RECNX","RCNX4630.JPG","Nothing",1,"Species|Nothing"
"af24","Nothing",2025-09-12 06:13:59,2025-09-12,"06:13:59",71722,1195.4,19.9,0.8,"E:/alexfraser_tagged/af24_nov1/101RECNX","RCNX4637.JPG","Nothing",1,"Species|Nothing"
"af24","Nothing",2025-09-13 13:19:22,2025-09-13,"13:19:22",111923,1865.4,31.1,1.3,"E:/alexfraser_tagged/af24_nov1/101RECNX","RCNX4648.JPG","Nothing",1,"Species|Nothing"
"af24","Nothing",2025-09-16 06:57:50,2025-09-16,"06:57:50",236308,3938.5,65.6,2.7,"E:/alexfraser_tagged/af24_nov1/101RECNX","RCNX4667.JPG","Nothing",1,"Species|Nothing"
"af24","Nothing",2025-09-16 10:26:47,2025-09-16,"10:26:47",12537,208.9,3.5,0.1,"E:/alexfraser_tagged/af24_nov1/101RECNX","RCNX4670.JPG","Nothing",1,"Species|Nothing"
"af24","Nothing",2025-09-17 07:47:06,2025-09-17,"07:47:06",76819,1280.3,21.3,0.9,"E:/alexfraser_tagged/af24_nov1/101RECNX","RCNX4671.JPG","Nothing",1,"Species|Nothing"
"af24","Nothing",2025-09-18 02:47:38,2025-09-18,"02:47:38",68432,1140.5,19,0.8,"E:/alexfraser_tagged/af24_nov1/101RECNX","RCNX4672.JPG","Nothing",1,"Species|Nothing"
"af24","Nothing",2025-09-18 16:24:48,2025-09-18,"16:24:48",49030,817.2,13.6,0.6,"E:/alexfraser_tagged/af24_nov1/101RECNX","RCNX4686.JPG","Nothing",1,"Species|Nothing"
"af24","Nothing",2025-09-19 03:59:10,2025-09-19,"03:59:10",41662,694.4,11.6,0.5,"E:/alexfraser_tagged/af24_nov1/101RECNX","RCNX4691.JPG","Nothing",1,"Species|Nothing"
"af24","Nothing",2025-09-20 19:11:14,2025-09-21,"19:11:14",141124,2352.1,39.2,1.6,"E:/alexfraser_tagged/af24_nov1/101RECNX","RCNX4715.JPG","Nothing",1,"Species|Nothing"
"af24","Nothing",2025-09-22 16:54:27,2025-09-22,"16:54:27",164593,2743.2,45.7,1.9,"E:/alexfraser_tagged/af24_nov1/101RECNX","RCNX4727.JPG","Nothing",1,"Species|Nothing"
"af24","Nothing",2025-09-22 18:42:16,2025-09-23,"18:42:16",6469,107.8,1.8,0.1,"E:/alexfraser_tagged/af24_nov1/101RECNX","RCNX4728.JPG","Nothing",1,"Species|Nothing"
"af24","Nothing",2025-09-23 06:53:09,2025-09-23,"06:53:09",43853,730.9,12.2,0.5,"E:/alexfraser_tagged/af24_nov1/101RECNX","RCNX4745.JPG","Nothing",1,"Species|Nothing"
"af24","Nothing",2025-09-23 18:57:18,2025-09-24,"18:57:18",43449,724.1,12.1,0.5,"E:/alexfraser_tagged/af24_nov1/101RECNX","RCNX4747.JPG","Nothing",1,"Species|Nothing"
"af24","Nothing",2025-09-24 07:36:37,2025-09-24,"07:36:37",45559,759.3,12.7,0.5,"E:/alexfraser_tagged/af24_nov1/101RECNX","RCNX4749.JPG","Nothing",1,"Species|Nothing"
"af24","Nothing",2025-09-24 14:08:57,2025-09-24,"14:08:57",23540,392.3,6.5,0.3,"E:/alexfraser_tagged/af24_nov1/101RECNX","RCNX4754.JPG","Nothing",1,"Species|Nothing"
"af24","Nothing",2025-09-24 16:44:39,2025-09-24,"16:44:39",9342,155.7,2.6,0.1,"E:/alexfraser_tagged/af24_nov1/101RECNX","RCNX4755.JPG","Nothing",1,"Species|Nothing"
"af24","Nothing",2025-09-26 18:39:09,2025-09-27,"18:39:09",179670,2994.5,49.9,2.1,"E:/alexfraser_tagged/af24_nov1/101RECNX","RCNX4782.JPG","Nothing",1,"Species|Nothing"
"af24","Nothing",2025-09-26 18:45:25,2025-09-27,"18:45:25",376,6.3,0.1,0,"E:/alexfraser_tagged/af24_nov1/101RECNX","RCNX4783.JPG","Nothing",2,"Species|Nothing"
"af24","Nothing",2025-09-28 07:57:13,2025-09-28,"07:57:13",133905,2231.8,37.2,1.6,"E:/alexfraser_tagged/af24_nov1/101RECNX","RCNX4788.JPG","Nothing",1,"Species|Nothing"
"af24","Nothing",2025-10-03 07:21:36,2025-10-03,"07:21:36",429863,7164.4,119.4,5,"E:/alexfraser_tagged/af24_nov1/101RECNX","RCNX4842.JPG","Nothing",1,"Species|Nothing"
"af24","Nothing",2025-10-03 09:25:43,2025-10-03,"09:25:43",7447,124.1,2.1,0.1,"E:/alexfraser_tagged/af24_nov1/101RECNX","RCNX4851.JPG","Nothing",1,"Species|Nothing"
"af24","Nothing",2025-10-03 09:55:00,2025-10-03,"09:55:00",1757,29.3,0.5,0,"E:/alexfraser_tagged/af24_nov1/101RECNX","RCNX4852.JPG","Nothing",1,"Species|Nothing"
"af24","Nothing",2025-10-05 15:33:57,2025-10-05,"15:33:57",193137,3218.9,53.6,2.2,"E:/alexfraser_tagged/af24_nov1/101RECNX","RCNX4871.JPG","Nothing",1,"Species|Nothing"
"af24","Nothing",2025-10-13 12:15:32,2025-10-13,"12:15:32",679295,11321.6,188.7,7.9,"E:/alexfraser_tagged/af24_nov1/101RECNX","RCNX4947.JPG","Nothing",1,"Species|Nothing"
"af24","Nothing",2025-10-16 10:24:30,2025-10-16,"10:24:30",252538,4209,70.2,2.9,"E:/alexfraser_tagged/af24_nov1/101RECNX","RCNX4984.JPG","Nothing",1,"Species|Nothing"
"af24","Nothing",2025-10-16 16:43:46,2025-10-16,"16:43:46",22756,379.3,6.3,0.3,"E:/alexfraser_tagged/af24_nov1/101RECNX","RCNX4985.JPG","Nothing",1,"Species|Nothing"
"af24","Nothing",2025-10-21 03:02:51,2025-10-21,"03:02:51",382745,6379.1,106.3,4.4,"E:/alexfraser_tagged/af24_nov1/101RECNX","RCNX5001.JPG","Nothing",1,"Species|Nothing"
"af24","Nothing",2025-10-22 14:28:18,2025-10-22,"14:28:18",127527,2125.4,35.4,1.5,"E:/alexfraser_tagged/af24_nov1/101RECNX","RCNX5016.JPG","Nothing",2,"Species|Nothing"
"af24","Nothing",2025-10-23 17:55:09,2025-10-24,"17:55:09",98810,1646.8,27.4,1.1,"E:/alexfraser_tagged/af24_nov1/101RECNX","RCNX5021.JPG","Nothing",1,"Species|Nothing"
"af24","Nothing",2025-10-25 01:32:51,2025-10-25,"01:32:51",113862,1897.7,31.6,1.3,"E:/alexfraser_tagged/af24_nov1/101RECNX","RCNX5022.JPG","Nothing",1,"Species|Nothing"
"af24","Nothing",2025-10-25 07:40:13,2025-10-25,"07:40:13",22042,367.4,6.1,0.3,"E:/alexfraser_tagged/af24_nov1/101RECNX","RCNX5023.JPG","Nothing",1,"Species|Nothing"
"af24","Nothing",2025-10-30 15:02:10,2025-10-30,"15:02:10",458517,7642,127.4,5.3,"E:/alexfraser_tagged/af24_nov1/101RECNX","RCNX5045.JPG","Nothing",1,"Species|Nothing"
"af24","Nothing",2025-10-30 15:28:10,2025-10-30,"15:28:10",1560,26,0.4,0,"E:/alexfraser_tagged/af24_nov1/101RECNX","RCNX5046.JPG","Nothing",1,"Species|Nothing"
"af24","Nothing",2025-10-31 08:37:49,2025-10-31,"08:37:49",61779,1029.7,17.2,0.7,"E:/alexfraser_tagged/af24_nov1/101RECNX","RCNX5048.JPG","Nothing",1,"Species|Nothing"
"af24","People",2025-08-07 11:58:26,2025-08-07,"11:58:26",0,0,0,0,"E:/alexfraser_tagged/af24_nov1/100RECNX","RCNX0001.JPG","People",26,"Species|People"
"af24","People",2025-11-01 12:48:28,2025-11-01,"12:48:28",7433361,123889.4,2064.8,86,"E:/alexfraser_tagged/af24_nov1/101RECNX","RCNX5051.JPG","People",33,"Species|People"
"af24","People",2025-11-01 12:57:32,2025-11-01,"12:57:32",494,8.2,0.1,0,"E:/alexfraser_tagged/af24_nov1/101RECNX","RCNX5086.JPG","People",3,"Species|People"
"af24","People",2025-11-01 13:28:37,2025-11-01,"13:28:37",1835,30.6,0.5,0,"E:/alexfraser_tagged/af24_nov1/101RECNX","RCNX5089.JPG","People",7,"Species|People"
"af24","People",2025-11-01 14:00:02,2025-11-01,"14:00:02",1644,27.4,0.5,0,"E:/alexfraser_tagged/af24_nov1/101RECNX","RCNX5096.JPG","People",16,"Species|People"
"af24","People",2025-11-01 14:11:18,2025-11-01,"14:11:18",621,10.3,0.2,0,"E:/alexfraser_tagged/af24_nov1/101RECNX","RCNX5112.JPG","People",5,"Species|People"
"af24","People",2025-11-01 14:39:00,2025-11-01,"14:39:00",1656,27.6,0.5,0,"E:/alexfraser_tagged/af24_nov1/101RECNX","RCNX5117.JPG","People",6,"Species|People"
"af24","People",2025-11-01 14:44:43,2025-11-01,"14:44:43",313,5.2,0.1,0,"E:/alexfraser_tagged/af24_nov1/101RECNX","RCNX5123.JPG","People",11,"Species|People"
"af24","People",2025-11-01 15:08:01,2025-11-01,"15:08:01",1182,19.7,0.3,0,"E:/alexfraser_tagged/af24_nov1/101RECNX","RCNX5134.JPG","People",45,"Species|People"
"af24","People",2025-11-01 15:28:57,2025-11-01,"15:28:57",330,5.5,0.1,0,"E:/alexfraser_tagged/af24_nov1/101RECNX","RCNX5181.JPG","People",51,"Species|People"
"af24","People",2025-11-14 12:26:01,2025-11-14,"12:26:01",1115593,18593.2,309.9,12.9,"E:/alexfraser_tagged/af24_nov1/101RECNX","RCNX5234.JPG","People",2,"Species|People"
"af24","Red fox",2025-10-16 06:06:37,2025-10-16,"06:06:37",0,0,0,0,"E:/alexfraser_tagged/af24_nov1/101RECNX","RCNX4974.JPG","Red fox",8,"Species|Red fox"
"af24","Red fox",2025-10-20 06:48:15,2025-10-20,"06:48:15",348086,5801.4,96.7,4,"E:/alexfraser_tagged/af24_nov1/101RECNX","RCNX4995.JPG","Red fox",2,"Species|Red fox"
"af24","Red squirrel",2025-08-08 09:39:09,2025-08-08,"09:39:09",0,0,0,0,"E:/alexfraser_tagged/af24_nov1/101RECNX","RCNX0033.JPG","Red squirrel",2,"Species|Red squirrel"
"af24","Red squirrel",2025-08-08 10:40:35,2025-08-08,"10:40:35",3685,61.4,1,0,"E:/alexfraser_tagged/af24_nov1/101RECNX","RCNX0035.JPG","Red squirrel",3,"Species|Red squirrel"
"af24","Red squirrel",2025-08-09 05:44:11,2025-08-09,"05:44:11",68601,1143.3,19.1,0.8,"E:/alexfraser_tagged/af24_nov1/101RECNX","RCNX0039.JPG","Red squirrel",1,"Species|Red squirrel"
"af24","Red squirrel",2025-08-10 06:32:25,2025-08-10,"06:32:25",89294,1488.2,24.8,1,"E:/alexfraser_tagged/af24_nov1/101RECNX","RCNX0061.JPG","Red squirrel",1,"Species|Red squirrel"
"af24","Red squirrel",2025-08-10 08:45:03,2025-08-10,"08:45:03",7958,132.6,2.2,0.1,"E:/alexfraser_tagged/af24_nov1/101RECNX","RCNX0065.JPG","Red squirrel",1,"Species|Red squirrel"
"af24","Red squirrel",2025-08-10 09:10:00,2025-08-10,"09:10:00",1497,25,0.4,0,"E:/alexfraser_tagged/af24_nov1/101RECNX","RCNX0066.JPG","Red squirrel",2,"Species|Red squirrel"
"af24","Red squirrel",2025-08-11 06:55:06,2025-08-11,"06:55:06",78304,1305.1,21.8,0.9,"E:/alexfraser_tagged/af24_nov1/101RECNX","RCNX0128.JPG","Red squirrel",2,"Species|Red squirrel"
"af24","Red squirrel",2025-08-11 17:24:44,2025-08-12,"17:24:44",37777,629.6,10.5,0.4,"E:/alexfraser_tagged/af24_nov1/101RECNX","RCNX0132.JPG","Red squirrel",1,"Species|Red squirrel"
"af24","Red squirrel",2025-08-12 08:18:01,2025-08-12,"08:18:01",53597,893.3,14.9,0.6,"E:/alexfraser_tagged/af24_nov1/101RECNX","RCNX0139.JPG","Red squirrel",3,"Species|Red squirrel"
"af24","Red squirrel",2025-08-12 09:23:44,2025-08-12,"09:23:44",3935,65.6,1.1,0,"E:/alexfraser_tagged/af24_nov1/101RECNX","RCNX0142.JPG","Red squirrel",1,"Species|Red squirrel"
"af24","Red squirrel",2025-08-13 16:11:40,2025-08-13,"16:11:40",110876,1847.9,30.8,1.3,"E:/alexfraser_tagged/af24_nov1/101RECNX","RCNX0144.JPG","Red squirrel",1,"Species|Red squirrel"
"af24","Red squirrel",2025-08-14 05:07:54,2025-08-14,"05:07:54",46574,776.2,12.9,0.5,"E:/alexfraser_tagged/af24_nov1/101RECNX","RCNX0147.JPG","Red squirrel",2,"Species|Red squirrel"
"af24","Red squirrel",2025-08-14 11:06:31,2025-08-14,"11:06:31",21516,358.6,6,0.2,"E:/alexfraser_tagged/af24_nov1/101RECNX","RCNX0188.JPG","Red squirrel",3,"Species|Red squirrel"
"af24","Red squirrel",2025-08-14 11:20:32,2025-08-14,"11:20:32",839,14,0.2,0,"E:/alexfraser_tagged/af24_nov1/101RECNX","RCNX0191.JPG","Red squirrel",1,"Species|Red squirrel"
"af24","Red squirrel",2025-08-14 18:47:03,2025-08-15,"18:47:03",26791,446.5,7.4,0.3,"E:/alexfraser_tagged/af24_nov1/101RECNX","RCNX0193.JPG","Red squirrel",2,"Species|Red squirrel"
"af24","Red squirrel",2025-08-16 05:52:22,2025-08-16,"05:52:22",126310,2105.2,35.1,1.5,"E:/alexfraser_tagged/af24_nov1/101RECNX","RCNX0195.JPG","Red squirrel",1,"Species|Red squirrel"
"af24","Red squirrel",2025-08-16 19:28:15,2025-08-17,"19:28:15",48953,815.9,13.6,0.6,"E:/alexfraser_tagged/af24_nov1/101RECNX","RCNX0199.JPG","Red squirrel",1,"Species|Red squirrel"
"af24","Red squirrel",2025-08-16 20:06:46,2025-08-17,"20:06:46",2311,38.5,0.6,0,"E:/alexfraser_tagged/af24_nov1/101RECNX","RCNX0200.JPG","Red squirrel",1,"Species|Red squirrel"
"af24","Red squirrel",2025-08-16 20:22:22,2025-08-17,"20:22:22",936,15.6,0.3,0,"E:/alexfraser_tagged/af24_nov1/101RECNX","RCNX0201.JPG","Red squirrel",2,"Species|Red squirrel"
"af24","Red squirrel",2025-08-17 05:29:38,2025-08-17,"05:29:38",32831,547.2,9.1,0.4,"E:/alexfraser_tagged/af24_nov1/101RECNX","RCNX0203.JPG","Red squirrel",1,"Species|Red squirrel"
"af24","Red squirrel",2025-08-17 08:31:50,2025-08-17,"08:31:50",10932,182.2,3,0.1,"E:/alexfraser_tagged/af24_nov1/101RECNX","RCNX0204.JPG","Red squirrel",1,"Species|Red squirrel"
"af24","Red squirrel",2025-08-17 09:32:06,2025-08-17,"09:32:06",3616,60.3,1,0,"E:/alexfraser_tagged/af24_nov1/101RECNX","RCNX0205.JPG","Red squirrel",7,"Species|Red squirrel"
"af24","Red squirrel",2025-08-17 11:52:11,2025-08-17,"11:52:11",8313,138.6,2.3,0.1,"E:/alexfraser_tagged/af24_nov1/101RECNX","RCNX0212.JPG","Red squirrel",1,"Species|Red squirrel"
"af24","Red squirrel",2025-08-17 12:48:46,2025-08-17,"12:48:46",3395,56.6,0.9,0,"E:/alexfraser_tagged/af24_nov1/101RECNX","RCNX0213.JPG","Red squirrel",1,"Species|Red squirrel"
"af24","Red squirrel",2025-08-17 20:37:59,2025-08-18,"20:37:59",28153,469.2,7.8,0.3,"E:/alexfraser_tagged/af24_nov1/101RECNX","RCNX0214.JPG","Red squirrel",1,"Species|Red squirrel"
"af24","Red squirrel",2025-08-18 15:57:13,2025-08-18,"15:57:13",69554,1159.2,19.3,0.8,"E:/alexfraser_tagged/af24_nov1/101RECNX","RCNX0225.JPG","Red squirrel",3,"Species|Red squirrel"
"af24","Red squirrel",2025-08-18 20:31:24,2025-08-19,"20:31:24",16445,274.1,4.6,0.2,"E:/alexfraser_tagged/af24_nov1/101RECNX","RCNX0229.JPG","Red squirrel",2,"Species|Red squirrel"
"af24","Red squirrel",2025-08-19 07:11:52,2025-08-19,"07:11:52",38423,640.4,10.7,0.4,"E:/alexfraser_tagged/af24_nov1/101RECNX","RCNX0288.JPG","Red squirrel",2,"Species|Red squirrel"
"af24","Red squirrel",2025-08-19 08:36:53,2025-08-19,"08:36:53",5099,85,1.4,0.1,"E:/alexfraser_tagged/af24_nov1/101RECNX","RCNX0290.JPG","Red squirrel",1,"Species|Red squirrel"
"af24","Red squirrel",2025-08-19 10:11:47,2025-08-19,"10:11:47",5694,94.9,1.6,0.1,"E:/alexfraser_tagged/af24_nov1/101RECNX","RCNX0291.JPG","Red squirrel",4,"Species|Red squirrel"
"af24","Red squirrel",2025-08-20 07:54:28,2025-08-20,"07:54:28",78143,1302.4,21.7,0.9,"E:/alexfraser_tagged/af24_nov1/101RECNX","RCNX0298.JPG","Red squirrel",1,"Species|Red squirrel"
"af24","Red squirrel",2025-08-20 09:09:15,2025-08-20,"09:09:15",4487,74.8,1.2,0,"E:/alexfraser_tagged/af24_nov1/101RECNX","RCNX0299.JPG","Red squirrel",3,"Species|Red squirrel"
"af24","Red squirrel",2025-08-20 10:05:16,2025-08-20,"10:05:16",3349,55.8,0.9,0,"E:/alexfraser_tagged/af24_nov1/101RECNX","RCNX0302.JPG","Red squirrel",1,"Species|Red squirrel"
"af24","Red squirrel",2025-08-20 12:28:00,2025-08-20,"12:28:00",8564,142.7,2.4,0.1,"E:/alexfraser_tagged/af24_nov1/101RECNX","RCNX0303.JPG","Red squirrel",4,"Species|Red squirrel"
"af24","Red squirrel",2025-08-20 13:37:01,2025-08-20,"13:37:01",4040,67.3,1.1,0,"E:/alexfraser_tagged/af24_nov1/101RECNX","RCNX0307.JPG","Red squirrel",1,"Species|Red squirrel"
"af24","Red squirrel",2025-08-20 17:14:00,2025-08-21,"17:14:00",13019,217,3.6,0.1,"E:/alexfraser_tagged/af24_nov1/101RECNX","RCNX0308.JPG","Red squirrel",5,"Species|Red squirrel"
"af24","Red squirrel",2025-08-20 19:30:34,2025-08-21,"19:30:34",8050,134.2,2.2,0.1,"E:/alexfraser_tagged/af24_nov1/101RECNX","RCNX0317.JPG","Red squirrel",1,"Species|Red squirrel"
"af24","Red squirrel",2025-08-21 06:45:10,2025-08-21,"06:45:10",40476,674.6,11.2,0.5,"E:/alexfraser_tagged/af24_nov1/101RECNX","RCNX0318.JPG","Red squirrel",1,"Species|Red squirrel"
"af24","Red squirrel",2025-08-21 07:07:28,2025-08-21,"07:07:28",1338,22.3,0.4,0,"E:/alexfraser_tagged/af24_nov1/101RECNX","RCNX0319.JPG","Red squirrel",13,"Species|Red squirrel"
"af24","Red squirrel",2025-08-21 10:06:16,2025-08-21,"10:06:16",9943,165.7,2.8,0.1,"E:/alexfraser_tagged/af24_nov1/101RECNX","RCNX0332.JPG","Red squirrel",1,"Species|Red squirrel"
"af24","Red squirrel",2025-08-21 11:00:48,2025-08-21,"11:00:48",3272,54.5,0.9,0,"E:/alexfraser_tagged/af24_nov1/101RECNX","RCNX0333.JPG","Red squirrel",4,"Species|Red squirrel"
"af24","Red squirrel",2025-08-21 11:20:54,2025-08-21,"11:20:54",1191,19.9,0.3,0,"E:/alexfraser_tagged/af24_nov1/101RECNX","RCNX0337.JPG","Red squirrel",4,"Species|Red squirrel"
"af24","Red squirrel",2025-08-21 12:12:06,2025-08-21,"12:12:06",3035,50.6,0.8,0,"E:/alexfraser_tagged/af24_nov1/101RECNX","RCNX0343.JPG","Red squirrel",3,"Species|Red squirrel"
"af24","Red squirrel",2025-08-21 16:57:40,2025-08-21,"16:57:40",17019,283.6,4.7,0.2,"E:/alexfraser_tagged/af24_nov1/101RECNX","RCNX0388.JPG","Red squirrel",4,"Species|Red squirrel"
"af24","Red squirrel",2025-08-22 07:01:21,2025-08-22,"07:01:21",50555,842.6,14,0.6,"E:/alexfraser_tagged/af24_nov1/101RECNX","RCNX0424.JPG","Red squirrel",4,"Species|Red squirrel"
"af24","Red squirrel",2025-08-22 07:07:51,2025-08-22,"07:07:51",300,5,0.1,0,"E:/alexfraser_tagged/af24_nov1/101RECNX","RCNX0428.JPG","Red squirrel",2,"Species|Red squirrel"
"af24","Red squirrel",2025-08-22 07:44:50,2025-08-22,"07:44:50",2110,35.2,0.6,0,"E:/alexfraser_tagged/af24_nov1/101RECNX","RCNX0431.JPG","Red squirrel",3,"Species|Red squirrel"
"af24","Red squirrel",2025-08-22 08:40:58,2025-08-22,"08:40:58",3122,52,0.9,0,"E:/alexfraser_tagged/af24_nov1/101RECNX","RCNX0434.JPG","Red squirrel",2,"Species|Red squirrel"
"af24","Red squirrel",2025-08-22 09:02:12,2025-08-22,"09:02:12",1240,20.7,0.3,0,"E:/alexfraser_tagged/af24_nov1/101RECNX","RCNX0436.JPG","Red squirrel",2,"Species|Red squirrel"
"af24","Red squirrel",2025-08-22 09:26:37,2025-08-22,"09:26:37",1445,24.1,0.4,0,"E:/alexfraser_tagged/af24_nov1/101RECNX","RCNX0438.JPG","Red squirrel",3,"Species|Red squirrel"
"af24","Red squirrel",2025-08-22 10:04:33,2025-08-22,"10:04:33",2272,37.9,0.6,0,"E:/alexfraser_tagged/af24_nov1/101RECNX","RCNX0441.JPG","Red squirrel",7,"Species|Red squirrel"
"af24","Red squirrel",2025-08-22 11:07:41,2025-08-22,"11:07:41",3394,56.6,0.9,0,"E:/alexfraser_tagged/af24_nov1/101RECNX","RCNX0448.JPG","Red squirrel",5,"Species|Red squirrel"
"af24","Red squirrel",2025-08-22 12:28:13,2025-08-22,"12:28:13",4545,75.8,1.3,0.1,"E:/alexfraser_tagged/af24_nov1/101RECNX","RCNX0454.JPG","Red squirrel",1,"Species|Red squirrel"
"af24","Red squirrel",2025-08-22 16:03:22,2025-08-22,"16:03:22",12909,215.2,3.6,0.1,"E:/alexfraser_tagged/af24_nov1/101RECNX","RCNX0458.JPG","Red squirrel",2,"Species|Red squirrel"
"af24","Red squirrel",2025-08-22 17:20:56,2025-08-23,"17:20:56",4639,77.3,1.3,0.1,"E:/alexfraser_tagged/af24_nov1/101RECNX","RCNX0462.JPG","Red squirrel",3,"Species|Red squirrel"
"af24","Red squirrel",2025-08-22 18:26:14,2025-08-23,"18:26:14",3831,63.9,1.1,0,"E:/alexfraser_tagged/af24_nov1/101RECNX","RCNX0465.JPG","Red squirrel",4,"Species|Red squirrel"
"af24","Red squirrel",2025-08-22 19:53:17,2025-08-23,"19:53:17",4939,82.3,1.4,0.1,"E:/alexfraser_tagged/af24_nov1/101RECNX","RCNX0469.JPG","Red squirrel",5,"Species|Red squirrel"
"af24","Red squirrel",2025-08-23 06:20:04,2025-08-23,"06:20:04",37436,623.9,10.4,0.4,"E:/alexfraser_tagged/af24_nov1/101RECNX","RCNX0481.JPG","Red squirrel",5,"Species|Red squirrel"
"af24","Red squirrel",2025-08-23 06:44:03,2025-08-23,"06:44:03",1412,23.5,0.4,0,"E:/alexfraser_tagged/af24_nov1/101RECNX","RCNX0486.JPG","Red squirrel",2,"Species|Red squirrel"
"af24","Red squirrel",2025-08-23 08:52:52,2025-08-23,"08:52:52",7724,128.7,2.1,0.1,"E:/alexfraser_tagged/af24_nov1/101RECNX","RCNX0509.JPG","Red squirrel",2,"Species|Red squirrel"
"af24","Red squirrel",2025-08-23 09:09:33,2025-08-23,"09:09:33",976,16.3,0.3,0,"E:/alexfraser_tagged/af24_nov1/101RECNX","RCNX0511.JPG","Red squirrel",1,"Species|Red squirrel"
"af24","Red squirrel",2025-08-23 09:17:12,2025-08-23,"09:17:12",459,7.7,0.1,0,"E:/alexfraser_tagged/af24_nov1/101RECNX","RCNX0512.JPG","Red squirrel",3,"Species|Red squirrel"
"af24","Red squirrel",2025-08-23 10:19:42,2025-08-23,"10:19:42",3732,62.2,1,0,"E:/alexfraser_tagged/af24_nov1/101RECNX","RCNX0515.JPG","Red squirrel",3,"Species|Red squirrel"
"af24","Red squirrel",2025-08-23 10:26:00,2025-08-23,"10:26:00",305,5.1,0.1,0,"E:/alexfraser_tagged/af24_nov1/101RECNX","RCNX0518.JPG","Red squirrel",1,"Species|Red squirrel"
"af24","Red squirrel",2025-08-23 11:11:41,2025-08-23,"11:11:41",2741,45.7,0.8,0,"E:/alexfraser_tagged/af24_nov1/101RECNX","RCNX0519.JPG","Red squirrel",7,"Species|Red squirrel"
"af24","Red squirrel",2025-08-23 11:41:33,2025-08-23,"11:41:33",1597,26.6,0.4,0,"E:/alexfraser_tagged/af24_nov1/101RECNX","RCNX0526.JPG","Red squirrel",1,"Species|Red squirrel"
"af24","Red squirrel",2025-08-23 12:01:57,2025-08-23,"12:01:57",1224,20.4,0.3,0,"E:/alexfraser_tagged/af24_nov1/101RECNX","RCNX0527.JPG","Red squirrel",3,"Species|Red squirrel"
"af24","Red squirrel",2025-08-23 13:28:25,2025-08-23,"13:28:25",5074,84.6,1.4,0.1,"E:/alexfraser_tagged/af24_nov1/101RECNX","RCNX0530.JPG","Red squirrel",5,"Species|Red squirrel"
"af24","Red squirrel",2025-08-23 14:37:52,2025-08-23,"14:37:52",4132,68.9,1.1,0,"E:/alexfraser_tagged/af24_nov1/101RECNX","RCNX0535.JPG","Red squirrel",2,"Species|Red squirrel"
"af24","Red squirrel",2025-08-23 16:38:54,2025-08-23,"16:38:54",7099,118.3,2,0.1,"E:/alexfraser_tagged/af24_nov1/101RECNX","RCNX0537.JPG","Red squirrel",8,"Species|Red squirrel"
"af24","Red squirrel",2025-08-24 05:18:03,2025-08-24,"05:18:03",45217,753.6,12.6,0.5,"E:/alexfraser_tagged/af24_nov1/101RECNX","RCNX0562.JPG","Red squirrel",1,"Species|Red squirrel"
"af24","Red squirrel",2025-08-24 08:14:49,2025-08-24,"08:14:49",10606,176.8,2.9,0.1,"E:/alexfraser_tagged/af24_nov1/101RECNX","RCNX0563.JPG","Red squirrel",3,"Species|Red squirrel"
"af24","Red squirrel",2025-08-24 08:23:59,2025-08-24,"08:23:59",526,8.8,0.1,0,"E:/alexfraser_tagged/af24_nov1/101RECNX","RCNX0566.JPG","Red squirrel",1,"Species|Red squirrel"
"af24","Red squirrel",2025-08-24 09:52:42,2025-08-24,"09:52:42",5323,88.7,1.5,0.1,"E:/alexfraser_tagged/af24_nov1/101RECNX","RCNX0568.JPG","Red squirrel",3,"Species|Red squirrel"
"af24","Red squirrel",2025-08-24 10:01:25,2025-08-24,"10:01:25",453,7.6,0.1,0,"E:/alexfraser_tagged/af24_nov1/101RECNX","RCNX0571.JPG","Red squirrel",10,"Species|Red squirrel"
"af24","Red squirrel",2025-08-24 12:58:01,2025-08-24,"12:58:01",10438,174,2.9,0.1,"E:/alexfraser_tagged/af24_nov1/101RECNX","RCNX1641.JPG","Red squirrel",6,"Species|Red squirrel"
"af24","Red squirrel",2025-08-24 16:17:45,2025-08-24,"16:17:45",11583,193.1,3.2,0.1,"E:/alexfraser_tagged/af24_nov1/101RECNX","RCNX1668.JPG","Red squirrel",1,"Species|Red squirrel"
"af24","Red squirrel",2025-08-24 16:27:46,2025-08-24,"16:27:46",601,10,0.2,0,"E:/alexfraser_tagged/af24_nov1/101RECNX","RCNX1669.JPG","Red squirrel",1,"Species|Red squirrel"
"af24","Red squirrel",2025-08-24 17:44:17,2025-08-25,"17:44:17",4591,76.5,1.3,0.1,"E:/alexfraser_tagged/af24_nov1/101RECNX","RCNX1671.JPG","Red squirrel",1,"Species|Red squirrel"
"af24","Red squirrel",2025-08-24 18:34:32,2025-08-25,"18:34:32",3015,50.2,0.8,0,"E:/alexfraser_tagged/af24_nov1/101RECNX","RCNX1672.JPG","Red squirrel",2,"Species|Red squirrel"
"af24","Red squirrel",2025-08-25 08:17:10,2025-08-25,"08:17:10",49335,822.2,13.7,0.6,"E:/alexfraser_tagged/af24_nov1/101RECNX","RCNX1675.JPG","Red squirrel",1,"Species|Red squirrel"
"af24","Red squirrel",2025-08-25 08:42:39,2025-08-25,"08:42:39",1529,25.5,0.4,0,"E:/alexfraser_tagged/af24_nov1/101RECNX","RCNX1676.JPG","Red squirrel",2,"Species|Red squirrel"
"af24","Red squirrel",2025-08-25 08:52:03,2025-08-25,"08:52:03",563,9.4,0.2,0,"E:/alexfraser_tagged/af24_nov1/101RECNX","RCNX1678.JPG","Red squirrel",4,"Species|Red squirrel"
"af24","Red squirrel",2025-08-25 09:27:35,2025-08-25,"09:27:35",2126,35.4,0.6,0,"E:/alexfraser_tagged/af24_nov1/101RECNX","RCNX1684.JPG","Red squirrel",1,"Species|Red squirrel"
"af24","Red squirrel",2025-08-25 10:29:20,2025-08-25,"10:29:20",3705,61.8,1,0,"E:/alexfraser_tagged/af24_nov1/101RECNX","RCNX1687.JPG","Red squirrel",1,"Species|Red squirrel"
"af24","Red squirrel",2025-08-25 11:41:46,2025-08-25,"11:41:46",4346,72.4,1.2,0,"E:/alexfraser_tagged/af24_nov1/101RECNX","RCNX1690.JPG","Red squirrel",1,"Species|Red squirrel"
"af24","Red squirrel",2025-08-25 11:56:47,2025-08-25,"11:56:47",901,15,0.2,0,"E:/alexfraser_tagged/af24_nov1/101RECNX","RCNX1691.JPG","Red squirrel",4,"Species|Red squirrel"
"af24","Red squirrel",2025-08-25 13:26:54,2025-08-25,"13:26:54",5251,87.5,1.5,0.1,"E:/alexfraser_tagged/af24_nov1/101RECNX","RCNX1695.JPG","Red squirrel",1,"Species|Red squirrel"
"af24","Red squirrel",2025-08-25 19:38:02,2025-08-26,"19:38:02",22268,371.1,6.2,0.3,"E:/alexfraser_tagged/af24_nov1/101RECNX","RCNX1697.JPG","Red squirrel",2,"Species|Red squirrel"
"af24","Red squirrel",2025-08-26 06:58:49,2025-08-26,"06:58:49",40841,680.7,11.3,0.5,"E:/alexfraser_tagged/af24_nov1/101RECNX","RCNX1702.JPG","Red squirrel",1,"Species|Red squirrel"
"af24","Red squirrel",2025-08-26 19:44:13,2025-08-27,"19:44:13",45924,765.4,12.8,0.5,"E:/alexfraser_tagged/af24_nov1/101RECNX","RCNX2400.JPG","Red squirrel",2,"Species|Red squirrel"
"af24","Red squirrel",2025-08-27 06:57:08,2025-08-27,"06:57:08",40116,668.6,11.1,0.5,"E:/alexfraser_tagged/af24_nov1/101RECNX","RCNX2403.JPG","Red squirrel",6,"Species|Red squirrel"
"af24","Red squirrel",2025-08-28 09:38:23,2025-08-28,"09:38:23",95938,1599,26.6,1.1,"E:/alexfraser_tagged/af24_nov1/101RECNX","RCNX4404.JPG","Red squirrel",4,"Species|Red squirrel"
"af24","Red squirrel",2025-08-28 10:06:42,2025-08-28,"10:06:42",1544,25.7,0.4,0,"E:/alexfraser_tagged/af24_nov1/101RECNX","RCNX4408.JPG","Red squirrel",1,"Species|Red squirrel"
"af24","Red squirrel",2025-08-28 12:15:47,2025-08-28,"12:15:47",7745,129.1,2.2,0.1,"E:/alexfraser_tagged/af24_nov1/101RECNX","RCNX4409.JPG","Red squirrel",1,"Species|Red squirrel"
"af24","Red squirrel",2025-08-29 07:04:16,2025-08-29,"07:04:16",67709,1128.5,18.8,0.8,"E:/alexfraser_tagged/af24_nov1/101RECNX","RCNX4410.JPG","Red squirrel",1,"Species|Red squirrel"
"af24","Red squirrel",2025-08-29 08:11:17,2025-08-29,"08:11:17",4021,67,1.1,0,"E:/alexfraser_tagged/af24_nov1/101RECNX","RCNX4411.JPG","Red squirrel",1,"Species|Red squirrel"
"af24","Red squirrel",2025-08-29 08:57:26,2025-08-29,"08:57:26",2769,46.1,0.8,0,"E:/alexfraser_tagged/af24_nov1/101RECNX","RCNX4412.JPG","Red squirrel",2,"Species|Red squirrel"
"af24","Red squirrel",2025-08-29 09:24:24,2025-08-29,"09:24:24",1616,26.9,0.4,0,"E:/alexfraser_tagged/af24_nov1/101RECNX","RCNX4414.JPG","Red squirrel",1,"Species|Red squirrel"
"af24","Red squirrel",2025-08-29 12:04:55,2025-08-29,"12:04:55",9631,160.5,2.7,0.1,"E:/alexfraser_tagged/af24_nov1/101RECNX","RCNX4415.JPG","Red squirrel",1,"Species|Red squirrel"
"af24","Red squirrel",2025-08-31 05:51:35,2025-08-31,"05:51:35",150400,2506.7,41.8,1.7,"E:/alexfraser_tagged/af24_nov1/101RECNX","RCNX4417.JPG","Red squirrel",1,"Species|Red squirrel"
"af24","Red squirrel",2025-08-31 07:03:54,2025-08-31,"07:03:54",4339,72.3,1.2,0,"E:/alexfraser_tagged/af24_nov1/101RECNX","RCNX4418.JPG","Red squirrel",1,"Species|Red squirrel"
"af24","Red squirrel",2025-08-31 11:11:29,2025-08-31,"11:11:29",14855,247.6,4.1,0.2,"E:/alexfraser_tagged/af24_nov1/101RECNX","RCNX4419.JPG","Red squirrel",2,"Species|Red squirrel"
"af24","Red squirrel",2025-09-01 08:42:07,2025-09-01,"08:42:07",77434,1290.6,21.5,0.9,"E:/alexfraser_tagged/af24_nov1/101RECNX","RCNX4481.JPG","Red squirrel",1,"Species|Red squirrel"
"af24","Red squirrel",2025-09-01 09:36:17,2025-09-01,"09:36:17",3250,54.2,0.9,0,"E:/alexfraser_tagged/af24_nov1/101RECNX","RCNX4482.JPG","Red squirrel",1,"Species|Red squirrel"
"af24","Red squirrel",2025-09-01 20:18:02,2025-09-02,"20:18:02",38505,641.8,10.7,0.4,"E:/alexfraser_tagged/af24_nov1/101RECNX","RCNX4485.JPG","Red squirrel",2,"Species|Red squirrel"
"af24","Red squirrel",2025-09-02 05:28:37,2025-09-02,"05:28:37",33031,550.5,9.2,0.4,"E:/alexfraser_tagged/af24_nov1/101RECNX","RCNX4488.JPG","Red squirrel",2,"Species|Red squirrel"
"af24","Red squirrel",2025-09-02 10:11:50,2025-09-02,"10:11:50",16991,283.2,4.7,0.2,"E:/alexfraser_tagged/af24_nov1/101RECNX","RCNX4491.JPG","Red squirrel",2,"Species|Red squirrel"
"af24","Red squirrel",2025-09-02 11:49:43,2025-09-02,"11:49:43",5868,97.8,1.6,0.1,"E:/alexfraser_tagged/af24_nov1/101RECNX","RCNX4493.JPG","Red squirrel",1,"Species|Red squirrel"
"af24","Red squirrel",2025-09-02 14:09:38,2025-09-02,"14:09:38",8395,139.9,2.3,0.1,"E:/alexfraser_tagged/af24_nov1/101RECNX","RCNX4494.JPG","Red squirrel",2,"Species|Red squirrel"
"af24","Red squirrel",2025-09-03 07:50:18,2025-09-03,"07:50:18",63630,1060.5,17.7,0.7,"E:/alexfraser_tagged/af24_nov1/101RECNX","RCNX4505.JPG","Red squirrel",1,"Species|Red squirrel"
"af24","Red squirrel",2025-09-03 09:30:23,2025-09-03,"09:30:23",6005,100.1,1.7,0.1,"E:/alexfraser_tagged/af24_nov1/101RECNX","RCNX4506.JPG","Red squirrel",2,"Species|Red squirrel"
"af24","Red squirrel",2025-09-03 09:58:06,2025-09-03,"09:58:06",1660,27.7,0.5,0,"E:/alexfraser_tagged/af24_nov1/101RECNX","RCNX4508.JPG","Red squirrel",1,"Species|Red squirrel"
"af24","Red squirrel",2025-09-03 10:14:14,2025-09-03,"10:14:14",968,16.1,0.3,0,"E:/alexfraser_tagged/af24_nov1/101RECNX","RCNX4509.JPG","Red squirrel",2,"Species|Red squirrel"
"af24","Red squirrel",2025-09-04 04:42:22,2025-09-04,"04:42:22",66487,1108.1,18.5,0.8,"E:/alexfraser_tagged/af24_nov1/101RECNX","RCNX4511.JPG","Red squirrel",1,"Species|Red squirrel"
"af24","Red squirrel",2025-09-04 11:42:12,2025-09-04,"11:42:12",25190,419.8,7,0.3,"E:/alexfraser_tagged/af24_nov1/101RECNX","RCNX4515.JPG","Red squirrel",1,"Species|Red squirrel"
"af24","Red squirrel",2025-09-04 16:20:15,2025-09-04,"16:20:15",16683,278,4.6,0.2,"E:/alexfraser_tagged/af24_nov1/101RECNX","RCNX4516.JPG","Red squirrel",1,"Species|Red squirrel"
"af24","Red squirrel",2025-09-05 06:44:22,2025-09-05,"06:44:22",51847,864.1,14.4,0.6,"E:/alexfraser_tagged/af24_nov1/101RECNX","RCNX4523.JPG","Red squirrel",1,"Species|Red squirrel"
"af24","Red squirrel",2025-09-05 06:55:16,2025-09-05,"06:55:16",654,10.9,0.2,0,"E:/alexfraser_tagged/af24_nov1/101RECNX","RCNX4524.JPG","Red squirrel",3,"Species|Red squirrel"
"af24","Red squirrel",2025-09-05 19:19:40,2025-09-06,"19:19:40",44656,744.3,12.4,0.5,"E:/alexfraser_tagged/af24_nov1/101RECNX","RCNX4528.JPG","Red squirrel",2,"Species|Red squirrel"
"af24","Red squirrel",2025-09-07 08:49:01,2025-09-07,"08:49:01",134960,2249.3,37.5,1.6,"E:/alexfraser_tagged/af24_nov1/101RECNX","RCNX4579.JPG","Red squirrel",2,"Species|Red squirrel"
"af24","Red squirrel",2025-09-08 11:15:27,2025-09-08,"11:15:27",95182,1586.4,26.4,1.1,"E:/alexfraser_tagged/af24_nov1/101RECNX","RCNX4582.JPG","Red squirrel",2,"Species|Red squirrel"
"af24","Red squirrel",2025-09-08 17:05:46,2025-09-09,"17:05:46",21012,350.2,5.8,0.2,"E:/alexfraser_tagged/af24_nov1/101RECNX","RCNX4585.JPG","Red squirrel",3,"Species|Red squirrel"
"af24","Red squirrel",2025-09-09 06:07:20,2025-09-09,"06:07:20",46889,781.5,13,0.5,"E:/alexfraser_tagged/af24_nov1/101RECNX","RCNX4599.JPG","Red squirrel",1,"Species|Red squirrel"
"af24","Red squirrel",2025-09-09 09:54:53,2025-09-09,"09:54:53",13653,227.6,3.8,0.2,"E:/alexfraser_tagged/af24_nov1/101RECNX","RCNX4604.JPG","Red squirrel",3,"Species|Red squirrel"
"af24","Red squirrel",2025-09-09 11:46:57,2025-09-09,"11:46:57",6649,110.8,1.8,0.1,"E:/alexfraser_tagged/af24_nov1/101RECNX","RCNX4607.JPG","Red squirrel",1,"Species|Red squirrel"
"af24","Red squirrel",2025-09-09 13:49:33,2025-09-09,"13:49:33",7356,122.6,2,0.1,"E:/alexfraser_tagged/af24_nov1/101RECNX","RCNX4608.JPG","Red squirrel",2,"Species|Red squirrel"
"af24","Red squirrel",2025-09-09 18:00:28,2025-09-10,"18:00:28",15053,250.9,4.2,0.2,"E:/alexfraser_tagged/af24_nov1/101RECNX","RCNX4610.JPG","Red squirrel",4,"Species|Red squirrel"
"af24","Red squirrel",2025-09-11 06:54:05,2025-09-11,"06:54:05",132801,2213.3,36.9,1.5,"E:/alexfraser_tagged/af24_nov1/101RECNX","RCNX4628.JPG","Red squirrel",2,"Species|Red squirrel"
"af24","Red squirrel",2025-09-11 16:43:46,2025-09-11,"16:43:46",35374,589.6,9.8,0.4,"E:/alexfraser_tagged/af24_nov1/101RECNX","RCNX4631.JPG","Red squirrel",2,"Species|Red squirrel"
"af24","Red squirrel",2025-09-12 09:36:47,2025-09-12,"09:36:47",60779,1013,16.9,0.7,"E:/alexfraser_tagged/af24_nov1/101RECNX","RCNX4638.JPG","Red squirrel",2,"Species|Red squirrel"
"af24","Red squirrel",2025-09-12 18:22:58,2025-09-13,"18:22:58",31428,523.8,8.7,0.4,"E:/alexfraser_tagged/af24_nov1/101RECNX","RCNX4644.JPG","Red squirrel",1,"Species|Red squirrel"
"af24","Red squirrel",2025-09-13 07:38:13,2025-09-13,"07:38:13",47715,795.2,13.3,0.6,"E:/alexfraser_tagged/af24_nov1/101RECNX","RCNX4645.JPG","Red squirrel",2,"Species|Red squirrel"
"af24","Red squirrel",2025-09-13 09:53:40,2025-09-13,"09:53:40",8126,135.4,2.3,0.1,"E:/alexfraser_tagged/af24_nov1/101RECNX","RCNX4647.JPG","Red squirrel",1,"Species|Red squirrel"
"af24","Red squirrel",2025-09-14 07:07:53,2025-09-14,"07:07:53",76453,1274.2,21.2,0.9,"E:/alexfraser_tagged/af24_nov1/101RECNX","RCNX4649.JPG","Red squirrel",2,"Species|Red squirrel"
"af24","Red squirrel",2025-09-14 08:03:11,2025-09-14,"08:03:11",3316,55.3,0.9,0,"E:/alexfraser_tagged/af24_nov1/101RECNX","RCNX4651.JPG","Red squirrel",1,"Species|Red squirrel"
"af24","Red squirrel",2025-09-15 06:09:44,2025-09-15,"06:09:44",79593,1326.6,22.1,0.9,"E:/alexfraser_tagged/af24_nov1/101RECNX","RCNX4657.JPG","Red squirrel",1,"Species|Red squirrel"
"af24","Red squirrel",2025-09-15 09:27:06,2025-09-15,"09:27:06",11842,197.4,3.3,0.1,"E:/alexfraser_tagged/af24_nov1/101RECNX","RCNX4662.JPG","Red squirrel",3,"Species|Red squirrel"
"af24","Red squirrel",2025-09-16 06:29:23,2025-09-16,"06:29:23",75723,1262,21,0.9,"E:/alexfraser_tagged/af24_nov1/101RECNX","RCNX4665.JPG","Red squirrel",2,"Species|Red squirrel"
"af24","Red squirrel",2025-09-16 07:10:13,2025-09-16,"07:10:13",2448,40.8,0.7,0,"E:/alexfraser_tagged/af24_nov1/101RECNX","RCNX4668.JPG","Red squirrel",2,"Species|Red squirrel"
"af24","Red squirrel",2025-09-18 06:51:28,2025-09-18,"06:51:28",171670,2861.2,47.7,2,"E:/alexfraser_tagged/af24_nov1/101RECNX","RCNX4677.JPG","Red squirrel",2,"Species|Red squirrel"
"af24","Red squirrel",2025-09-18 07:24:50,2025-09-18,"07:24:50",2001,33.4,0.6,0,"E:/alexfraser_tagged/af24_nov1/101RECNX","RCNX4679.JPG","Red squirrel",2,"Species|Red squirrel"
"af24","Red squirrel",2025-09-18 08:01:32,2025-09-18,"08:01:32",2180,36.3,0.6,0,"E:/alexfraser_tagged/af24_nov1/101RECNX","RCNX4681.JPG","Red squirrel",1,"Species|Red squirrel"
"af24","Red squirrel",2025-09-18 13:59:01,2025-09-18,"13:59:01",21449,357.5,6,0.2,"E:/alexfraser_tagged/af24_nov1/101RECNX","RCNX4682.JPG","Red squirrel",1,"Species|Red squirrel"
"af24","Red squirrel",2025-09-18 16:14:29,2025-09-18,"16:14:29",8128,135.5,2.3,0.1,"E:/alexfraser_tagged/af24_nov1/101RECNX","RCNX4683.JPG","Red squirrel",3,"Species|Red squirrel"
"af24","Red squirrel",2025-09-19 06:20:34,2025-09-19,"06:20:34",50762,846,14.1,0.6,"E:/alexfraser_tagged/af24_nov1/101RECNX","RCNX4692.JPG","Red squirrel",1,"Species|Red squirrel"
"af24","Red squirrel",2025-09-19 06:41:11,2025-09-19,"06:41:11",1237,20.6,0.3,0,"E:/alexfraser_tagged/af24_nov1/101RECNX","RCNX4693.JPG","Red squirrel",2,"Species|Red squirrel"
"af24","Red squirrel",2025-09-19 07:28:16,2025-09-19,"07:28:16",2824,47.1,0.8,0,"E:/alexfraser_tagged/af24_nov1/101RECNX","RCNX4695.JPG","Red squirrel",1,"Species|Red squirrel"
"af24","Red squirrel",2025-09-19 08:42:59,2025-09-19,"08:42:59",4483,74.7,1.2,0,"E:/alexfraser_tagged/af24_nov1/101RECNX","RCNX4696.JPG","Red squirrel",5,"Species|Red squirrel"
"af24","Red squirrel",2025-09-19 16:13:26,2025-09-19,"16:13:26",26987,449.8,7.5,0.3,"E:/alexfraser_tagged/af24_nov1/101RECNX","RCNX4701.JPG","Red squirrel",2,"Species|Red squirrel"
"af24","Red squirrel",2025-09-20 06:26:44,2025-09-20,"06:26:44",51183,853,14.2,0.6,"E:/alexfraser_tagged/af24_nov1/101RECNX","RCNX4711.JPG","Red squirrel",2,"Species|Red squirrel"
"af24","Red squirrel",2025-09-20 16:58:04,2025-09-20,"16:58:04",37879,631.3,10.5,0.4,"E:/alexfraser_tagged/af24_nov1/101RECNX","RCNX4713.JPG","Red squirrel",2,"Species|Red squirrel"
"af24","Red squirrel",2025-09-21 08:49:21,2025-09-21,"08:49:21",57071,951.2,15.9,0.7,"E:/alexfraser_tagged/af24_nov1/101RECNX","RCNX4716.JPG","Red squirrel",1,"Species|Red squirrel"
"af24","Red squirrel",2025-09-21 17:44:25,2025-09-22,"17:44:25",32104,535.1,8.9,0.4,"E:/alexfraser_tagged/af24_nov1/101RECNX","RCNX4717.JPG","Red squirrel",2,"Species|Red squirrel"
"af24","Red squirrel",2025-09-22 16:18:27,2025-09-22,"16:18:27",81237,1354,22.6,0.9,"E:/alexfraser_tagged/af24_nov1/101RECNX","RCNX4726.JPG","Red squirrel",1,"Species|Red squirrel"
"af24","Red squirrel",2025-09-23 06:58:33,2025-09-23,"06:58:33",52806,880.1,14.7,0.6,"E:/alexfraser_tagged/af24_nov1/101RECNX","RCNX4746.JPG","Red squirrel",1,"Species|Red squirrel"
"af24","Red squirrel",2025-09-24 06:43:53,2025-09-24,"06:43:53",85520,1425.3,23.8,1,"E:/alexfraser_tagged/af24_nov1/101RECNX","RCNX4748.JPG","Red squirrel",1,"Species|Red squirrel"
"af24","Red squirrel",2025-09-25 07:12:44,2025-09-25,"07:12:44",88131,1468.8,24.5,1,"E:/alexfraser_tagged/af24_nov1/101RECNX","RCNX4776.JPG","Red squirrel",1,"Species|Red squirrel"
"af24","Red squirrel",2025-09-25 10:20:41,2025-09-25,"10:20:41",11277,187.9,3.1,0.1,"E:/alexfraser_tagged/af24_nov1/101RECNX","RCNX4777.JPG","Red squirrel",1,"Species|Red squirrel"
"af24","Red squirrel",2025-09-25 12:55:55,2025-09-25,"12:55:55",9314,155.2,2.6,0.1,"E:/alexfraser_tagged/af24_nov1/101RECNX","RCNX4778.JPG","Red squirrel",1,"Species|Red squirrel"
"af24","Red squirrel",2025-09-25 13:52:11,2025-09-25,"13:52:11",3376,56.3,0.9,0,"E:/alexfraser_tagged/af24_nov1/101RECNX","RCNX4779.JPG","Red squirrel",1,"Species|Red squirrel"
"af24","Red squirrel",2025-09-25 16:18:17,2025-09-25,"16:18:17",8766,146.1,2.4,0.1,"E:/alexfraser_tagged/af24_nov1/101RECNX","RCNX4780.JPG","Red squirrel",1,"Species|Red squirrel"
"af24","Red squirrel",2025-09-26 17:57:44,2025-09-27,"17:57:44",92367,1539.4,25.7,1.1,"E:/alexfraser_tagged/af24_nov1/101RECNX","RCNX4781.JPG","Red squirrel",1,"Species|Red squirrel"
"af24","Red squirrel",2025-09-28 06:39:56,2025-09-28,"06:39:56",132132,2202.2,36.7,1.5,"E:/alexfraser_tagged/af24_nov1/101RECNX","RCNX4785.JPG","Red squirrel",1,"Species|Red squirrel"
"af24","Red squirrel",2025-09-28 07:01:01,2025-09-28,"07:01:01",1265,21.1,0.4,0,"E:/alexfraser_tagged/af24_nov1/101RECNX","RCNX4786.JPG","Red squirrel",1,"Species|Red squirrel"
"af24","Red squirrel",2025-09-28 07:17:16,2025-09-28,"07:17:16",975,16.2,0.3,0,"E:/alexfraser_tagged/af24_nov1/101RECNX","RCNX4787.JPG","Red squirrel",1,"Species|Red squirrel"
"af24","Red squirrel",2025-09-29 10:03:27,2025-09-29,"10:03:27",96371,1606.2,26.8,1.1,"E:/alexfraser_tagged/af24_nov1/101RECNX","RCNX4829.JPG","Red squirrel",1,"Species|Red squirrel"
"af24","Red squirrel",2025-09-29 10:12:55,2025-09-29,"10:12:55",568,9.5,0.2,0,"E:/alexfraser_tagged/af24_nov1/101RECNX","RCNX4830.JPG","Red squirrel",2,"Species|Red squirrel"
"af24","Red squirrel",2025-09-30 06:48:28,2025-09-30,"06:48:28",74132,1235.5,20.6,0.9,"E:/alexfraser_tagged/af24_nov1/101RECNX","RCNX4833.JPG","Red squirrel",2,"Species|Red squirrel"
"af24","Red squirrel",2025-09-30 10:22:18,2025-09-30,"10:22:18",12540,209,3.5,0.1,"E:/alexfraser_tagged/af24_nov1/101RECNX","RCNX4835.JPG","Red squirrel",1,"Species|Red squirrel"
"af24","Red squirrel",2025-10-01 07:21:37,2025-10-01,"07:21:37",75559,1259.3,21,0.9,"E:/alexfraser_tagged/af24_nov1/101RECNX","RCNX4836.JPG","Red squirrel",1,"Species|Red squirrel"
"af24","Red squirrel",2025-10-02 12:13:17,2025-10-02,"12:13:17",103900,1731.7,28.9,1.2,"E:/alexfraser_tagged/af24_nov1/101RECNX","RCNX4838.JPG","Red squirrel",1,"Species|Red squirrel"
"af24","Red squirrel",2025-10-03 06:43:58,2025-10-03,"06:43:58",66641,1110.7,18.5,0.8,"E:/alexfraser_tagged/af24_nov1/101RECNX","RCNX4839.JPG","Red squirrel",1,"Species|Red squirrel"
"af24","Red squirrel",2025-10-03 06:52:11,2025-10-03,"06:52:11",493,8.2,0.1,0,"E:/alexfraser_tagged/af24_nov1/101RECNX","RCNX4840.JPG","Red squirrel",1,"Species|Red squirrel"
"af24","Red squirrel",2025-10-03 07:01:19,2025-10-03,"07:01:19",548,9.1,0.2,0,"E:/alexfraser_tagged/af24_nov1/101RECNX","RCNX4841.JPG","Red squirrel",1,"Species|Red squirrel"
"af24","Red squirrel",2025-10-03 07:21:40,2025-10-03,"07:21:40",1221,20.4,0.3,0,"E:/alexfraser_tagged/af24_nov1/101RECNX","RCNX4843.JPG","Red squirrel",4,"Species|Red squirrel"
"af24","Red squirrel",2025-10-03 07:41:20,2025-10-03,"07:41:20",1154,19.2,0.3,0,"E:/alexfraser_tagged/af24_nov1/101RECNX","RCNX4847.JPG","Red squirrel",1,"Species|Red squirrel"
"af24","Red squirrel",2025-10-03 08:32:32,2025-10-03,"08:32:32",3072,51.2,0.9,0,"E:/alexfraser_tagged/af24_nov1/101RECNX","RCNX4848.JPG","Red squirrel",3,"Species|Red squirrel"
"af24","Red squirrel",2025-10-03 10:18:38,2025-10-03,"10:18:38",6303,105,1.8,0.1,"E:/alexfraser_tagged/af24_nov1/101RECNX","RCNX4853.JPG","Red squirrel",1,"Species|Red squirrel"
"af24","Red squirrel",2025-10-03 13:56:07,2025-10-03,"13:56:07",13049,217.5,3.6,0.1,"E:/alexfraser_tagged/af24_nov1/101RECNX","RCNX4854.JPG","Red squirrel",2,"Species|Red squirrel"
"af24","Red squirrel",2025-10-03 16:46:49,2025-10-03,"16:46:49",10240,170.7,2.8,0.1,"E:/alexfraser_tagged/af24_nov1/101RECNX","RCNX4856.JPG","Red squirrel",2,"Species|Red squirrel"
"af24","Red squirrel",2025-10-04 11:29:41,2025-10-04,"11:29:41",67368,1122.8,18.7,0.8,"E:/alexfraser_tagged/af24_nov1/101RECNX","RCNX4866.JPG","Red squirrel",1,"Species|Red squirrel"
"af24","Red squirrel",2025-10-04 20:23:50,2025-10-05,"20:23:50",32049,534.1,8.9,0.4,"E:/alexfraser_tagged/af24_nov1/101RECNX","RCNX4867.JPG","Red squirrel",2,"Species|Red squirrel"
"af24","Red squirrel",2025-10-06 14:58:23,2025-10-06,"14:58:23",153272,2554.5,42.6,1.8,"E:/alexfraser_tagged/af24_nov1/101RECNX","RCNX4872.JPG","Red squirrel",5,"Species|Red squirrel"
"af24","Red squirrel",2025-10-07 07:09:52,2025-10-07,"07:09:52",58284,971.4,16.2,0.7,"E:/alexfraser_tagged/af24_nov1/101RECNX","RCNX4877.JPG","Red squirrel",3,"Species|Red squirrel"
"af24","Red squirrel",2025-10-08 08:14:31,2025-10-08,"08:14:31",90277,1504.6,25.1,1,"E:/alexfraser_tagged/af24_nov1/101RECNX","RCNX4884.JPG","Red squirrel",3,"Species|Red squirrel"
"af24","Red squirrel",2025-10-08 17:07:31,2025-10-09,"17:07:31",31978,533,8.9,0.4,"E:/alexfraser_tagged/af24_nov1/101RECNX","RCNX4887.JPG","Red squirrel",1,"Species|Red squirrel"
"af24","Red squirrel",2025-10-08 19:53:09,2025-10-09,"19:53:09",9938,165.6,2.8,0.1,"E:/alexfraser_tagged/af24_nov1/101RECNX","RCNX4888.JPG","Red squirrel",1,"Species|Red squirrel"
"af24","Red squirrel",2025-10-09 06:56:13,2025-10-09,"06:56:13",39784,663.1,11.1,0.5,"E:/alexfraser_tagged/af24_nov1/101RECNX","RCNX4894.JPG","Red squirrel",2,"Species|Red squirrel"
"af24","Red squirrel",2025-10-09 07:50:56,2025-10-09,"07:50:56",3282,54.7,0.9,0,"E:/alexfraser_tagged/af24_nov1/101RECNX","RCNX4896.JPG","Red squirrel",1,"Species|Red squirrel"
"af24","Red squirrel",2025-10-09 08:44:07,2025-10-09,"08:44:07",3191,53.2,0.9,0,"E:/alexfraser_tagged/af24_nov1/101RECNX","RCNX4897.JPG","Red squirrel",3,"Species|Red squirrel"
"af24","Red squirrel",2025-10-09 11:16:17,2025-10-09,"11:16:17",9015,150.2,2.5,0.1,"E:/alexfraser_tagged/af24_nov1/101RECNX","RCNX4900.JPG","Red squirrel",2,"Species|Red squirrel"
"af24","Red squirrel",2025-10-10 12:16:43,2025-10-10,"12:16:43",90025,1500.4,25,1,"E:/alexfraser_tagged/af24_nov1/101RECNX","RCNX4916.JPG","Red squirrel",3,"Species|Red squirrel"
"af24","Red squirrel",2025-10-10 14:33:58,2025-10-10,"14:33:58",8223,137.1,2.3,0.1,"E:/alexfraser_tagged/af24_nov1/101RECNX","RCNX4919.JPG","Red squirrel",3,"Species|Red squirrel"
"af24","Red squirrel",2025-10-10 18:34:03,2025-10-11,"18:34:03",14400,240,4,0.2,"E:/alexfraser_tagged/af24_nov1/101RECNX","RCNX4922.JPG","Red squirrel",1,"Species|Red squirrel"
"af24","Red squirrel",2025-10-12 07:12:37,2025-10-12,"07:12:37",131914,2198.6,36.6,1.5,"E:/alexfraser_tagged/af24_nov1/101RECNX","RCNX4924.JPG","Red squirrel",2,"Species|Red squirrel"
"af24","Red squirrel",2025-10-12 08:46:59,2025-10-12,"08:46:59",5659,94.3,1.6,0.1,"E:/alexfraser_tagged/af24_nov1/101RECNX","RCNX4927.JPG","Red squirrel",4,"Species|Red squirrel"
"af24","Red squirrel",2025-10-12 10:30:36,2025-10-12,"10:30:36",6209,103.5,1.7,0.1,"E:/alexfraser_tagged/af24_nov1/101RECNX","RCNX4931.JPG","Red squirrel",3,"Species|Red squirrel"
"af24","Red squirrel",2025-10-12 12:20:09,2025-10-12,"12:20:09",6569,109.5,1.8,0.1,"E:/alexfraser_tagged/af24_nov1/101RECNX","RCNX4934.JPG","Red squirrel",1,"Species|Red squirrel"
"af24","Red squirrel",2025-10-13 08:02:06,2025-10-13,"08:02:06",70917,1182,19.7,0.8,"E:/alexfraser_tagged/af24_nov1/101RECNX","RCNX4943.JPG","Red squirrel",3,"Species|Red squirrel"
"af24","Red squirrel",2025-10-13 12:03:06,2025-10-13,"12:03:06",14454,240.9,4,0.2,"E:/alexfraser_tagged/af24_nov1/101RECNX","RCNX4946.JPG","Red squirrel",1,"Species|Red squirrel"
"af24","Red squirrel",2025-10-13 15:10:48,2025-10-13,"15:10:48",11262,187.7,3.1,0.1,"E:/alexfraser_tagged/af24_nov1/101RECNX","RCNX4950.JPG","Red squirrel",2,"Species|Red squirrel"
"af24","Red squirrel",2025-10-14 09:25:46,2025-10-14,"09:25:46",65697,1095,18.2,0.8,"E:/alexfraser_tagged/af24_nov1/101RECNX","RCNX4954.JPG","Red squirrel",1,"Species|Red squirrel"
"af24","Red squirrel",2025-10-14 09:40:39,2025-10-14,"09:40:39",893,14.9,0.2,0,"E:/alexfraser_tagged/af24_nov1/101RECNX","RCNX4955.JPG","Red squirrel",2,"Species|Red squirrel"
"af24","Red squirrel",2025-10-14 14:45:19,2025-10-14,"14:45:19",18279,304.6,5.1,0.2,"E:/alexfraser_tagged/af24_nov1/101RECNX","RCNX4957.JPG","Red squirrel",1,"Species|Red squirrel"
"af24","Red squirrel",2025-10-14 15:34:01,2025-10-14,"15:34:01",2922,48.7,0.8,0,"E:/alexfraser_tagged/af24_nov1/101RECNX","RCNX4958.JPG","Red squirrel",5,"Species|Red squirrel"
"af24","Red squirrel",2025-10-14 18:10:19,2025-10-15,"18:10:19",9365,156.1,2.6,0.1,"E:/alexfraser_tagged/af24_nov1/101RECNX","RCNX4963.JPG","Red squirrel",1,"Species|Red squirrel"
"af24","Red squirrel",2025-10-15 07:33:20,2025-10-15,"07:33:20",48181,803,13.4,0.6,"E:/alexfraser_tagged/af24_nov1/101RECNX","RCNX4964.JPG","Red squirrel",2,"Species|Red squirrel"
"af24","Red squirrel",2025-10-15 12:24:18,2025-10-15,"12:24:18",17453,290.9,4.8,0.2,"E:/alexfraser_tagged/af24_nov1/101RECNX","RCNX4966.JPG","Red squirrel",2,"Species|Red squirrel"
"af24","Red squirrel",2025-10-17 15:40:48,2025-10-17,"15:40:48",184580,3076.3,51.3,2.1,"E:/alexfraser_tagged/af24_nov1/101RECNX","RCNX4986.JPG","Red squirrel",1,"Species|Red squirrel"
"af24","Red squirrel",2025-10-18 07:56:53,2025-10-18,"07:56:53",58565,976.1,16.3,0.7,"E:/alexfraser_tagged/af24_nov1/101RECNX","RCNX4987.JPG","Red squirrel",2,"Species|Red squirrel"
"af24","Red squirrel",2025-10-19 07:24:31,2025-10-19,"07:24:31",84457,1407.6,23.5,1,"E:/alexfraser_tagged/af24_nov1/101RECNX","RCNX4992.JPG","Red squirrel",2,"Species|Red squirrel"
"af24","Red squirrel",2025-10-19 11:26:18,2025-10-19,"11:26:18",14506,241.8,4,0.2,"E:/alexfraser_tagged/af24_nov1/101RECNX","RCNX4994.JPG","Red squirrel",1,"Species|Red squirrel"
"af24","Red squirrel",2025-10-20 07:20:18,2025-10-20,"07:20:18",71640,1194,19.9,0.8,"E:/alexfraser_tagged/af24_nov1/101RECNX","RCNX4998.JPG","Red squirrel",3,"Species|Red squirrel"
"af24","Red squirrel",2025-10-21 11:24:26,2025-10-21,"11:24:26",101039,1684,28.1,1.2,"E:/alexfraser_tagged/af24_nov1/101RECNX","RCNX5002.JPG","Red squirrel",1,"Species|Red squirrel"
"af24","Red squirrel",2025-10-22 13:56:18,2025-10-22,"13:56:18",95512,1591.9,26.5,1.1,"E:/alexfraser_tagged/af24_nov1/101RECNX","RCNX5015.JPG","Red squirrel",1,"Species|Red squirrel"
"af24","Red squirrel",2025-10-23 07:20:46,2025-10-23,"07:20:46",62668,1044.5,17.4,0.7,"E:/alexfraser_tagged/af24_nov1/101RECNX","RCNX5020.JPG","Red squirrel",1,"Species|Red squirrel"
"af24","Red squirrel",2025-10-25 14:38:29,2025-10-25,"14:38:29",199063,3317.7,55.3,2.3,"E:/alexfraser_tagged/af24_nov1/101RECNX","RCNX5024.JPG","Red squirrel",2,"Species|Red squirrel"
"af24","Red squirrel",2025-10-27 08:33:46,2025-10-27,"08:33:46",150916,2515.3,41.9,1.7,"E:/alexfraser_tagged/af24_nov1/101RECNX","RCNX5026.JPG","Red squirrel",3,"Species|Red squirrel"
"af24","Red squirrel",2025-10-27 12:39:19,2025-10-27,"12:39:19",14728,245.5,4.1,0.2,"E:/alexfraser_tagged/af24_nov1/101RECNX","RCNX5029.JPG","Red squirrel",1,"Species|Red squirrel"
"af24","Red squirrel",2025-10-29 17:48:26,2025-10-30,"17:48:26",191347,3189.1,53.2,2.2,"E:/alexfraser_tagged/af24_nov1/101RECNX","RCNX5031.JPG","Red squirrel",1,"Species|Red squirrel"
"af24","Red squirrel",2025-10-30 09:03:59,2025-10-30,"09:03:59",54933,915.5,15.3,0.6,"E:/alexfraser_tagged/af24_nov1/101RECNX","RCNX5032.JPG","Red squirrel",2,"Species|Red squirrel"
"af24","Red squirrel",2025-10-30 15:28:19,2025-10-30,"15:28:19",23058,384.3,6.4,0.3,"E:/alexfraser_tagged/af24_nov1/101RECNX","RCNX5047.JPG","Red squirrel",1,"Species|Red squirrel"
"af24","Red squirrel",2025-10-31 13:49:56,2025-10-31,"13:49:56",80497,1341.6,22.4,0.9,"E:/alexfraser_tagged/af24_nov1/101RECNX","RCNX5049.JPG","Red squirrel",2,"Species|Red squirrel"
"af24","Snowshoe hare",2025-08-08 05:16:37,2025-08-08,"05:16:37",0,0,0,0,"E:/alexfraser_tagged/af24_nov1/101RECNX","RCNX0001.JPG","Snowshoe hare",17,"Species|Snowshoe hare"
"af24","Snowshoe hare",2025-08-10 01:39:29,2025-08-10,"01:39:29",159614,2660.2,44.3,1.8,"E:/alexfraser_tagged/af24_nov1/101RECNX","RCNX0041.JPG","Snowshoe hare",5,"Species|Snowshoe hare"
"af24","Snowshoe hare",2025-08-10 02:03:08,2025-08-10,"02:03:08",1408,23.5,0.4,0,"E:/alexfraser_tagged/af24_nov1/101RECNX","RCNX0046.JPG","Snowshoe hare",1,"Species|Snowshoe hare"
"af24","Snowshoe hare",2025-08-10 02:08:40,2025-08-10,"02:08:40",332,5.5,0.1,0,"E:/alexfraser_tagged/af24_nov1/101RECNX","RCNX0047.JPG","Snowshoe hare",13,"Species|Snowshoe hare"
"af24","Snowshoe hare",2025-08-11 01:32:38,2025-08-11,"01:32:38",83960,1399.3,23.3,1,"E:/alexfraser_tagged/af24_nov1/101RECNX","RCNX0071.JPG","Snowshoe hare",18,"Species|Snowshoe hare"
"af24","Snowshoe hare",2025-08-11 01:52:56,2025-08-11,"01:52:56",957,15.9,0.3,0,"E:/alexfraser_tagged/af24_nov1/101RECNX","RCNX0089.JPG","Snowshoe hare",11,"Species|Snowshoe hare"
"af24","Snowshoe hare",2025-08-11 02:34:48,2025-08-11,"02:34:48",2184,36.4,0.6,0,"E:/alexfraser_tagged/af24_nov1/101RECNX","RCNX0101.JPG","Snowshoe hare",5,"Species|Snowshoe hare"
"af24","Snowshoe hare",2025-08-11 02:40:37,2025-08-11,"02:40:37",336,5.6,0.1,0,"E:/alexfraser_tagged/af24_nov1/101RECNX","RCNX0106.JPG","Snowshoe hare",15,"Species|Snowshoe hare"
"af24","Snowshoe hare",2025-08-11 03:13:24,2025-08-11,"03:13:24",1935,32.2,0.5,0,"E:/alexfraser_tagged/af24_nov1/101RECNX","RCNX0123.JPG","Snowshoe hare",1,"Species|Snowshoe hare"
"af24","Snowshoe hare",2025-08-11 04:24:07,2025-08-11,"04:24:07",4243,70.7,1.2,0,"E:/alexfraser_tagged/af24_nov1/101RECNX","RCNX0124.JPG","Snowshoe hare",4,"Species|Snowshoe hare"
"af24","Snowshoe hare",2025-08-12 02:21:58,2025-08-12,"02:21:58",79051,1317.5,22,0.9,"E:/alexfraser_tagged/af24_nov1/101RECNX","RCNX0133.JPG","Snowshoe hare",6,"Species|Snowshoe hare"
"af24","Snowshoe hare",2025-08-12 23:26:41,2025-08-13,"23:26:41",75778,1263,21,0.9,"E:/alexfraser_tagged/af24_nov1/101RECNX","RCNX0143.JPG","Snowshoe hare",1,"Species|Snowshoe hare"
"af24","Snowshoe hare",2025-08-14 01:03:35,2025-08-14,"01:03:35",92214,1536.9,25.6,1.1,"E:/alexfraser_tagged/af24_nov1/101RECNX","RCNX0145.JPG","Snowshoe hare",2,"Species|Snowshoe hare"
"af24","Snowshoe hare",2025-08-18 05:15:03,2025-08-18,"05:15:03",360687,6011.4,100.2,4.2,"E:/alexfraser_tagged/af24_nov1/101RECNX","RCNX0215.JPG","Snowshoe hare",10,"Species|Snowshoe hare"
"af24","Snowshoe hare",2025-08-20 05:40:09,2025-08-20,"05:40:09",174294,2904.9,48.4,2,"E:/alexfraser_tagged/af24_nov1/101RECNX","RCNX0295.JPG","Snowshoe hare",3,"Species|Snowshoe hare"
"af24","Snowshoe hare",2025-08-21 21:18:18,2025-08-22,"21:18:18",142686,2378.1,39.6,1.7,"E:/alexfraser_tagged/af24_nov1/101RECNX","RCNX0416.JPG","Snowshoe hare",2,"Species|Snowshoe hare"
"af24","Snowshoe hare",2025-08-21 21:28:55,2025-08-22,"21:28:55",636,10.6,0.2,0,"E:/alexfraser_tagged/af24_nov1/101RECNX","RCNX0418.JPG","Snowshoe hare",6,"Species|Snowshoe hare"
"af24","Snowshoe hare",2025-08-22 23:24:42,2025-08-23,"23:24:42",93246,1554.1,25.9,1.1,"E:/alexfraser_tagged/af24_nov1/101RECNX","RCNX0476.JPG","Snowshoe hare",2,"Species|Snowshoe hare"
"af24","Snowshoe hare",2025-08-23 23:59:54,2025-08-24,"23:59:54",88510,1475.2,24.6,1,"E:/alexfraser_tagged/af24_nov1/101RECNX","RCNX0548.JPG","Snowshoe hare",2,"Species|Snowshoe hare"
"af24","Snowshoe hare",2025-08-24 04:03:15,2025-08-24,"04:03:15",14600,243.3,4.1,0.2,"E:/alexfraser_tagged/af24_nov1/101RECNX","RCNX0550.JPG","Snowshoe hare",11,"Species|Snowshoe hare"
"af24","Snowshoe hare",2025-08-28 04:03:31,2025-08-28,"04:03:31",345592,5759.9,96,4,"E:/alexfraser_tagged/af24_nov1/101RECNX","RCNX4402.JPG","Snowshoe hare",2,"Species|Snowshoe hare"
"af24","Snowshoe hare",2025-09-02 04:49:38,2025-09-02,"04:49:38",434766,7246.1,120.8,5,"E:/alexfraser_tagged/af24_nov1/101RECNX","RCNX4487.JPG","Snowshoe hare",1,"Species|Snowshoe hare"
"af24","Snowshoe hare",2025-09-03 00:53:31,2025-09-03,"00:53:31",72233,1203.9,20.1,0.8,"E:/alexfraser_tagged/af24_nov1/101RECNX","RCNX4496.JPG","Snowshoe hare",9,"Species|Snowshoe hare"
"af24","Snowshoe hare",2025-09-05 02:56:07,2025-09-05,"02:56:07",180104,3001.7,50,2.1,"E:/alexfraser_tagged/af24_nov1/101RECNX","RCNX4517.JPG","Snowshoe hare",2,"Species|Snowshoe hare"
"af24","Snowshoe hare",2025-09-05 04:46:53,2025-09-05,"04:46:53",6631,110.5,1.8,0.1,"E:/alexfraser_tagged/af24_nov1/101RECNX","RCNX4519.JPG","Snowshoe hare",4,"Species|Snowshoe hare"
"af24","Snowshoe hare",2025-09-06 00:24:22,2025-09-06,"00:24:22",70644,1177.4,19.6,0.8,"E:/alexfraser_tagged/af24_nov1/101RECNX","RCNX4530.JPG","Snowshoe hare",22,"Species|Snowshoe hare"
"af24","Snowshoe hare",2025-09-06 01:08:33,2025-09-06,"01:08:33",2606,43.4,0.7,0,"E:/alexfraser_tagged/af24_nov1/101RECNX","RCNX4554.JPG","Snowshoe hare",1,"Species|Snowshoe hare"
"af24","Snowshoe hare",2025-09-06 01:15:40,2025-09-06,"01:15:40",427,7.1,0.1,0,"E:/alexfraser_tagged/af24_nov1/101RECNX","RCNX4555.JPG","Snowshoe hare",7,"Species|Snowshoe hare"
"af24","Snowshoe hare",2025-09-06 01:38:58,2025-09-06,"01:38:58",1146,19.1,0.3,0,"E:/alexfraser_tagged/af24_nov1/101RECNX","RCNX4563.JPG","Snowshoe hare",2,"Species|Snowshoe hare"
"af24","Snowshoe hare",2025-09-06 03:07:42,2025-09-06,"03:07:42",5323,88.7,1.5,0.1,"E:/alexfraser_tagged/af24_nov1/101RECNX","RCNX4565.JPG","Snowshoe hare",3,"Species|Snowshoe hare"
"af24","Snowshoe hare",2025-09-06 06:39:14,2025-09-06,"06:39:14",12657,210.9,3.5,0.1,"E:/alexfraser_tagged/af24_nov1/101RECNX","RCNX4568.JPG","Snowshoe hare",1,"Species|Snowshoe hare"
"af24","Snowshoe hare",2025-09-06 06:52:13,2025-09-06,"06:52:13",779,13,0.2,0,"E:/alexfraser_tagged/af24_nov1/101RECNX","RCNX4569.JPG","Snowshoe hare",6,"Species|Snowshoe hare"
"af24","Snowshoe hare",2025-09-07 02:41:58,2025-09-07,"02:41:58",71257,1187.6,19.8,0.8,"E:/alexfraser_tagged/af24_nov1/101RECNX","RCNX4576.JPG","Snowshoe hare",1,"Species|Snowshoe hare"
"af24","Snowshoe hare",2025-09-07 05:57:59,2025-09-07,"05:57:59",11761,196,3.3,0.1,"E:/alexfraser_tagged/af24_nov1/101RECNX","RCNX4577.JPG","Snowshoe hare",2,"Species|Snowshoe hare"
"af24","Snowshoe hare",2025-09-08 05:56:22,2025-09-08,"05:56:22",86302,1438.4,24,1,"E:/alexfraser_tagged/af24_nov1/101RECNX","RCNX4581.JPG","Snowshoe hare",1,"Species|Snowshoe hare"
"af24","Snowshoe hare",2025-09-08 20:06:47,2025-09-09,"20:06:47",51025,850.4,14.2,0.6,"E:/alexfraser_tagged/af24_nov1/101RECNX","RCNX4588.JPG","Snowshoe hare",2,"Species|Snowshoe hare"
"af24","Snowshoe hare",2025-09-09 01:20:10,2025-09-09,"01:20:10",18802,313.4,5.2,0.2,"E:/alexfraser_tagged/af24_nov1/101RECNX","RCNX4591.JPG","Snowshoe hare",4,"Species|Snowshoe hare"
"af24","Snowshoe hare",2025-09-09 06:06:34,2025-09-09,"06:06:34",17178,286.3,4.8,0.2,"E:/alexfraser_tagged/af24_nov1/101RECNX","RCNX4595.JPG","Snowshoe hare",4,"Species|Snowshoe hare"
"af24","Snowshoe hare",2025-09-12 05:58:53,2025-09-12,"05:58:53",258730,4312.2,71.9,3,"E:/alexfraser_tagged/af24_nov1/101RECNX","RCNX4636.JPG","Snowshoe hare",1,"Species|Snowshoe hare"
"af24","Snowshoe hare",2025-09-15 07:03:06,2025-09-15,"07:03:06",263053,4384.2,73.1,3,"E:/alexfraser_tagged/af24_nov1/101RECNX","RCNX4658.JPG","Snowshoe hare",4,"Species|Snowshoe hare"
"af24","Snowshoe hare",2025-09-18 04:02:10,2025-09-18,"04:02:10",248340,4139,69,2.9,"E:/alexfraser_tagged/af24_nov1/101RECNX","RCNX4674.JPG","Snowshoe hare",3,"Species|Snowshoe hare"
"af24","Snowshoe hare",2025-09-19 01:56:18,2025-09-19,"01:56:18",78829,1313.8,21.9,0.9,"E:/alexfraser_tagged/af24_nov1/101RECNX","RCNX4687.JPG","Snowshoe hare",4,"Species|Snowshoe hare"
"af24","Snowshoe hare",2025-09-19 19:29:40,2025-09-20,"19:29:40",63190,1053.2,17.6,0.7,"E:/alexfraser_tagged/af24_nov1/101RECNX","RCNX4703.JPG","Snowshoe hare",6,"Species|Snowshoe hare"
"af24","Snowshoe hare",2025-09-22 19:20:58,2025-09-23,"19:20:58",258649,4310.8,71.8,3,"E:/alexfraser_tagged/af24_nov1/101RECNX","RCNX4729.JPG","Snowshoe hare",2,"Species|Snowshoe hare"
"af24","Snowshoe hare",2025-09-22 22:54:15,2025-09-23,"22:54:15",12783,213.1,3.6,0.1,"E:/alexfraser_tagged/af24_nov1/101RECNX","RCNX4731.JPG","Snowshoe hare",14,"Species|Snowshoe hare"
"af24","Snowshoe hare",2025-09-24 22:29:47,2025-09-25,"22:29:47",171196,2853.3,47.6,2,"E:/alexfraser_tagged/af24_nov1/101RECNX","RCNX4756.JPG","Snowshoe hare",6,"Species|Snowshoe hare"
"af24","Snowshoe hare",2025-09-25 04:38:48,2025-09-25,"04:38:48",22126,368.8,6.1,0.3,"E:/alexfraser_tagged/af24_nov1/101RECNX","RCNX4763.JPG","Snowshoe hare",12,"Species|Snowshoe hare"
"af24","Snowshoe hare",2025-09-29 19:10:49,2025-09-30,"19:10:49",397821,6630.4,110.5,4.6,"E:/alexfraser_tagged/af24_nov1/101RECNX","RCNX4832.JPG","Snowshoe hare",1,"Species|Snowshoe hare"
"af24","Snowshoe hare",2025-10-01 22:44:36,2025-10-02,"22:44:36",185627,3093.8,51.6,2.1,"E:/alexfraser_tagged/af24_nov1/101RECNX","RCNX4837.JPG","Snowshoe hare",1,"Species|Snowshoe hare"
"af24","Snowshoe hare",2025-10-03 23:08:38,2025-10-04,"23:08:38",174242,2904,48.4,2,"E:/alexfraser_tagged/af24_nov1/101RECNX","RCNX4858.JPG","Snowshoe hare",1,"Species|Snowshoe hare"
"af24","Snowshoe hare",2025-10-04 05:23:27,2025-10-04,"05:23:27",22489,374.8,6.2,0.3,"E:/alexfraser_tagged/af24_nov1/101RECNX","RCNX4859.JPG","Snowshoe hare",5,"Species|Snowshoe hare"
"af24","Snowshoe hare",2025-10-04 07:03:07,2025-10-04,"07:03:07",5975,99.6,1.7,0.1,"E:/alexfraser_tagged/af24_nov1/101RECNX","RCNX4864.JPG","Snowshoe hare",2,"Species|Snowshoe hare"
"af24","Snowshoe hare",2025-10-04 22:51:18,2025-10-05,"22:51:18",56890,948.2,15.8,0.7,"E:/alexfraser_tagged/af24_nov1/101RECNX","RCNX4869.JPG","Snowshoe hare",2,"Species|Snowshoe hare"
"af24","Snowshoe hare",2025-10-09 01:37:54,2025-10-09,"01:37:54",355553,5925.9,98.8,4.1,"E:/alexfraser_tagged/af24_nov1/101RECNX","RCNX4889.JPG","Snowshoe hare",5,"Species|Snowshoe hare"
"af24","Snowshoe hare",2025-10-09 18:34:59,2025-10-10,"18:34:59",60947,1015.8,16.9,0.7,"E:/alexfraser_tagged/af24_nov1/101RECNX","RCNX4902.JPG","Snowshoe hare",5,"Species|Snowshoe hare"
"af24","Snowshoe hare",2025-10-10 01:41:55,2025-10-10,"01:41:55",25610,426.8,7.1,0.3,"E:/alexfraser_tagged/af24_nov1/101RECNX","RCNX4907.JPG","Snowshoe hare",3,"Species|Snowshoe hare"
"af24","Snowshoe hare",2025-10-13 01:28:45,2025-10-13,"01:28:45",258400,4306.7,71.8,3,"E:/alexfraser_tagged/af24_nov1/101RECNX","RCNX4936.JPG","Snowshoe hare",2,"Species|Snowshoe hare"
"af24","Snowshoe hare",2025-10-13 02:32:41,2025-10-13,"02:32:41",3835,63.9,1.1,0,"E:/alexfraser_tagged/af24_nov1/101RECNX","RCNX4938.JPG","Snowshoe hare",1,"Species|Snowshoe hare"
"af24","Snowshoe hare",2025-10-13 04:42:32,2025-10-13,"04:42:32",7791,129.8,2.2,0.1,"E:/alexfraser_tagged/af24_nov1/101RECNX","RCNX4939.JPG","Snowshoe hare",4,"Species|Snowshoe hare"
"af24","Snowshoe hare",2025-10-18 20:39:48,2025-10-19,"20:39:48",489433,8157.2,136,5.7,"E:/alexfraser_tagged/af24_nov1/101RECNX","RCNX4989.JPG","Snowshoe hare",3,"Species|Snowshoe hare"
"af25","Black bear",2025-08-13 12:16:07,2025-08-13,"12:16:07",0,0,0,0,"E:/alexfraser_tagged/af25_nov2/102RECNX","RCNX0039.JPG","Black bear",105,"Species|Black bear"
"af25","Mule deer",2025-08-09 16:48:12,2025-08-09,"16:48:12",0,0,0,0,"E:/alexfraser_tagged/af25_nov2/102RECNX","RCNX0005.JPG","Mule deer",17,"Species|Mule deer"
"af25","Mule deer",2025-08-11 03:36:15,2025-08-11,"03:36:15",125241,2087.3,34.8,1.4,"E:/alexfraser_tagged/af25_nov2/102RECNX","RCNX0026.JPG","Mule deer",7,"Species|Mule deer"
"af25","People",2025-08-07 13:54:07,2025-08-07,"13:54:07",0,0,0,0,"E:/alexfraser_tagged/af25_nov2/100RECNX","RCNX0001.JPG","People",50,"Species|People"
"af25","People",2025-11-02 11:40:03,2025-11-02,"11:40:03",7512119,125202,2086.7,86.9,"E:/alexfraser_tagged/af25_nov2/102RECNX","RCNX0147.JPG","People",21,"Species|People"
"af25","People",2025-11-02 12:54:36,2025-11-02,"12:54:36",3563,59.4,1,0,"E:/alexfraser_tagged/af25_nov2/102RECNX","RCNX0168.JPG","People",6,"Species|People"
"af25","People",2025-11-02 13:11:30,2025-11-02,"13:11:30",737,12.3,0.2,0,"E:/alexfraser_tagged/af25_nov2/102RECNX","RCNX0174.JPG","People",13,"Species|People"
"af25","People",2025-11-02 15:22:00,2025-11-02,"15:22:00",7732,128.9,2.1,0.1,"E:/alexfraser_tagged/af25_nov2/102RECNX","RCNX0187.JPG","People",7,"Species|People"
"af25","People",2025-11-14 12:16:04,2025-11-14,"12:16:04",1025590,17093.2,284.9,11.9,"E:/alexfraser_tagged/af25_nov2/102RECNX","RCNX0194.JPG","People",6,"Species|People"
"af25","Red squirrel",2025-08-08 06:20:21,2025-08-08,"06:20:21",0,0,0,0,"E:/alexfraser_tagged/af25_nov2/102RECNX","RCNX0001.JPG","Red squirrel",1,"Species|Red squirrel"
"af25","Red squirrel",2025-08-08 08:40:36,2025-08-08,"08:40:36",8415,140.2,2.3,0.1,"E:/alexfraser_tagged/af25_nov2/102RECNX","RCNX0002.JPG","Red squirrel",2,"Species|Red squirrel"
"af25","Red squirrel",2025-08-08 10:48:24,2025-08-08,"10:48:24",7660,127.7,2.1,0.1,"E:/alexfraser_tagged/af25_nov2/102RECNX","RCNX0004.JPG","Red squirrel",1,"Species|Red squirrel"
"af25","Red squirrel",2025-08-10 11:16:11,2025-08-10,"11:16:11",174467,2907.8,48.5,2,"E:/alexfraser_tagged/af25_nov2/102RECNX","RCNX0024.JPG","Red squirrel",1,"Species|Red squirrel"
"af25","Red squirrel",2025-08-10 18:25:30,2025-08-11,"18:25:30",25759,429.3,7.2,0.3,"E:/alexfraser_tagged/af25_nov2/102RECNX","RCNX0025.JPG","Red squirrel",1,"Species|Red squirrel"
"af25","Red squirrel",2025-08-11 07:14:05,2025-08-11,"07:14:05",46115,768.6,12.8,0.5,"E:/alexfraser_tagged/af25_nov2/102RECNX","RCNX0033.JPG","Red squirrel",3,"Species|Red squirrel"
"af25","Red squirrel",2025-08-11 09:07:54,2025-08-11,"09:07:54",6827,113.8,1.9,0.1,"E:/alexfraser_tagged/af25_nov2/102RECNX","RCNX0036.JPG","Red squirrel",2,"Species|Red squirrel"
"af25","Red squirrel",2025-08-11 12:14:34,2025-08-11,"12:14:34",11177,186.3,3.1,0.1,"E:/alexfraser_tagged/af25_nov2/102RECNX","RCNX0038.JPG","Red squirrel",1,"Species|Red squirrel"
"af3","Black bear",2025-08-26 16:40:26,2025-08-26,"16:40:26",0,0,0,0,"E:/alexfraser_tagged/af3_nov21/103RECNX","RCNX0715.JPG","Black bear",1,"Species|Black bear"
"af3","Cattle",2025-07-28 18:35:20,2025-07-29,"18:35:20",0,0,0,0,"E:/alexfraser_tagged/af3_nov21/103RECNX","RCNX0155.JPG","Cattle",21,"Species|Cattle"
"af3","Cattle",2025-07-28 18:46:35,2025-07-29,"18:46:35",567,9.4,0.2,0,"E:/alexfraser_tagged/af3_nov21/103RECNX","RCNX0177.JPG","Cattle",15,"Species|Cattle"
"af3","Cattle",2025-07-30 18:14:39,2025-07-31,"18:14:39",170809,2846.8,47.4,2,"E:/alexfraser_tagged/af3_nov21/103RECNX","RCNX0278.JPG","Cattle",26,"Species|Cattle"
"af3","Cattle",2025-07-30 20:24:57,2025-07-31,"20:24:57",7780,129.7,2.2,0.1,"E:/alexfraser_tagged/af3_nov21/103RECNX","RCNX0307.JPG","Cattle",3,"Species|Cattle"
"af3","Cattle",2025-09-09 21:25:14,2025-09-10,"21:25:14",3546012,59100.2,985,41,"E:/alexfraser_tagged/af3_nov21/103RECNX","RCNX0916.JPG","Cattle",10,"Species|Cattle"
"af3","Cattle",2025-09-10 09:13:13,2025-09-10,"09:13:13",42467,707.8,11.8,0.5,"E:/alexfraser_tagged/af3_nov21/103RECNX","RCNX0927.JPG","Cattle",3,"Species|Cattle"
"af3","Cattle",2025-09-10 11:36:57,2025-09-10,"11:36:57",8602,143.4,2.4,0.1,"E:/alexfraser_tagged/af3_nov21/103RECNX","RCNX0930.JPG","Cattle",92,"Species|Cattle"
"af3","Moose",2025-08-25 21:36:18,2025-08-26,"21:36:18",0,0,0,0,"E:/alexfraser_tagged/af3_nov21/103RECNX","RCNX0711.JPG","Moose",3,"Species|Moose"
"af3","Moose",2025-08-30 07:32:30,2025-08-30,"07:32:30",381347,6355.8,105.9,4.4,"E:/alexfraser_tagged/af3_nov21/103RECNX","RCNX0812.JPG","Moose",6,"Species|Moose"
"af3","Moose",2025-11-01 00:01:21,2025-11-01,"00:01:21",5416124,90268.7,1504.5,62.7,"E:/alexfraser_tagged/af3_nov21/103RECNX","RCNX1314.JPG","Moose",5,"Species|Moose"
"af3","Mule deer",2025-07-20 07:34:12,2025-07-20,"07:34:12",0,0,0,0,"E:/alexfraser_tagged/af3_nov21/103RECNX","RCNX0016.JPG","Mule deer",3,"Species|Mule deer"
"af3","Mule deer",2025-07-20 08:43:03,2025-07-20,"08:43:03",4129,68.8,1.1,0,"E:/alexfraser_tagged/af3_nov21/103RECNX","RCNX0019.JPG","Mule deer",21,"Species|Mule deer"
"af3","Mule deer",2025-07-23 07:03:24,2025-07-23,"07:03:24",253108,4218.5,70.3,2.9,"E:/alexfraser_tagged/af3_nov21/103RECNX","RCNX0050.JPG","Mule deer",35,"Species|Mule deer"
"af3","Mule deer",2025-07-23 09:24:06,2025-07-23,"09:24:06",8297,138.3,2.3,0.1,"E:/alexfraser_tagged/af3_nov21/103RECNX","RCNX0086.JPG","Mule deer",1,"Species|Mule deer"
"af3","Mule deer",2025-07-29 07:19:34,2025-07-29,"07:19:34",510928,8515.5,141.9,5.9,"E:/alexfraser_tagged/af3_nov21/103RECNX","RCNX0193.JPG","Mule deer",1,"Species|Mule deer"
"af3","Mule deer",2025-07-30 06:45:43,2025-07-30,"06:45:43",84369,1406.2,23.4,1,"E:/alexfraser_tagged/af3_nov21/103RECNX","RCNX0222.JPG","Mule deer",3,"Species|Mule deer"
"af3","Mule deer",2025-08-13 10:32:23,2025-08-13,"10:32:23",1223167,20386.1,339.8,14.2,"E:/alexfraser_tagged/af3_nov21/103RECNX","RCNX0452.JPG","Mule deer",30,"Species|Mule deer"
"af3","Mule deer",2025-08-21 13:21:22,2025-08-21,"13:21:22",701216,11686.9,194.8,8.1,"E:/alexfraser_tagged/af3_nov21/103RECNX","RCNX0694.JPG","Mule deer",4,"Species|Mule deer"
"af3","Mule deer",2025-08-30 03:34:46,2025-08-30,"03:34:46",742389,12373.1,206.2,8.6,"E:/alexfraser_tagged/af3_nov21/103RECNX","RCNX0720.JPG","Mule deer",87,"Species|Mule deer"
"af3","Mule deer",2025-09-07 06:46:13,2025-09-07,"06:46:13",702507,11708.5,195.1,8.1,"E:/alexfraser_tagged/af3_nov21/103RECNX","RCNX0885.JPG","Mule deer",29,"Species|Mule deer"
"af3","Mule deer",2025-09-22 11:00:36,2025-09-22,"11:00:36",1311160,21852.7,364.2,15.2,"E:/alexfraser_tagged/af3_nov21/103RECNX","RCNX1194.JPG","Mule deer",3,"Species|Mule deer"
"af3","Mule deer",2025-09-22 12:28:54,2025-09-22,"12:28:54",5290,88.2,1.5,0.1,"E:/alexfraser_tagged/af3_nov21/103RECNX","RCNX1197.JPG","Mule deer",62,"Species|Mule deer"
"af3","Mule deer",2025-09-29 14:41:20,2025-09-29,"14:41:20",612620,10210.3,170.2,7.1,"E:/alexfraser_tagged/af3_nov21/103RECNX","RCNX1278.JPG","Mule deer",2,"Species|Mule deer"
"af3","Mule deer",2025-10-13 22:33:43,2025-10-14,"22:33:43",1237921,20632,343.9,14.3,"E:/alexfraser_tagged/af3_nov21/103RECNX","RCNX1288.JPG","Mule deer",4,"Species|Mule deer"
"af3","Mule deer",2025-10-13 22:46:45,2025-10-14,"22:46:45",483,8.1,0.1,0,"E:/alexfraser_tagged/af3_nov21/103RECNX","RCNX1293.JPG","Mule deer",1,"Species|Mule deer"
"af3","Mule deer",2025-10-15 20:38:27,2025-10-16,"20:38:27",165102,2751.7,45.9,1.9,"E:/alexfraser_tagged/af3_nov21/103RECNX","RCNX1294.JPG","Mule deer",1,"Species|Mule deer"
"af3","Mule deer",2025-10-16 00:13:04,2025-10-16,"00:13:04",12877,214.6,3.6,0.1,"E:/alexfraser_tagged/af3_nov21/103RECNX","RCNX1295.JPG","Mule deer",1,"Species|Mule deer"
"af3","Mule deer",2025-10-17 04:54:21,2025-10-17,"04:54:21",103277,1721.3,28.7,1.2,"E:/alexfraser_tagged/af3_nov21/103RECNX","RCNX1296.JPG","Mule deer",2,"Species|Mule deer"
"af3","Mule deer",2025-10-17 05:20:12,2025-10-17,"05:20:12",1476,24.6,0.4,0,"E:/alexfraser_tagged/af3_nov21/103RECNX","RCNX1298.JPG","Mule deer",1,"Species|Mule deer"
"af3","Mule deer",2025-10-20 23:16:28,2025-10-21,"23:16:28",323776,5396.3,89.9,3.7,"E:/alexfraser_tagged/af3_nov21/103RECNX","RCNX1299.JPG","Mule deer",1,"Species|Mule deer"
"af3","Mule deer",2025-10-21 20:51:32,2025-10-22,"20:51:32",77704,1295.1,21.6,0.9,"E:/alexfraser_tagged/af3_nov21/103RECNX","RCNX1300.JPG","Mule deer",1,"Species|Mule deer"
"af3","Mule deer",2025-10-22 20:21:07,2025-10-23,"20:21:07",84575,1409.6,23.5,1,"E:/alexfraser_tagged/af3_nov21/103RECNX","RCNX1301.JPG","Mule deer",2,"Species|Mule deer"
"af3","Mule deer",2025-10-22 23:30:56,2025-10-23,"23:30:56",11323,188.7,3.1,0.1,"E:/alexfraser_tagged/af3_nov21/103RECNX","RCNX1303.JPG","Mule deer",1,"Species|Mule deer"
"af3","Mule deer",2025-10-23 02:02:11,2025-10-23,"02:02:11",9075,151.2,2.5,0.1,"E:/alexfraser_tagged/af3_nov21/103RECNX","RCNX1304.JPG","Mule deer",1,"Species|Mule deer"
"af3","Mule deer",2025-10-24 00:47:21,2025-10-24,"00:47:21",81910,1365.2,22.8,1,"E:/alexfraser_tagged/af3_nov21/103RECNX","RCNX1305.JPG","Mule deer",1,"Species|Mule deer"
"af3","Mule deer",2025-10-25 23:40:57,2025-10-26,"23:40:57",168816,2813.6,46.9,2,"E:/alexfraser_tagged/af3_nov21/103RECNX","RCNX1306.JPG","Mule deer",2,"Species|Mule deer"
"af3","Mule deer",2025-10-26 00:40:20,2025-10-26,"00:40:20",3475,57.9,1,0,"E:/alexfraser_tagged/af3_nov21/103RECNX","RCNX1308.JPG","Mule deer",1,"Species|Mule deer"
"af3","Mule deer",2025-10-31 03:56:59,2025-10-31,"03:56:59",443799,7396.6,123.3,5.1,"E:/alexfraser_tagged/af3_nov21/103RECNX","RCNX1310.JPG","Mule deer",4,"Species|Mule deer"
"af3","Nothing",2025-07-17 13:33:23,2025-07-17,"13:33:23",0,0,0,0,"E:/alexfraser_tagged/af3_nov21/103RECNX","RCNX0010.JPG","Nothing",1,"Species|Nothing"
"af3","Nothing",2025-07-17 15:31:37,2025-07-17,"15:31:37",7094,118.2,2,0.1,"E:/alexfraser_tagged/af3_nov21/103RECNX","RCNX0011.JPG","Nothing",1,"Species|Nothing"
"af3","Nothing",2025-07-17 16:15:18,2025-07-17,"16:15:18",2621,43.7,0.7,0,"E:/alexfraser_tagged/af3_nov21/103RECNX","RCNX0012.JPG","Nothing",4,"Species|Nothing"
"af3","Nothing",2025-07-21 14:27:30,2025-07-21,"14:27:30",339103,5651.7,94.2,3.9,"E:/alexfraser_tagged/af3_nov21/103RECNX","RCNX0042.JPG","Nothing",1,"Species|Nothing"
"af3","Nothing",2025-07-22 13:38:15,2025-07-22,"13:38:15",83445,1390.8,23.2,1,"E:/alexfraser_tagged/af3_nov21/103RECNX","RCNX0044.JPG","Nothing",1,"Species|Nothing"
"af3","Nothing",2025-07-22 14:02:45,2025-07-22,"14:02:45",1470,24.5,0.4,0,"E:/alexfraser_tagged/af3_nov21/103RECNX","RCNX0045.JPG","Nothing",1,"Species|Nothing"
"af3","Nothing",2025-07-22 14:31:21,2025-07-22,"14:31:21",1716,28.6,0.5,0,"E:/alexfraser_tagged/af3_nov21/103RECNX","RCNX0046.JPG","Nothing",1,"Species|Nothing"
"af3","Nothing",2025-07-22 14:49:14,2025-07-22,"14:49:14",1073,17.9,0.3,0,"E:/alexfraser_tagged/af3_nov21/103RECNX","RCNX0047.JPG","Nothing",1,"Species|Nothing"
"af3","Nothing",2025-07-23 07:03:22,2025-07-23,"07:03:22",58448,974.1,16.2,0.7,"E:/alexfraser_tagged/af3_nov21/103RECNX","RCNX0048.JPG","Nothing",2,"Species|Nothing"
"af3","Nothing",2025-07-23 13:17:58,2025-07-23,"13:17:58",22475,374.6,6.2,0.3,"E:/alexfraser_tagged/af3_nov21/103RECNX","RCNX0087.JPG","Nothing",1,"Species|Nothing"
"af3","Nothing",2025-07-23 15:33:00,2025-07-23,"15:33:00",8102,135,2.2,0.1,"E:/alexfraser_tagged/af3_nov21/103RECNX","RCNX0088.JPG","Nothing",1,"Species|Nothing"
"af3","Nothing",2025-07-24 15:38:29,2025-07-24,"15:38:29",86729,1445.5,24.1,1,"E:/alexfraser_tagged/af3_nov21/103RECNX","RCNX0089.JPG","Nothing",1,"Species|Nothing"
"af3","Nothing",2025-07-25 13:32:24,2025-07-25,"13:32:24",78835,1313.9,21.9,0.9,"E:/alexfraser_tagged/af3_nov21/103RECNX","RCNX0090.JPG","Nothing",2,"Species|Nothing"
"af3","Nothing",2025-07-25 13:53:53,2025-07-25,"13:53:53",1279,21.3,0.4,0,"E:/alexfraser_tagged/af3_nov21/103RECNX","RCNX0092.JPG","Nothing",1,"Species|Nothing"
"af3","Nothing",2025-07-25 14:11:10,2025-07-25,"14:11:10",1037,17.3,0.3,0,"E:/alexfraser_tagged/af3_nov21/103RECNX","RCNX0093.JPG","Nothing",10,"Species|Nothing"
"af3","Nothing",2025-07-25 14:52:28,2025-07-25,"14:52:28",2447,40.8,0.7,0,"E:/alexfraser_tagged/af3_nov21/103RECNX","RCNX0103.JPG","Nothing",4,"Species|Nothing"
"af3","Nothing",2025-07-26 12:22:38,2025-07-26,"12:22:38",77211,1286.8,21.4,0.9,"E:/alexfraser_tagged/af3_nov21/103RECNX","RCNX0107.JPG","Nothing",1,"Species|Nothing"
"af3","Nothing",2025-07-26 13:01:06,2025-07-26,"13:01:06",2308,38.5,0.6,0,"E:/alexfraser_tagged/af3_nov21/103RECNX","RCNX0108.JPG","Nothing",1,"Species|Nothing"
"af3","Nothing",2025-07-26 13:27:54,2025-07-26,"13:27:54",1608,26.8,0.4,0,"E:/alexfraser_tagged/af3_nov21/103RECNX","RCNX0109.JPG","Nothing",1,"Species|Nothing"
"af3","Nothing",2025-07-26 13:38:46,2025-07-26,"13:38:46",652,10.9,0.2,0,"E:/alexfraser_tagged/af3_nov21/103RECNX","RCNX0110.JPG","Nothing",1,"Species|Nothing"
"af3","Nothing",2025-07-26 14:40:15,2025-07-26,"14:40:15",3689,61.5,1,0,"E:/alexfraser_tagged/af3_nov21/103RECNX","RCNX0111.JPG","Nothing",1,"Species|Nothing"
"af3","Nothing",2025-07-27 14:54:36,2025-07-27,"14:54:36",87261,1454.3,24.2,1,"E:/alexfraser_tagged/af3_nov21/103RECNX","RCNX0112.JPG","Nothing",1,"Species|Nothing"
"af3","Nothing",2025-07-28 11:49:03,2025-07-28,"11:49:03",75267,1254.4,20.9,0.9,"E:/alexfraser_tagged/af3_nov21/103RECNX","RCNX0119.JPG","Nothing",2,"Species|Nothing"
"af3","Nothing",2025-07-28 12:50:11,2025-07-28,"12:50:11",3398,56.6,0.9,0,"E:/alexfraser_tagged/af3_nov21/103RECNX","RCNX0121.JPG","Nothing",1,"Species|Nothing"
"af3","Nothing",2025-07-28 13:19:58,2025-07-28,"13:19:58",1787,29.8,0.5,0,"E:/alexfraser_tagged/af3_nov21/103RECNX","RCNX0122.JPG","Nothing",9,"Species|Nothing"
"af3","Nothing",2025-07-28 13:32:51,2025-07-28,"13:32:51",439,7.3,0.1,0,"E:/alexfraser_tagged/af3_nov21/103RECNX","RCNX0131.JPG","Nothing",4,"Species|Nothing"
"af3","Nothing",2025-07-28 13:58:22,2025-07-28,"13:58:22",1387,23.1,0.4,0,"E:/alexfraser_tagged/af3_nov21/103RECNX","RCNX0135.JPG","Nothing",5,"Species|Nothing"
"af3","Nothing",2025-07-28 14:16:47,2025-07-28,"14:16:47",1099,18.3,0.3,0,"E:/alexfraser_tagged/af3_nov21/103RECNX","RCNX0140.JPG","Nothing",1,"Species|Nothing"
"af3","Nothing",2025-07-28 14:32:22,2025-07-28,"14:32:22",935,15.6,0.3,0,"E:/alexfraser_tagged/af3_nov21/103RECNX","RCNX0141.JPG","Nothing",3,"Species|Nothing"
"af3","Nothing",2025-07-28 14:41:41,2025-07-28,"14:41:41",374,6.2,0.1,0,"E:/alexfraser_tagged/af3_nov21/103RECNX","RCNX0144.JPG","Nothing",2,"Species|Nothing"
"af3","Nothing",2025-07-28 15:09:21,2025-07-28,"15:09:21",1529,25.5,0.4,0,"E:/alexfraser_tagged/af3_nov21/103RECNX","RCNX0146.JPG","Nothing",4,"Species|Nothing"
"af3","Nothing",2025-07-28 15:17:39,2025-07-28,"15:17:39",323,5.4,0.1,0,"E:/alexfraser_tagged/af3_nov21/103RECNX","RCNX0150.JPG","Nothing",2,"Species|Nothing"
"af3","Nothing",2025-07-28 15:57:36,2025-07-28,"15:57:36",2143,35.7,0.6,0,"E:/alexfraser_tagged/af3_nov21/103RECNX","RCNX0152.JPG","Nothing",2,"Species|Nothing"
"af3","Nothing",2025-07-28 17:26:44,2025-07-29,"17:26:44",5347,89.1,1.5,0.1,"E:/alexfraser_tagged/af3_nov21/103RECNX","RCNX0154.JPG","Nothing",1,"Species|Nothing"
"af3","Nothing",2025-07-29 12:21:45,2025-07-29,"12:21:45",68101,1135,18.9,0.8,"E:/alexfraser_tagged/af3_nov21/103RECNX","RCNX0194.JPG","Nothing",2,"Species|Nothing"
"af3","Nothing",2025-07-29 12:34:24,2025-07-29,"12:34:24",756,12.6,0.2,0,"E:/alexfraser_tagged/af3_nov21/103RECNX","RCNX0196.JPG","Nothing",2,"Species|Nothing"
"af3","Nothing",2025-07-29 13:10:06,2025-07-29,"13:10:06",2024,33.7,0.6,0,"E:/alexfraser_tagged/af3_nov21/103RECNX","RCNX0198.JPG","Nothing",1,"Species|Nothing"
"af3","Nothing",2025-07-29 13:20:22,2025-07-29,"13:20:22",616,10.3,0.2,0,"E:/alexfraser_tagged/af3_nov21/103RECNX","RCNX0199.JPG","Nothing",1,"Species|Nothing"
"af3","Nothing",2025-07-29 14:09:23,2025-07-29,"14:09:23",2941,49,0.8,0,"E:/alexfraser_tagged/af3_nov21/103RECNX","RCNX0200.JPG","Nothing",1,"Species|Nothing"
"af3","Nothing",2025-07-29 14:21:01,2025-07-29,"14:21:01",698,11.6,0.2,0,"E:/alexfraser_tagged/af3_nov21/103RECNX","RCNX0201.JPG","Nothing",1,"Species|Nothing"
"af3","Nothing",2025-07-29 14:34:46,2025-07-29,"14:34:46",825,13.8,0.2,0,"E:/alexfraser_tagged/af3_nov21/103RECNX","RCNX0202.JPG","Nothing",6,"Species|Nothing"
"af3","Nothing",2025-07-29 14:43:22,2025-07-29,"14:43:22",472,7.9,0.1,0,"E:/alexfraser_tagged/af3_nov21/103RECNX","RCNX0208.JPG","Nothing",1,"Species|Nothing"
"af3","Nothing",2025-07-29 14:53:12,2025-07-29,"14:53:12",590,9.8,0.2,0,"E:/alexfraser_tagged/af3_nov21/103RECNX","RCNX0209.JPG","Nothing",1,"Species|Nothing"
"af3","Nothing",2025-07-29 15:15:14,2025-07-29,"15:15:14",1322,22,0.4,0,"E:/alexfraser_tagged/af3_nov21/103RECNX","RCNX0210.JPG","Nothing",1,"Species|Nothing"
"af3","Nothing",2025-07-29 15:51:41,2025-07-29,"15:51:41",2187,36.5,0.6,0,"E:/alexfraser_tagged/af3_nov21/103RECNX","RCNX0211.JPG","Nothing",1,"Species|Nothing"
"af3","Nothing",2025-07-29 16:00:50,2025-07-29,"16:00:50",549,9.2,0.2,0,"E:/alexfraser_tagged/af3_nov21/103RECNX","RCNX0212.JPG","Nothing",5,"Species|Nothing"
"af3","Nothing",2025-07-29 17:46:29,2025-07-30,"17:46:29",5704,95.1,1.6,0.1,"E:/alexfraser_tagged/af3_nov21/103RECNX","RCNX0217.JPG","Nothing",2,"Species|Nothing"
"af3","Nothing",2025-07-29 18:01:38,2025-07-30,"18:01:38",908,15.1,0.3,0,"E:/alexfraser_tagged/af3_nov21/103RECNX","RCNX0219.JPG","Nothing",1,"Species|Nothing"
"af3","Nothing",2025-07-30 11:18:30,2025-07-30,"11:18:30",62212,1036.9,17.3,0.7,"E:/alexfraser_tagged/af3_nov21/103RECNX","RCNX0225.JPG","Nothing",2,"Species|Nothing"
"af3","Nothing",2025-07-30 12:30:55,2025-07-30,"12:30:55",4265,71.1,1.2,0,"E:/alexfraser_tagged/af3_nov21/103RECNX","RCNX0227.JPG","Nothing",3,"Species|Nothing"
"af3","Nothing",2025-07-30 12:40:22,2025-07-30,"12:40:22",544,9.1,0.2,0,"E:/alexfraser_tagged/af3_nov21/103RECNX","RCNX0230.JPG","Nothing",1,"Species|Nothing"
"af3","Nothing",2025-07-30 13:18:30,2025-07-30,"13:18:30",2288,38.1,0.6,0,"E:/alexfraser_tagged/af3_nov21/103RECNX","RCNX0231.JPG","Nothing",3,"Species|Nothing"
"af3","Nothing",2025-07-30 13:32:58,2025-07-30,"13:32:58",735,12.2,0.2,0,"E:/alexfraser_tagged/af3_nov21/103RECNX","RCNX0234.JPG","Nothing",8,"Species|Nothing"
"af3","Nothing",2025-07-30 13:43:10,2025-07-30,"13:43:10",494,8.2,0.1,0,"E:/alexfraser_tagged/af3_nov21/103RECNX","RCNX0242.JPG","Nothing",4,"Species|Nothing"
"af3","Nothing",2025-07-30 14:09:48,2025-07-30,"14:09:48",1384,23.1,0.4,0,"E:/alexfraser_tagged/af3_nov21/103RECNX","RCNX0246.JPG","Nothing",2,"Species|Nothing"
"af3","Nothing",2025-07-30 14:51:18,2025-07-30,"14:51:18",2271,37.9,0.6,0,"E:/alexfraser_tagged/af3_nov21/103RECNX","RCNX0248.JPG","Nothing",2,"Species|Nothing"
"af3","Nothing",2025-07-30 14:59:52,2025-07-30,"14:59:52",503,8.4,0.1,0,"E:/alexfraser_tagged/af3_nov21/103RECNX","RCNX0250.JPG","Nothing",1,"Species|Nothing"
"af3","Nothing",2025-07-30 15:13:46,2025-07-30,"15:13:46",834,13.9,0.2,0,"E:/alexfraser_tagged/af3_nov21/103RECNX","RCNX0251.JPG","Nothing",3,"Species|Nothing"
"af3","Nothing",2025-07-30 15:26:08,2025-07-30,"15:26:08",739,12.3,0.2,0,"E:/alexfraser_tagged/af3_nov21/103RECNX","RCNX0255.JPG","Nothing",2,"Species|Nothing"
"af3","Nothing",2025-07-30 15:34:33,2025-07-30,"15:34:33",496,8.3,0.1,0,"E:/alexfraser_tagged/af3_nov21/103RECNX","RCNX0257.JPG","Nothing",3,"Species|Nothing"
"af3","Nothing",2025-07-30 15:44:19,2025-07-30,"15:44:19",369,6.2,0.1,0,"E:/alexfraser_tagged/af3_nov21/103RECNX","RCNX0260.JPG","Nothing",6,"Species|Nothing"
"af3","Nothing",2025-07-30 15:53:00,2025-07-30,"15:53:00",314,5.2,0.1,0,"E:/alexfraser_tagged/af3_nov21/103RECNX","RCNX0266.JPG","Nothing",11,"Species|Nothing"
"af3","Nothing",2025-07-30 16:42:02,2025-07-30,"16:42:02",2754,45.9,0.8,0,"E:/alexfraser_tagged/af3_nov21/103RECNX","RCNX0277.JPG","Nothing",1,"Species|Nothing"
"af3","Nothing",2025-08-02 12:04:04,2025-08-02,"12:04:04",242522,4042,67.4,2.8,"E:/alexfraser_tagged/af3_nov21/103RECNX","RCNX0318.JPG","Nothing",7,"Species|Nothing"
"af3","Nothing",2025-08-02 13:47:58,2025-08-02,"13:47:58",6203,103.4,1.7,0.1,"E:/alexfraser_tagged/af3_nov21/103RECNX","RCNX0325.JPG","Nothing",2,"Species|Nothing"
"af3","Nothing",2025-08-02 15:09:04,2025-08-02,"15:09:04",4760,79.3,1.3,0.1,"E:/alexfraser_tagged/af3_nov21/103RECNX","RCNX0327.JPG","Nothing",1,"Species|Nothing"
"af3","Nothing",2025-08-04 13:24:22,2025-08-04,"13:24:22",166518,2775.3,46.3,1.9,"E:/alexfraser_tagged/af3_nov21/103RECNX","RCNX0329.JPG","Nothing",1,"Species|Nothing"
"af3","Nothing",2025-08-05 11:22:58,2025-08-05,"11:22:58",79116,1318.6,22,0.9,"E:/alexfraser_tagged/af3_nov21/103RECNX","RCNX0330.JPG","Nothing",3,"Species|Nothing"
"af3","Nothing",2025-08-05 12:15:47,2025-08-05,"12:15:47",2934,48.9,0.8,0,"E:/alexfraser_tagged/af3_nov21/103RECNX","RCNX0333.JPG","Nothing",2,"Species|Nothing"
"af3","Nothing",2025-08-05 13:48:51,2025-08-05,"13:48:51",5336,88.9,1.5,0.1,"E:/alexfraser_tagged/af3_nov21/103RECNX","RCNX0335.JPG","Nothing",1,"Species|Nothing"
"af3","Nothing",2025-08-05 14:07:07,2025-08-05,"14:07:07",1096,18.3,0.3,0,"E:/alexfraser_tagged/af3_nov21/103RECNX","RCNX0336.JPG","Nothing",1,"Species|Nothing"
"af3","Nothing",2025-08-05 15:00:36,2025-08-05,"15:00:36",3209,53.5,0.9,0,"E:/alexfraser_tagged/af3_nov21/103RECNX","RCNX0337.JPG","Nothing",10,"Species|Nothing"
"af3","Nothing",2025-08-06 11:14:02,2025-08-06,"11:14:02",72583,1209.7,20.2,0.8,"E:/alexfraser_tagged/af3_nov21/103RECNX","RCNX0347.JPG","Nothing",1,"Species|Nothing"
"af3","Nothing",2025-08-06 12:05:41,2025-08-06,"12:05:41",3099,51.6,0.9,0,"E:/alexfraser_tagged/af3_nov21/103RECNX","RCNX0348.JPG","Nothing",1,"Species|Nothing"
"af3","Nothing",2025-08-06 13:35:01,2025-08-06,"13:35:01",5360,89.3,1.5,0.1,"E:/alexfraser_tagged/af3_nov21/103RECNX","RCNX0349.JPG","Nothing",1,"Species|Nothing"
"af3","Nothing",2025-08-06 13:57:11,2025-08-06,"13:57:11",1330,22.2,0.4,0,"E:/alexfraser_tagged/af3_nov21/103RECNX","RCNX0350.JPG","Nothing",2,"Species|Nothing"
"af3","Nothing",2025-08-06 14:25:48,2025-08-06,"14:25:48",1431,23.9,0.4,0,"E:/alexfraser_tagged/af3_nov21/103RECNX","RCNX0352.JPG","Nothing",5,"Species|Nothing"
"af3","Nothing",2025-08-06 14:33:25,2025-08-06,"14:33:25",327,5.4,0.1,0,"E:/alexfraser_tagged/af3_nov21/103RECNX","RCNX0357.JPG","Nothing",5,"Species|Nothing"
"af3","Nothing",2025-08-06 15:07:19,2025-08-06,"15:07:19",1541,25.7,0.4,0,"E:/alexfraser_tagged/af3_nov21/103RECNX","RCNX0362.JPG","Nothing",3,"Species|Nothing"
"af3","Nothing",2025-08-06 15:21:34,2025-08-06,"15:21:34",818,13.6,0.2,0,"E:/alexfraser_tagged/af3_nov21/103RECNX","RCNX0366.JPG","Nothing",46,"Species|Nothing"
"af3","Nothing",2025-08-06 15:43:50,2025-08-06,"15:43:50",410,6.8,0.1,0,"E:/alexfraser_tagged/af3_nov21/103RECNX","RCNX0413.JPG","Nothing",7,"Species|Nothing"
"af3","Nothing",2025-08-08 15:19:29,2025-08-08,"15:19:29",171013,2850.2,47.5,2,"E:/alexfraser_tagged/af3_nov21/103RECNX","RCNX0424.JPG","Nothing",1,"Species|Nothing"
"af3","Nothing",2025-08-10 13:30:58,2025-08-10,"13:30:58",166289,2771.5,46.2,1.9,"E:/alexfraser_tagged/af3_nov21/103RECNX","RCNX0430.JPG","Nothing",1,"Species|Nothing"
"af3","Nothing",2025-08-10 13:40:58,2025-08-10,"13:40:58",600,10,0.2,0,"E:/alexfraser_tagged/af3_nov21/103RECNX","RCNX0431.JPG","Nothing",1,"Species|Nothing"
"af3","Nothing",2025-08-10 13:52:11,2025-08-10,"13:52:11",673,11.2,0.2,0,"E:/alexfraser_tagged/af3_nov21/103RECNX","RCNX0432.JPG","Nothing",1,"Species|Nothing"
"af3","Nothing",2025-08-10 13:58:15,2025-08-10,"13:58:15",364,6.1,0.1,0,"E:/alexfraser_tagged/af3_nov21/103RECNX","RCNX0433.JPG","Nothing",1,"Species|Nothing"
"af3","Nothing",2025-08-10 14:22:24,2025-08-10,"14:22:24",1449,24.1,0.4,0,"E:/alexfraser_tagged/af3_nov21/103RECNX","RCNX0434.JPG","Nothing",5,"Species|Nothing"
"af3","Nothing",2025-08-10 15:33:45,2025-08-10,"15:33:45",4276,71.3,1.2,0,"E:/alexfraser_tagged/af3_nov21/103RECNX","RCNX0439.JPG","Nothing",2,"Species|Nothing"
"af3","Nothing",2025-08-10 16:17:36,2025-08-10,"16:17:36",2604,43.4,0.7,0,"E:/alexfraser_tagged/af3_nov21/103RECNX","RCNX0441.JPG","Nothing",1,"Species|Nothing"
"af3","Nothing",2025-08-11 13:27:58,2025-08-11,"13:27:58",76222,1270.4,21.2,0.9,"E:/alexfraser_tagged/af3_nov21/103RECNX","RCNX0442.JPG","Nothing",1,"Species|Nothing"
"af3","Nothing",2025-08-11 14:46:02,2025-08-11,"14:46:02",4684,78.1,1.3,0.1,"E:/alexfraser_tagged/af3_nov21/103RECNX","RCNX0443.JPG","Nothing",2,"Species|Nothing"
"af3","Nothing",2025-08-12 13:09:28,2025-08-12,"13:09:28",80604,1343.4,22.4,0.9,"E:/alexfraser_tagged/af3_nov21/103RECNX","RCNX0449.JPG","Nothing",1,"Species|Nothing"
"af3","Nothing",2025-08-12 14:38:15,2025-08-12,"14:38:15",5327,88.8,1.5,0.1,"E:/alexfraser_tagged/af3_nov21/103RECNX","RCNX0450.JPG","Nothing",1,"Species|Nothing"
"af3","Nothing",2025-08-13 13:10:09,2025-08-13,"13:10:09",81114,1351.9,22.5,0.9,"E:/alexfraser_tagged/af3_nov21/103RECNX","RCNX0482.JPG","Nothing",2,"Species|Nothing"
"af3","Nothing",2025-08-13 13:57:16,2025-08-13,"13:57:16",2820,47,0.8,0,"E:/alexfraser_tagged/af3_nov21/103RECNX","RCNX0484.JPG","Nothing",2,"Species|Nothing"
"af3","Nothing",2025-08-13 15:13:24,2025-08-13,"15:13:24",4543,75.7,1.3,0.1,"E:/alexfraser_tagged/af3_nov21/103RECNX","RCNX0486.JPG","Nothing",1,"Species|Nothing"
"af3","Nothing",2025-08-13 15:35:38,2025-08-13,"15:35:38",1334,22.2,0.4,0,"E:/alexfraser_tagged/af3_nov21/103RECNX","RCNX0487.JPG","Nothing",1,"Species|Nothing"
"af3","Nothing",2025-08-13 15:55:39,2025-08-13,"15:55:39",1201,20,0.3,0,"E:/alexfraser_tagged/af3_nov21/103RECNX","RCNX0488.JPG","Nothing",1,"Species|Nothing"
"af3","Nothing",2025-08-13 16:06:57,2025-08-13,"16:06:57",678,11.3,0.2,0,"E:/alexfraser_tagged/af3_nov21/103RECNX","RCNX0489.JPG","Nothing",3,"Species|Nothing"
"af3","Nothing",2025-08-14 13:10:49,2025-08-14,"13:10:49",75817,1263.6,21.1,0.9,"E:/alexfraser_tagged/af3_nov21/103RECNX","RCNX0492.JPG","Nothing",1,"Species|Nothing"
"af3","Nothing",2025-08-17 15:48:09,2025-08-17,"15:48:09",268640,4477.3,74.6,3.1,"E:/alexfraser_tagged/af3_nov21/103RECNX","RCNX0495.JPG","Nothing",1,"Species|Nothing"
"af3","Nothing",2025-08-19 12:07:54,2025-08-19,"12:07:54",159585,2659.8,44.3,1.8,"E:/alexfraser_tagged/af3_nov21/103RECNX","RCNX0497.JPG","Nothing",1,"Species|Nothing"
"af3","Nothing",2025-08-19 12:18:30,2025-08-19,"12:18:30",636,10.6,0.2,0,"E:/alexfraser_tagged/af3_nov21/103RECNX","RCNX0498.JPG","Nothing",1,"Species|Nothing"
"af3","Nothing",2025-08-19 12:24:36,2025-08-19,"12:24:36",366,6.1,0.1,0,"E:/alexfraser_tagged/af3_nov21/103RECNX","RCNX0499.JPG","Nothing",2,"Species|Nothing"
"af3","Nothing",2025-08-19 12:48:13,2025-08-19,"12:48:13",1416,23.6,0.4,0,"E:/alexfraser_tagged/af3_nov21/103RECNX","RCNX0501.JPG","Nothing",9,"Species|Nothing"
"af3","Nothing",2025-08-19 13:11:56,2025-08-19,"13:11:56",658,11,0.2,0,"E:/alexfraser_tagged/af3_nov21/103RECNX","RCNX0510.JPG","Nothing",12,"Species|Nothing"
"af3","Nothing",2025-08-19 13:24:56,2025-08-19,"13:24:56",409,6.8,0.1,0,"E:/alexfraser_tagged/af3_nov21/103RECNX","RCNX0522.JPG","Nothing",1,"Species|Nothing"
"af3","Nothing",2025-08-19 13:32:28,2025-08-19,"13:32:28",452,7.5,0.1,0,"E:/alexfraser_tagged/af3_nov21/103RECNX","RCNX0523.JPG","Nothing",6,"Species|Nothing"
"af3","Nothing",2025-08-19 13:40:58,2025-08-19,"13:40:58",332,5.5,0.1,0,"E:/alexfraser_tagged/af3_nov21/103RECNX","RCNX0529.JPG","Nothing",1,"Species|Nothing"
"af3","Nothing",2025-08-19 13:50:15,2025-08-19,"13:50:15",557,9.3,0.2,0,"E:/alexfraser_tagged/af3_nov21/103RECNX","RCNX0530.JPG","Nothing",31,"Species|Nothing"
"af3","Nothing",2025-08-19 14:13:28,2025-08-19,"14:13:28",374,6.2,0.1,0,"E:/alexfraser_tagged/af3_nov21/103RECNX","RCNX0562.JPG","Nothing",114,"Species|Nothing"
"af3","Nothing",2025-08-19 15:16:53,2025-08-19,"15:16:53",460,7.7,0.1,0,"E:/alexfraser_tagged/af3_nov21/103RECNX","RCNX0679.JPG","Nothing",1,"Species|Nothing"
"af3","Nothing",2025-08-24 18:10:57,2025-08-25,"18:10:57",442444,7374.1,122.9,5.1,"E:/alexfraser_tagged/af3_nov21/103RECNX","RCNX0710.JPG","Nothing",1,"Species|Nothing"
"af3","Nothing",2025-08-28 06:28:05,2025-08-28,"06:28:05",303428,5057.1,84.3,3.5,"E:/alexfraser_tagged/af3_nov21/103RECNX","RCNX0716.JPG","Nothing",2,"Species|Nothing"
"af3","Nothing",2025-08-30 12:11:15,2025-08-30,"12:11:15",193388,3223.1,53.7,2.2,"E:/alexfraser_tagged/af3_nov21/103RECNX","RCNX0819.JPG","Nothing",1,"Species|Nothing"
"af3","Nothing",2025-08-30 12:21:43,2025-08-30,"12:21:43",628,10.5,0.2,0,"E:/alexfraser_tagged/af3_nov21/103RECNX","RCNX0820.JPG","Nothing",1,"Species|Nothing"
"af3","Nothing",2025-08-30 12:50:50,2025-08-30,"12:50:50",1747,29.1,0.5,0,"E:/alexfraser_tagged/af3_nov21/103RECNX","RCNX0821.JPG","Nothing",1,"Species|Nothing"
"af3","Nothing",2025-08-30 12:58:15,2025-08-30,"12:58:15",445,7.4,0.1,0,"E:/alexfraser_tagged/af3_nov21/103RECNX","RCNX0822.JPG","Nothing",3,"Species|Nothing"
"af3","Nothing",2025-08-30 13:07:49,2025-08-30,"13:07:49",484,8.1,0.1,0,"E:/alexfraser_tagged/af3_nov21/103RECNX","RCNX0825.JPG","Nothing",8,"Species|Nothing"
"af3","Nothing",2025-08-30 13:28:27,2025-08-30,"13:28:27",880,14.7,0.2,0,"E:/alexfraser_tagged/af3_nov21/103RECNX","RCNX0834.JPG","Nothing",2,"Species|Nothing"
"af3","Nothing",2025-08-30 13:37:32,2025-08-30,"13:37:32",499,8.3,0.1,0,"E:/alexfraser_tagged/af3_nov21/103RECNX","RCNX0836.JPG","Nothing",4,"Species|Nothing"
"af3","Nothing",2025-08-30 13:47:34,2025-08-30,"13:47:34",440,7.3,0.1,0,"E:/alexfraser_tagged/af3_nov21/103RECNX","RCNX0840.JPG","Nothing",3,"Species|Nothing"
"af3","Nothing",2025-08-30 14:36:07,2025-08-30,"14:36:07",2609,43.5,0.7,0,"E:/alexfraser_tagged/af3_nov21/103RECNX","RCNX0843.JPG","Nothing",1,"Species|Nothing"
"af3","Nothing",2025-08-30 14:45:21,2025-08-30,"14:45:21",554,9.2,0.2,0,"E:/alexfraser_tagged/af3_nov21/103RECNX","RCNX0844.JPG","Nothing",14,"Species|Nothing"
"af3","Nothing",2025-08-30 15:07:32,2025-08-30,"15:07:32",466,7.8,0.1,0,"E:/alexfraser_tagged/af3_nov21/103RECNX","RCNX0858.JPG","Nothing",5,"Species|Nothing"
"af3","Nothing",2025-08-30 15:55:35,2025-08-30,"15:55:35",2866,47.8,0.8,0,"E:/alexfraser_tagged/af3_nov21/103RECNX","RCNX0863.JPG","Nothing",1,"Species|Nothing"
"af3","Nothing",2025-08-30 16:05:00,2025-08-30,"16:05:00",565,9.4,0.2,0,"E:/alexfraser_tagged/af3_nov21/103RECNX","RCNX0864.JPG","Nothing",1,"Species|Nothing"
"af3","Nothing",2025-08-30 16:19:07,2025-08-30,"16:19:07",847,14.1,0.2,0,"E:/alexfraser_tagged/af3_nov21/103RECNX","RCNX0865.JPG","Nothing",1,"Species|Nothing"
"af3","Nothing",2025-08-31 12:49:54,2025-08-31,"12:49:54",73847,1230.8,20.5,0.9,"E:/alexfraser_tagged/af3_nov21/103RECNX","RCNX0866.JPG","Nothing",1,"Species|Nothing"
"af3","Nothing",2025-08-31 13:23:44,2025-08-31,"13:23:44",2030,33.8,0.6,0,"E:/alexfraser_tagged/af3_nov21/103RECNX","RCNX0867.JPG","Nothing",1,"Species|Nothing"
"af3","Nothing",2025-08-31 13:52:28,2025-08-31,"13:52:28",1724,28.7,0.5,0,"E:/alexfraser_tagged/af3_nov21/103RECNX","RCNX0868.JPG","Nothing",3,"Species|Nothing"
"af3","Nothing",2025-08-31 14:28:21,2025-08-31,"14:28:21",1979,33,0.6,0,"E:/alexfraser_tagged/af3_nov21/103RECNX","RCNX0871.JPG","Nothing",2,"Species|Nothing"
"af3","Nothing",2025-08-31 15:13:39,2025-08-31,"15:13:39",2706,45.1,0.8,0,"E:/alexfraser_tagged/af3_nov21/103RECNX","RCNX0873.JPG","Nothing",4,"Species|Nothing"
"af3","Nothing",2025-08-31 15:25:01,2025-08-31,"15:25:01",364,6.1,0.1,0,"E:/alexfraser_tagged/af3_nov21/103RECNX","RCNX0877.JPG","Nothing",1,"Species|Nothing"
"af3","Nothing",2025-09-01 09:00:35,2025-09-01,"09:00:35",63334,1055.6,17.6,0.7,"E:/alexfraser_tagged/af3_nov21/103RECNX","RCNX0878.JPG","Nothing",1,"Species|Nothing"
"af3","Nothing",2025-09-01 14:27:16,2025-09-01,"14:27:16",19601,326.7,5.4,0.2,"E:/alexfraser_tagged/af3_nov21/103RECNX","RCNX0879.JPG","Nothing",2,"Species|Nothing"
"af3","Nothing",2025-09-01 15:14:34,2025-09-01,"15:14:34",2837,47.3,0.8,0,"E:/alexfraser_tagged/af3_nov21/103RECNX","RCNX0881.JPG","Nothing",4,"Species|Nothing"
"af3","Nothing",2025-09-11 17:24:22,2025-09-12,"17:24:22",871783,14529.7,242.2,10.1,"E:/alexfraser_tagged/af3_nov21/103RECNX","RCNX1027.JPG","Nothing",1,"Species|Nothing"
"af3","Nothing",2025-09-13 12:30:32,2025-09-13,"12:30:32",155170,2586.2,43.1,1.8,"E:/alexfraser_tagged/af3_nov21/103RECNX","RCNX1028.JPG","Nothing",1,"Species|Nothing"
"af3","Nothing",2025-09-13 12:39:07,2025-09-13,"12:39:07",515,8.6,0.1,0,"E:/alexfraser_tagged/af3_nov21/103RECNX","RCNX1029.JPG","Nothing",4,"Species|Nothing"
"af3","Nothing",2025-09-13 12:45:36,2025-09-13,"12:45:36",383,6.4,0.1,0,"E:/alexfraser_tagged/af3_nov21/103RECNX","RCNX1033.JPG","Nothing",1,"Species|Nothing"
"af3","Nothing",2025-09-13 13:44:37,2025-09-13,"13:44:37",3541,59,1,0,"E:/alexfraser_tagged/af3_nov21/103RECNX","RCNX1034.JPG","Nothing",3,"Species|Nothing"
"af3","Nothing",2025-09-13 14:31:37,2025-09-13,"14:31:37",2537,42.3,0.7,0,"E:/alexfraser_tagged/af3_nov21/103RECNX","RCNX1037.JPG","Nothing",1,"Species|Nothing"
"af3","Nothing",2025-09-13 14:38:29,2025-09-13,"14:38:29",412,6.9,0.1,0,"E:/alexfraser_tagged/af3_nov21/103RECNX","RCNX1038.JPG","Nothing",6,"Species|Nothing"
"af3","Nothing",2025-09-13 14:54:41,2025-09-13,"14:54:41",830,13.8,0.2,0,"E:/alexfraser_tagged/af3_nov21/103RECNX","RCNX1044.JPG","Nothing",14,"Species|Nothing"
"af3","Nothing",2025-09-13 15:07:20,2025-09-13,"15:07:20",373,6.2,0.1,0,"E:/alexfraser_tagged/af3_nov21/103RECNX","RCNX1058.JPG","Nothing",9,"Species|Nothing"
"af3","Nothing",2025-09-13 15:20:27,2025-09-13,"15:20:27",331,5.5,0.1,0,"E:/alexfraser_tagged/af3_nov21/103RECNX","RCNX1067.JPG","Nothing",46,"Species|Nothing"
"af3","Nothing",2025-09-13 15:43:31,2025-09-13,"15:43:31",393,6.6,0.1,0,"E:/alexfraser_tagged/af3_nov21/103RECNX","RCNX1113.JPG","Nothing",2,"Species|Nothing"
"af3","Nothing",2025-09-13 15:49:38,2025-09-13,"15:49:38",354,5.9,0.1,0,"E:/alexfraser_tagged/af3_nov21/103RECNX","RCNX1115.JPG","Nothing",1,"Species|Nothing"
"af3","Nothing",2025-09-16 12:43:03,2025-09-16,"12:43:03",248005,4133.4,68.9,2.9,"E:/alexfraser_tagged/af3_nov21/103RECNX","RCNX1121.JPG","Nothing",1,"Species|Nothing"
"af3","Nothing",2025-09-16 13:02:36,2025-09-16,"13:02:36",1173,19.6,0.3,0,"E:/alexfraser_tagged/af3_nov21/103RECNX","RCNX1122.JPG","Nothing",3,"Species|Nothing"
"af3","Nothing",2025-09-16 13:11:47,2025-09-16,"13:11:47",543,9.1,0.2,0,"E:/alexfraser_tagged/af3_nov21/103RECNX","RCNX1125.JPG","Nothing",3,"Species|Nothing"
"af3","Nothing",2025-09-16 13:18:56,2025-09-16,"13:18:56",302,5,0.1,0,"E:/alexfraser_tagged/af3_nov21/103RECNX","RCNX1128.JPG","Nothing",6,"Species|Nothing"
"af3","Nothing",2025-09-16 13:44:24,2025-09-16,"13:44:24",1112,18.5,0.3,0,"E:/alexfraser_tagged/af3_nov21/103RECNX","RCNX1134.JPG","Nothing",2,"Species|Nothing"
"af3","Nothing",2025-09-16 13:59:44,2025-09-16,"13:59:44",899,15,0.2,0,"E:/alexfraser_tagged/af3_nov21/103RECNX","RCNX1136.JPG","Nothing",1,"Species|Nothing"
"af3","Nothing",2025-09-16 14:05:26,2025-09-16,"14:05:26",342,5.7,0.1,0,"E:/alexfraser_tagged/af3_nov21/103RECNX","RCNX1137.JPG","Nothing",5,"Species|Nothing"
"af3","Nothing",2025-09-16 14:18:49,2025-09-16,"14:18:49",441,7.3,0.1,0,"E:/alexfraser_tagged/af3_nov21/103RECNX","RCNX1142.JPG","Nothing",1,"Species|Nothing"
"af3","Nothing",2025-09-16 14:24:46,2025-09-16,"14:24:46",357,6,0.1,0,"E:/alexfraser_tagged/af3_nov21/103RECNX","RCNX1143.JPG","Nothing",15,"Species|Nothing"
"af3","Nothing",2025-09-16 14:53:24,2025-09-16,"14:53:24",547,9.1,0.2,0,"E:/alexfraser_tagged/af3_nov21/103RECNX","RCNX1159.JPG","Nothing",5,"Species|Nothing"
"af3","Nothing",2025-09-16 15:07:38,2025-09-16,"15:07:38",351,5.8,0.1,0,"E:/alexfraser_tagged/af3_nov21/103RECNX","RCNX1164.JPG","Nothing",7,"Species|Nothing"
"af3","Nothing",2025-09-16 15:24:34,2025-09-16,"15:24:34",560,9.3,0.2,0,"E:/alexfraser_tagged/af3_nov21/103RECNX","RCNX1171.JPG","Nothing",13,"Species|Nothing"
"af3","Nothing",2025-09-16 15:50:24,2025-09-16,"15:50:24",782,13,0.2,0,"E:/alexfraser_tagged/af3_nov21/103RECNX","RCNX1184.JPG","Nothing",2,"Species|Nothing"
"af3","Nothing",2025-09-16 16:06:39,2025-09-16,"16:06:39",838,14,0.2,0,"E:/alexfraser_tagged/af3_nov21/103RECNX","RCNX1186.JPG","Nothing",1,"Species|Nothing"
"af3","Nothing",2025-09-17 14:57:05,2025-09-17,"14:57:05",82226,1370.4,22.8,1,"E:/alexfraser_tagged/af3_nov21/103RECNX","RCNX1188.JPG","Nothing",1,"Species|Nothing"
"af3","Nothing",2025-09-17 15:02:57,2025-09-17,"15:02:57",352,5.9,0.1,0,"E:/alexfraser_tagged/af3_nov21/103RECNX","RCNX1189.JPG","Nothing",1,"Species|Nothing"
"af3","Nothing",2025-09-20 18:45:35,2025-09-21,"18:45:35",272558,4542.6,75.7,3.2,"E:/alexfraser_tagged/af3_nov21/103RECNX","RCNX1191.JPG","Nothing",1,"Species|Nothing"
"af3","Nothing",2025-09-21 13:33:09,2025-09-21,"13:33:09",67654,1127.6,18.8,0.8,"E:/alexfraser_tagged/af3_nov21/103RECNX","RCNX1192.JPG","Nothing",2,"Species|Nothing"
"af3","Nothing",2025-10-13 18:08:19,2025-10-14,"18:08:19",1917309,31955.2,532.6,22.2,"E:/alexfraser_tagged/af3_nov21/103RECNX","RCNX1287.JPG","Nothing",1,"Species|Nothing"
"af3","Nothing",2025-10-27 09:51:56,2025-10-27,"09:51:56",1179817,19663.6,327.7,13.7,"E:/alexfraser_tagged/af3_nov21/103RECNX","RCNX1309.JPG","Nothing",1,"Species|Nothing"
"af3","People",2025-07-15 11:48:27,2025-07-15,"11:48:27",0,0,0,0,"E:/alexfraser_tagged/af3_nov21/102RECNX","RCNX0005.JPG","People",1,"Species|People"
"af3","People",2025-07-15 12:11:26,2025-07-15,"12:11:26",1379,23,0.4,0,"E:/alexfraser_tagged/af3_nov21/103RECNX","RCNX0001.JPG","People",9,"Species|People"
"af3","People",2025-11-01 09:26:04,2025-11-01,"09:26:04",9407503,156791.7,2613.2,108.9,"E:/alexfraser_tagged/af3_nov21/103RECNX","RCNX1319.JPG","People",57,"Species|People"
"af3","Snowshoe hare",2025-07-20 23:23:02,2025-07-21,"23:23:02",0,0,0,0,"E:/alexfraser_tagged/af3_nov21/103RECNX","RCNX0041.JPG","Snowshoe hare",1,"Species|Snowshoe hare"
"af3","Snowshoe hare",2025-07-22 00:30:25,2025-07-22,"00:30:25",90443,1507.4,25.1,1,"E:/alexfraser_tagged/af3_nov21/103RECNX","RCNX0043.JPG","Snowshoe hare",1,"Species|Snowshoe hare"
"af3","Snowshoe hare",2025-07-27 23:09:41,2025-07-28,"23:09:41",513556,8559.3,142.7,5.9,"E:/alexfraser_tagged/af3_nov21/103RECNX","RCNX0113.JPG","Snowshoe hare",1,"Species|Snowshoe hare"
"af3","Snowshoe hare",2025-07-28 01:58:47,2025-07-28,"01:58:47",10146,169.1,2.8,0.1,"E:/alexfraser_tagged/af3_nov21/103RECNX","RCNX0115.JPG","Snowshoe hare",4,"Species|Snowshoe hare"
"af3","Snowshoe hare",2025-07-29 22:39:47,2025-07-30,"22:39:47",160857,2680.9,44.7,1.9,"E:/alexfraser_tagged/af3_nov21/103RECNX","RCNX0220.JPG","Snowshoe hare",2,"Species|Snowshoe hare"
"af3","Snowshoe hare",2025-07-30 23:37:32,2025-07-31,"23:37:32",89859,1497.7,25,1,"E:/alexfraser_tagged/af3_nov21/103RECNX","RCNX0313.JPG","Snowshoe hare",2,"Species|Snowshoe hare"
"af3","Snowshoe hare",2025-08-01 04:26:06,2025-08-01,"04:26:06",103713,1728.6,28.8,1.2,"E:/alexfraser_tagged/af3_nov21/103RECNX","RCNX0315.JPG","Snowshoe hare",2,"Species|Snowshoe hare"
"af3","Snowshoe hare",2025-08-04 00:16:56,2025-08-04,"00:16:56",244249,4070.8,67.8,2.8,"E:/alexfraser_tagged/af3_nov21/103RECNX","RCNX0328.JPG","Snowshoe hare",1,"Species|Snowshoe hare"
"af3","Snowshoe hare",2025-08-06 22:39:33,2025-08-07,"22:39:33",253357,4222.6,70.4,2.9,"E:/alexfraser_tagged/af3_nov21/103RECNX","RCNX0420.JPG","Snowshoe hare",1,"Species|Snowshoe hare"
"af3","Snowshoe hare",2025-08-07 21:50:23,2025-08-08,"21:50:23",83450,1390.8,23.2,1,"E:/alexfraser_tagged/af3_nov21/103RECNX","RCNX0421.JPG","Snowshoe hare",1,"Species|Snowshoe hare"
"af3","Snowshoe hare",2025-08-07 23:11:18,2025-08-08,"23:11:18",4855,80.9,1.3,0.1,"E:/alexfraser_tagged/af3_nov21/103RECNX","RCNX0422.JPG","Snowshoe hare",2,"Species|Snowshoe hare"
"af3","Snowshoe hare",2025-08-08 22:56:08,2025-08-09,"22:56:08",85488,1424.8,23.7,1,"E:/alexfraser_tagged/af3_nov21/103RECNX","RCNX0425.JPG","Snowshoe hare",2,"Species|Snowshoe hare"
"af3","Snowshoe hare",2025-08-09 01:12:54,2025-08-09,"01:12:54",8203,136.7,2.3,0.1,"E:/alexfraser_tagged/af3_nov21/103RECNX","RCNX0427.JPG","Snowshoe hare",2,"Species|Snowshoe hare"
"af3","Snowshoe hare",2025-08-09 22:26:30,2025-08-10,"22:26:30",76415,1273.6,21.2,0.9,"E:/alexfraser_tagged/af3_nov21/103RECNX","RCNX0429.JPG","Snowshoe hare",1,"Species|Snowshoe hare"
"af3","Snowshoe hare",2025-08-11 22:44:47,2025-08-12,"22:44:47",173897,2898.3,48.3,2,"E:/alexfraser_tagged/af3_nov21/103RECNX","RCNX0445.JPG","Snowshoe hare",2,"Species|Snowshoe hare"
"af3","Snowshoe hare",2025-08-11 22:58:21,2025-08-12,"22:58:21",813,13.6,0.2,0,"E:/alexfraser_tagged/af3_nov21/103RECNX","RCNX0447.JPG","Snowshoe hare",2,"Species|Snowshoe hare"
"af3","Snowshoe hare",2025-08-12 22:07:28,2025-08-13,"22:07:28",83345,1389.1,23.2,1,"E:/alexfraser_tagged/af3_nov21/103RECNX","RCNX0451.JPG","Snowshoe hare",1,"Species|Snowshoe hare"
"af3","Snowshoe hare",2025-08-14 22:11:56,2025-08-15,"22:11:56",173068,2884.5,48.1,2,"E:/alexfraser_tagged/af3_nov21/103RECNX","RCNX0493.JPG","Snowshoe hare",1,"Species|Snowshoe hare"
"af3","Snowshoe hare",2025-08-16 22:13:22,2025-08-17,"22:13:22",172886,2881.4,48,2,"E:/alexfraser_tagged/af3_nov21/103RECNX","RCNX0494.JPG","Snowshoe hare",1,"Species|Snowshoe hare"
"af3","Snowshoe hare",2025-08-17 22:10:10,2025-08-18,"22:10:10",86208,1436.8,23.9,1,"E:/alexfraser_tagged/af3_nov21/103RECNX","RCNX0496.JPG","Snowshoe hare",1,"Species|Snowshoe hare"
"af3","Snowshoe hare",2025-08-19 22:14:48,2025-08-20,"22:14:48",173078,2884.6,48.1,2,"E:/alexfraser_tagged/af3_nov21/103RECNX","RCNX0680.JPG","Snowshoe hare",1,"Species|Snowshoe hare"
"af3","Snowshoe hare",2025-08-19 23:03:26,2025-08-20,"23:03:26",2918,48.6,0.8,0,"E:/alexfraser_tagged/af3_nov21/103RECNX","RCNX0681.JPG","Snowshoe hare",5,"Species|Snowshoe hare"
"af3","Snowshoe hare",2025-08-19 23:13:40,2025-08-20,"23:13:40",328,5.5,0.1,0,"E:/alexfraser_tagged/af3_nov21/103RECNX","RCNX0686.JPG","Snowshoe hare",2,"Species|Snowshoe hare"
"af3","Snowshoe hare",2025-08-19 23:28:16,2025-08-20,"23:28:16",868,14.5,0.2,0,"E:/alexfraser_tagged/af3_nov21/103RECNX","RCNX0688.JPG","Snowshoe hare",1,"Species|Snowshoe hare"
"af3","Snowshoe hare",2025-08-19 23:36:43,2025-08-20,"23:36:43",507,8.4,0.1,0,"E:/alexfraser_tagged/af3_nov21/103RECNX","RCNX0689.JPG","Snowshoe hare",1,"Species|Snowshoe hare"
"af3","Snowshoe hare",2025-08-19 23:46:51,2025-08-20,"23:46:51",608,10.1,0.2,0,"E:/alexfraser_tagged/af3_nov21/103RECNX","RCNX0690.JPG","Snowshoe hare",1,"Species|Snowshoe hare"
"af3","Snowshoe hare",2025-08-20 00:03:55,2025-08-20,"00:03:55",1024,17.1,0.3,0,"E:/alexfraser_tagged/af3_nov21/103RECNX","RCNX0691.JPG","Snowshoe hare",1,"Species|Snowshoe hare"
"af3","Snowshoe hare",2025-08-20 23:19:03,2025-08-21,"23:19:03",83708,1395.1,23.3,1,"E:/alexfraser_tagged/af3_nov21/103RECNX","RCNX0692.JPG","Snowshoe hare",2,"Species|Snowshoe hare"
"af3","Snowshoe hare",2025-08-21 23:10:10,2025-08-22,"23:10:10",85864,1431.1,23.9,1,"E:/alexfraser_tagged/af3_nov21/103RECNX","RCNX0698.JPG","Snowshoe hare",1,"Species|Snowshoe hare"
"af3","Snowshoe hare",2025-08-22 01:09:13,2025-08-22,"01:09:13",7143,119,2,0.1,"E:/alexfraser_tagged/af3_nov21/103RECNX","RCNX0699.JPG","Snowshoe hare",1,"Species|Snowshoe hare"
"af3","Snowshoe hare",2025-08-22 22:13:53,2025-08-23,"22:13:53",75880,1264.7,21.1,0.9,"E:/alexfraser_tagged/af3_nov21/103RECNX","RCNX0700.JPG","Snowshoe hare",2,"Species|Snowshoe hare"
"af3","Snowshoe hare",2025-08-23 02:04:54,2025-08-23,"02:04:54",13854,230.9,3.8,0.2,"E:/alexfraser_tagged/af3_nov21/103RECNX","RCNX0702.JPG","Snowshoe hare",4,"Species|Snowshoe hare"
"af3","Snowshoe hare",2025-08-23 22:53:49,2025-08-24,"22:53:49",74866,1247.8,20.8,0.9,"E:/alexfraser_tagged/af3_nov21/103RECNX","RCNX0706.JPG","Snowshoe hare",2,"Species|Snowshoe hare"
"af3","Snowshoe hare",2025-08-24 04:02:18,2025-08-24,"04:02:18",18507,308.4,5.1,0.2,"E:/alexfraser_tagged/af3_nov21/103RECNX","RCNX0709.JPG","Snowshoe hare",1,"Species|Snowshoe hare"
"af3","Snowshoe hare",2025-08-30 01:07:00,2025-08-30,"01:07:00",507882,8464.7,141.1,5.9,"E:/alexfraser_tagged/af3_nov21/103RECNX","RCNX0718.JPG","Snowshoe hare",2,"Species|Snowshoe hare"
"af3","Snowshoe hare",2025-09-14 22:40:33,2025-09-15,"22:40:33",1373612,22893.5,381.6,15.9,"E:/alexfraser_tagged/af3_nov21/103RECNX","RCNX1116.JPG","Snowshoe hare",5,"Species|Snowshoe hare"
"af3","Snowshoe hare",2025-09-16 21:19:25,2025-09-17,"21:19:25",167914,2798.6,46.6,1.9,"E:/alexfraser_tagged/af3_nov21/103RECNX","RCNX1187.JPG","Snowshoe hare",1,"Species|Snowshoe hare"
"af3","Snowshoe hare",2025-09-17 22:04:30,2025-09-18,"22:04:30",89105,1485.1,24.8,1,"E:/alexfraser_tagged/af3_nov21/103RECNX","RCNX1190.JPG","Snowshoe hare",1,"Species|Snowshoe hare"
"af3","Snowshoe hare",2025-09-22 21:34:36,2025-09-23,"21:34:36",430206,7170.1,119.5,5,"E:/alexfraser_tagged/af3_nov21/103RECNX","RCNX1263.JPG","Snowshoe hare",2,"Species|Snowshoe hare"
"af3","Snowshoe hare",2025-09-22 22:58:01,2025-09-23,"22:58:01",5003,83.4,1.4,0.1,"E:/alexfraser_tagged/af3_nov21/103RECNX","RCNX1265.JPG","Snowshoe hare",2,"Species|Snowshoe hare"
"af3","Snowshoe hare",2025-09-23 20:39:47,2025-09-24,"20:39:47",78104,1301.7,21.7,0.9,"E:/alexfraser_tagged/af3_nov21/103RECNX","RCNX1267.JPG","Snowshoe hare",1,"Species|Snowshoe hare"
"af3","Snowshoe hare",2025-09-24 20:38:25,2025-09-25,"20:38:25",86318,1438.6,24,1,"E:/alexfraser_tagged/af3_nov21/103RECNX","RCNX1268.JPG","Snowshoe hare",4,"Species|Snowshoe hare"
"af3","Snowshoe hare",2025-09-24 23:49:45,2025-09-25,"23:49:45",11233,187.2,3.1,0.1,"E:/alexfraser_tagged/af3_nov21/103RECNX","RCNX1272.JPG","Snowshoe hare",2,"Species|Snowshoe hare"
"af3","Snowshoe hare",2025-09-25 22:29:27,2025-09-26,"22:29:27",81581,1359.7,22.7,0.9,"E:/alexfraser_tagged/af3_nov21/103RECNX","RCNX1274.JPG","Snowshoe hare",2,"Species|Snowshoe hare"
"af3","Snowshoe hare",2025-09-26 22:05:40,2025-09-27,"22:05:40",84971,1416.2,23.6,1,"E:/alexfraser_tagged/af3_nov21/103RECNX","RCNX1276.JPG","Snowshoe hare",2,"Species|Snowshoe hare"
"af3","Snowshoe hare",2025-09-29 20:07:58,2025-09-30,"20:07:58",252137,4202.3,70,2.9,"E:/alexfraser_tagged/af3_nov21/103RECNX","RCNX1280.JPG","Snowshoe hare",2,"Species|Snowshoe hare"
"af3","Snowshoe hare",2025-10-11 02:53:46,2025-10-11,"02:53:46",974745,16245.8,270.8,11.3,"E:/alexfraser_tagged/af3_nov21/103RECNX","RCNX1282.JPG","Snowshoe hare",5,"Species|Snowshoe hare"
"af3","Unknown",2025-07-30 22:27:08,2025-07-31,"22:27:08",0,0,0,0,"E:/alexfraser_tagged/af3_nov21/103RECNX","RCNX0310.JPG","Unknown",3,"Species|Unknown"
"af4","Black bear",2025-08-21 10:59:24,2025-08-21,"10:59:24",0,0,0,0,"E:/alexfraser_tagged/af4_nov2/103RECNX","RCNX0204.JPG","Black bear",1,"Species|Black bear"
"af4","Black bear",2025-08-25 11:37:51,2025-08-25,"11:37:51",347907,5798.4,96.6,4,"E:/alexfraser_tagged/af4_nov2/103RECNX","RCNX0205.JPG","Black bear",15,"Species|Black bear"
"af4","Black bear",2025-10-02 17:40:54,2025-10-03,"17:40:54",3304912,55081.9,918,38.2,"E:/alexfraser_tagged/af4_nov2/103RECNX","RCNX0271.JPG","Black bear",6,"Species|Black bear"
"af4","Cattle",2025-08-05 16:51:36,2025-08-05,"16:51:36",0,0,0,0,"E:/alexfraser_tagged/af4_nov2/103RECNX","RCNX0004.JPG","Cattle",6,"Species|Cattle"
"af4","Chipmunk",2025-10-06 11:45:48,2025-10-06,"11:45:48",0,0,0,0,"E:/alexfraser_tagged/af4_nov2/103RECNX","RCNX0277.JPG","Chipmunk",3,"Species|Chipmunk"
"af4","Mule deer",2025-09-09 00:35:13,2025-09-09,"00:35:13",0,0,0,0,"E:/alexfraser_tagged/af4_nov2/103RECNX","RCNX0226.JPG","Mule deer",9,"Species|Mule deer"
"af4","Nothing",2025-08-05 08:30:09,2025-08-05,"08:30:09",0,0,0,0,"E:/alexfraser_tagged/af4_nov2/103RECNX","RCNX0001.JPG","Nothing",3,"Species|Nothing"
"af4","Nothing",2025-08-08 11:41:20,2025-08-08,"11:41:20",270669,4511.1,75.2,3.1,"E:/alexfraser_tagged/af4_nov2/103RECNX","RCNX0010.JPG","Nothing",3,"Species|Nothing"
"af4","Nothing",2025-08-10 12:42:29,2025-08-10,"12:42:29",176467,2941.1,49,2,"E:/alexfraser_tagged/af4_nov2/103RECNX","RCNX0013.JPG","Nothing",3,"Species|Nothing"
"af4","Nothing",2025-08-10 13:10:51,2025-08-10,"13:10:51",1700,28.3,0.5,0,"E:/alexfraser_tagged/af4_nov2/103RECNX","RCNX0016.JPG","Nothing",9,"Species|Nothing"
"af4","Nothing",2025-08-10 13:32:48,2025-08-10,"13:32:48",1239,20.6,0.3,0,"E:/alexfraser_tagged/af4_nov2/103RECNX","RCNX0025.JPG","Nothing",6,"Species|Nothing"
"af4","Nothing",2025-08-10 13:39:22,2025-08-10,"13:39:22",315,5.2,0.1,0,"E:/alexfraser_tagged/af4_nov2/103RECNX","RCNX0031.JPG","Nothing",3,"Species|Nothing"
"af4","Nothing",2025-08-10 13:51:53,2025-08-10,"13:51:53",749,12.5,0.2,0,"E:/alexfraser_tagged/af4_nov2/103RECNX","RCNX0034.JPG","Nothing",3,"Species|Nothing"
"af4","Nothing",2025-08-10 14:22:36,2025-08-10,"14:22:36",1841,30.7,0.5,0,"E:/alexfraser_tagged/af4_nov2/103RECNX","RCNX0037.JPG","Nothing",3,"Species|Nothing"
"af4","Nothing",2025-08-11 09:08:26,2025-08-11,"09:08:26",67548,1125.8,18.8,0.8,"E:/alexfraser_tagged/af4_nov2/103RECNX","RCNX0040.JPG","Nothing",3,"Species|Nothing"
"af4","Nothing",2025-08-11 09:56:41,2025-08-11,"09:56:41",2893,48.2,0.8,0,"E:/alexfraser_tagged/af4_nov2/103RECNX","RCNX0043.JPG","Nothing",3,"Species|Nothing"
"af4","Nothing",2025-08-11 11:43:30,2025-08-11,"11:43:30",6407,106.8,1.8,0.1,"E:/alexfraser_tagged/af4_nov2/103RECNX","RCNX0046.JPG","Nothing",6,"Species|Nothing"
"af4","Nothing",2025-08-11 11:51:22,2025-08-11,"11:51:22",444,7.4,0.1,0,"E:/alexfraser_tagged/af4_nov2/103RECNX","RCNX0052.JPG","Nothing",3,"Species|Nothing"
"af4","Nothing",2025-08-11 11:58:37,2025-08-11,"11:58:37",433,7.2,0.1,0,"E:/alexfraser_tagged/af4_nov2/103RECNX","RCNX0055.JPG","Nothing",9,"Species|Nothing"
"af4","Nothing",2025-08-11 12:11:20,2025-08-11,"12:11:20",651,10.8,0.2,0,"E:/alexfraser_tagged/af4_nov2/103RECNX","RCNX0064.JPG","Nothing",3,"Species|Nothing"
"af4","Nothing",2025-08-11 12:21:22,2025-08-11,"12:21:22",600,10,0.2,0,"E:/alexfraser_tagged/af4_nov2/103RECNX","RCNX0067.JPG","Nothing",3,"Species|Nothing"
"af4","Nothing",2025-08-11 12:58:34,2025-08-11,"12:58:34",2230,37.2,0.6,0,"E:/alexfraser_tagged/af4_nov2/103RECNX","RCNX0070.JPG","Nothing",3,"Species|Nothing"
"af4","Nothing",2025-08-11 13:31:16,2025-08-11,"13:31:16",1960,32.7,0.5,0,"E:/alexfraser_tagged/af4_nov2/103RECNX","RCNX0073.JPG","Nothing",6,"Species|Nothing"
"af4","Nothing",2025-08-11 14:12:47,2025-08-11,"14:12:47",2422,40.4,0.7,0,"E:/alexfraser_tagged/af4_nov2/103RECNX","RCNX0079.JPG","Nothing",3,"Species|Nothing"
"af4","Nothing",2025-08-13 11:12:56,2025-08-13,"11:12:56",162007,2700.1,45,1.9,"E:/alexfraser_tagged/af4_nov2/103RECNX","RCNX0082.JPG","Nothing",3,"Species|Nothing"
"af4","Nothing",2025-08-13 11:27:48,2025-08-13,"11:27:48",890,14.8,0.2,0,"E:/alexfraser_tagged/af4_nov2/103RECNX","RCNX0085.JPG","Nothing",12,"Species|Nothing"
"af4","Nothing",2025-08-13 11:42:03,2025-08-13,"11:42:03",556,9.3,0.2,0,"E:/alexfraser_tagged/af4_nov2/103RECNX","RCNX0097.JPG","Nothing",12,"Species|Nothing"
"af4","Nothing",2025-08-13 11:49:27,2025-08-13,"11:49:27",315,5.2,0.1,0,"E:/alexfraser_tagged/af4_nov2/103RECNX","RCNX0109.JPG","Nothing",6,"Species|Nothing"
"af4","Nothing",2025-08-13 11:55:58,2025-08-13,"11:55:58",345,5.8,0.1,0,"E:/alexfraser_tagged/af4_nov2/103RECNX","RCNX0115.JPG","Nothing",6,"Species|Nothing"
"af4","Nothing",2025-08-13 12:15:31,2025-08-13,"12:15:31",978,16.3,0.3,0,"E:/alexfraser_tagged/af4_nov2/103RECNX","RCNX0121.JPG","Nothing",3,"Species|Nothing"
"af4","Nothing",2025-08-13 12:21:57,2025-08-13,"12:21:57",384,6.4,0.1,0,"E:/alexfraser_tagged/af4_nov2/103RECNX","RCNX0124.JPG","Nothing",3,"Species|Nothing"
"af4","Nothing",2025-08-13 12:31:17,2025-08-13,"12:31:17",558,9.3,0.2,0,"E:/alexfraser_tagged/af4_nov2/103RECNX","RCNX0127.JPG","Nothing",12,"Species|Nothing"
"af4","Nothing",2025-08-13 12:55:26,2025-08-13,"12:55:26",1135,18.9,0.3,0,"E:/alexfraser_tagged/af4_nov2/103RECNX","RCNX0139.JPG","Nothing",3,"Species|Nothing"
"af4","Nothing",2025-08-13 13:11:36,2025-08-13,"13:11:36",968,16.1,0.3,0,"E:/alexfraser_tagged/af4_nov2/103RECNX","RCNX0142.JPG","Nothing",6,"Species|Nothing"
"af4","Nothing",2025-08-13 13:18:52,2025-08-13,"13:18:52",353,5.9,0.1,0,"E:/alexfraser_tagged/af4_nov2/103RECNX","RCNX0148.JPG","Nothing",12,"Species|Nothing"
"af4","Nothing",2025-08-13 13:56:57,2025-08-13,"13:56:57",2018,33.6,0.6,0,"E:/alexfraser_tagged/af4_nov2/103RECNX","RCNX0160.JPG","Nothing",6,"Species|Nothing"
"af4","Nothing",2025-08-13 14:58:42,2025-08-13,"14:58:42",3577,59.6,1,0,"E:/alexfraser_tagged/af4_nov2/103RECNX","RCNX0166.JPG","Nothing",3,"Species|Nothing"
"af4","Nothing",2025-08-13 15:41:20,2025-08-13,"15:41:20",2556,42.6,0.7,0,"E:/alexfraser_tagged/af4_nov2/103RECNX","RCNX0169.JPG","Nothing",3,"Species|Nothing"
"af4","Nothing",2025-08-13 16:34:55,2025-08-13,"16:34:55",3213,53.5,0.9,0,"E:/alexfraser_tagged/af4_nov2/103RECNX","RCNX0172.JPG","Nothing",3,"Species|Nothing"
"af4","Nothing",2025-08-16 13:34:54,2025-08-16,"13:34:54",248397,4140,69,2.9,"E:/alexfraser_tagged/af4_nov2/103RECNX","RCNX0175.JPG","Nothing",3,"Species|Nothing"
"af4","Nothing",2025-08-19 09:50:29,2025-08-19,"09:50:29",245733,4095.6,68.3,2.8,"E:/alexfraser_tagged/af4_nov2/103RECNX","RCNX0178.JPG","Nothing",3,"Species|Nothing"
"af4","Nothing",2025-08-19 10:16:43,2025-08-19,"10:16:43",1572,26.2,0.4,0,"E:/alexfraser_tagged/af4_nov2/103RECNX","RCNX0181.JPG","Nothing",3,"Species|Nothing"
"af4","Nothing",2025-08-19 10:40:23,2025-08-19,"10:40:23",1418,23.6,0.4,0,"E:/alexfraser_tagged/af4_nov2/103RECNX","RCNX0184.JPG","Nothing",3,"Species|Nothing"
"af4","Nothing",2025-08-19 10:46:30,2025-08-19,"10:46:30",365,6.1,0.1,0,"E:/alexfraser_tagged/af4_nov2/103RECNX","RCNX0187.JPG","Nothing",3,"Species|Nothing"
"af4","Nothing",2025-08-19 10:59:27,2025-08-19,"10:59:27",775,12.9,0.2,0,"E:/alexfraser_tagged/af4_nov2/103RECNX","RCNX0190.JPG","Nothing",3,"Species|Nothing"
"af4","Nothing",2025-08-20 08:24:57,2025-08-20,"08:24:57",77128,1285.5,21.4,0.9,"E:/alexfraser_tagged/af4_nov2/103RECNX","RCNX0193.JPG","Nothing",3,"Species|Nothing"
"af4","Nothing",2025-08-21 10:56:36,2025-08-21,"10:56:36",95497,1591.6,26.5,1.1,"E:/alexfraser_tagged/af4_nov2/103RECNX","RCNX0196.JPG","Nothing",8,"Species|Nothing"
"af4","Nothing",2025-08-28 15:17:20,2025-08-28,"15:17:20",620277,10338,172.3,7.2,"E:/alexfraser_tagged/af4_nov2/103RECNX","RCNX0220.JPG","Nothing",3,"Species|Nothing"
"af4","Nothing",2025-09-02 04:08:35,2025-09-02,"04:08:35",391873,6531.2,108.9,4.5,"E:/alexfraser_tagged/af4_nov2/103RECNX","RCNX0223.JPG","Nothing",3,"Species|Nothing"
"af4","Nothing",2025-09-13 11:39:34,2025-09-13,"11:39:34",977457,16291,271.5,11.3,"E:/alexfraser_tagged/af4_nov2/103RECNX","RCNX0235.JPG","Nothing",3,"Species|Nothing"
"af4","Nothing",2025-09-13 11:56:01,2025-09-13,"11:56:01",985,16.4,0.3,0,"E:/alexfraser_tagged/af4_nov2/103RECNX","RCNX0238.JPG","Nothing",3,"Species|Nothing"
"af4","Nothing",2025-09-13 12:55:37,2025-09-13,"12:55:37",3574,59.6,1,0,"E:/alexfraser_tagged/af4_nov2/103RECNX","RCNX0241.JPG","Nothing",3,"Species|Nothing"
"af4","Nothing",2025-09-16 09:40:43,2025-09-16,"09:40:43",247504,4125.1,68.8,2.9,"E:/alexfraser_tagged/af4_nov2/103RECNX","RCNX0244.JPG","Nothing",3,"Species|Nothing"
"af4","Nothing",2025-09-16 10:15:47,2025-09-16,"10:15:47",2102,35,0.6,0,"E:/alexfraser_tagged/af4_nov2/103RECNX","RCNX0247.JPG","Nothing",3,"Species|Nothing"
"af4","Nothing",2025-09-16 11:35:40,2025-09-16,"11:35:40",4791,79.8,1.3,0.1,"E:/alexfraser_tagged/af4_nov2/103RECNX","RCNX0250.JPG","Nothing",3,"Species|Nothing"
"af4","Nothing",2025-09-18 09:55:48,2025-09-18,"09:55:48",166806,2780.1,46.3,1.9,"E:/alexfraser_tagged/af4_nov2/103RECNX","RCNX0253.JPG","Nothing",3,"Species|Nothing"
"af4","Nothing",2025-09-18 11:49:26,2025-09-18,"11:49:26",6816,113.6,1.9,0.1,"E:/alexfraser_tagged/af4_nov2/103RECNX","RCNX0256.JPG","Nothing",3,"Species|Nothing"
"af4","Nothing",2025-09-18 12:04:32,2025-09-18,"12:04:32",904,15.1,0.3,0,"E:/alexfraser_tagged/af4_nov2/103RECNX","RCNX0259.JPG","Nothing",3,"Species|Nothing"
"af4","Nothing",2025-09-19 13:38:18,2025-09-19,"13:38:18",92024,1533.7,25.6,1.1,"E:/alexfraser_tagged/af4_nov2/103RECNX","RCNX0262.JPG","Nothing",3,"Species|Nothing"
"af4","Nothing",2025-10-01 10:51:38,2025-10-01,"10:51:38",1026798,17113.3,285.2,11.9,"E:/alexfraser_tagged/af4_nov2/103RECNX","RCNX0265.JPG","Nothing",3,"Species|Nothing"
"af4","Nothing",2025-10-01 11:02:31,2025-10-01,"11:02:31",651,10.8,0.2,0,"E:/alexfraser_tagged/af4_nov2/103RECNX","RCNX0268.JPG","Nothing",3,"Species|Nothing"
"af4","Nothing",2025-10-11 14:05:58,2025-10-11,"14:05:58",875005,14583.4,243.1,10.1,"E:/alexfraser_tagged/af4_nov2/103RECNX","RCNX0280.JPG","Nothing",3,"Species|Nothing"
"af4","Nothing",2025-10-11 14:12:54,2025-10-11,"14:12:54",414,6.9,0.1,0,"E:/alexfraser_tagged/af4_nov2/103RECNX","RCNX0283.JPG","Nothing",3,"Species|Nothing"
"af4","Nothing",2025-10-22 10:42:16,2025-10-22,"10:42:16",937760,15629.3,260.5,10.9,"E:/alexfraser_tagged/af4_nov2/103RECNX","RCNX0286.JPG","Nothing",6,"Species|Nothing"
"af4","Nothing",2025-10-22 11:18:48,2025-10-22,"11:18:48",2123,35.4,0.6,0,"E:/alexfraser_tagged/af4_nov2/103RECNX","RCNX0292.JPG","Nothing",3,"Species|Nothing"
"af4","Nothing",2025-11-01 12:26:52,2025-11-01,"12:26:52",868082,14468,241.1,10,"E:/alexfraser_tagged/af4_nov2/103RECNX","RCNX0295.JPG","Nothing",1,"Species|Nothing"
"af4","People",2025-08-05 08:04:33,2025-08-05,"08:04:33",0,0,0,0,"E:/alexfraser_tagged/af4_nov2/100RECNX","RCNX0001.JPG","People",14,"Species|People"
"af4","People",2025-08-05 08:16:35,2025-08-05,"08:16:35",432,7.2,0.1,0,"E:/alexfraser_tagged/af4_nov2/102RECNX","RCNX0001.JPG","People",6,"Species|People"
"af4","People",2025-11-01 12:26:54,2025-11-01,"12:26:54",7618200,126970,2116.2,88.2,"E:/alexfraser_tagged/af4_nov2/103RECNX","RCNX0296.JPG","People",2,"Species|People"
"af4","People",2025-11-01 12:32:21,2025-11-01,"12:32:21",326,5.4,0.1,0,"E:/alexfraser_tagged/af4_nov2/103RECNX","RCNX0298.JPG","People",3,"Species|People"
"af4","People",2025-11-01 12:57:23,2025-11-01,"12:57:23",1499,25,0.4,0,"E:/alexfraser_tagged/af4_nov2/103RECNX","RCNX0301.JPG","People",6,"Species|People"
"af4","People",2025-11-01 13:11:27,2025-11-01,"13:11:27",807,13.4,0.2,0,"E:/alexfraser_tagged/af4_nov2/103RECNX","RCNX0307.JPG","People",3,"Species|People"
"af4","People",2025-11-01 13:28:49,2025-11-01,"13:28:49",1040,17.3,0.3,0,"E:/alexfraser_tagged/af4_nov2/103RECNX","RCNX0310.JPG","People",12,"Species|People"
"af4","People",2025-11-01 14:01:14,2025-11-01,"14:01:14",1769,29.5,0.5,0,"E:/alexfraser_tagged/af4_nov2/103RECNX","RCNX0322.JPG","People",3,"Species|People"
"af4","People",2025-11-01 14:38:59,2025-11-01,"14:38:59",2263,37.7,0.6,0,"E:/alexfraser_tagged/af4_nov2/103RECNX","RCNX0325.JPG","People",3,"Species|People"
"af4","People",2025-11-01 15:28:52,2025-11-01,"15:28:52",2991,49.9,0.8,0,"E:/alexfraser_tagged/af4_nov2/103RECNX","RCNX0328.JPG","People",27,"Species|People"
"af4","People",2025-11-14 12:22:42,2025-11-14,"12:22:42",1115395,18589.9,309.8,12.9,"E:/alexfraser_tagged/af4_nov2/103RECNX","RCNX0355.JPG","People",3,"Species|People"
"af5","Bird",2025-08-06 10:11:38,2025-08-06,"10:11:38",0,0,0,0,"E:/alexfraser_tagged/af5_nov2/101RECNX","RCNX0004.JPG","Bird",3,"Species|Bird"
"af5","Bird",2025-08-06 15:14:46,2025-08-06,"15:14:46",17949,299.1,5,0.2,"E:/alexfraser_tagged/af5_nov2/101RECNX","RCNX0007.JPG","Bird",3,"Species|Bird"
"af5","Bird",2025-08-08 09:54:30,2025-08-08,"09:54:30",153554,2559.2,42.7,1.8,"E:/alexfraser_tagged/af5_nov2/101RECNX","RCNX0083.JPG","Bird",2,"Species|Bird"
"af5","Bird",2025-08-10 13:04:27,2025-08-10,"13:04:27",184169,3069.5,51.2,2.1,"E:/alexfraser_tagged/af5_nov2/101RECNX","RCNX0156.JPG","Bird",2,"Species|Bird"
"af5","Bird",2025-08-10 14:04:01,2025-08-10,"14:04:01",3552,59.2,1,0,"E:/alexfraser_tagged/af5_nov2/101RECNX","RCNX0159.JPG","Bird",1,"Species|Bird"
"af5","Bird",2025-08-10 14:17:02,2025-08-10,"14:17:02",781,13,0.2,0,"E:/alexfraser_tagged/af5_nov2/101RECNX","RCNX0160.JPG","Bird",4,"Species|Bird"
"af5","Bird",2025-08-11 08:28:21,2025-08-11,"08:28:21",65378,1089.6,18.2,0.8,"E:/alexfraser_tagged/af5_nov2/101RECNX","RCNX0164.JPG","Bird",3,"Species|Bird"
"af5","Bird",2025-08-12 09:58:58,2025-08-12,"09:58:58",91814,1530.2,25.5,1.1,"E:/alexfraser_tagged/af5_nov2/101RECNX","RCNX0215.JPG","Bird",1,"Species|Bird"
"af5","Bird",2025-08-17 06:37:58,2025-08-17,"06:37:58",419940,6999,116.7,4.9,"E:/alexfraser_tagged/af5_nov2/101RECNX","RCNX0275.JPG","Bird",1,"Species|Bird"
"af5","Bird",2025-08-17 16:05:22,2025-08-17,"16:05:22",34044,567.4,9.5,0.4,"E:/alexfraser_tagged/af5_nov2/101RECNX","RCNX0276.JPG","Bird",2,"Species|Bird"
"af5","Bird",2025-08-22 08:56:05,2025-08-22,"08:56:05",406242,6770.7,112.8,4.7,"E:/alexfraser_tagged/af5_nov2/101RECNX","RCNX0473.JPG","Bird",2,"Species|Bird"
"af5","Bird",2025-08-22 11:18:14,2025-08-22,"11:18:14",8521,142,2.4,0.1,"E:/alexfraser_tagged/af5_nov2/101RECNX","RCNX0497.JPG","Bird",1,"Species|Bird"
"af5","Bird",2025-08-22 16:18:07,2025-08-22,"16:18:07",17993,299.9,5,0.2,"E:/alexfraser_tagged/af5_nov2/101RECNX","RCNX0500.JPG","Bird",2,"Species|Bird"
"af5","Bird",2025-08-22 18:13:38,2025-08-23,"18:13:38",6889,114.8,1.9,0.1,"E:/alexfraser_tagged/af5_nov2/101RECNX","RCNX0504.JPG","Bird",1,"Species|Bird"
"af5","Bird",2025-08-23 16:16:43,2025-08-23,"16:16:43",79385,1323.1,22.1,0.9,"E:/alexfraser_tagged/af5_nov2/101RECNX","RCNX0520.JPG","Bird",1,"Species|Bird"
"af5","Bird",2025-08-25 13:32:46,2025-08-25,"13:32:46",162963,2716.1,45.3,1.9,"E:/alexfraser_tagged/af5_nov2/101RECNX","RCNX0578.JPG","Snowshoe hare_&_Bird",3,"Species|Snowshoe hare, Species|Bird"
"af5","Bird",2025-08-26 14:24:51,2025-08-26,"14:24:51",89520,1492,24.9,1,"E:/alexfraser_tagged/af5_nov2/101RECNX","RCNX0587.JPG","Bird",1,"Species|Bird"
"af5","Bird",2025-09-01 13:24:39,2025-09-01,"13:24:39",514788,8579.8,143,6,"E:/alexfraser_tagged/af5_nov2/101RECNX","RCNX0654.JPG","Bird",2,"Species|Bird"
"af5","Bird",2025-09-02 11:39:57,2025-09-02,"11:39:57",80117,1335.3,22.3,0.9,"E:/alexfraser_tagged/af5_nov2/101RECNX","RCNX0664.JPG","Bird",1,"Species|Bird"
"af5","Bird",2025-09-09 11:45:56,2025-09-09,"11:45:56",605159,10086,168.1,7,"E:/alexfraser_tagged/af5_nov2/101RECNX","RCNX0701.JPG","Bird",2,"Species|Bird"
"af5","Bird",2025-09-16 12:57:29,2025-09-16,"12:57:29",609085,10151.4,169.2,7,"E:/alexfraser_tagged/af5_nov2/101RECNX","RCNX0823.JPG","Bird",1,"Species|Bird"
"af5","Bird",2025-09-19 12:06:23,2025-09-19,"12:06:23",256134,4268.9,71.1,3,"E:/alexfraser_tagged/af5_nov2/101RECNX","RCNX0835.JPG","Bird",3,"Species|Bird"
"af5","Bird",2025-09-19 13:10:21,2025-09-19,"13:10:21",3829,63.8,1.1,0,"E:/alexfraser_tagged/af5_nov2/101RECNX","RCNX0838.JPG","Bird",2,"Species|Bird"
"af5","Bird",2025-10-21 07:21:43,2025-10-21,"07:21:43",2743829,45730.5,762.2,31.8,"E:/alexfraser_tagged/af5_nov2/101RECNX","RCNX1430.JPG","Bird",2,"Species|Bird"
"af5","Bird",2025-10-22 17:24:17,2025-10-23,"17:24:17",122552,2042.5,34,1.4,"E:/alexfraser_tagged/af5_nov2/101RECNX","RCNX1435.JPG","Bird",6,"Species|Bird"
"af5","Black bear",2025-08-09 11:39:02,2025-08-09,"11:39:02",0,0,0,0,"E:/alexfraser_tagged/af5_nov2/101RECNX","RCNX0085.JPG","Black bear",63,"Species|Black bear"
"af5","Black bear",2025-08-18 15:57:10,2025-08-18,"15:57:10",792988,13216.5,220.3,9.2,"E:/alexfraser_tagged/af5_nov2/101RECNX","RCNX0375.JPG","Black bear",74,"Species|Black bear"
"af5","Black bear",2025-08-19 21:18:19,2025-08-20,"21:18:19",105380,1756.3,29.3,1.2,"E:/alexfraser_tagged/af5_nov2/101RECNX","RCNX0452.JPG","Black bear",4,"Species|Black bear"
"af5","Black bear",2025-09-19 14:29:00,2025-09-19,"14:29:00",2653837,44230.6,737.2,30.7,"E:/alexfraser_tagged/af5_nov2/101RECNX","RCNX0840.JPG","Black bear",54,"Species|Black bear"
"af5","Black bear",2025-09-28 13:40:56,2025-09-28,"13:40:56",774581,12909.7,215.2,9,"E:/alexfraser_tagged/af5_nov2/101RECNX","RCNX0932.JPG","Black bear",12,"Species|Black bear"
"af5","Coyote",2025-08-23 15:24:29,2025-08-23,"15:24:29",0,0,0,0,"E:/alexfraser_tagged/af5_nov2/101RECNX","RCNX0516.JPG","Coyote",2,"Species|Coyote"
"af5","Coyote",2025-08-31 08:47:16,2025-08-31,"08:47:16",667365,11122.8,185.4,7.7,"E:/alexfraser_tagged/af5_nov2/101RECNX","RCNX0645.JPG","Coyote",1,"Species|Coyote"
"af5","Coyote",2025-09-11 15:54:13,2025-09-11,"15:54:13",976017,16267,271.1,11.3,"E:/alexfraser_tagged/af5_nov2/101RECNX","RCNX0720.JPG","Coyote",1,"Species|Coyote"
"af5","Moose",2025-10-13 16:49:21,2025-10-13,"16:49:21",0,0,0,0,"E:/alexfraser_tagged/af5_nov2/101RECNX","RCNX1284.JPG","Moose",1,"Species|Moose"
"af5","Mule deer",2025-08-07 17:22:13,2025-08-08,"17:22:13",0,0,0,0,"E:/alexfraser_tagged/af5_nov2/101RECNX","RCNX0010.JPG","Mule deer",40,"Species|Mule deer"
"af5","Mule deer",2025-08-08 00:18:04,2025-08-08,"00:18:04",24875,414.6,6.9,0.3,"E:/alexfraser_tagged/af5_nov2/101RECNX","RCNX0054.JPG","Mule deer",26,"Species|Mule deer"
"af5","Mule deer",2025-08-17 20:11:27,2025-08-18,"20:11:27",849128,14152.1,235.9,9.8,"E:/alexfraser_tagged/af5_nov2/101RECNX","RCNX0278.JPG","Mule deer",10,"Species|Mule deer"
"af5","Mule deer",2025-08-18 08:18:50,2025-08-18,"08:18:50",43628,727.1,12.1,0.5,"E:/alexfraser_tagged/af5_nov2/101RECNX","RCNX0293.JPG","Mule deer",73,"Species|Mule deer"
"af5","Mule deer",2025-08-22 10:18:36,2025-08-22,"10:18:36",352633,5877.2,98,4.1,"E:/alexfraser_tagged/af5_nov2/101RECNX","RCNX0475.JPG","Mule deer",18,"Species|Mule deer"
"af5","Mule deer",2025-09-13 06:34:09,2025-09-13,"06:34:09",1887287,31454.8,524.2,21.8,"E:/alexfraser_tagged/af5_nov2/101RECNX","RCNX0738.JPG","Mule deer",70,"Species|Mule deer"
"af5","Mule deer",2025-09-26 09:32:42,2025-09-26,"09:32:42",1133782,18896.4,314.9,13.1,"E:/alexfraser_tagged/af5_nov2/101RECNX","RCNX0913.JPG","Mule deer",14,"Species|Mule deer"
"af5","Mule deer",2025-10-02 05:39:32,2025-10-02,"05:39:32",504385,8406.4,140.1,5.8,"E:/alexfraser_tagged/af5_nov2/101RECNX","RCNX0959.JPG","Mule deer",26,"Species|Mule deer"
"af5","Mule deer",2025-10-02 07:23:07,2025-10-02,"07:23:07",6176,102.9,1.7,0.1,"E:/alexfraser_tagged/af5_nov2/101RECNX","RCNX0986.JPG","Mule deer",20,"Species|Mule deer"
"af5","Mule deer",2025-10-02 12:51:33,2025-10-02,"12:51:33",19683,328,5.5,0.2,"E:/alexfraser_tagged/af5_nov2/101RECNX","RCNX1007.JPG","Mule deer",9,"Species|Mule deer"
"af5","Mule deer",2025-10-03 11:29:11,2025-10-03,"11:29:11",81448,1357.5,22.6,0.9,"E:/alexfraser_tagged/af5_nov2/101RECNX","RCNX1016.JPG","Mule deer",4,"Species|Mule deer"
"af5","Mule deer",2025-10-06 07:34:14,2025-10-06,"07:34:14",245100,4085,68.1,2.8,"E:/alexfraser_tagged/af5_nov2/101RECNX","RCNX1037.JPG","Mule deer",18,"Species|Mule deer"
"af5","Mule deer",2025-10-06 18:50:01,2025-10-07,"18:50:01",40514,675.2,11.3,0.5,"E:/alexfraser_tagged/af5_nov2/101RECNX","RCNX1059.JPG","Mule deer",11,"Species|Mule deer"
"af5","Mule deer",2025-10-10 23:25:03,2025-10-11,"23:25:03",362092,6034.9,100.6,4.2,"E:/alexfraser_tagged/af5_nov2/101RECNX","RCNX1104.JPG","Mule deer",129,"Species|Mule deer"
"af5","Mule deer",2025-10-15 19:35:08,2025-10-16,"19:35:08",417965,6966.1,116.1,4.8,"E:/alexfraser_tagged/af5_nov2/101RECNX","RCNX1292.JPG","Mule deer",8,"Species|Mule deer"
"af5","Mule deer",2025-10-16 05:51:02,2025-10-16,"05:51:02",36946,615.8,10.3,0.4,"E:/alexfraser_tagged/af5_nov2/101RECNX","RCNX1302.JPG","Mule deer",5,"Species|Mule deer"
"af5","Mule deer",2025-10-16 15:24:41,2025-10-16,"15:24:41",34401,573.4,9.6,0.4,"E:/alexfraser_tagged/af5_nov2/101RECNX","RCNX1307.JPG","Mule deer",5,"Species|Mule deer"
"af5","Mule deer",2025-10-16 15:49:36,2025-10-16,"15:49:36",1491,24.9,0.4,0,"E:/alexfraser_tagged/af5_nov2/101RECNX","RCNX1312.JPG","Mule deer",9,"Species|Mule deer"
"af5","Mule deer",2025-10-17 03:16:41,2025-10-17,"03:16:41",41211,686.9,11.4,0.5,"E:/alexfraser_tagged/af5_nov2/101RECNX","RCNX1322.JPG","Mule deer",4,"Species|Mule deer"
"af5","Mule deer",2025-10-18 06:25:10,2025-10-18,"06:25:10",97705,1628.4,27.1,1.1,"E:/alexfraser_tagged/af5_nov2/101RECNX","RCNX1335.JPG","Mule deer",9,"Species|Mule deer"
"af5","Mule deer",2025-10-18 07:09:23,2025-10-18,"07:09:23",2637,44,0.7,0,"E:/alexfraser_tagged/af5_nov2/101RECNX","RCNX1345.JPG","Mule deer",7,"Species|Mule deer"
"af5","Mule deer",2025-10-18 08:21:26,2025-10-18,"08:21:26",4315,71.9,1.2,0,"E:/alexfraser_tagged/af5_nov2/101RECNX","RCNX1352.JPG","Mule deer",13,"Species|Mule deer"
"af5","Mule deer",2025-10-19 09:22:40,2025-10-19,"09:22:40",90012,1500.2,25,1,"E:/alexfraser_tagged/af5_nov2/101RECNX","RCNX1374.JPG","Mule deer",13,"Species|Mule deer"
"af5","Mule deer",2025-10-20 16:06:07,2025-10-20,"16:06:07",110560,1842.7,30.7,1.3,"E:/alexfraser_tagged/af5_nov2/101RECNX","RCNX1407.JPG","Mule deer",16,"Species|Mule deer"
"af5","Mule deer",2025-10-26 18:22:45,2025-10-27,"18:22:45",526560,8776,146.3,6.1,"E:/alexfraser_tagged/af5_nov2/101RECNX","RCNX1477.JPG","Mule deer",2,"Species|Mule deer"
"af5","Mule deer",2025-10-31 07:59:15,2025-10-31,"07:59:15",394589,6576.5,109.6,4.6,"E:/alexfraser_tagged/af5_nov2/101RECNX","RCNX1506.JPG","Mule deer",9,"Species|Mule deer"
"af5","Mule deer",2025-11-01 03:33:00,2025-11-01,"03:33:00",70396,1173.3,19.6,0.8,"E:/alexfraser_tagged/af5_nov2/101RECNX","RCNX1515.JPG","Mule deer",104,"Species|Mule deer"
"af5","Mule deer",2025-11-01 07:45:28,2025-11-01,"07:45:28",14943,249.1,4.2,0.2,"E:/alexfraser_tagged/af5_nov2/101RECNX","RCNX1631.JPG","Mule deer",9,"Species|Mule deer"
"af5","Nothing",2025-08-10 14:03:55,2025-08-10,"14:03:55",0,0,0,0,"E:/alexfraser_tagged/af5_nov2/101RECNX","RCNX0158.JPG","Nothing",1,"Species|Nothing"
"af5","Nothing",2025-08-11 14:02:38,2025-08-11,"14:02:38",86323,1438.7,24,1,"E:/alexfraser_tagged/af5_nov2/101RECNX","RCNX0167.JPG","Nothing",2,"Species|Nothing"
"af5","Nothing",2025-08-11 14:10:35,2025-08-11,"14:10:35",467,7.8,0.1,0,"E:/alexfraser_tagged/af5_nov2/101RECNX","RCNX0169.JPG","Nothing",1,"Species|Nothing"
"af5","Nothing",2025-08-12 12:37:25,2025-08-12,"12:37:25",80810,1346.8,22.4,0.9,"E:/alexfraser_tagged/af5_nov2/101RECNX","RCNX0216.JPG","Nothing",1,"Species|Nothing"
"af5","Nothing",2025-08-13 08:27:32,2025-08-13,"08:27:32",71407,1190.1,19.8,0.8,"E:/alexfraser_tagged/af5_nov2/101RECNX","RCNX0231.JPG","Nothing",1,"Species|Nothing"
"af5","Nothing",2025-08-22 08:53:13,2025-08-22,"08:53:13",779141,12985.7,216.4,9,"E:/alexfraser_tagged/af5_nov2/101RECNX","RCNX0472.JPG","Nothing",1,"Species|Nothing"
"af5","Nothing",2025-08-22 14:12:37,2025-08-22,"14:12:37",19164,319.4,5.3,0.2,"E:/alexfraser_tagged/af5_nov2/101RECNX","RCNX0498.JPG","Nothing",1,"Species|Nothing"
"af5","Nothing",2025-08-22 16:07:53,2025-08-22,"16:07:53",6916,115.3,1.9,0.1,"E:/alexfraser_tagged/af5_nov2/101RECNX","RCNX0499.JPG","Nothing",1,"Species|Nothing"
"af5","Nothing",2025-08-22 16:29:49,2025-08-22,"16:29:49",1316,21.9,0.4,0,"E:/alexfraser_tagged/af5_nov2/101RECNX","RCNX0503.JPG","Nothing",1,"Species|Nothing"
"af5","Nothing",2025-08-23 15:24:31,2025-08-23,"15:24:31",82482,1374.7,22.9,1,"E:/alexfraser_tagged/af5_nov2/101RECNX","RCNX0518.JPG","Nothing",2,"Species|Nothing"
"af5","Nothing",2025-08-23 16:17:37,2025-08-23,"16:17:37",3185,53.1,0.9,0,"E:/alexfraser_tagged/af5_nov2/101RECNX","RCNX0521.JPG","Nothing",1,"Species|Nothing"
"af5","Nothing",2025-08-23 21:09:53,2025-08-24,"21:09:53",17536,292.3,4.9,0.2,"E:/alexfraser_tagged/af5_nov2/101RECNX","RCNX0526.JPG","Nothing",1,"Species|Nothing"
"af5","Nothing",2025-08-23 21:28:22,2025-08-24,"21:28:22",1109,18.5,0.3,0,"E:/alexfraser_tagged/af5_nov2/101RECNX","RCNX0527.JPG","Nothing",6,"Species|Nothing"
"af5","Nothing",2025-08-24 12:29:32,2025-08-24,"12:29:32",54038,900.6,15,0.6,"E:/alexfraser_tagged/af5_nov2/101RECNX","RCNX0554.JPG","Nothing",1,"Species|Nothing"
"af5","Nothing",2025-08-24 14:43:30,2025-08-24,"14:43:30",8038,134,2.2,0.1,"E:/alexfraser_tagged/af5_nov2/101RECNX","RCNX0555.JPG","Nothing",1,"Species|Nothing"
"af5","Nothing",2025-08-26 12:12:46,2025-08-26,"12:12:46",163756,2729.3,45.5,1.9,"E:/alexfraser_tagged/af5_nov2/101RECNX","RCNX0584.JPG","Nothing",1,"Species|Nothing"
"af5","Nothing",2025-08-26 12:41:38,2025-08-26,"12:41:38",1732,28.9,0.5,0,"E:/alexfraser_tagged/af5_nov2/101RECNX","RCNX0585.JPG","Nothing",1,"Species|Nothing"
"af5","Nothing",2025-08-26 14:24:48,2025-08-26,"14:24:48",6190,103.2,1.7,0.1,"E:/alexfraser_tagged/af5_nov2/101RECNX","RCNX0586.JPG","Nothing",1,"Species|Nothing"
"af5","Nothing",2025-08-27 14:26:44,2025-08-27,"14:26:44",86516,1441.9,24,1,"E:/alexfraser_tagged/af5_nov2/101RECNX","RCNX0602.JPG","Nothing",3,"Species|Nothing"
"af5","Nothing",2025-08-27 15:14:26,2025-08-27,"15:14:26",2790,46.5,0.8,0,"E:/alexfraser_tagged/af5_nov2/101RECNX","RCNX0605.JPG","Nothing",1,"Species|Nothing"
"af5","Nothing",2025-08-28 15:33:52,2025-08-28,"15:33:52",87566,1459.4,24.3,1,"E:/alexfraser_tagged/af5_nov2/101RECNX","RCNX0613.JPG","Nothing",1,"Species|Nothing"
"af5","Nothing",2025-08-29 14:02:24,2025-08-29,"14:02:24",80912,1348.5,22.5,0.9,"E:/alexfraser_tagged/af5_nov2/101RECNX","RCNX0631.JPG","Nothing",2,"Species|Nothing"
"af5","Nothing",2025-09-01 14:47:14,2025-09-01,"14:47:14",261889,4364.8,72.7,3,"E:/alexfraser_tagged/af5_nov2/101RECNX","RCNX0656.JPG","Nothing",1,"Species|Nothing"
"af5","Nothing",2025-10-09 06:58:30,2025-10-09,"06:58:30",3255076,54251.3,904.2,37.7,"E:/alexfraser_tagged/af5_nov2/101RECNX","RCNX1097.JPG","Nothing",2,"Species|Nothing"
"af5","Nothing",2025-10-10 11:40:59,2025-10-10,"11:40:59",103347,1722.4,28.7,1.2,"E:/alexfraser_tagged/af5_nov2/101RECNX","RCNX1103.JPG","Nothing",1,"Species|Nothing"
"af5","Nothing",2025-10-12 12:47:00,2025-10-12,"12:47:00",176761,2946,49.1,2,"E:/alexfraser_tagged/af5_nov2/101RECNX","RCNX1274.JPG","Nothing",4,"Species|Nothing"
"af5","Nothing",2025-10-12 18:21:11,2025-10-13,"18:21:11",20047,334.1,5.6,0.2,"E:/alexfraser_tagged/af5_nov2/101RECNX","RCNX1280.JPG","Nothing",1,"Species|Nothing"
"af5","Nothing",2025-10-13 16:49:25,2025-10-13,"16:49:25",80894,1348.2,22.5,0.9,"E:/alexfraser_tagged/af5_nov2/101RECNX","RCNX1285.JPG","Nothing",1,"Species|Nothing"
"af5","Nothing",2025-10-18 08:27:35,2025-10-18,"08:27:35",401890,6698.2,111.6,4.6,"E:/alexfraser_tagged/af5_nov2/101RECNX","RCNX1365.JPG","Nothing",1,"Species|Nothing"
"af5","People",2025-08-05 09:27:55,2025-08-05,"09:27:55",0,0,0,0,"E:/alexfraser_tagged/af5_nov2/100RECNX","RCNX0001.JPG","People",32,"Species|People"
"af5","People",2025-11-01 13:19:49,2025-11-01,"13:19:49",7617076,126951.3,2115.9,88.2,"E:/alexfraser_tagged/af5_nov2/101RECNX","RCNX1640.JPG","People",13,"Species|People"
"af5","People",2025-11-01 13:28:29,2025-11-01,"13:28:29",502,8.4,0.1,0,"E:/alexfraser_tagged/af5_nov2/101RECNX","RCNX1656.JPG","People",4,"Species|People"
"af5","People",2025-11-01 14:47:13,2025-11-01,"14:47:13",4698,78.3,1.3,0.1,"E:/alexfraser_tagged/af5_nov2/101RECNX","RCNX1660.JPG","People",6,"Species|People"
"af5","People",2025-11-01 15:08:01,2025-11-01,"15:08:01",1240,20.7,0.3,0,"E:/alexfraser_tagged/af5_nov2/101RECNX","RCNX1666.JPG","People",3,"Species|People"
"af5","People",2025-11-01 15:14:31,2025-11-01,"15:14:31",381,6.3,0.1,0,"E:/alexfraser_tagged/af5_nov2/101RECNX","RCNX1669.JPG","People",37,"Species|People"
"af5","People",2025-11-03 07:33:12,2025-11-03,"07:33:12",147662,2461,41,1.7,"E:/alexfraser_tagged/af5_nov2/101RECNX","RCNX1708.JPG","People",1,"Species|People"
"af5","People",2025-11-14 12:26:15,2025-11-14,"12:26:15",967983,16133,268.9,11.2,"E:/alexfraser_tagged/af5_nov2/101RECNX","RCNX1709.JPG","People",3,"Species|People"
"af5","Red squirrel",2025-08-31 08:02:34,2025-08-31,"08:02:34",0,0,0,0,"E:/alexfraser_tagged/af5_nov2/101RECNX","RCNX0644.JPG","Red squirrel",1,"Species|Red squirrel"
"af5","Red squirrel",2025-10-05 13:23:02,2025-10-05,"13:23:02",3043228,50720.5,845.3,35.2,"E:/alexfraser_tagged/af5_nov2/101RECNX","RCNX1034.JPG","Red squirrel",3,"Species|Red squirrel"
"af5","Red squirrel",2025-10-07 06:53:57,2025-10-07,"06:53:57",149451,2490.8,41.5,1.7,"E:/alexfraser_tagged/af5_nov2/101RECNX","RCNX1073.JPG","Red squirrel",1,"Species|Red squirrel"
"af5","Red squirrel",2025-10-09 06:58:27,2025-10-09,"06:58:27",173070,2884.5,48.1,2,"E:/alexfraser_tagged/af5_nov2/101RECNX","RCNX1094.JPG","Red squirrel",4,"Species|Red squirrel"
"af5","Red squirrel",2025-10-09 08:16:18,2025-10-09,"08:16:18",4655,77.6,1.3,0.1,"E:/alexfraser_tagged/af5_nov2/101RECNX","RCNX1100.JPG","Red squirrel",3,"Species|Red squirrel"
"af5","Red squirrel",2025-10-12 13:27:43,2025-10-12,"13:27:43",277848,4630.8,77.2,3.2,"E:/alexfraser_tagged/af5_nov2/101RECNX","RCNX1278.JPG","Red squirrel",2,"Species|Red squirrel"
"af5","Red squirrel",2025-10-13 16:38:10,2025-10-13,"16:38:10",97712,1628.5,27.1,1.1,"E:/alexfraser_tagged/af5_nov2/101RECNX","RCNX1281.JPG","Red squirrel",3,"Species|Red squirrel"
"af5","Red squirrel",2025-10-17 09:16:41,2025-10-17,"09:16:41",319102,5318.4,88.6,3.7,"E:/alexfraser_tagged/af5_nov2/101RECNX","RCNX1328.JPG","Red squirrel",2,"Species|Red squirrel"
"af5","Red squirrel",2025-10-17 13:53:43,2025-10-17,"13:53:43",16614,276.9,4.6,0.2,"E:/alexfraser_tagged/af5_nov2/101RECNX","RCNX1330.JPG","Red squirrel",1,"Species|Red squirrel"
"af5","Red squirrel",2025-10-17 16:37:11,2025-10-17,"16:37:11",9808,163.5,2.7,0.1,"E:/alexfraser_tagged/af5_nov2/101RECNX","RCNX1331.JPG","Red squirrel",1,"Species|Red squirrel"
"af5","Red squirrel",2025-10-18 15:12:42,2025-10-18,"15:12:42",81331,1355.5,22.6,0.9,"E:/alexfraser_tagged/af5_nov2/101RECNX","RCNX1366.JPG","Red squirrel",1,"Species|Red squirrel"
"af5","Red squirrel",2025-10-18 16:34:24,2025-10-18,"16:34:24",4902,81.7,1.4,0.1,"E:/alexfraser_tagged/af5_nov2/101RECNX","RCNX1367.JPG","Red squirrel",3,"Species|Red squirrel"
"af5","Red squirrel",2025-10-18 17:03:11,2025-10-19,"17:03:11",1724,28.7,0.5,0,"E:/alexfraser_tagged/af5_nov2/101RECNX","RCNX1370.JPG","Red squirrel",3,"Species|Red squirrel"
"af5","Red squirrel",2025-10-18 17:42:36,2025-10-19,"17:42:36",2363,39.4,0.7,0,"E:/alexfraser_tagged/af5_nov2/101RECNX","RCNX1373.JPG","Red squirrel",1,"Species|Red squirrel"
"af5","Red squirrel",2025-10-19 11:38:15,2025-10-19,"11:38:15",64539,1075.7,17.9,0.7,"E:/alexfraser_tagged/af5_nov2/101RECNX","RCNX1390.JPG","Red squirrel",1,"Species|Red squirrel"
"af5","Red squirrel",2025-10-19 16:34:41,2025-10-19,"16:34:41",17786,296.4,4.9,0.2,"E:/alexfraser_tagged/af5_nov2/101RECNX","RCNX1391.JPG","Red squirrel",1,"Species|Red squirrel"
"af5","Red squirrel",2025-10-22 12:45:05,2025-10-22,"12:45:05",245424,4090.4,68.2,2.8,"E:/alexfraser_tagged/af5_nov2/101RECNX","RCNX1433.JPG","Red squirrel",2,"Species|Red squirrel"
"af5","Red squirrel",2025-10-23 10:43:59,2025-10-23,"10:43:59",79132,1318.9,22,0.9,"E:/alexfraser_tagged/af5_nov2/101RECNX","RCNX1463.JPG","Red squirrel",1,"Species|Red squirrel"
"af5","Red squirrel",2025-10-23 11:53:51,2025-10-23,"11:53:51",4192,69.9,1.2,0,"E:/alexfraser_tagged/af5_nov2/101RECNX","RCNX1464.JPG","Red squirrel",1,"Species|Red squirrel"
"af5","Red squirrel",2025-10-23 14:46:36,2025-10-23,"14:46:36",10365,172.8,2.9,0.1,"E:/alexfraser_tagged/af5_nov2/101RECNX","RCNX1466.JPG","Red squirrel",2,"Species|Red squirrel"
"af5","Red squirrel",2025-10-25 07:43:12,2025-10-25,"07:43:12",147395,2456.6,40.9,1.7,"E:/alexfraser_tagged/af5_nov2/101RECNX","RCNX1473.JPG","Red squirrel",2,"Species|Red squirrel"
"af5","Snowshoe hare",2025-08-06 05:00:22,2025-08-06,"05:00:22",0,0,0,0,"E:/alexfraser_tagged/af5_nov2/101RECNX","RCNX0001.JPG","Snowshoe hare",3,"Species|Snowshoe hare"
"af5","Snowshoe hare",2025-08-09 16:36:10,2025-08-09,"16:36:10",300697,5011.6,83.5,3.5,"E:/alexfraser_tagged/af5_nov2/101RECNX","RCNX0150.JPG","Snowshoe hare",6,"Species|Snowshoe hare"
"af5","Snowshoe hare",2025-08-11 20:52:02,2025-08-12,"20:52:02",188114,3135.2,52.3,2.2,"E:/alexfraser_tagged/af5_nov2/101RECNX","RCNX0170.JPG","Snowshoe hare",12,"Species|Snowshoe hare"
"af5","Snowshoe hare",2025-08-11 20:58:47,2025-08-12,"20:58:47",327,5.4,0.1,0,"E:/alexfraser_tagged/af5_nov2/101RECNX","RCNX0182.JPG","Snowshoe hare",7,"Species|Snowshoe hare"
"af5","Snowshoe hare",2025-08-11 22:15:16,2025-08-12,"22:15:16",4545,75.8,1.3,0.1,"E:/alexfraser_tagged/af5_nov2/101RECNX","RCNX0189.JPG","Snowshoe hare",9,"Species|Snowshoe hare"
"af5","Snowshoe hare",2025-08-12 03:11:13,2025-08-12,"03:11:13",17741,295.7,4.9,0.2,"E:/alexfraser_tagged/af5_nov2/101RECNX","RCNX0198.JPG","Snowshoe hare",13,"Species|Snowshoe hare"
"af5","Snowshoe hare",2025-08-12 05:52:53,2025-08-12,"05:52:53",9611,160.2,2.7,0.1,"E:/alexfraser_tagged/af5_nov2/101RECNX","RCNX0212.JPG","Snowshoe hare",3,"Species|Snowshoe hare"
"af5","Snowshoe hare",2025-08-12 21:31:50,2025-08-13,"21:31:50",56306,938.4,15.6,0.7,"E:/alexfraser_tagged/af5_nov2/101RECNX","RCNX0217.JPG","Snowshoe hare",7,"Species|Snowshoe hare"
"af5","Snowshoe hare",2025-08-13 07:40:28,2025-08-13,"07:40:28",36504,608.4,10.1,0.4,"E:/alexfraser_tagged/af5_nov2/101RECNX","RCNX0224.JPG","Snowshoe hare",5,"Species|Snowshoe hare"
"af5","Snowshoe hare",2025-08-13 07:49:46,2025-08-13,"07:49:46",475,7.9,0.1,0,"E:/alexfraser_tagged/af5_nov2/101RECNX","RCNX0230.JPG","Snowshoe hare",1,"Species|Snowshoe hare"
"af5","Snowshoe hare",2025-08-13 20:58:21,2025-08-14,"20:58:21",47315,788.6,13.1,0.5,"E:/alexfraser_tagged/af5_nov2/101RECNX","RCNX0232.JPG","Snowshoe hare",1,"Species|Snowshoe hare"
"af5","Snowshoe hare",2025-08-13 21:04:49,2025-08-14,"21:04:49",388,6.5,0.1,0,"E:/alexfraser_tagged/af5_nov2/101RECNX","RCNX0233.JPG","Snowshoe hare",6,"Species|Snowshoe hare"
"af5","Snowshoe hare",2025-08-13 21:18:38,2025-08-14,"21:18:38",644,10.7,0.2,0,"E:/alexfraser_tagged/af5_nov2/101RECNX","RCNX0242.JPG","Snowshoe hare",3,"Species|Snowshoe hare"
"af5","Snowshoe hare",2025-08-13 21:51:31,2025-08-14,"21:51:31",1847,30.8,0.5,0,"E:/alexfraser_tagged/af5_nov2/101RECNX","RCNX0245.JPG","Snowshoe hare",5,"Species|Snowshoe hare"
"af5","Snowshoe hare",2025-08-14 06:07:30,2025-08-14,"06:07:30",29754,495.9,8.3,0.3,"E:/alexfraser_tagged/af5_nov2/101RECNX","RCNX0250.JPG","Snowshoe hare",2,"Species|Snowshoe hare"
"af5","Snowshoe hare",2025-08-14 18:28:30,2025-08-15,"18:28:30",44459,741,12.3,0.5,"E:/alexfraser_tagged/af5_nov2/101RECNX","RCNX0252.JPG","Snowshoe hare",4,"Species|Snowshoe hare"
"af5","Snowshoe hare",2025-08-14 21:48:11,2025-08-15,"21:48:11",11803,196.7,3.3,0.1,"E:/alexfraser_tagged/af5_nov2/101RECNX","RCNX0256.JPG","Snowshoe hare",3,"Species|Snowshoe hare"
"af5","Snowshoe hare",2025-08-15 20:36:01,2025-08-16,"20:36:01",82068,1367.8,22.8,1,"E:/alexfraser_tagged/af5_nov2/101RECNX","RCNX0259.JPG","Snowshoe hare",1,"Species|Snowshoe hare"
"af5","Snowshoe hare",2025-08-16 18:55:37,2025-08-17,"18:55:37",80376,1339.6,22.3,0.9,"E:/alexfraser_tagged/af5_nov2/101RECNX","RCNX0260.JPG","Snowshoe hare",7,"Species|Snowshoe hare"
"af5","Snowshoe hare",2025-08-16 21:38:01,2025-08-17,"21:38:01",9305,155.1,2.6,0.1,"E:/alexfraser_tagged/af5_nov2/101RECNX","RCNX0268.JPG","Snowshoe hare",7,"Species|Snowshoe hare"
"af5","Snowshoe hare",2025-08-17 21:25:34,2025-08-18,"21:25:34",85646,1427.4,23.8,1,"E:/alexfraser_tagged/af5_nov2/101RECNX","RCNX0289.JPG","Snowshoe hare",2,"Species|Snowshoe hare"
"af5","Snowshoe hare",2025-08-17 21:47:37,2025-08-18,"21:47:37",1320,22,0.4,0,"E:/alexfraser_tagged/af5_nov2/101RECNX","RCNX0291.JPG","Snowshoe hare",2,"Species|Snowshoe hare"
"af5","Snowshoe hare",2025-08-19 21:30:19,2025-08-20,"21:30:19",171757,2862.6,47.7,2,"E:/alexfraser_tagged/af5_nov2/101RECNX","RCNX0457.JPG","Snowshoe hare",3,"Species|Snowshoe hare"
"af5","Snowshoe hare",2025-08-20 18:06:04,2025-08-21,"18:06:04",74107,1235.1,20.6,0.9,"E:/alexfraser_tagged/af5_nov2/101RECNX","RCNX0460.JPG","Snowshoe hare",1,"Species|Snowshoe hare"
"af5","Snowshoe hare",2025-08-20 21:31:51,2025-08-21,"21:31:51",12347,205.8,3.4,0.1,"E:/alexfraser_tagged/af5_nov2/101RECNX","RCNX0461.JPG","Snowshoe hare",6,"Species|Snowshoe hare"
"af5","Snowshoe hare",2025-08-21 21:44:29,2025-08-22,"21:44:29",87131,1452.2,24.2,1,"E:/alexfraser_tagged/af5_nov2/101RECNX","RCNX0467.JPG","Snowshoe hare",5,"Species|Snowshoe hare"
"af5","Snowshoe hare",2025-08-22 21:53:16,2025-08-23,"21:53:16",86917,1448.6,24.1,1,"E:/alexfraser_tagged/af5_nov2/101RECNX","RCNX0505.JPG","Snowshoe hare",4,"Species|Snowshoe hare"
"af5","Snowshoe hare",2025-08-23 05:43:56,2025-08-23,"05:43:56",28236,470.6,7.8,0.3,"E:/alexfraser_tagged/af5_nov2/101RECNX","RCNX0509.JPG","Snowshoe hare",7,"Species|Snowshoe hare"
"af5","Snowshoe hare",2025-08-23 16:46:15,2025-08-23,"16:46:15",39713,661.9,11,0.5,"E:/alexfraser_tagged/af5_nov2/101RECNX","RCNX0522.JPG","Snowshoe hare",2,"Species|Snowshoe hare"
"af5","Snowshoe hare",2025-08-23 21:08:43,2025-08-24,"21:08:43",15747,262.4,4.4,0.2,"E:/alexfraser_tagged/af5_nov2/101RECNX","RCNX0524.JPG","Snowshoe hare",2,"Species|Snowshoe hare"
"af5","Snowshoe hare",2025-08-23 21:28:44,2025-08-24,"21:28:44",1200,20,0.3,0,"E:/alexfraser_tagged/af5_nov2/101RECNX","RCNX0530.JPG","Snowshoe hare",1,"Species|Snowshoe hare"
"af5","Snowshoe hare",2025-08-24 01:54:27,2025-08-24,"01:54:27",15943,265.7,4.4,0.2,"E:/alexfraser_tagged/af5_nov2/101RECNX","RCNX0535.JPG","Snowshoe hare",3,"Species|Snowshoe hare"
"af5","Snowshoe hare",2025-08-24 02:02:06,2025-08-24,"02:02:06",444,7.4,0.1,0,"E:/alexfraser_tagged/af5_nov2/101RECNX","RCNX0538.JPG","Snowshoe hare",3,"Species|Snowshoe hare"
"af5","Snowshoe hare",2025-08-24 04:50:35,2025-08-24,"04:50:35",10107,168.4,2.8,0.1,"E:/alexfraser_tagged/af5_nov2/101RECNX","RCNX0541.JPG","Snowshoe hare",5,"Species|Snowshoe hare"
"af5","Snowshoe hare",2025-08-24 05:35:48,2025-08-24,"05:35:48",2608,43.5,0.7,0,"E:/alexfraser_tagged/af5_nov2/101RECNX","RCNX0546.JPG","Snowshoe hare",8,"Species|Snowshoe hare"
"af5","Snowshoe hare",2025-08-24 21:14:54,2025-08-25,"21:14:54",56118,935.3,15.6,0.7,"E:/alexfraser_tagged/af5_nov2/101RECNX","RCNX0556.JPG","Snowshoe hare",5,"Species|Snowshoe hare"
"af5","Snowshoe hare",2025-08-24 22:41:41,2025-08-25,"22:41:41",5202,86.7,1.4,0.1,"E:/alexfraser_tagged/af5_nov2/101RECNX","RCNX0561.JPG","Snowshoe hare",6,"Species|Snowshoe hare"
"af5","Snowshoe hare",2025-08-25 02:19:22,2025-08-25,"02:19:22",12906,215.1,3.6,0.1,"E:/alexfraser_tagged/af5_nov2/101RECNX","RCNX0567.JPG","Snowshoe hare",3,"Species|Snowshoe hare"
"af5","Snowshoe hare",2025-08-25 04:39:22,2025-08-25,"04:39:22",8395,139.9,2.3,0.1,"E:/alexfraser_tagged/af5_nov2/101RECNX","RCNX0571.JPG","Snowshoe hare",3,"Species|Snowshoe hare"
"af5","Snowshoe hare",2025-08-25 05:01:44,2025-08-25,"05:01:44",1309,21.8,0.4,0,"E:/alexfraser_tagged/af5_nov2/101RECNX","RCNX0574.JPG","Snowshoe hare",4,"Species|Snowshoe hare"
"af5","Snowshoe hare",2025-08-25 13:32:46,2025-08-25,"13:32:46",30658,511,8.5,0.4,"E:/alexfraser_tagged/af5_nov2/101RECNX","RCNX0578.JPG","Snowshoe hare_&_Bird",1,"Species|Snowshoe hare, Species|Bird"
"af5","Snowshoe hare",2025-08-25 20:50:58,2025-08-26,"20:50:58",26292,438.2,7.3,0.3,"E:/alexfraser_tagged/af5_nov2/101RECNX","RCNX0581.JPG","Snowshoe hare",2,"Species|Snowshoe hare"
"af5","Snowshoe hare",2025-08-26 07:20:05,2025-08-26,"07:20:05",37738,629,10.5,0.4,"E:/alexfraser_tagged/af5_nov2/101RECNX","RCNX0583.JPG","Snowshoe hare",1,"Species|Snowshoe hare"
"af5","Snowshoe hare",2025-08-26 21:13:59,2025-08-27,"21:13:59",50034,833.9,13.9,0.6,"E:/alexfraser_tagged/af5_nov2/101RECNX","RCNX0588.JPG","Snowshoe hare",3,"Species|Snowshoe hare"
"af5","Snowshoe hare",2025-08-26 21:25:30,2025-08-27,"21:25:30",689,11.5,0.2,0,"E:/alexfraser_tagged/af5_nov2/101RECNX","RCNX0591.JPG","Snowshoe hare",2,"Species|Snowshoe hare"
"af5","Snowshoe hare",2025-08-26 21:36:25,2025-08-27,"21:36:25",639,10.7,0.2,0,"E:/alexfraser_tagged/af5_nov2/101RECNX","RCNX0593.JPG","Snowshoe hare",1,"Species|Snowshoe hare"
"af5","Snowshoe hare",2025-08-26 21:49:28,2025-08-27,"21:49:28",783,13.1,0.2,0,"E:/alexfraser_tagged/af5_nov2/101RECNX","RCNX0594.JPG","Snowshoe hare",3,"Species|Snowshoe hare"
"af5","Snowshoe hare",2025-08-26 23:28:09,2025-08-27,"23:28:09",5915,98.6,1.6,0.1,"E:/alexfraser_tagged/af5_nov2/101RECNX","RCNX0597.JPG","Snowshoe hare",5,"Species|Snowshoe hare"
"af5","Snowshoe hare",2025-08-27 19:58:20,2025-08-28,"19:58:20",73773,1229.6,20.5,0.9,"E:/alexfraser_tagged/af5_nov2/101RECNX","RCNX0606.JPG","Snowshoe hare",2,"Species|Snowshoe hare"
"af5","Snowshoe hare",2025-08-27 21:20:42,2025-08-28,"21:20:42",4939,82.3,1.4,0.1,"E:/alexfraser_tagged/af5_nov2/101RECNX","RCNX0608.JPG","Snowshoe hare",1,"Species|Snowshoe hare"
"af5","Snowshoe hare",2025-08-28 02:57:51,2025-08-28,"02:57:51",20229,337.1,5.6,0.2,"E:/alexfraser_tagged/af5_nov2/101RECNX","RCNX0609.JPG","Snowshoe hare",3,"Species|Snowshoe hare"
"af5","Snowshoe hare",2025-08-28 07:36:11,2025-08-28,"07:36:11",16698,278.3,4.6,0.2,"E:/alexfraser_tagged/af5_nov2/101RECNX","RCNX0612.JPG","Snowshoe hare",1,"Species|Snowshoe hare"
"af5","Snowshoe hare",2025-08-29 02:08:27,2025-08-29,"02:08:27",66736,1112.3,18.5,0.8,"E:/alexfraser_tagged/af5_nov2/101RECNX","RCNX0614.JPG","Snowshoe hare",12,"Species|Snowshoe hare"
"af5","Snowshoe hare",2025-08-29 02:51:13,2025-08-29,"02:51:13",2376,39.6,0.7,0,"E:/alexfraser_tagged/af5_nov2/101RECNX","RCNX0628.JPG","Snowshoe hare",3,"Species|Snowshoe hare"
"af5","Snowshoe hare",2025-08-30 02:10:18,2025-08-30,"02:10:18",83941,1399,23.3,1,"E:/alexfraser_tagged/af5_nov2/101RECNX","RCNX0633.JPG","Snowshoe hare",1,"Species|Snowshoe hare"
"af5","Snowshoe hare",2025-08-30 03:47:02,2025-08-30,"03:47:02",5804,96.7,1.6,0.1,"E:/alexfraser_tagged/af5_nov2/101RECNX","RCNX0634.JPG","Snowshoe hare",9,"Species|Snowshoe hare"
"af5","Snowshoe hare",2025-08-31 20:33:29,2025-09-01,"20:33:29",146715,2445.2,40.8,1.7,"E:/alexfraser_tagged/af5_nov2/101RECNX","RCNX0646.JPG","Snowshoe hare",5,"Species|Snowshoe hare"
"af5","Snowshoe hare",2025-08-31 21:05:13,2025-09-01,"21:05:13",1900,31.7,0.5,0,"E:/alexfraser_tagged/af5_nov2/101RECNX","RCNX0651.JPG","Snowshoe hare",3,"Species|Snowshoe hare"
"af5","Snowshoe hare",2025-09-01 21:10:12,2025-09-02,"21:10:12",86696,1444.9,24.1,1,"E:/alexfraser_tagged/af5_nov2/101RECNX","RCNX0657.JPG","Snowshoe hare",6,"Species|Snowshoe hare"
"af5","Snowshoe hare",2025-09-01 21:17:58,2025-09-02,"21:17:58",448,7.5,0.1,0,"E:/alexfraser_tagged/af5_nov2/101RECNX","RCNX0663.JPG","Snowshoe hare",1,"Species|Snowshoe hare"
"af5","Snowshoe hare",2025-09-02 19:47:02,2025-09-03,"19:47:02",80944,1349.1,22.5,0.9,"E:/alexfraser_tagged/af5_nov2/101RECNX","RCNX0665.JPG","Snowshoe hare",1,"Species|Snowshoe hare"
"af5","Snowshoe hare",2025-09-03 04:09:45,2025-09-03,"04:09:45",30163,502.7,8.4,0.4,"E:/alexfraser_tagged/af5_nov2/101RECNX","RCNX0666.JPG","Snowshoe hare",1,"Species|Snowshoe hare"
"af5","Snowshoe hare",2025-09-04 20:45:33,2025-09-05,"20:45:33",146148,2435.8,40.6,1.7,"E:/alexfraser_tagged/af5_nov2/101RECNX","RCNX0667.JPG","Snowshoe hare",1,"Species|Snowshoe hare"
"af5","Snowshoe hare",2025-09-04 23:16:02,2025-09-05,"23:16:02",9029,150.5,2.5,0.1,"E:/alexfraser_tagged/af5_nov2/101RECNX","RCNX0668.JPG","Snowshoe hare",5,"Species|Snowshoe hare"
"af5","Snowshoe hare",2025-09-04 23:21:26,2025-09-05,"23:21:26",317,5.3,0.1,0,"E:/alexfraser_tagged/af5_nov2/101RECNX","RCNX0673.JPG","Snowshoe hare",2,"Species|Snowshoe hare"
"af5","Snowshoe hare",2025-09-05 02:55:27,2025-09-05,"02:55:27",12836,213.9,3.6,0.1,"E:/alexfraser_tagged/af5_nov2/101RECNX","RCNX0675.JPG","Snowshoe hare",2,"Species|Snowshoe hare"
"af5","Snowshoe hare",2025-09-06 06:04:00,2025-09-06,"06:04:00",97699,1628.3,27.1,1.1,"E:/alexfraser_tagged/af5_nov2/101RECNX","RCNX0677.JPG","Snowshoe hare",1,"Species|Snowshoe hare"
"af5","Snowshoe hare",2025-09-06 19:43:31,2025-09-07,"19:43:31",49171,819.5,13.7,0.6,"E:/alexfraser_tagged/af5_nov2/101RECNX","RCNX0678.JPG","Snowshoe hare",2,"Species|Snowshoe hare"
"af5","Snowshoe hare",2025-09-07 20:43:08,2025-09-08,"20:43:08",89970,1499.5,25,1,"E:/alexfraser_tagged/af5_nov2/101RECNX","RCNX0680.JPG","Snowshoe hare",1,"Species|Snowshoe hare"
"af5","Snowshoe hare",2025-09-07 20:52:02,2025-09-08,"20:52:02",534,8.9,0.1,0,"E:/alexfraser_tagged/af5_nov2/101RECNX","RCNX0681.JPG","Snowshoe hare",4,"Species|Snowshoe hare"
"af5","Snowshoe hare",2025-09-08 07:37:46,2025-09-08,"07:37:46",38739,645.6,10.8,0.4,"E:/alexfraser_tagged/af5_nov2/101RECNX","RCNX0685.JPG","Snowshoe hare",5,"Species|Snowshoe hare"
"af5","Snowshoe hare",2025-09-08 20:15:30,2025-09-09,"20:15:30",45449,757.5,12.6,0.5,"E:/alexfraser_tagged/af5_nov2/101RECNX","RCNX0690.JPG","Snowshoe hare",3,"Species|Snowshoe hare"
"af5","Snowshoe hare",2025-09-08 20:37:17,2025-09-09,"20:37:17",1272,21.2,0.4,0,"E:/alexfraser_tagged/af5_nov2/101RECNX","RCNX0693.JPG","Snowshoe hare",1,"Species|Snowshoe hare"
"af5","Snowshoe hare",2025-09-08 20:50:49,2025-09-09,"20:50:49",812,13.5,0.2,0,"E:/alexfraser_tagged/af5_nov2/101RECNX","RCNX0695.JPG","Snowshoe hare",1,"Species|Snowshoe hare"
"af5","Snowshoe hare",2025-09-08 22:41:56,2025-09-09,"22:41:56",6667,111.1,1.9,0.1,"E:/alexfraser_tagged/af5_nov2/101RECNX","RCNX0696.JPG","Snowshoe hare",1,"Species|Snowshoe hare"
"af5","Snowshoe hare",2025-09-09 06:16:02,2025-09-09,"06:16:02",27246,454.1,7.6,0.3,"E:/alexfraser_tagged/af5_nov2/101RECNX","RCNX0697.JPG","Snowshoe hare",3,"Species|Snowshoe hare"
"af5","Snowshoe hare",2025-09-09 06:26:51,2025-09-09,"06:26:51",641,10.7,0.2,0,"E:/alexfraser_tagged/af5_nov2/101RECNX","RCNX0700.JPG","Snowshoe hare",1,"Species|Snowshoe hare"
"af5","Snowshoe hare",2025-09-09 18:20:08,2025-09-10,"18:20:08",42797,713.3,11.9,0.5,"E:/alexfraser_tagged/af5_nov2/101RECNX","RCNX0703.JPG","Snowshoe hare",1,"Species|Snowshoe hare"
"af5","Snowshoe hare",2025-09-09 20:48:49,2025-09-10,"20:48:49",8921,148.7,2.5,0.1,"E:/alexfraser_tagged/af5_nov2/101RECNX","RCNX0704.JPG","Snowshoe hare",1,"Species|Snowshoe hare"
"af5","Snowshoe hare",2025-09-09 22:47:32,2025-09-10,"22:47:32",7123,118.7,2,0.1,"E:/alexfraser_tagged/af5_nov2/101RECNX","RCNX0705.JPG","Snowshoe hare",1,"Species|Snowshoe hare"
"af5","Snowshoe hare",2025-09-10 04:30:39,2025-09-10,"04:30:39",20587,343.1,5.7,0.2,"E:/alexfraser_tagged/af5_nov2/101RECNX","RCNX0706.JPG","Snowshoe hare",6,"Species|Snowshoe hare"
"af5","Snowshoe hare",2025-09-10 18:57:41,2025-09-11,"18:57:41",51895,864.9,14.4,0.6,"E:/alexfraser_tagged/af5_nov2/101RECNX","RCNX0712.JPG","Snowshoe hare",1,"Species|Snowshoe hare"
"af5","Snowshoe hare",2025-09-10 19:04:59,2025-09-11,"19:04:59",438,7.3,0.1,0,"E:/alexfraser_tagged/af5_nov2/101RECNX","RCNX0713.JPG","Snowshoe hare",5,"Species|Snowshoe hare"
"af5","Snowshoe hare",2025-09-10 19:16:26,2025-09-11,"19:16:26",522,8.7,0.1,0,"E:/alexfraser_tagged/af5_nov2/101RECNX","RCNX0718.JPG","Snowshoe hare",1,"Species|Snowshoe hare"
"af5","Snowshoe hare",2025-09-10 20:37:37,2025-09-11,"20:37:37",4871,81.2,1.4,0.1,"E:/alexfraser_tagged/af5_nov2/101RECNX","RCNX0719.JPG","Snowshoe hare",1,"Species|Snowshoe hare"
"af5","Snowshoe hare",2025-09-11 20:53:24,2025-09-12,"20:53:24",87347,1455.8,24.3,1,"E:/alexfraser_tagged/af5_nov2/101RECNX","RCNX0721.JPG","Snowshoe hare",3,"Species|Snowshoe hare"
"af5","Snowshoe hare",2025-09-12 19:20:05,2025-09-13,"19:20:05",80795,1346.6,22.4,0.9,"E:/alexfraser_tagged/af5_nov2/101RECNX","RCNX0725.JPG","Snowshoe hare",4,"Species|Snowshoe hare"
"af5","Snowshoe hare",2025-09-12 20:40:14,2025-09-13,"20:40:14",4762,79.4,1.3,0.1,"E:/alexfraser_tagged/af5_nov2/101RECNX","RCNX0729.JPG","Snowshoe hare",8,"Species|Snowshoe hare"
"af5","Snowshoe hare",2025-09-13 21:45:36,2025-09-14,"21:45:36",90289,1504.8,25.1,1,"E:/alexfraser_tagged/af5_nov2/101RECNX","RCNX0815.JPG","Snowshoe hare",1,"Species|Snowshoe hare"
"af5","Snowshoe hare",2025-09-14 01:39:08,2025-09-14,"01:39:08",14012,233.5,3.9,0.2,"E:/alexfraser_tagged/af5_nov2/101RECNX","RCNX0816.JPG","Snowshoe hare",1,"Species|Snowshoe hare"
"af5","Snowshoe hare",2025-09-14 03:18:16,2025-09-14,"03:18:16",5948,99.1,1.7,0.1,"E:/alexfraser_tagged/af5_nov2/101RECNX","RCNX0817.JPG","Snowshoe hare",2,"Species|Snowshoe hare"
"af5","Snowshoe hare",2025-09-14 20:45:28,2025-09-15,"20:45:28",62828,1047.1,17.5,0.7,"E:/alexfraser_tagged/af5_nov2/101RECNX","RCNX0819.JPG","Snowshoe hare",3,"Species|Snowshoe hare"
"af5","Snowshoe hare",2025-09-17 20:08:08,2025-09-18,"20:08:08",256754,4279.2,71.3,3,"E:/alexfraser_tagged/af5_nov2/101RECNX","RCNX0824.JPG","Snowshoe hare",5,"Species|Snowshoe hare"
"af5","Snowshoe hare",2025-09-18 20:18:21,2025-09-19,"20:18:21",86979,1449.7,24.2,1,"E:/alexfraser_tagged/af5_nov2/101RECNX","RCNX0829.JPG","Snowshoe hare",2,"Species|Snowshoe hare"
"af5","Snowshoe hare",2025-09-18 22:25:42,2025-09-19,"22:25:42",7638,127.3,2.1,0.1,"E:/alexfraser_tagged/af5_nov2/101RECNX","RCNX0831.JPG","Snowshoe hare",1,"Species|Snowshoe hare"
"af5","Snowshoe hare",2025-09-19 00:45:25,2025-09-19,"00:45:25",8383,139.7,2.3,0.1,"E:/alexfraser_tagged/af5_nov2/101RECNX","RCNX0832.JPG","Snowshoe hare",3,"Species|Snowshoe hare"
"af5","Snowshoe hare",2025-09-19 19:41:45,2025-09-20,"19:41:45",68173,1136.2,18.9,0.8,"E:/alexfraser_tagged/af5_nov2/101RECNX","RCNX0896.JPG","Snowshoe hare",3,"Species|Snowshoe hare"
"af5","Snowshoe hare",2025-09-21 06:05:39,2025-09-21,"06:05:39",123790,2063.2,34.4,1.4,"E:/alexfraser_tagged/af5_nov2/101RECNX","RCNX0900.JPG","Snowshoe hare",2,"Species|Snowshoe hare"
"af5","Snowshoe hare",2025-09-23 20:18:44,2025-09-24,"20:18:44",223863,3731.1,62.2,2.6,"E:/alexfraser_tagged/af5_nov2/101RECNX","RCNX0902.JPG","Snowshoe hare",2,"Species|Snowshoe hare"
"af5","Snowshoe hare",2025-09-24 19:00:27,2025-09-25,"19:00:27",81702,1361.7,22.7,0.9,"E:/alexfraser_tagged/af5_nov2/101RECNX","RCNX0904.JPG","Snowshoe hare",2,"Species|Snowshoe hare"
"af5","Snowshoe hare",2025-09-25 06:12:42,2025-09-25,"06:12:42",40324,672.1,11.2,0.5,"E:/alexfraser_tagged/af5_nov2/101RECNX","RCNX0906.JPG","Snowshoe hare",1,"Species|Snowshoe hare"
"af5","Snowshoe hare",2025-09-25 19:15:44,2025-09-26,"19:15:44",46982,783,13.1,0.5,"E:/alexfraser_tagged/af5_nov2/101RECNX","RCNX0907.JPG","Snowshoe hare",2,"Species|Snowshoe hare"
"af5","Snowshoe hare",2025-09-26 01:15:13,2025-09-26,"01:15:13",21565,359.4,6,0.2,"E:/alexfraser_tagged/af5_nov2/101RECNX","RCNX0909.JPG","Snowshoe hare",2,"Species|Snowshoe hare"
"af5","Snowshoe hare",2025-09-26 09:32:40,2025-09-26,"09:32:40",29829,497.1,8.3,0.3,"E:/alexfraser_tagged/af5_nov2/101RECNX","RCNX0911.JPG","Snowshoe hare",2,"Species|Snowshoe hare"
"af5","Snowshoe hare",2025-09-29 18:56:26,2025-09-30,"18:56:26",293025,4883.8,81.4,3.4,"E:/alexfraser_tagged/af5_nov2/101RECNX","RCNX0944.JPG","Snowshoe hare",9,"Species|Snowshoe hare"
"af5","Snowshoe hare",2025-09-29 20:06:39,2025-09-30,"20:06:39",4055,67.6,1.1,0,"E:/alexfraser_tagged/af5_nov2/101RECNX","RCNX0953.JPG","Snowshoe hare",4,"Species|Snowshoe hare"
"af5","Snowshoe hare",2025-09-30 23:54:56,2025-10-01,"23:54:56",100093,1668.2,27.8,1.2,"E:/alexfraser_tagged/af5_nov2/101RECNX","RCNX0958.JPG","Snowshoe hare",1,"Species|Snowshoe hare"
"af5","Snowshoe hare",2025-10-03 19:33:13,2025-10-04,"19:33:13",243497,4058.3,67.6,2.8,"E:/alexfraser_tagged/af5_nov2/101RECNX","RCNX1021.JPG","Snowshoe hare",3,"Species|Snowshoe hare"
"af5","Snowshoe hare",2025-10-03 23:53:04,2025-10-04,"23:53:04",15566,259.4,4.3,0.2,"E:/alexfraser_tagged/af5_nov2/101RECNX","RCNX1024.JPG","Snowshoe hare",4,"Species|Snowshoe hare"
"af5","Snowshoe hare",2025-10-04 23:10:29,2025-10-05,"23:10:29",83842,1397.4,23.3,1,"E:/alexfraser_tagged/af5_nov2/101RECNX","RCNX1029.JPG","Snowshoe hare",5,"Species|Snowshoe hare"
"af5","Snowshoe hare",2025-10-07 06:11:08,2025-10-07,"06:11:08",198032,3300.5,55,2.3,"E:/alexfraser_tagged/af5_nov2/101RECNX","RCNX1072.JPG","Snowshoe hare",1,"Species|Snowshoe hare"
"af5","Snowshoe hare",2025-10-07 22:40:33,2025-10-08,"22:40:33",59365,989.4,16.5,0.7,"E:/alexfraser_tagged/af5_nov2/101RECNX","RCNX1074.JPG","Snowshoe hare",2,"Species|Snowshoe hare"
"af5","Snowshoe hare",2025-10-07 22:54:59,2025-10-08,"22:54:59",865,14.4,0.2,0,"E:/alexfraser_tagged/af5_nov2/101RECNX","RCNX1076.JPG","Snowshoe hare",12,"Species|Snowshoe hare"
"af5","Snowshoe hare",2025-10-08 06:03:39,2025-10-08,"06:03:39",25216,420.3,7,0.3,"E:/alexfraser_tagged/af5_nov2/101RECNX","RCNX1090.JPG","Snowshoe hare",4,"Species|Snowshoe hare"
"af5","Snowshoe hare",2025-10-12 00:36:56,2025-10-12,"00:36:56",325988,5433.1,90.6,3.8,"E:/alexfraser_tagged/af5_nov2/101RECNX","RCNX1250.JPG","Snowshoe hare",6,"Species|Snowshoe hare"
"af5","Snowshoe hare",2025-10-12 06:08:04,2025-10-12,"06:08:04",19856,330.9,5.5,0.2,"E:/alexfraser_tagged/af5_nov2/101RECNX","RCNX1256.JPG","Snowshoe hare",5,"Species|Snowshoe hare"
"af5","Snowshoe hare",2025-10-12 06:30:37,2025-10-12,"06:30:37",1324,22.1,0.4,0,"E:/alexfraser_tagged/af5_nov2/101RECNX","RCNX1262.JPG","Snowshoe hare",11,"Species|Snowshoe hare"
"af5","Snowshoe hare",2025-10-13 19:15:50,2025-10-14,"19:15:50",132256,2204.3,36.7,1.5,"E:/alexfraser_tagged/af5_nov2/101RECNX","RCNX1286.JPG","Snowshoe hare",2,"Species|Snowshoe hare"
"af5","Snowshoe hare",2025-10-14 20:02:21,2025-10-15,"20:02:21",89190,1486.5,24.8,1,"E:/alexfraser_tagged/af5_nov2/101RECNX","RCNX1289.JPG","Snowshoe hare",3,"Species|Snowshoe hare"
"af5","Snowshoe hare",2025-10-16 21:10:26,2025-10-17,"21:10:26",176880,2948,49.1,2,"E:/alexfraser_tagged/af5_nov2/101RECNX","RCNX1321.JPG","Snowshoe hare",1,"Species|Snowshoe hare"
"af5","Snowshoe hare",2025-10-17 05:37:00,2025-10-17,"05:37:00",30394,506.6,8.4,0.4,"E:/alexfraser_tagged/af5_nov2/101RECNX","RCNX1326.JPG","Snowshoe hare",2,"Species|Snowshoe hare"
"af5","Snowshoe hare",2025-10-17 17:36:07,2025-10-18,"17:36:07",43146,719.1,12,0.5,"E:/alexfraser_tagged/af5_nov2/101RECNX","RCNX1332.JPG","Snowshoe hare",3,"Species|Snowshoe hare"
"af5","Snowshoe hare",2025-10-20 02:02:19,2025-10-20,"02:02:19",203168,3386.1,56.4,2.4,"E:/alexfraser_tagged/af5_nov2/101RECNX","RCNX1392.JPG","Snowshoe hare",11,"Species|Snowshoe hare"
"af5","Snowshoe hare",2025-10-20 05:28:16,2025-10-20,"05:28:16",12335,205.6,3.4,0.1,"E:/alexfraser_tagged/af5_nov2/101RECNX","RCNX1404.JPG","Snowshoe hare",3,"Species|Snowshoe hare"
"af5","Snowshoe hare",2025-10-20 18:08:43,2025-10-21,"18:08:43",45624,760.4,12.7,0.5,"E:/alexfraser_tagged/af5_nov2/101RECNX","RCNX1426.JPG","Snowshoe hare",1,"Species|Snowshoe hare"
"af5","Snowshoe hare",2025-10-20 18:19:58,2025-10-21,"18:19:58",675,11.2,0.2,0,"E:/alexfraser_tagged/af5_nov2/101RECNX","RCNX1427.JPG","Snowshoe hare",3,"Species|Snowshoe hare"
"af5","Snowshoe hare",2025-10-22 05:16:06,2025-10-22,"05:16:06",125761,2096,34.9,1.5,"E:/alexfraser_tagged/af5_nov2/101RECNX","RCNX1432.JPG","Snowshoe hare",1,"Species|Snowshoe hare"
"af5","Snowshoe hare",2025-10-22 17:30:34,2025-10-23,"17:30:34",44068,734.5,12.2,0.5,"E:/alexfraser_tagged/af5_nov2/101RECNX","RCNX1441.JPG","Snowshoe hare",5,"Species|Snowshoe hare"
"af5","Snowshoe hare",2025-10-22 23:42:09,2025-10-23,"23:42:09",22271,371.2,6.2,0.3,"E:/alexfraser_tagged/af5_nov2/101RECNX","RCNX1446.JPG","Snowshoe hare",9,"Species|Snowshoe hare"
"af5","Snowshoe hare",2025-10-22 23:55:46,2025-10-23,"23:55:46",520,8.7,0.1,0,"E:/alexfraser_tagged/af5_nov2/101RECNX","RCNX1456.JPG","Snowshoe hare",7,"Species|Snowshoe hare"
"af5","Snowshoe hare",2025-10-25 05:58:04,2025-10-25,"05:58:04",194513,3241.9,54,2.2,"E:/alexfraser_tagged/af5_nov2/101RECNX","RCNX1468.JPG","Snowshoe hare",3,"Species|Snowshoe hare"
"af5","Snowshoe hare",2025-10-25 20:27:21,2025-10-26,"20:27:21",52141,869,14.5,0.6,"E:/alexfraser_tagged/af5_nov2/101RECNX","RCNX1475.JPG","Snowshoe hare",1,"Species|Snowshoe hare"
"af5","Snowshoe hare",2025-10-25 22:32:38,2025-10-26,"22:32:38",7517,125.3,2.1,0.1,"E:/alexfraser_tagged/af5_nov2/101RECNX","RCNX1476.JPG","Snowshoe hare",1,"Species|Snowshoe hare"
"af5","Snowshoe hare",2025-10-26 22:29:28,2025-10-27,"22:29:28",86210,1436.8,23.9,1,"E:/alexfraser_tagged/af5_nov2/101RECNX","RCNX1479.JPG","Snowshoe hare",22,"Species|Snowshoe hare"
"af5","Snowshoe hare",2025-10-31 05:22:02,2025-10-31,"05:22:02",370125,6168.8,102.8,4.3,"E:/alexfraser_tagged/af5_nov2/101RECNX","RCNX1502.JPG","Snowshoe hare",4,"Species|Snowshoe hare"
"af5","Unknown",2025-10-14 13:01:03,2025-10-14,"13:01:03",0,0,0,0,"E:/alexfraser_tagged/af5_nov2/101RECNX","RCNX1288.JPG","Unknown",1,"Species|Unknown"
"af5","Unknown",2025-10-23 14:16:54,2025-10-23,"14:16:54",782151,13035.9,217.3,9.1,"E:/alexfraser_tagged/af5_nov2/101RECNX","RCNX1465.JPG","Unknown",1,"Species|Unknown"
"af6","Bird",2025-08-16 20:12:01,2025-08-17,"20:12:01",0,0,0,0,"E:/alexfraser_tagged/af6_nov2/102RECNX","RCNX0337.JPG","Bird",1,"Species|Bird"
"af6","Bird",2025-09-08 10:21:24,2025-09-08,"10:21:24",1951763,32529.4,542.2,22.6,"E:/alexfraser_tagged/af6_nov2/102RECNX","RCNX0780.JPG","Bird",3,"Species|Bird"
"af6","Bird",2025-09-11 09:34:01,2025-09-11,"09:34:01",256264,4271.1,71.2,3,"E:/alexfraser_tagged/af6_nov2/102RECNX","RCNX0826.JPG","Bird",2,"Species|Bird"
"af6","Bird",2025-09-16 08:27:12,2025-09-16,"08:27:12",427990,7133.2,118.9,5,"E:/alexfraser_tagged/af6_nov2/102RECNX","RCNX0848.JPG","Bird",8,"Species|Bird"
"af6","Bird",2025-09-16 08:40:38,2025-09-16,"08:40:38",798,13.3,0.2,0,"E:/alexfraser_tagged/af6_nov2/102RECNX","RCNX0857.JPG","Bird",2,"Species|Bird"
"af6","Bird",2025-09-21 12:42:26,2025-09-21,"12:42:26",446502,7441.7,124,5.2,"E:/alexfraser_tagged/af6_nov2/102RECNX","RCNX0861.JPG","Bird",2,"Species|Bird"
"af6","Bird",2025-09-28 07:02:01,2025-09-28,"07:02:01",584371,9739.5,162.3,6.8,"E:/alexfraser_tagged/af6_nov2/102RECNX","RCNX0868.JPG","Bird",1,"Species|Bird"
"af6","Bird",2025-09-30 08:31:16,2025-09-30,"08:31:16",178155,2969.2,49.5,2.1,"E:/alexfraser_tagged/af6_nov2/102RECNX","RCNX0872.JPG","Bird",7,"Species|Bird"
"af6","Bird",2025-10-12 09:08:28,2025-10-12,"09:08:28",1039025,17317.1,288.6,12,"E:/alexfraser_tagged/af6_nov2/102RECNX","RCNX0895.JPG","Bird",2,"Species|Bird"
"af6","Bird",2025-10-14 15:49:45,2025-10-14,"15:49:45",196876,3281.3,54.7,2.3,"E:/alexfraser_tagged/af6_nov2/102RECNX","RCNX0904.JPG","Bird",1,"Species|Bird"
"af6","Bird",2025-10-16 09:53:02,2025-10-16,"09:53:02",151397,2523.3,42.1,1.8,"E:/alexfraser_tagged/af6_nov2/102RECNX","RCNX0906.JPG","Bird",3,"Species|Bird"
"af6","Bird",2025-10-16 14:21:44,2025-10-16,"14:21:44",16040,267.3,4.5,0.2,"E:/alexfraser_tagged/af6_nov2/102RECNX","RCNX0909.JPG","Bird",2,"Species|Bird"
"af6","Bird",2025-10-31 08:25:18,2025-10-31,"08:25:18",1274610,21243.5,354.1,14.8,"E:/alexfraser_tagged/af6_nov2/102RECNX","RCNX0934.JPG","Bird",3,"Species|Bird"
"af6","Black bear",2025-08-05 15:40:26,2025-08-05,"15:40:26",0,0,0,0,"E:/alexfraser_tagged/af6_nov2/102RECNX","RCNX0001.JPG","Black bear",69,"Species|Black bear"
"af6","Black bear",2025-08-08 09:34:58,2025-08-08,"09:34:58",237126,3952.1,65.9,2.7,"E:/alexfraser_tagged/af6_nov2/102RECNX","RCNX0073.JPG","Black bear",201,"Species|Black bear"
"af6","Douglas squirrel",2025-08-26 20:04:48,2025-08-27,"20:04:48",0,0,0,0,"E:/alexfraser_tagged/af6_nov2/102RECNX","RCNX0767.JPG","Douglas squirrel",2,"Species|Douglas squirrel"
"af6","Flying squirrel",2025-08-18 19:57:49,2025-08-19,"19:57:49",0,0,0,0,"E:/alexfraser_tagged/af6_nov2/102RECNX","RCNX0506.JPG","Flying squirrel",1,"Species|Flying squirrel"
"af6","Mule deer",2025-08-17 17:56:56,2025-08-18,"17:56:56",0,0,0,0,"E:/alexfraser_tagged/af6_nov2/102RECNX","RCNX0338.JPG","Mule deer",2,"Species|Mule deer"
"af6","Mule deer",2025-08-17 18:03:30,2025-08-18,"18:03:30",393,6.6,0.1,0,"E:/alexfraser_tagged/af6_nov2/102RECNX","RCNX0340.JPG","Mule deer",149,"Species|Mule deer"
"af6","Mule deer",2025-08-22 08:47:27,2025-08-22,"08:47:27",398028,6633.8,110.6,4.6,"E:/alexfraser_tagged/af6_nov2/102RECNX","RCNX0507.JPG","Mule deer",232,"Species|Mule deer"
"af6","Mule deer",2025-10-20 05:39:54,2025-10-20,"05:39:54",5085834,84763.9,1412.7,58.9,"E:/alexfraser_tagged/af6_nov2/102RECNX","RCNX0912.JPG","Mule deer",3,"Species|Mule deer"
"af6","Nothing",2025-08-15 09:10:50,2025-08-15,"09:10:50",0,0,0,0,"E:/alexfraser_tagged/af6_nov2/102RECNX","RCNX0335.JPG","Nothing",1,"Species|Nothing"
"af6","Nothing",2025-08-16 20:11:43,2025-08-17,"20:11:43",126053,2100.9,35,1.5,"E:/alexfraser_tagged/af6_nov2/102RECNX","RCNX0336.JPG","Nothing",1,"Species|Nothing"
"af6","Nothing",2025-08-23 19:58:38,2025-08-24,"19:58:38",604015,10066.9,167.8,7,"E:/alexfraser_tagged/af6_nov2/102RECNX","RCNX0765.JPG","Nothing",1,"Species|Nothing"
"af6","Nothing",2025-09-12 14:28:09,2025-09-12,"14:28:09",1708171,28469.5,474.5,19.8,"E:/alexfraser_tagged/af6_nov2/102RECNX","RCNX0833.JPG","Nothing",1,"Species|Nothing"
"af6","Nothing",2025-09-13 13:01:16,2025-09-13,"13:01:16",81187,1353.1,22.6,0.9,"E:/alexfraser_tagged/af6_nov2/102RECNX","RCNX0834.JPG","Nothing",2,"Species|Nothing"
"af6","Nothing",2025-09-13 19:17:15,2025-09-14,"19:17:15",22555,375.9,6.3,0.3,"E:/alexfraser_tagged/af6_nov2/102RECNX","RCNX0836.JPG","Nothing",1,"Species|Nothing"
"af6","Nothing",2025-09-15 15:30:30,2025-09-15,"15:30:30",159195,2653.2,44.2,1.8,"E:/alexfraser_tagged/af6_nov2/102RECNX","RCNX0839.JPG","Nothing",1,"Species|Nothing"
"af6","Nothing",2025-09-16 06:35:59,2025-09-16,"06:35:59",54329,905.5,15.1,0.6,"E:/alexfraser_tagged/af6_nov2/102RECNX","RCNX0847.JPG","Nothing",1,"Species|Nothing"
"af6","Nothing",2025-10-01 07:14:22,2025-10-01,"07:14:22",1298303,21638.4,360.6,15,"E:/alexfraser_tagged/af6_nov2/102RECNX","RCNX0879.JPG","Nothing",1,"Species|Nothing"
"af6","Nothing",2025-10-01 11:42:47,2025-10-01,"11:42:47",16105,268.4,4.5,0.2,"E:/alexfraser_tagged/af6_nov2/102RECNX","RCNX0880.JPG","Nothing",1,"Species|Nothing"
"af6","Nothing",2025-10-01 18:21:20,2025-10-02,"18:21:20",23913,398.6,6.6,0.3,"E:/alexfraser_tagged/af6_nov2/102RECNX","RCNX0881.JPG","Nothing",1,"Species|Nothing"
"af6","Nothing",2025-10-02 10:33:11,2025-10-02,"10:33:11",58311,971.9,16.2,0.7,"E:/alexfraser_tagged/af6_nov2/102RECNX","RCNX0882.JPG","Nothing",1,"Species|Nothing"
"af6","Nothing",2025-10-02 11:14:50,2025-10-02,"11:14:50",2499,41.6,0.7,0,"E:/alexfraser_tagged/af6_nov2/102RECNX","RCNX0883.JPG","Nothing",1,"Species|Nothing"
"af6","Nothing",2025-10-09 08:32:14,2025-10-09,"08:32:14",595044,9917.4,165.3,6.9,"E:/alexfraser_tagged/af6_nov2/102RECNX","RCNX0889.JPG","Nothing",1,"Species|Nothing"
"af6","Nothing",2025-10-26 13:42:36,2025-10-26,"13:42:36",1487422,24790.4,413.2,17.2,"E:/alexfraser_tagged/af6_nov2/102RECNX","RCNX0930.JPG","Nothing",1,"Species|Nothing"
"af6","Nothing",2025-10-30 08:10:37,2025-10-30,"08:10:37",325681,5428,90.5,3.8,"E:/alexfraser_tagged/af6_nov2/102RECNX","RCNX0932.JPG","Nothing",1,"Species|Nothing"
"af6","Nothing",2025-10-31 22:36:08,2025-11-01,"22:36:08",138331,2305.5,38.4,1.6,"E:/alexfraser_tagged/af6_nov2/102RECNX","RCNX0937.JPG","Nothing",1,"Species|Nothing"
"af6","Nothing",2025-11-01 08:33:13,2025-11-01,"08:33:13",35825,597.1,10,0.4,"E:/alexfraser_tagged/af6_nov2/102RECNX","RCNX0938.JPG","Nothing",1,"Species|Nothing"
"af6","People",2025-08-05 10:28:36,2025-08-05,"10:28:36",0,0,0,0,"E:/alexfraser_tagged/af6_nov2/100RECNX","RCNX0001.JPG","People",43,"Species|People"
"af6","People",2025-11-01 13:44:45,2025-11-01,"13:44:45",7614759,126912.6,2115.2,88.1,"E:/alexfraser_tagged/af6_nov2/102RECNX","RCNX0939.JPG","People",34,"Species|People"
"af6","Red squirrel",2025-08-09 14:24:00,2025-08-09,"14:24:00",0,0,0,0,"E:/alexfraser_tagged/af6_nov2/102RECNX","RCNX0290.JPG","Red squirrel",1,"Species|Red squirrel"
"af6","Red squirrel",2025-08-10 16:03:07,2025-08-10,"16:03:07",92347,1539.1,25.7,1.1,"E:/alexfraser_tagged/af6_nov2/102RECNX","RCNX0303.JPG","Red squirrel",1,"Species|Red squirrel"
"af6","Red squirrel",2025-08-12 08:04:53,2025-08-12,"08:04:53",144106,2401.8,40,1.7,"E:/alexfraser_tagged/af6_nov2/102RECNX","RCNX0304.JPG","Red squirrel",1,"Species|Red squirrel"
"af6","Red squirrel",2025-08-27 11:02:32,2025-08-27,"11:02:32",1306659,21777.7,363,15.1,"E:/alexfraser_tagged/af6_nov2/102RECNX","RCNX0769.JPG","Red squirrel",1,"Species|Red squirrel"
"af6","Red squirrel",2025-08-28 11:07:09,2025-08-28,"11:07:09",86677,1444.6,24.1,1,"E:/alexfraser_tagged/af6_nov2/102RECNX","RCNX0770.JPG","Red squirrel",2,"Species|Red squirrel"
"af6","Red squirrel",2025-08-29 09:08:56,2025-08-29,"09:08:56",79306,1321.8,22,0.9,"E:/alexfraser_tagged/af6_nov2/102RECNX","RCNX0772.JPG","Red squirrel",1,"Species|Red squirrel"
"af6","Red squirrel",2025-09-01 12:03:33,2025-09-01,"12:03:33",269677,4494.6,74.9,3.1,"E:/alexfraser_tagged/af6_nov2/102RECNX","RCNX0773.JPG","Red squirrel",1,"Species|Red squirrel"
"af6","Red squirrel",2025-09-03 11:08:37,2025-09-03,"11:08:37",169504,2825.1,47.1,2,"E:/alexfraser_tagged/af6_nov2/102RECNX","RCNX0774.JPG","Red squirrel",1,"Species|Red squirrel"
"af6","Red squirrel",2025-09-03 11:18:47,2025-09-03,"11:18:47",610,10.2,0.2,0,"E:/alexfraser_tagged/af6_nov2/102RECNX","RCNX0775.JPG","Red squirrel",1,"Species|Red squirrel"
"af6","Red squirrel",2025-09-03 13:39:51,2025-09-03,"13:39:51",8464,141.1,2.4,0.1,"E:/alexfraser_tagged/af6_nov2/102RECNX","RCNX0776.JPG","Red squirrel",1,"Species|Red squirrel"
"af6","Red squirrel",2025-09-03 14:17:01,2025-09-03,"14:17:01",2230,37.2,0.6,0,"E:/alexfraser_tagged/af6_nov2/102RECNX","RCNX0777.JPG","Red squirrel",3,"Species|Red squirrel"
"af6","Red squirrel",2025-09-12 13:09:33,2025-09-12,"13:09:33",773549,12892.5,214.9,9,"E:/alexfraser_tagged/af6_nov2/102RECNX","RCNX0832.JPG","Red squirrel",1,"Species|Red squirrel"
"af6","Red squirrel",2025-09-15 14:07:15,2025-09-15,"14:07:15",262662,4377.7,73,3,"E:/alexfraser_tagged/af6_nov2/102RECNX","RCNX0837.JPG","Red squirrel",2,"Species|Red squirrel"
"af6","Red squirrel",2025-09-15 19:26:02,2025-09-16,"19:26:02",19125,318.8,5.3,0.2,"E:/alexfraser_tagged/af6_nov2/102RECNX","RCNX0840.JPG","Red squirrel",1,"Species|Red squirrel"
"af6","Red squirrel",2025-09-23 12:16:47,2025-09-23,"12:16:47",665445,11090.8,184.8,7.7,"E:/alexfraser_tagged/af6_nov2/102RECNX","RCNX0866.JPG","Red squirrel",1,"Species|Red squirrel"
"af6","Red squirrel",2025-09-25 10:14:34,2025-09-25,"10:14:34",165467,2757.8,46,1.9,"E:/alexfraser_tagged/af6_nov2/102RECNX","RCNX0867.JPG","Red squirrel",1,"Species|Red squirrel"
"af6","Red squirrel",2025-09-29 18:36:13,2025-09-30,"18:36:13",375699,6261.6,104.4,4.4,"E:/alexfraser_tagged/af6_nov2/102RECNX","RCNX0869.JPG","Red squirrel",1,"Species|Red squirrel"
"af6","Red squirrel",2025-10-08 12:35:14,2025-10-08,"12:35:14",755941,12599,210,8.8,"E:/alexfraser_tagged/af6_nov2/102RECNX","RCNX0888.JPG","Red squirrel",1,"Species|Red squirrel"
"af6","Red squirrel",2025-10-10 08:11:14,2025-10-10,"08:11:14",156960,2616,43.6,1.8,"E:/alexfraser_tagged/af6_nov2/102RECNX","RCNX0890.JPG","Red squirrel",2,"Species|Red squirrel"
"af6","Red squirrel",2025-10-10 13:17:46,2025-10-10,"13:17:46",18391,306.5,5.1,0.2,"E:/alexfraser_tagged/af6_nov2/102RECNX","RCNX0892.JPG","Red squirrel",3,"Species|Red squirrel"
"af6","Red squirrel",2025-10-12 17:15:01,2025-10-13,"17:15:01",187032,3117.2,52,2.2,"E:/alexfraser_tagged/af6_nov2/102RECNX","RCNX0897.JPG","Red squirrel",5,"Species|Red squirrel"
"af6","Red squirrel",2025-10-12 17:45:35,2025-10-13,"17:45:35",1830,30.5,0.5,0,"E:/alexfraser_tagged/af6_nov2/102RECNX","RCNX0902.JPG","Red squirrel",1,"Species|Red squirrel"
"af6","Red squirrel",2025-10-14 15:16:58,2025-10-14,"15:16:58",163883,2731.4,45.5,1.9,"E:/alexfraser_tagged/af6_nov2/102RECNX","RCNX0903.JPG","Red squirrel",1,"Species|Red squirrel"
"af6","Red squirrel",2025-10-16 04:24:12,2025-10-16,"04:24:12",133634,2227.2,37.1,1.5,"E:/alexfraser_tagged/af6_nov2/102RECNX","RCNX0905.JPG","Red squirrel",1,"Species|Red squirrel"
"af6","Red squirrel",2025-10-17 09:59:05,2025-10-17,"09:59:05",106493,1774.9,29.6,1.2,"E:/alexfraser_tagged/af6_nov2/102RECNX","RCNX0911.JPG","Red squirrel",1,"Species|Red squirrel"
"af6","Red squirrel",2025-10-21 17:00:12,2025-10-22,"17:00:12",370867,6181.1,103,4.3,"E:/alexfraser_tagged/af6_nov2/102RECNX","RCNX0916.JPG","Red squirrel",3,"Species|Red squirrel"
"af6","Red squirrel",2025-10-25 16:31:24,2025-10-25,"16:31:24",343870,5731.2,95.5,4,"E:/alexfraser_tagged/af6_nov2/102RECNX","RCNX0929.JPG","Red squirrel",1,"Species|Red squirrel"
"af6","Red squirrel",2025-10-30 12:53:40,2025-10-30,"12:53:40",418936,6982.3,116.4,4.9,"E:/alexfraser_tagged/af6_nov2/102RECNX","RCNX0933.JPG","Red squirrel",1,"Species|Red squirrel"
"af6","Snowshoe hare",2025-08-08 22:16:41,2025-08-09,"22:16:41",0,0,0,0,"E:/alexfraser_tagged/af6_nov2/102RECNX","RCNX0286.JPG","Snowshoe hare",4,"Species|Snowshoe hare"
"af6","Snowshoe hare",2025-08-10 01:50:34,2025-08-10,"01:50:34",99225,1653.8,27.6,1.2,"E:/alexfraser_tagged/af6_nov2/102RECNX","RCNX0291.JPG","Snowshoe hare",12,"Species|Snowshoe hare"
"af6","Snowshoe hare",2025-08-25 21:53:56,2025-08-26,"21:53:56",1367976,22799.6,380,15.8,"E:/alexfraser_tagged/af6_nov2/102RECNX","RCNX0766.JPG","Snowshoe hare",1,"Species|Snowshoe hare"
"af6","Snowshoe hare",2025-09-09 20:17:21,2025-09-10,"20:17:21",1290205,21503.4,358.4,14.9,"E:/alexfraser_tagged/af6_nov2/102RECNX","RCNX0783.JPG","Snowshoe hare",3,"Species|Snowshoe hare"
"af6","Snowshoe hare",2025-09-10 03:58:41,2025-09-10,"03:58:41",27678,461.3,7.7,0.3,"E:/alexfraser_tagged/af6_nov2/102RECNX","RCNX0786.JPG","Snowshoe hare",39,"Species|Snowshoe hare"
"af6","Snowshoe hare",2025-09-10 20:10:17,2025-09-11,"20:10:17",57313,955.2,15.9,0.7,"E:/alexfraser_tagged/af6_nov2/102RECNX","RCNX0825.JPG","Snowshoe hare",1,"Species|Snowshoe hare"
"af6","Snowshoe hare",2025-09-11 21:04:45,2025-09-12,"21:04:45",89668,1494.5,24.9,1,"E:/alexfraser_tagged/af6_nov2/102RECNX","RCNX0828.JPG","Snowshoe hare",4,"Species|Snowshoe hare"
"af6","Snowshoe hare",2025-09-15 20:19:28,2025-09-16,"20:19:28",342880,5714.7,95.2,4,"E:/alexfraser_tagged/af6_nov2/102RECNX","RCNX0841.JPG","Snowshoe hare",2,"Species|Snowshoe hare"
"af6","Snowshoe hare",2025-09-16 04:33:12,2025-09-16,"04:33:12",29622,493.7,8.2,0.3,"E:/alexfraser_tagged/af6_nov2/102RECNX","RCNX0845.JPG","Snowshoe hare",2,"Species|Snowshoe hare"
"af6","Snowshoe hare",2025-09-17 22:54:26,2025-09-18,"22:54:26",152472,2541.2,42.4,1.8,"E:/alexfraser_tagged/af6_nov2/102RECNX","RCNX0859.JPG","Snowshoe hare",2,"Species|Snowshoe hare"
"af6","Snowshoe hare",2025-09-22 02:50:38,2025-09-22,"02:50:38",359771,5996.2,99.9,4.2,"E:/alexfraser_tagged/af6_nov2/102RECNX","RCNX0863.JPG","Snowshoe hare",2,"Species|Snowshoe hare"
"af6","Snowshoe hare",2025-09-29 23:58:29,2025-09-30,"23:58:29",680870,11347.8,189.1,7.9,"E:/alexfraser_tagged/af6_nov2/102RECNX","RCNX0870.JPG","Snowshoe hare",2,"Species|Snowshoe hare"
"af6","Snowshoe hare",2025-10-03 01:26:58,2025-10-03,"01:26:58",264491,4408.2,73.5,3.1,"E:/alexfraser_tagged/af6_nov2/102RECNX","RCNX0884.JPG","Snowshoe hare",1,"Species|Snowshoe hare"
"af6","Snowshoe hare",2025-10-03 21:19:34,2025-10-04,"21:19:34",71556,1192.6,19.9,0.8,"E:/alexfraser_tagged/af6_nov2/102RECNX","RCNX0885.JPG","Snowshoe hare",1,"Species|Snowshoe hare"
"af6","Snowshoe hare",2025-10-08 00:14:00,2025-10-08,"00:14:00",356066,5934.4,98.9,4.1,"E:/alexfraser_tagged/af6_nov2/102RECNX","RCNX0886.JPG","Snowshoe hare",2,"Species|Snowshoe hare"
"af6","Snowshoe hare",2025-10-20 21:17:28,2025-10-21,"21:17:28",1112607,18543.4,309.1,12.9,"E:/alexfraser_tagged/af6_nov2/102RECNX","RCNX0915.JPG","Snowshoe hare",1,"Species|Snowshoe hare"
"af6","Snowshoe hare",2025-10-24 19:31:26,2025-10-25,"19:31:26",339238,5654,94.2,3.9,"E:/alexfraser_tagged/af6_nov2/102RECNX","RCNX0919.JPG","Snowshoe hare",7,"Species|Snowshoe hare"
"af6","Snowshoe hare",2025-10-24 21:18:36,2025-10-25,"21:18:36",6424,107.1,1.8,0.1,"E:/alexfraser_tagged/af6_nov2/102RECNX","RCNX0928.JPG","Snowshoe hare",1,"Species|Snowshoe hare"
"af6","Snowshoe hare",2025-10-29 23:04:16,2025-10-30,"23:04:16",438340,7305.7,121.8,5.1,"E:/alexfraser_tagged/af6_nov2/102RECNX","RCNX0931.JPG","Snowshoe hare",1,"Species|Snowshoe hare"
"af6","Unknown",2025-08-13 17:39:38,2025-08-14,"17:39:38",0,0,0,0,"E:/alexfraser_tagged/af6_nov2/102RECNX","RCNX0305.JPG","Unknown",28,"Species|Unknown"
"af7","Black bear",2025-08-06 06:36:36,2025-08-06,"06:36:36",0,0,0,0,"E:/alexfraser_tagged/af7_nov2/102RECNX","RCNX0001.JPG","Black bear",25,"Species|Black bear"
"af7","Black bear",2025-08-06 09:36:13,2025-08-06,"09:36:13",10738,179,3,0.1,"E:/alexfraser_tagged/af7_nov2/102RECNX","RCNX0028.JPG","Black bear",15,"Species|Black bear"
"af7","Black bear",2025-08-10 18:32:28,2025-08-11,"18:32:28",377757,6296,104.9,4.4,"E:/alexfraser_tagged/af7_nov2/102RECNX","RCNX0050.JPG","Black bear",3,"Species|Black bear"
"af7","Black bear",2025-08-12 21:21:27,2025-08-13,"21:21:27",182937,3048.9,50.8,2.1,"E:/alexfraser_tagged/af7_nov2/102RECNX","RCNX0219.JPG","Black bear",4,"Species|Black bear"
"af7","Black bear",2025-08-13 18:56:15,2025-08-14,"18:56:15",77684,1294.7,21.6,0.9,"E:/alexfraser_tagged/af7_nov2/102RECNX","RCNX0223.JPG","Black bear",4,"Species|Black bear"
"af7","Black bear",2025-08-17 12:31:30,2025-08-17,"12:31:30",322510,5375.2,89.6,3.7,"E:/alexfraser_tagged/af7_nov2/102RECNX","RCNX0230.JPG","Black bear",5,"Species|Black bear"
"af7","Black bear",2025-08-18 18:59:54,2025-08-19,"18:59:54",109700,1828.3,30.5,1.3,"E:/alexfraser_tagged/af7_nov2/102RECNX","RCNX0237.JPG","Black bear",4,"Species|Black bear"
"af7","Black bear",2025-08-20 16:03:47,2025-08-20,"16:03:47",162229,2703.8,45.1,1.9,"E:/alexfraser_tagged/af7_nov2/102RECNX","RCNX0246.JPG","Black bear",28,"Species|Black bear"
"af7","Black bear",2025-08-24 16:06:25,2025-08-24,"16:06:25",345720,5762,96,4,"E:/alexfraser_tagged/af7_nov2/102RECNX","RCNX0301.JPG","Black bear",3,"Species|Black bear"
"af7","Black bear",2025-09-01 09:59:53,2025-09-01,"09:59:53",669206,11153.4,185.9,7.7,"E:/alexfraser_tagged/af7_nov2/102RECNX","RCNX0314.JPG","Black bear",7,"Species|Black bear"
"af7","Black bear",2025-09-21 08:14:04,2025-09-21,"08:14:04",1721633,28693.9,478.2,19.9,"E:/alexfraser_tagged/af7_nov2/102RECNX","RCNX0347.JPG","Black bear",5,"Species|Black bear"
"af7","Black bear",2025-10-07 10:06:31,2025-10-07,"10:06:31",1389030,23150.5,385.8,16.1,"E:/alexfraser_tagged/af7_nov2/102RECNX","RCNX0563.JPG","Black bear",4,"Species|Black bear"
"af7","Coyote",2025-09-13 19:32:41,2025-09-14,"19:32:41",0,0,0,0,"E:/alexfraser_tagged/af7_nov2/102RECNX","RCNX0327.JPG","Coyote",7,"Species|Coyote"
"af7","Moose",2025-10-08 10:53:31,2025-10-08,"10:53:31",0,0,0,0,"E:/alexfraser_tagged/af7_nov2/102RECNX","RCNX0570.JPG","Moose",3,"Species|Moose"
"af7","Mule deer",2025-08-11 05:57:15,2025-08-11,"05:57:15",0,0,0,0,"E:/alexfraser_tagged/af7_nov2/102RECNX","RCNX0056.JPG","Mule deer",17,"Species|Mule deer"
"af7","Mule deer",2025-08-12 18:16:59,2025-08-13,"18:16:59",130596,2176.6,36.3,1.5,"E:/alexfraser_tagged/af7_nov2/102RECNX","RCNX0076.JPG","Mule deer",134,"Species|Mule deer"
"af7","Mule deer",2025-08-21 20:59:34,2025-08-22,"20:59:34",787107,13118.5,218.6,9.1,"E:/alexfraser_tagged/af7_nov2/102RECNX","RCNX0282.JPG","Mule deer",15,"Species|Mule deer"
"af7","Mule deer",2025-09-22 13:59:58,2025-09-22,"13:59:58",2739594,45659.9,761,31.7,"E:/alexfraser_tagged/af7_nov2/102RECNX","RCNX0353.JPG","Mule deer",9,"Species|Mule deer"
"af7","Mule deer",2025-09-25 05:52:04,2025-09-25,"05:52:04",229912,3831.9,63.9,2.7,"E:/alexfraser_tagged/af7_nov2/102RECNX","RCNX0363.JPG","Mule deer",1,"Species|Mule deer"
"af7","Mule deer",2025-09-29 06:21:16,2025-09-29,"06:21:16",347352,5789.2,96.5,4,"E:/alexfraser_tagged/af7_nov2/102RECNX","RCNX0364.JPG","Mule deer",141,"Species|Mule deer"
"af7","Mule deer",2025-09-30 19:07:31,2025-10-01,"19:07:31",131950,2199.2,36.7,1.5,"E:/alexfraser_tagged/af7_nov2/102RECNX","RCNX0525.JPG","Mule deer",6,"Species|Mule deer"
"af7","Mule deer",2025-10-01 06:55:10,2025-10-01,"06:55:10",42287,704.8,11.7,0.5,"E:/alexfraser_tagged/af7_nov2/102RECNX","RCNX0531.JPG","Mule deer",1,"Species|Mule deer"
"af7","Mule deer",2025-10-02 23:58:28,2025-10-03,"23:58:28",147798,2463.3,41.1,1.7,"E:/alexfraser_tagged/af7_nov2/102RECNX","RCNX0532.JPG","Mule deer",2,"Species|Mule deer"
"af7","Mule deer",2025-10-03 05:52:12,2025-10-03,"05:52:12",21206,353.4,5.9,0.2,"E:/alexfraser_tagged/af7_nov2/102RECNX","RCNX0534.JPG","Mule deer",5,"Species|Mule deer"
"af7","Mule deer",2025-10-03 06:03:53,2025-10-03,"06:03:53",535,8.9,0.1,0,"E:/alexfraser_tagged/af7_nov2/102RECNX","RCNX0539.JPG","Mule deer",3,"Species|Mule deer"
"af7","Mule deer",2025-10-03 06:55:21,2025-10-03,"06:55:21",3086,51.4,0.9,0,"E:/alexfraser_tagged/af7_nov2/102RECNX","RCNX0542.JPG","Mule deer",2,"Species|Mule deer"
"af7","Mule deer",2025-10-17 13:34:46,2025-10-17,"13:34:46",1233564,20559.4,342.7,14.3,"E:/alexfraser_tagged/af7_nov2/102RECNX","RCNX0585.JPG","Mule deer",43,"Species|Mule deer"
"af7","Mule deer",2025-10-17 13:57:35,2025-10-17,"13:57:35",1198,20,0.3,0,"E:/alexfraser_tagged/af7_nov2/102RECNX","RCNX0629.JPG","Mule deer",4,"Species|Mule deer"
"af7","Mule deer",2025-10-17 16:25:47,2025-10-17,"16:25:47",8883,148.1,2.5,0.1,"E:/alexfraser_tagged/af7_nov2/102RECNX","RCNX0633.JPG","Mule deer",8,"Species|Mule deer"
"af7","Mule deer",2025-10-17 16:36:29,2025-10-17,"16:36:29",635,10.6,0.2,0,"E:/alexfraser_tagged/af7_nov2/102RECNX","RCNX0641.JPG","Mule deer",7,"Species|Mule deer"
"af7","Mule deer",2025-10-19 09:46:27,2025-10-19,"09:46:27",148192,2469.9,41.2,1.7,"E:/alexfraser_tagged/af7_nov2/102RECNX","RCNX0653.JPG","Mule deer",59,"Species|Mule deer"
"af7","Mule deer",2025-10-21 13:19:47,2025-10-21,"13:19:47",185461,3091,51.5,2.1,"E:/alexfraser_tagged/af7_nov2/102RECNX","RCNX0769.JPG","Mule deer",22,"Species|Mule deer"
"af7","Mule deer",2025-10-22 22:01:34,2025-10-23,"22:01:34",117528,1958.8,32.6,1.4,"E:/alexfraser_tagged/af7_nov2/102RECNX","RCNX0791.JPG","Mule deer",20,"Species|Mule deer"
"af7","Mule deer",2025-10-23 11:11:29,2025-10-23,"11:11:29",47338,789,13.2,0.5,"E:/alexfraser_tagged/af7_nov2/102RECNX","RCNX0811.JPG","Mule deer",1,"Species|Mule deer"
"af7","Mule deer",2025-10-24 10:00:34,2025-10-24,"10:00:34",82145,1369.1,22.8,1,"E:/alexfraser_tagged/af7_nov2/102RECNX","RCNX0812.JPG","Mule deer",9,"Species|Mule deer"
"af7","Nothing",2025-08-08 06:08:57,2025-08-08,"06:08:57",0,0,0,0,"E:/alexfraser_tagged/af7_nov2/102RECNX","RCNX0049.JPG","Nothing",1,"Species|Nothing"
"af7","Nothing",2025-08-12 00:51:18,2025-08-12,"00:51:18",326541,5442.4,90.7,3.8,"E:/alexfraser_tagged/af7_nov2/102RECNX","RCNX0074.JPG","Nothing",1,"Species|Nothing"
"af7","Nothing",2025-08-12 00:57:37,2025-08-12,"00:57:37",379,6.3,0.1,0,"E:/alexfraser_tagged/af7_nov2/102RECNX","RCNX0075.JPG","Nothing",1,"Species|Nothing"
"af7","Nothing",2025-08-18 01:56:52,2025-08-18,"01:56:52",521955,8699.2,145,6,"E:/alexfraser_tagged/af7_nov2/102RECNX","RCNX0235.JPG","Nothing",1,"Species|Nothing"
"af7","Nothing",2025-08-18 02:10:53,2025-08-18,"02:10:53",841,14,0.2,0,"E:/alexfraser_tagged/af7_nov2/102RECNX","RCNX0236.JPG","Nothing",1,"Species|Nothing"
"af7","Nothing",2025-08-21 18:26:46,2025-08-22,"18:26:46",317753,5295.9,88.3,3.7,"E:/alexfraser_tagged/af7_nov2/102RECNX","RCNX0281.JPG","Nothing",1,"Species|Nothing"
"af7","Nothing",2025-09-01 19:06:30,2025-09-02,"19:06:30",952784,15879.7,264.7,11,"E:/alexfraser_tagged/af7_nov2/102RECNX","RCNX0321.JPG","Nothing",1,"Species|Nothing"
"af7","Nothing",2025-09-05 01:56:07,2025-09-05,"01:56:07",283777,4729.6,78.8,3.3,"E:/alexfraser_tagged/af7_nov2/102RECNX","RCNX0322.JPG","Nothing",1,"Species|Nothing"
"af7","Nothing",2025-09-05 15:32:46,2025-09-05,"15:32:46",48999,816.6,13.6,0.6,"E:/alexfraser_tagged/af7_nov2/102RECNX","RCNX0323.JPG","Nothing",1,"Species|Nothing"
"af7","Nothing",2025-09-05 18:40:49,2025-09-06,"18:40:49",11283,188.1,3.1,0.1,"E:/alexfraser_tagged/af7_nov2/102RECNX","RCNX0324.JPG","Nothing",1,"Species|Nothing"
"af7","Nothing",2025-09-11 12:01:13,2025-09-11,"12:01:13",494424,8240.4,137.3,5.7,"E:/alexfraser_tagged/af7_nov2/102RECNX","RCNX0325.JPG","Nothing",1,"Species|Nothing"
"af7","Nothing",2025-09-14 21:01:43,2025-09-15,"21:01:43",291630,4860.5,81,3.4,"E:/alexfraser_tagged/af7_nov2/102RECNX","RCNX0334.JPG","Nothing",1,"Species|Nothing"
"af7","Nothing",2025-09-19 06:45:10,2025-09-19,"06:45:10",380607,6343.4,105.7,4.4,"E:/alexfraser_tagged/af7_nov2/102RECNX","RCNX0346.JPG","Nothing",1,"Species|Nothing"
"af7","Nothing",2025-09-21 16:22:48,2025-09-21,"16:22:48",207458,3457.6,57.6,2.4,"E:/alexfraser_tagged/af7_nov2/102RECNX","RCNX0352.JPG","Nothing",1,"Species|Nothing"
"af7","Nothing",2025-10-03 21:10:02,2025-10-04,"21:10:02",1054034,17567.2,292.8,12.2,"E:/alexfraser_tagged/af7_nov2/102RECNX","RCNX0549.JPG","Nothing",2,"Species|Nothing"
"af7","Nothing",2025-10-03 21:22:01,2025-10-04,"21:22:01",699,11.7,0.2,0,"E:/alexfraser_tagged/af7_nov2/102RECNX","RCNX0551.JPG","Nothing",1,"Species|Nothing"
"af7","Nothing",2025-10-04 02:10:14,2025-10-04,"02:10:14",17293,288.2,4.8,0.2,"E:/alexfraser_tagged/af7_nov2/102RECNX","RCNX0553.JPG","Nothing",1,"Species|Nothing"
"af7","Nothing",2025-10-06 21:48:59,2025-10-07,"21:48:59",243525,4058.8,67.6,2.8,"E:/alexfraser_tagged/af7_nov2/102RECNX","RCNX0561.JPG","Nothing",2,"Species|Nothing"
"af7","Nothing",2025-10-08 19:36:48,2025-10-09,"19:36:48",164679,2744.7,45.7,1.9,"E:/alexfraser_tagged/af7_nov2/102RECNX","RCNX0575.JPG","Nothing",1,"Species|Nothing"
"af7","Nothing",2025-10-15 07:39:14,2025-10-15,"07:39:14",561746,9362.4,156,6.5,"E:/alexfraser_tagged/af7_nov2/102RECNX","RCNX0584.JPG","Nothing",1,"Species|Nothing"
"af7","Nothing",2025-10-21 11:34:56,2025-10-21,"11:34:56",532542,8875.7,147.9,6.2,"E:/alexfraser_tagged/af7_nov2/102RECNX","RCNX0768.JPG","Nothing",1,"Species|Nothing"
"af7","Nothing",2025-10-29 09:12:01,2025-10-29,"09:12:01",682625,11377.1,189.6,7.9,"E:/alexfraser_tagged/af7_nov2/102RECNX","RCNX0826.JPG","Nothing",2,"Species|Nothing"
"af7","People",2025-08-05 11:40:02,2025-08-05,"11:40:02",0,0,0,0,"E:/alexfraser_tagged/af7_nov2/100RECNX","RCNX0001.JPG","People",37,"Species|People"
"af7","People",2025-11-01 14:25:40,2025-11-01,"14:25:40",7613092,126884.9,2114.7,88.1,"E:/alexfraser_tagged/af7_nov2/102RECNX","RCNX0837.JPG","People",4,"Species|People"
"af7","Red squirrel",2025-08-16 05:39:11,2025-08-16,"05:39:11",0,0,0,0,"E:/alexfraser_tagged/af7_nov2/102RECNX","RCNX0228.JPG","Red squirrel",1,"Species|Red squirrel"
"af7","Red squirrel",2025-08-23 06:46:25,2025-08-23,"06:46:25",608834,10147.2,169.1,7,"E:/alexfraser_tagged/af7_nov2/102RECNX","RCNX0298.JPG","Red squirrel",1,"Species|Red squirrel"
"af7","Red squirrel",2025-08-23 07:29:44,2025-08-23,"07:29:44",2599,43.3,0.7,0,"E:/alexfraser_tagged/af7_nov2/102RECNX","RCNX0299.JPG","Red squirrel",1,"Species|Red squirrel"
"af7","Red squirrel",2025-08-31 06:35:59,2025-08-31,"06:35:59",687975,11466.2,191.1,8,"E:/alexfraser_tagged/af7_nov2/102RECNX","RCNX0311.JPG","Red squirrel",1,"Species|Red squirrel"
"af7","Red squirrel",2025-09-12 06:27:14,2025-09-12,"06:27:14",1036275,17271.2,287.9,12,"E:/alexfraser_tagged/af7_nov2/102RECNX","RCNX0326.JPG","Red squirrel",1,"Species|Red squirrel"
"af7","Red squirrel",2025-10-03 07:04:17,2025-10-03,"07:04:17",1816623,30277,504.6,21,"E:/alexfraser_tagged/af7_nov2/102RECNX","RCNX0544.JPG","Red squirrel",3,"Species|Red squirrel"
"af7","Red squirrel",2025-10-03 08:36:37,2025-10-03,"08:36:37",5506,91.8,1.5,0.1,"E:/alexfraser_tagged/af7_nov2/102RECNX","RCNX0547.JPG","Red squirrel",1,"Species|Red squirrel"
"af7","Red squirrel",2025-10-06 07:15:58,2025-10-06,"07:15:58",254361,4239.4,70.7,2.9,"E:/alexfraser_tagged/af7_nov2/102RECNX","RCNX0558.JPG","Red squirrel",1,"Species|Red squirrel"
"af7","Red squirrel",2025-10-08 15:54:34,2025-10-08,"15:54:34",203916,3398.6,56.6,2.4,"E:/alexfraser_tagged/af7_nov2/102RECNX","RCNX0573.JPG","Red squirrel",1,"Species|Red squirrel"
"af7","Red squirrel",2025-10-27 07:43:17,2025-10-27,"07:43:17",1612123,26868.7,447.8,18.7,"E:/alexfraser_tagged/af7_nov2/102RECNX","RCNX0825.JPG","Red squirrel",1,"Species|Red squirrel"
"af7","Snowshoe hare",2025-08-07 22:37:32,2025-08-08,"22:37:32",0,0,0,0,"E:/alexfraser_tagged/af7_nov2/102RECNX","RCNX0044.JPG","Snowshoe hare",5,"Species|Snowshoe hare"
"af7","Snowshoe hare",2025-08-11 04:57:14,2025-08-11,"04:57:14",281939,4699,78.3,3.3,"E:/alexfraser_tagged/af7_nov2/102RECNX","RCNX0053.JPG","Snowshoe hare",3,"Species|Snowshoe hare"
"af7","Snowshoe hare",2025-08-17 02:44:31,2025-08-17,"02:44:31",510424,8507.1,141.8,5.9,"E:/alexfraser_tagged/af7_nov2/102RECNX","RCNX0229.JPG","Snowshoe hare",1,"Species|Snowshoe hare"
"af7","Snowshoe hare",2025-08-20 05:22:05,2025-08-20,"05:22:05",268654,4477.6,74.6,3.1,"E:/alexfraser_tagged/af7_nov2/102RECNX","RCNX0241.JPG","Snowshoe hare",4,"Species|Snowshoe hare"
"af7","Snowshoe hare",2025-08-21 05:03:20,2025-08-21,"05:03:20",85250,1420.8,23.7,1,"E:/alexfraser_tagged/af7_nov2/102RECNX","RCNX0277.JPG","Snowshoe hare",4,"Species|Snowshoe hare"
"af7","Snowshoe hare",2025-08-23 21:09:31,2025-08-24,"21:09:31",230681,3844.7,64.1,2.7,"E:/alexfraser_tagged/af7_nov2/102RECNX","RCNX0300.JPG","Snowshoe hare",1,"Species|Snowshoe hare"
"af7","Snowshoe hare",2025-08-25 02:57:58,2025-08-25,"02:57:58",107307,1788.4,29.8,1.2,"E:/alexfraser_tagged/af7_nov2/102RECNX","RCNX0304.JPG","Snowshoe hare",1,"Species|Snowshoe hare"
"af7","Snowshoe hare",2025-08-29 20:32:21,2025-08-30,"20:32:21",408863,6814.4,113.6,4.7,"E:/alexfraser_tagged/af7_nov2/102RECNX","RCNX0306.JPG","Snowshoe hare",4,"Species|Snowshoe hare"
"af7","Snowshoe hare",2025-08-29 22:03:05,2025-08-30,"22:03:05",5356,89.3,1.5,0.1,"E:/alexfraser_tagged/af7_nov2/102RECNX","RCNX0310.JPG","Snowshoe hare",1,"Species|Snowshoe hare"
"af7","Snowshoe hare",2025-09-01 05:10:01,2025-09-01,"05:10:01",198416,3306.9,55.1,2.3,"E:/alexfraser_tagged/af7_nov2/102RECNX","RCNX0312.JPG","Snowshoe hare",2,"Species|Snowshoe hare"
"af7","Snowshoe hare",2025-09-15 04:43:10,2025-09-15,"04:43:10",1207988,20133.1,335.6,14,"E:/alexfraser_tagged/af7_nov2/102RECNX","RCNX0335.JPG","Snowshoe hare",2,"Species|Snowshoe hare"
"af7","Snowshoe hare",2025-09-15 05:09:13,2025-09-15,"05:09:13",1561,26,0.4,0,"E:/alexfraser_tagged/af7_nov2/102RECNX","RCNX0337.JPG","Snowshoe hare",3,"Species|Snowshoe hare"
"af7","Snowshoe hare",2025-09-15 05:19:22,2025-09-15,"05:19:22",503,8.4,0.1,0,"E:/alexfraser_tagged/af7_nov2/102RECNX","RCNX0340.JPG","Snowshoe hare",2,"Species|Snowshoe hare"
"af7","Snowshoe hare",2025-09-15 19:24:50,2025-09-16,"19:24:50",50709,845.1,14.1,0.6,"E:/alexfraser_tagged/af7_nov2/102RECNX","RCNX0342.JPG","Snowshoe hare",3,"Species|Snowshoe hare"
"af7","Snowshoe hare",2025-09-18 02:03:03,2025-09-18,"02:03:03",196681,3278,54.6,2.3,"E:/alexfraser_tagged/af7_nov2/102RECNX","RCNX0345.JPG","Snowshoe hare",1,"Species|Snowshoe hare"
"af7","Snowshoe hare",2025-10-03 21:07:38,2025-10-04,"21:07:38",1364675,22744.6,379.1,15.8,"E:/alexfraser_tagged/af7_nov2/102RECNX","RCNX0548.JPG","Snowshoe hare",1,"Species|Snowshoe hare"
"af7","Snowshoe hare",2025-10-03 22:01:28,2025-10-04,"22:01:28",3230,53.8,0.9,0,"E:/alexfraser_tagged/af7_nov2/102RECNX","RCNX0552.JPG","Snowshoe hare",1,"Species|Snowshoe hare"
"af7","Snowshoe hare",2025-10-05 01:07:40,2025-10-05,"01:07:40",97572,1626.2,27.1,1.1,"E:/alexfraser_tagged/af7_nov2/102RECNX","RCNX0554.JPG","Snowshoe hare",1,"Species|Snowshoe hare"
"af7","Snowshoe hare",2025-10-05 04:31:29,2025-10-05,"04:31:29",12229,203.8,3.4,0.1,"E:/alexfraser_tagged/af7_nov2/102RECNX","RCNX0555.JPG","Snowshoe hare",1,"Species|Snowshoe hare"
"af7","Snowshoe hare",2025-10-05 05:57:38,2025-10-05,"05:57:38",5169,86.2,1.4,0.1,"E:/alexfraser_tagged/af7_nov2/102RECNX","RCNX0556.JPG","Snowshoe hare",2,"Species|Snowshoe hare"
"af7","Snowshoe hare",2025-10-06 19:08:55,2025-10-07,"19:08:55",133687,2228.1,37.1,1.5,"E:/alexfraser_tagged/af7_nov2/102RECNX","RCNX0559.JPG","Snowshoe hare",1,"Species|Snowshoe hare"
"af7","Snowshoe hare",2025-10-08 05:27:38,2025-10-08,"05:27:38",123523,2058.7,34.3,1.4,"E:/alexfraser_tagged/af7_nov2/102RECNX","RCNX0568.JPG","Snowshoe hare",1,"Species|Snowshoe hare"
"af7","Snowshoe hare",2025-10-08 06:19:38,2025-10-08,"06:19:38",3120,52,0.9,0,"E:/alexfraser_tagged/af7_nov2/102RECNX","RCNX0569.JPG","Snowshoe hare",1,"Species|Snowshoe hare"
"af7","Snowshoe hare",2025-10-08 19:28:50,2025-10-09,"19:28:50",47352,789.2,13.2,0.5,"E:/alexfraser_tagged/af7_nov2/102RECNX","RCNX0574.JPG","Snowshoe hare",1,"Species|Snowshoe hare"
"af7","Snowshoe hare",2025-10-08 20:43:57,2025-10-09,"20:43:57",4507,75.1,1.3,0.1,"E:/alexfraser_tagged/af7_nov2/102RECNX","RCNX0576.JPG","Snowshoe hare",1,"Species|Snowshoe hare"
"af7","Snowshoe hare",2025-10-10 01:09:19,2025-10-10,"01:09:19",102322,1705.4,28.4,1.2,"E:/alexfraser_tagged/af7_nov2/102RECNX","RCNX0577.JPG","Snowshoe hare",3,"Species|Snowshoe hare"
"af7","Snowshoe hare",2025-10-10 18:40:39,2025-10-11,"18:40:39",63070,1051.2,17.5,0.7,"E:/alexfraser_tagged/af7_nov2/102RECNX","RCNX0580.JPG","Snowshoe hare",1,"Species|Snowshoe hare"
"af7","Snowshoe hare",2025-10-12 07:01:08,2025-10-12,"07:01:08",130829,2180.5,36.3,1.5,"E:/alexfraser_tagged/af7_nov2/102RECNX","RCNX0581.JPG","Snowshoe hare",2,"Species|Snowshoe hare"
"af7","Snowshoe hare",2025-10-13 03:18:44,2025-10-13,"03:18:44",73031,1217.2,20.3,0.8,"E:/alexfraser_tagged/af7_nov2/102RECNX","RCNX0583.JPG","Snowshoe hare",1,"Species|Snowshoe hare"
"af7","Snowshoe hare",2025-10-17 19:07:51,2025-10-18,"19:07:51",402547,6709.1,111.8,4.7,"E:/alexfraser_tagged/af7_nov2/102RECNX","RCNX0649.JPG","Snowshoe hare",3,"Species|Snowshoe hare"
"af7","Snowshoe hare",2025-10-18 00:17:47,2025-10-18,"00:17:47",18588,309.8,5.2,0.2,"E:/alexfraser_tagged/af7_nov2/102RECNX","RCNX0652.JPG","Snowshoe hare",1,"Species|Snowshoe hare"
"af7","Snowshoe hare",2025-10-20 05:58:03,2025-10-20,"05:58:03",193216,3220.3,53.7,2.2,"E:/alexfraser_tagged/af7_nov2/102RECNX","RCNX0714.JPG","Snowshoe hare",1,"Species|Snowshoe hare"
"af7","Snowshoe hare",2025-10-25 04:56:12,2025-10-25,"04:56:12",428289,7138.1,119,5,"E:/alexfraser_tagged/af7_nov2/102RECNX","RCNX0821.JPG","Snowshoe hare",1,"Species|Snowshoe hare"
"af7","Snowshoe hare",2025-10-27 03:13:05,2025-10-27,"03:13:05",166613,2776.9,46.3,1.9,"E:/alexfraser_tagged/af7_nov2/102RECNX","RCNX0822.JPG","Snowshoe hare",1,"Species|Snowshoe hare"
"af7","Snowshoe hare",2025-10-27 03:20:15,2025-10-27,"03:20:15",430,7.2,0.1,0,"E:/alexfraser_tagged/af7_nov2/102RECNX","RCNX0823.JPG","Snowshoe hare",1,"Species|Snowshoe hare"
"af7","Snowshoe hare",2025-10-27 03:28:28,2025-10-27,"03:28:28",493,8.2,0.1,0,"E:/alexfraser_tagged/af7_nov2/102RECNX","RCNX0824.JPG","Snowshoe hare",1,"Species|Snowshoe hare"
"af7","Snowshoe hare",2025-10-29 19:46:09,2025-10-30,"19:46:09",231461,3857.7,64.3,2.7,"E:/alexfraser_tagged/af7_nov2/102RECNX","RCNX0828.JPG","Snowshoe hare",1,"Species|Snowshoe hare"
"af7","Snowshoe hare",2025-10-29 20:49:14,2025-10-30,"20:49:14",3785,63.1,1.1,0,"E:/alexfraser_tagged/af7_nov2/102RECNX","RCNX0830.JPG","Snowshoe hare",2,"Species|Snowshoe hare"
"af7","Snowshoe hare",2025-10-30 02:51:41,2025-10-30,"02:51:41",21746,362.4,6,0.2,"E:/alexfraser_tagged/af7_nov2/102RECNX","RCNX0832.JPG","Snowshoe hare",2,"Species|Snowshoe hare"
"af7","Snowshoe hare",2025-10-30 03:17:19,2025-10-30,"03:17:19",1536,25.6,0.4,0,"E:/alexfraser_tagged/af7_nov2/102RECNX","RCNX0834.JPG","Snowshoe hare",3,"Species|Snowshoe hare"
"af7","Wolf",2025-10-21 07:52:06,2025-10-21,"07:52:06",0,0,0,0,"E:/alexfraser_tagged/af7_nov2/102RECNX","RCNX0715.JPG","Wolf",44,"Species|Wolf"
"af7","Wolf",2025-10-21 08:16:11,2025-10-21,"08:16:11",1278,21.3,0.4,0,"E:/alexfraser_tagged/af7_nov2/102RECNX","RCNX0760.JPG","Wolf",8,"Species|Wolf"
"af8","Bird",2025-08-14 20:29:45,2025-08-15,"20:29:45",0,0,0,0,"E:/alexfraser_tagged/af8_nov2/101RECNX","RCNX0046.JPG","Bird",2,"Species|Bird"
"af8","Bird",2025-09-01 08:25:38,2025-09-01,"08:25:38",1511745,25195.8,419.9,17.5,"E:/alexfraser_tagged/af8_nov2/101RECNX","RCNX0077.JPG","Bird",2,"Species|Bird"
"af8","Bird",2025-09-08 09:02:44,2025-09-08,"09:02:44",607006,10116.8,168.6,7,"E:/alexfraser_tagged/af8_nov2/101RECNX","RCNX0086.JPG","Bird",1,"Species|Bird"
"af8","Bird",2025-09-11 08:44:13,2025-09-11,"08:44:13",258089,4301.5,71.7,3,"E:/alexfraser_tagged/af8_nov2/101RECNX","RCNX0088.JPG","Bird",1,"Species|Bird"
"af8","Bird",2025-09-12 13:01:06,2025-09-12,"13:01:06",101813,1696.9,28.3,1.2,"E:/alexfraser_tagged/af8_nov2/101RECNX","RCNX0093.JPG","Bird",4,"Species|Bird"
"af8","Bird",2025-09-13 15:57:22,2025-09-13,"15:57:22",96929,1615.5,26.9,1.1,"E:/alexfraser_tagged/af8_nov2/101RECNX","RCNX0097.JPG","Bird",2,"Species|Bird"
"af8","Bird",2025-09-24 07:57:26,2025-09-24,"07:57:26",921585,15359.8,256,10.7,"E:/alexfraser_tagged/af8_nov2/101RECNX","RCNX0117.JPG","Bird",1,"Species|Bird"
"af8","Bird",2025-09-24 18:23:44,2025-09-25,"18:23:44",37578,626.3,10.4,0.4,"E:/alexfraser_tagged/af8_nov2/101RECNX","RCNX0118.JPG","Bird",2,"Species|Bird"
"af8","Bird",2025-09-25 13:05:59,2025-09-25,"13:05:59",67332,1122.2,18.7,0.8,"E:/alexfraser_tagged/af8_nov2/101RECNX","RCNX0124.JPG","Bird",2,"Species|Bird"
"af8","Bird",2025-10-14 18:30:20,2025-10-15,"18:30:20",1661058,27684.3,461.4,19.2,"E:/alexfraser_tagged/af8_nov2/101RECNX","RCNX0152.JPG","Bird",1,"Species|Bird"
"af8","Black bear",2025-08-14 09:34:07,2025-08-14,"09:34:07",0,0,0,0,"E:/alexfraser_tagged/af8_nov2/101RECNX","RCNX0038.JPG","Black bear",8,"Species|Black bear"
"af8","Canid",2025-08-25 21:47:26,2025-08-26,"21:47:26",0,0,0,0,"E:/alexfraser_tagged/af8_nov2/101RECNX","RCNX0063.JPG","Canid",1,"Species|Canid"
"af8","Flying squirrel",2025-08-17 08:00:28,2025-08-17,"08:00:28",0,0,0,0,"E:/alexfraser_tagged/af8_nov2/101RECNX","RCNX0048.JPG","Flying squirrel",1,"Species|Flying squirrel"
"af8","Flying squirrel",2025-08-23 02:34:48,2025-08-23,"02:34:48",498860,8314.3,138.6,5.8,"E:/alexfraser_tagged/af8_nov2/101RECNX","RCNX0050.JPG","Flying squirrel",1,"Species|Flying squirrel"
"af8","Flying squirrel",2025-09-11 21:52:44,2025-09-12,"21:52:44",1711076,28517.9,475.3,19.8,"E:/alexfraser_tagged/af8_nov2/101RECNX","RCNX0092.JPG","Flying squirrel",1,"Species|Flying squirrel"
"af8","Flying squirrel",2025-09-16 00:03:56,2025-09-16,"00:03:56",353472,5891.2,98.2,4.1,"E:/alexfraser_tagged/af8_nov2/101RECNX","RCNX0100.JPG","Flying squirrel",2,"Species|Flying squirrel"
"af8","Flying squirrel",2025-10-09 19:40:59,2025-10-10,"19:40:59",2057820,34297,571.6,23.8,"E:/alexfraser_tagged/af8_nov2/101RECNX","RCNX0149.JPG","Flying squirrel",1,"Species|Flying squirrel"
"af8","Flying squirrel",2025-10-20 19:54:30,2025-10-21,"19:54:30",951211,15853.5,264.2,11,"E:/alexfraser_tagged/af8_nov2/101RECNX","RCNX0154.JPG","Flying squirrel",1,"Species|Flying squirrel"
"af8","Flying squirrel",2025-10-20 21:28:22,2025-10-21,"21:28:22",5632,93.9,1.6,0.1,"E:/alexfraser_tagged/af8_nov2/101RECNX","RCNX0155.JPG","Flying squirrel",1,"Species|Flying squirrel"
"af8","Marten",2025-08-26 09:45:49,2025-08-26,"09:45:49",0,0,0,0,"E:/alexfraser_tagged/af8_nov2/101RECNX","RCNX0067.JPG","Marten",4,"Species|Marten"
"af8","Mule deer",2025-10-25 02:51:03,2025-10-25,"02:51:03",0,0,0,0,"E:/alexfraser_tagged/af8_nov2/101RECNX","RCNX0158.JPG","Mule deer",4,"Species|Mule deer"
"af8","Mule deer",2025-10-29 03:17:21,2025-10-29,"03:17:21",347171,5786.2,96.4,4,"E:/alexfraser_tagged/af8_nov2/101RECNX","RCNX0163.JPG","Mule deer",10,"Species|Mule deer"
"af8","Nothing",2025-08-12 07:43:44,2025-08-12,"07:43:44",0,0,0,0,"E:/alexfraser_tagged/af8_nov2/101RECNX","RCNX0037.JPG","Nothing",1,"Species|Nothing"
"af8","Nothing",2025-08-26 19:22:36,2025-08-27,"19:22:36",1251532,20858.9,347.6,14.5,"E:/alexfraser_tagged/af8_nov2/101RECNX","RCNX0072.JPG","Nothing",1,"Species|Nothing"
"af8","Nothing",2025-08-27 02:42:52,2025-08-27,"02:42:52",26416,440.3,7.3,0.3,"E:/alexfraser_tagged/af8_nov2/101RECNX","RCNX0073.JPG","Nothing",1,"Species|Nothing"
"af8","Nothing",2025-09-07 09:53:18,2025-09-07,"09:53:18",976226,16270.4,271.2,11.3,"E:/alexfraser_tagged/af8_nov2/101RECNX","RCNX0085.JPG","Nothing",1,"Species|Nothing"
"af8","Nothing",2025-09-09 12:50:34,2025-09-09,"12:50:34",183436,3057.3,51,2.1,"E:/alexfraser_tagged/af8_nov2/101RECNX","RCNX0087.JPG","Nothing",1,"Species|Nothing"
"af8","Nothing",2025-09-15 06:54:31,2025-09-15,"06:54:31",497037,8284,138.1,5.8,"E:/alexfraser_tagged/af8_nov2/101RECNX","RCNX0099.JPG","Nothing",1,"Species|Nothing"
"af8","Nothing",2025-09-23 10:55:28,2025-09-23,"10:55:28",705657,11761,196,8.2,"E:/alexfraser_tagged/af8_nov2/101RECNX","RCNX0116.JPG","Nothing",1,"Species|Nothing"
"af8","Nothing",2025-09-28 07:15:19,2025-09-28,"07:15:19",418791,6979.9,116.3,4.8,"E:/alexfraser_tagged/af8_nov2/101RECNX","RCNX0126.JPG","Nothing",1,"Species|Nothing"
"af8","Nothing",2025-10-02 17:59:02,2025-10-03,"17:59:02",384223,6403.7,106.7,4.4,"E:/alexfraser_tagged/af8_nov2/101RECNX","RCNX0143.JPG","Nothing",1,"Species|Nothing"
"af8","Nothing",2025-10-04 06:59:52,2025-10-04,"06:59:52",133250,2220.8,37,1.5,"E:/alexfraser_tagged/af8_nov2/101RECNX","RCNX0145.JPG","Nothing",1,"Species|Nothing"
"af8","Nothing",2025-10-04 09:52:21,2025-10-04,"09:52:21",10349,172.5,2.9,0.1,"E:/alexfraser_tagged/af8_nov2/101RECNX","RCNX0146.JPG","Nothing",1,"Species|Nothing"
"af8","Nothing",2025-10-05 16:32:50,2025-10-05,"16:32:50",110429,1840.5,30.7,1.3,"E:/alexfraser_tagged/af8_nov2/101RECNX","RCNX0147.JPG","Nothing",1,"Species|Nothing"
"af8","Nothing",2025-10-08 07:06:23,2025-10-08,"07:06:23",225213,3753.6,62.6,2.6,"E:/alexfraser_tagged/af8_nov2/101RECNX","RCNX0148.JPG","Nothing",1,"Species|Nothing"
"af8","Nothing",2025-10-10 13:16:27,2025-10-10,"13:16:27",195004,3250.1,54.2,2.3,"E:/alexfraser_tagged/af8_nov2/101RECNX","RCNX0151.JPG","Nothing",1,"Species|Nothing"
"af8","Nothing",2025-10-30 14:22:32,2025-10-30,"14:22:32",1731965,28866.1,481.1,20,"E:/alexfraser_tagged/af8_nov2/101RECNX","RCNX0173.JPG","Nothing",1,"Species|Nothing"
"af8","People",2025-08-05 11:42:53,2025-08-05,"11:42:53",0,0,0,0,"E:/alexfraser_tagged/af8_nov2/101RECNX","RCNX0001.JPG","People",31,"Species|People"
"af8","People",2025-08-05 12:58:50,2025-08-05,"12:58:50",4521,75.3,1.3,0.1,"E:/alexfraser_tagged/af8_nov2/100RECNX","RCNX0006.JPG","People",1,"Species|People"
"af8","People",2025-11-02 11:30:44,2025-11-02,"11:30:44",7687914,128131.9,2135.5,89,"E:/alexfraser_tagged/af8_nov2/101RECNX","RCNX0174.JPG","People",6,"Species|People"
"af8","Red squirrel",2025-08-23 00:58:55,2025-08-23,"00:58:55",0,0,0,0,"E:/alexfraser_tagged/af8_nov2/101RECNX","RCNX0049.JPG","Red squirrel",1,"Species|Red squirrel"
"af8","Red squirrel",2025-08-25 12:56:53,2025-08-25,"12:56:53",215878,3598,60,2.5,"E:/alexfraser_tagged/af8_nov2/101RECNX","RCNX0062.JPG","Red squirrel",1,"Species|Red squirrel"
"af8","Red squirrel",2025-08-26 05:52:34,2025-08-26,"05:52:34",60941,1015.7,16.9,0.7,"E:/alexfraser_tagged/af8_nov2/101RECNX","RCNX0064.JPG","Red squirrel",1,"Species|Red squirrel"
"af8","Red squirrel",2025-08-26 11:43:49,2025-08-26,"11:43:49",21075,351.2,5.9,0.2,"E:/alexfraser_tagged/af8_nov2/101RECNX","RCNX0071.JPG","Red squirrel",1,"Species|Red squirrel"
"af8","Red squirrel",2025-08-28 17:57:42,2025-08-29,"17:57:42",195233,3253.9,54.2,2.3,"E:/alexfraser_tagged/af8_nov2/101RECNX","RCNX0074.JPG","Red squirrel",1,"Species|Red squirrel"
"af8","Red squirrel",2025-09-06 08:44:56,2025-09-06,"08:44:56",744434,12407.2,206.8,8.6,"E:/alexfraser_tagged/af8_nov2/101RECNX","RCNX0079.JPG","Red squirrel",1,"Species|Red squirrel"
"af8","Red squirrel",2025-09-16 10:19:13,2025-09-16,"10:19:13",869657,14494.3,241.6,10.1,"E:/alexfraser_tagged/af8_nov2/101RECNX","RCNX0102.JPG","Red squirrel",1,"Species|Red squirrel"
"af8","Red squirrel",2025-09-25 06:58:21,2025-09-25,"06:58:21",765548,12759.1,212.7,8.9,"E:/alexfraser_tagged/af8_nov2/101RECNX","RCNX0123.JPG","Red squirrel",1,"Species|Red squirrel"
"af8","Red squirrel",2025-09-29 09:38:59,2025-09-29,"09:38:59",355238,5920.6,98.7,4.1,"E:/alexfraser_tagged/af8_nov2/101RECNX","RCNX0127.JPG","Red squirrel",2,"Species|Red squirrel"
"af8","Red squirrel",2025-09-29 10:53:04,2025-09-29,"10:53:04",4441,74,1.2,0,"E:/alexfraser_tagged/af8_nov2/101RECNX","RCNX0129.JPG","Red squirrel",7,"Species|Red squirrel"
"af8","Red squirrel",2025-10-02 06:54:56,2025-10-02,"06:54:56",244896,4081.6,68,2.8,"E:/alexfraser_tagged/af8_nov2/101RECNX","RCNX0141.JPG","Red squirrel",2,"Species|Red squirrel"
"af8","Red squirrel",2025-10-03 18:30:50,2025-10-04,"18:30:50",128152,2135.9,35.6,1.5,"E:/alexfraser_tagged/af8_nov2/101RECNX","RCNX0144.JPG","Red squirrel",1,"Species|Red squirrel"
"af8","Red squirrel",2025-10-10 07:37:31,2025-10-10,"07:37:31",565601,9426.7,157.1,6.5,"E:/alexfraser_tagged/af8_nov2/101RECNX","RCNX0150.JPG","Red squirrel",1,"Species|Red squirrel"
"af8","Red squirrel",2025-10-15 07:06:13,2025-10-15,"07:06:13",430122,7168.7,119.5,5,"E:/alexfraser_tagged/af8_nov2/101RECNX","RCNX0153.JPG","Red squirrel",1,"Species|Red squirrel"
"af8","Red squirrel",2025-10-21 14:59:13,2025-10-21,"14:59:13",546780,9113,151.9,6.3,"E:/alexfraser_tagged/af8_nov2/101RECNX","RCNX0156.JPG","Red squirrel",1,"Species|Red squirrel"
"af8","Red squirrel",2025-10-22 16:21:44,2025-10-22,"16:21:44",91351,1522.5,25.4,1.1,"E:/alexfraser_tagged/af8_nov2/101RECNX","RCNX0157.JPG","Red squirrel",1,"Species|Red squirrel"
"af8","Skunk",2025-09-30 21:43:23,2025-10-01,"21:43:23",0,0,0,0,"E:/alexfraser_tagged/af8_nov2/101RECNX","RCNX0136.JPG","Skunk",2,"Species|Skunk"
"af8","Snowshoe hare",2025-08-09 01:46:46,2025-08-09,"01:46:46",0,0,0,0,"E:/alexfraser_tagged/af8_nov2/101RECNX","RCNX0034.JPG","Snowshoe hare",3,"Species|Snowshoe hare"
"af8","Snowshoe hare",2025-08-23 04:01:20,2025-08-23,"04:01:20",1217634,20293.9,338.2,14.1,"E:/alexfraser_tagged/af8_nov2/101RECNX","RCNX0051.JPG","Snowshoe hare",3,"Species|Snowshoe hare"
"af8","Snowshoe hare",2025-08-25 04:34:43,2025-08-25,"04:34:43",174796,2913.3,48.6,2,"E:/alexfraser_tagged/af8_nov2/101RECNX","RCNX0054.JPG","Snowshoe hare",8,"Species|Snowshoe hare"
"af8","Snowshoe hare",2025-08-30 03:58:20,2025-08-30,"03:58:20",429609,7160.1,119.3,5,"E:/alexfraser_tagged/af8_nov2/101RECNX","RCNX0075.JPG","Snowshoe hare",2,"Species|Snowshoe hare"
"af8","Snowshoe hare",2025-09-07 04:30:25,2025-09-07,"04:30:25",693123,11552,192.5,8,"E:/alexfraser_tagged/af8_nov2/101RECNX","RCNX0080.JPG","Snowshoe hare",5,"Species|Snowshoe hare"
"af8","Snowshoe hare",2025-09-11 20:22:49,2025-09-12,"20:22:49",402734,6712.2,111.9,4.7,"E:/alexfraser_tagged/af8_nov2/101RECNX","RCNX0089.JPG","Snowshoe hare",3,"Species|Snowshoe hare"
"af8","Snowshoe hare",2025-09-17 02:46:21,2025-09-17,"02:46:21",455003,7583.4,126.4,5.3,"E:/alexfraser_tagged/af8_nov2/101RECNX","RCNX0103.JPG","Snowshoe hare",13,"Species|Snowshoe hare"
"af8","Snowshoe hare",2025-09-24 20:47:14,2025-09-25,"20:47:14",669265,11154.4,185.9,7.7,"E:/alexfraser_tagged/af8_nov2/101RECNX","RCNX0120.JPG","Snowshoe hare",3,"Species|Snowshoe hare"
"af8","Snowshoe hare",2025-10-01 23:16:19,2025-10-02,"23:16:19",613731,10228.9,170.5,7.1,"E:/alexfraser_tagged/af8_nov2/101RECNX","RCNX0138.JPG","Snowshoe hare",3,"Species|Snowshoe hare"
"af8","Snowshoe hare",2025-10-26 22:54:00,2025-10-27,"22:54:00",2158583,35976.4,599.6,25,"E:/alexfraser_tagged/af8_nov2/101RECNX","RCNX0162.JPG","Snowshoe hare",1,"Species|Snowshoe hare"
"af8","unknown",2025-08-26 07:17:46,2025-08-26,"07:17:46",0,0,0,0,"E:/alexfraser_tagged/af8_nov2/101RECNX","RCNX0065.JPG","unknown",2,"Species|unknown"
"af9","Bird",2025-08-08 21:01:15,2025-08-09,"21:01:15",0,0,0,0,"E:/alexfraser_tagged/af9_nov2/105RECNX","RCNX0006.JPG","Bird",1,"Species|Bird"
"af9","Bird",2025-08-15 09:15:56,2025-08-15,"09:15:56",562481,9374.7,156.2,6.5,"E:/alexfraser_tagged/af9_nov2/105RECNX","RCNX0075.JPG","Bird",2,"Species|Bird"
"af9","Bird",2025-08-22 20:33:05,2025-08-23,"20:33:05",645426,10757.1,179.3,7.5,"E:/alexfraser_tagged/af9_nov2/105RECNX","RCNX0102.JPG","Bird",2,"Species|Bird"
"af9","Bird",2025-09-02 09:08:28,2025-09-02,"09:08:28",909320,15155.3,252.6,10.5,"E:/alexfraser_tagged/af9_nov2/105RECNX","RCNX0118.JPG","Bird",4,"Species|Bird"
"af9","Bird",2025-10-01 11:10:18,2025-10-01,"11:10:18",2512727,41878.8,698,29.1,"E:/alexfraser_tagged/af9_nov2/105RECNX","RCNX0209.JPG","Bird",5,"Species|Bird"
"af9","Bird",2025-10-07 14:16:32,2025-10-07,"14:16:32",529567,8826.1,147.1,6.1,"E:/alexfraser_tagged/af9_nov2/105RECNX","RCNX0281.JPG","Bird",5,"Species|Bird"
"af9","Bird",2025-10-07 15:42:28,2025-10-07,"15:42:28",5141,85.7,1.4,0.1,"E:/alexfraser_tagged/af9_nov2/105RECNX","RCNX0286.JPG","Bird",2,"Species|Bird"
"af9","Bird",2025-10-10 07:07:05,2025-10-10,"07:07:05",228275,3804.6,63.4,2.6,"E:/alexfraser_tagged/af9_nov2/105RECNX","RCNX0305.JPG","Bird",1,"Species|Bird"
"af9","Bird",2025-10-10 18:05:54,2025-10-11,"18:05:54",39529,658.8,11,0.5,"E:/alexfraser_tagged/af9_nov2/105RECNX","RCNX0310.JPG","Bird",4,"Species|Bird"
"af9","Bird",2025-10-20 17:44:14,2025-10-21,"17:44:14",862693,14378.2,239.6,10,"E:/alexfraser_tagged/af9_nov2/105RECNX","RCNX0322.JPG","Bird",8,"Species|Bird"
"af9","Bird",2025-10-25 12:27:13,2025-10-25,"12:27:13",412951,6882.5,114.7,4.8,"E:/alexfraser_tagged/af9_nov2/105RECNX","RCNX0332.JPG","Bird",4,"Species|Bird"
"af9","Bird",2025-10-27 13:29:59,2025-10-27,"13:29:59",176561,2942.7,49,2,"E:/alexfraser_tagged/af9_nov2/105RECNX","RCNX0431.JPG","Bird",5,"Species|Bird"
"af9","Bird",2025-10-30 11:03:52,2025-10-30,"11:03:52",250428,4173.8,69.6,2.9,"E:/alexfraser_tagged/af9_nov2/105RECNX","RCNX0438.JPG","Bird",4,"Species|Bird"
"af9","Black bear",2025-08-09 08:40:02,2025-08-09,"08:40:02",0,0,0,0,"E:/alexfraser_tagged/af9_nov2/105RECNX","RCNX0007.JPG","Black bear",25,"Species|Black bear"
"af9","Black bear",2025-08-09 09:10:27,2025-08-09,"09:10:27",1790,29.8,0.5,0,"E:/alexfraser_tagged/af9_nov2/105RECNX","RCNX0032.JPG","Black bear",15,"Species|Black bear"
"af9","Black bear",2025-08-11 13:28:47,2025-08-11,"13:28:47",188277,3137.9,52.3,2.2,"E:/alexfraser_tagged/af9_nov2/105RECNX","RCNX0051.JPG","Black bear",6,"Species|Black bear"
"af9","Black bear",2025-08-11 19:04:24,2025-08-12,"19:04:24",20128,335.5,5.6,0.2,"E:/alexfraser_tagged/af9_nov2/105RECNX","RCNX0057.JPG","Black bear",13,"Species|Black bear"
"af9","Black bear",2025-08-20 21:03:33,2025-08-21,"21:03:33",784724,13078.7,218,9.1,"E:/alexfraser_tagged/af9_nov2/105RECNX","RCNX0080.JPG","Black bear",17,"Species|Black bear"
"af9","Black bear",2025-09-17 12:17:19,2025-09-17,"12:17:19",2387606,39793.4,663.2,27.6,"E:/alexfraser_tagged/af9_nov2/105RECNX","RCNX0152.JPG","Black bear",10,"Species|Black bear"
"af9","Black bear",2025-10-07 13:24:24,2025-10-07,"13:24:24",1732010,28866.8,481.1,20,"E:/alexfraser_tagged/af9_nov2/105RECNX","RCNX0250.JPG","Black bear",30,"Species|Black bear"
"af9","Canada Lynx",2025-08-08 08:24:28,2025-08-08,"08:24:28",0,0,0,0,"E:/alexfraser_tagged/af9_nov2/105RECNX","RCNX0002.JPG","Canada Lynx",3,"Species|Canada Lynx"
"af9","Canada Lynx",2025-08-12 04:33:05,2025-08-12,"04:33:05",331714,5528.6,92.1,3.8,"E:/alexfraser_tagged/af9_nov2/105RECNX","RCNX0070.JPG","Canada Lynx",4,"Species|Canada Lynx"
"af9","Canada Lynx",2025-08-26 22:46:34,2025-08-27,"22:46:34",1275205,21253.4,354.2,14.8,"E:/alexfraser_tagged/af9_nov2/105RECNX","RCNX0111.JPG","Canada Lynx",6,"Species|Canada Lynx"
"af9","Canada Lynx",2025-10-15 16:42:35,2025-10-15,"16:42:35",4298154,71635.9,1193.9,49.7,"E:/alexfraser_tagged/af9_nov2/105RECNX","RCNX0314.JPG","Canada Lynx",2,"Species|Canada Lynx"
"af9","Mule deer",2025-10-01 15:00:15,2025-10-01,"15:00:15",0,0,0,0,"E:/alexfraser_tagged/af9_nov2/105RECNX","RCNX0214.JPG","Mule deer",17,"Species|Mule deer"
"af9","Mule deer",2025-10-02 04:37:48,2025-10-02,"04:37:48",49027,817.1,13.6,0.6,"E:/alexfraser_tagged/af9_nov2/105RECNX","RCNX0234.JPG","Mule deer",6,"Species|Mule deer"
"af9","Mule deer",2025-10-27 08:23:22,2025-10-27,"08:23:22",2173528,36225.5,603.8,25.2,"E:/alexfraser_tagged/af9_nov2/105RECNX","RCNX0345.JPG","Mule deer",79,"Species|Mule deer"
"af9","Nothing",2025-08-05 14:39:32,2025-08-05,"14:39:32",0,0,0,0,"E:/alexfraser_tagged/af9_nov2/105RECNX","RCNX0001.JPG","Nothing",1,"Species|Nothing"
"af9","Nothing",2025-08-13 11:30:46,2025-08-13,"11:30:46",679874,11331.2,188.9,7.9,"E:/alexfraser_tagged/af9_nov2/105RECNX","RCNX0074.JPG","Nothing",1,"Species|Nothing"
"af9","Nothing",2025-08-30 09:38:54,2025-08-30,"09:38:54",1462088,24368.1,406.1,16.9,"E:/alexfraser_tagged/af9_nov2/105RECNX","RCNX0117.JPG","Nothing",1,"Species|Nothing"
"af9","Nothing",2025-09-02 09:09:19,2025-09-02,"09:09:19",257425,4290.4,71.5,3,"E:/alexfraser_tagged/af9_nov2/105RECNX","RCNX0120.JPG","Nothing",1,"Species|Nothing"
"af9","Nothing",2025-09-02 11:40:29,2025-09-02,"11:40:29",9070,151.2,2.5,0.1,"E:/alexfraser_tagged/af9_nov2/105RECNX","RCNX0123.JPG","Nothing",1,"Species|Nothing"
"af9","Nothing",2025-10-20 12:33:05,2025-10-20,"12:33:05",4150356,69172.6,1152.9,48,"E:/alexfraser_tagged/af9_nov2/105RECNX","RCNX0321.JPG","Nothing",1,"Species|Nothing"
"af9","People",2025-08-05 14:12:24,2025-08-05,"14:12:24",0,0,0,0,"E:/alexfraser_tagged/af9_nov2/100RECNX","RCNX0001.JPG","People",72,"Species|People"
"af9","People",2025-11-01 14:56:33,2025-11-01,"14:56:33",7605203,126753.4,2112.6,88,"E:/alexfraser_tagged/af9_nov2/105RECNX","RCNX0448.JPG","People",16,"Species|People"
"af9","Red fox",2025-10-08 10:25:46,2025-10-08,"10:25:46",0,0,0,0,"E:/alexfraser_tagged/af9_nov2/105RECNX","RCNX0288.JPG","Red fox",3,"Species|Red fox"
"af9","Red squirrel",2025-08-10 06:42:47,2025-08-10,"06:42:47",0,0,0,0,"E:/alexfraser_tagged/af9_nov2/105RECNX","RCNX0049.JPG","Red squirrel",2,"Species|Red squirrel"
"af9","Red squirrel",2025-08-17 08:15:41,2025-08-17,"08:15:41",610373,10172.9,169.5,7.1,"E:/alexfraser_tagged/af9_nov2/105RECNX","RCNX0077.JPG","Red squirrel",2,"Species|Red squirrel"
"af9","Red squirrel",2025-08-21 06:04:13,2025-08-21,"06:04:13",337710,5628.5,93.8,3.9,"E:/alexfraser_tagged/af9_nov2/105RECNX","RCNX0099.JPG","Red squirrel",1,"Species|Red squirrel"
"af9","Red squirrel",2025-08-22 06:43:01,2025-08-22,"06:43:01",88728,1478.8,24.6,1,"E:/alexfraser_tagged/af9_nov2/105RECNX","RCNX0100.JPG","Red squirrel",1,"Species|Red squirrel"
"af9","Red squirrel",2025-08-22 11:30:11,2025-08-22,"11:30:11",17230,287.2,4.8,0.2,"E:/alexfraser_tagged/af9_nov2/105RECNX","RCNX0101.JPG","Red squirrel",1,"Species|Red squirrel"
"af9","Red squirrel",2025-09-13 07:13:03,2025-09-13,"07:13:03",1885372,31422.9,523.7,21.8,"E:/alexfraser_tagged/af9_nov2/105RECNX","RCNX0130.JPG","Red squirrel",1,"Species|Red squirrel"
"af9","Red squirrel",2025-09-13 08:23:41,2025-09-13,"08:23:41",4238,70.6,1.2,0,"E:/alexfraser_tagged/af9_nov2/105RECNX","RCNX0131.JPG","Red squirrel",2,"Species|Red squirrel"
"af9","Red squirrel",2025-09-29 13:02:09,2025-09-29,"13:02:09",1399099,23318.3,388.6,16.2,"E:/alexfraser_tagged/af9_nov2/105RECNX","RCNX0199.JPG","Red squirrel",2,"Species|Red squirrel"
"af9","Red squirrel",2025-09-29 17:49:58,2025-09-30,"17:49:58",17218,287,4.8,0.2,"E:/alexfraser_tagged/af9_nov2/105RECNX","RCNX0201.JPG","Red squirrel",1,"Species|Red squirrel"
"af9","Red squirrel",2025-09-30 06:51:26,2025-09-30,"06:51:26",46888,781.5,13,0.5,"E:/alexfraser_tagged/af9_nov2/105RECNX","RCNX0202.JPG","Red squirrel",1,"Species|Red squirrel"
"af9","Red squirrel",2025-09-30 13:21:55,2025-09-30,"13:21:55",23429,390.5,6.5,0.3,"E:/alexfraser_tagged/af9_nov2/105RECNX","RCNX0203.JPG","Red squirrel",1,"Species|Red squirrel"
"af9","Red squirrel",2025-09-30 13:33:36,2025-09-30,"13:33:36",701,11.7,0.2,0,"E:/alexfraser_tagged/af9_nov2/105RECNX","RCNX0204.JPG","Red squirrel",3,"Species|Red squirrel"
"af9","Red squirrel",2025-10-01 08:03:23,2025-10-01,"08:03:23",66575,1109.6,18.5,0.8,"E:/alexfraser_tagged/af9_nov2/105RECNX","RCNX0207.JPG","Red squirrel",2,"Species|Red squirrel"
"af9","Red squirrel",2025-10-03 08:09:53,2025-10-03,"08:09:53",173189,2886.5,48.1,2,"E:/alexfraser_tagged/af9_nov2/105RECNX","RCNX0240.JPG","Red squirrel",2,"Species|Red squirrel"
"af9","Red squirrel",2025-10-10 07:59:11,2025-10-10,"07:59:11",604157,10069.3,167.8,7,"E:/alexfraser_tagged/af9_nov2/105RECNX","RCNX0306.JPG","Red squirrel",1,"Species|Red squirrel"
"af9","Red squirrel",2025-10-10 12:09:21,2025-10-10,"12:09:21",15010,250.2,4.2,0.2,"E:/alexfraser_tagged/af9_nov2/105RECNX","RCNX0307.JPG","Red squirrel",3,"Species|Red squirrel"
"af9","Snowshoe hare",2025-08-25 23:54:03,2025-08-26,"23:54:03",0,0,0,0,"E:/alexfraser_tagged/af9_nov2/105RECNX","RCNX0104.JPG","Snowshoe hare",5,"Species|Snowshoe hare"
"af9","Snowshoe hare",2025-08-26 21:20:55,2025-08-27,"21:20:55",77187,1286.4,21.4,0.9,"E:/alexfraser_tagged/af9_nov2/105RECNX","RCNX0109.JPG","Snowshoe hare",1,"Species|Snowshoe hare"
"af9","Snowshoe hare",2025-09-07 00:48:34,2025-09-07,"00:48:34",962859,16047.6,267.5,11.1,"E:/alexfraser_tagged/af9_nov2/105RECNX","RCNX0125.JPG","Snowshoe hare",2,"Species|Snowshoe hare"
"af9","Snowshoe hare",2025-09-10 23:35:58,2025-09-11,"23:35:58",341241,5687.4,94.8,3.9,"E:/alexfraser_tagged/af9_nov2/105RECNX","RCNX0127.JPG","Snowshoe hare",3,"Species|Snowshoe hare"
"af9","Snowshoe hare",2025-09-14 01:13:33,2025-09-14,"01:13:33",265049,4417.5,73.6,3.1,"E:/alexfraser_tagged/af9_nov2/105RECNX","RCNX0133.JPG","Snowshoe hare",14,"Species|Snowshoe hare"
"af9","Snowshoe hare",2025-09-15 22:50:18,2025-09-16,"22:50:18",164170,2736.2,45.6,1.9,"E:/alexfraser_tagged/af9_nov2/105RECNX","RCNX0147.JPG","Snowshoe hare",5,"Species|Snowshoe hare"
"af9","Snowshoe hare",2025-09-18 03:34:04,2025-09-18,"03:34:04",189818,3163.6,52.7,2.2,"E:/alexfraser_tagged/af9_nov2/105RECNX","RCNX0164.JPG","Snowshoe hare",3,"Species|Snowshoe hare"
"af9","Snowshoe hare",2025-09-18 03:54:21,2025-09-18,"03:54:21",995,16.6,0.3,0,"E:/alexfraser_tagged/af9_nov2/105RECNX","RCNX0167.JPG","Snowshoe hare",11,"Species|Snowshoe hare"
"af9","Snowshoe hare",2025-09-18 04:45:16,2025-09-18,"04:45:16",2735,45.6,0.8,0,"E:/alexfraser_tagged/af9_nov2/105RECNX","RCNX0178.JPG","Snowshoe hare",4,"Species|Snowshoe hare"
"af9","Snowshoe hare",2025-09-19 01:19:22,2025-09-19,"01:19:22",74039,1234,20.6,0.9,"E:/alexfraser_tagged/af9_nov2/105RECNX","RCNX0182.JPG","Snowshoe hare",4,"Species|Snowshoe hare"
"af9","Snowshoe hare",2025-09-23 20:41:15,2025-09-24,"20:41:15",415285,6921.4,115.4,4.8,"E:/alexfraser_tagged/af9_nov2/105RECNX","RCNX0186.JPG","Snowshoe hare",3,"Species|Snowshoe hare"
"af9","Snowshoe hare",2025-09-24 21:51:38,2025-09-25,"21:51:38",90588,1509.8,25.2,1,"E:/alexfraser_tagged/af9_nov2/105RECNX","RCNX0189.JPG","Snowshoe hare",8,"Species|Snowshoe hare"
"af9","Snowshoe hare",2025-10-01 23:20:20,2025-10-02,"23:20:20",610033,10167.2,169.5,7.1,"E:/alexfraser_tagged/af9_nov2/105RECNX","RCNX0233.JPG","Snowshoe hare",1,"Species|Snowshoe hare"
"af9","Snowshoe hare",2025-10-03 23:15:07,2025-10-04,"23:15:07",172487,2874.8,47.9,2,"E:/alexfraser_tagged/af9_nov2/105RECNX","RCNX0242.JPG","Snowshoe hare",5,"Species|Snowshoe hare"
"af9","Snowshoe hare",2025-10-03 23:53:33,2025-10-04,"23:53:33",2297,38.3,0.6,0,"E:/alexfraser_tagged/af9_nov2/105RECNX","RCNX0247.JPG","Snowshoe hare",1,"Species|Snowshoe hare"
"af9","Snowshoe hare",2025-10-04 00:09:06,2025-10-04,"00:09:06",933,15.6,0.3,0,"E:/alexfraser_tagged/af9_nov2/105RECNX","RCNX0249.JPG","Snowshoe hare",1,"Species|Snowshoe hare"
"af9","Snowshoe hare",2025-10-09 22:16:39,2025-10-10,"22:16:39",511653,8527.5,142.1,5.9,"E:/alexfraser_tagged/af9_nov2/105RECNX","RCNX0291.JPG","Snowshoe hare",12,"Species|Snowshoe hare"
"af9","Snowshoe hare",2025-10-10 04:49:26,2025-10-10,"04:49:26",23386,389.8,6.5,0.3,"E:/alexfraser_tagged/af9_nov2/105RECNX","RCNX0303.JPG","Snowshoe hare",2,"Species|Snowshoe hare"
"af9","Snowshoe hare",2025-10-19 22:37:50,2025-10-20,"22:37:50",841702,14028.4,233.8,9.7,"E:/alexfraser_tagged/af9_nov2/105RECNX","RCNX0317.JPG","Snowshoe hare",4,"Species|Snowshoe hare"
"af9","Snowshoe hare",2025-10-21 05:34:03,2025-10-21,"05:34:03",111368,1856.1,30.9,1.3,"E:/alexfraser_tagged/af9_nov2/105RECNX","RCNX0331.JPG","Snowshoe hare",1,"Species|Snowshoe hare"
"af9","Snowshoe hare",2025-10-27 02:12:38,2025-10-27,"02:12:38",506315,8438.6,140.6,5.9,"E:/alexfraser_tagged/af9_nov2/105RECNX","RCNX0336.JPG","Snowshoe hare",8,"Species|Snowshoe hare"
"af9","Snowshoe hare",2025-10-27 02:50:33,2025-10-27,"02:50:33",2193,36.5,0.6,0,"E:/alexfraser_tagged/af9_nov2/105RECNX","RCNX0344.JPG","Snowshoe hare",1,"Species|Snowshoe hare"
"af9","Snowshoe hare",2025-10-29 00:30:49,2025-10-29,"00:30:49",164416,2740.3,45.7,1.9,"E:/alexfraser_tagged/af9_nov2/105RECNX","RCNX0436.JPG","Snowshoe hare",2,"Species|Snowshoe hare"
"af9","Snowshoe hare",2025-10-30 21:24:00,2025-10-31,"21:24:00",161563,2692.7,44.9,1.9,"E:/alexfraser_tagged/af9_nov2/105RECNX","RCNX0442.JPG","Snowshoe hare",1,"Species|Snowshoe hare"
"af9","Snowshoe hare",2025-10-31 06:07:22,2025-10-31,"06:07:22",31402,523.4,8.7,0.4,"E:/alexfraser_tagged/af9_nov2/105RECNX","RCNX0443.JPG","Snowshoe hare",5,"Species|Snowshoe hare"
"af9","Unknown",2025-08-20 17:39:58,2025-08-21,"17:39:58",0,0,0,0,"E:/alexfraser_tagged/af9_nov2/105RECNX","RCNX0079.JPG","Unknown",1,"Species|Unknown"
"af9","Unknown",2025-09-03 11:20:07,2025-09-03,"11:20:07",1186809,19780.2,329.7,13.7,"E:/alexfraser_tagged/af9_nov2/105RECNX","RCNX0124.JPG","Unknown",1,"Species|Unknown"
