"Station","Species","DateTimeOriginal","Date","Time","delta.time.secs","delta.time.mins","delta.time.hours","delta.time.days","Directory","FileName","metadata_Species","n_images","metadata_People","HierarchicalSubject"
"tl1","Black bear",2025-09-23 15:02:32,2025-09-23,"15:02:32",0,0,0,0,"E:/tenquille_oct_tagged/tl1_oct25/102RECNX","RCNX0011.JPG","Black bear",11,NA,"Species|Black bear"
"tl1","Mule deer",2025-10-07 15:51:41,2025-10-07,"15:51:41",0,0,0,0,"E:/tenquille_oct_tagged/tl1_oct25/102RECNX","RCNX0022.JPG","Mule deer",13,NA,"Species|Mule deer"
"tl1","Mule deer",2025-10-13 14:40:22,2025-10-13,"14:40:22",513986,8566.4,142.8,6,"E:/tenquille_oct_tagged/tl1_oct25/102RECNX","RCNX0035.JPG","Mule deer",56,NA,"Species|Mule deer"
"tl1","Mule deer",2025-10-15 23:56:01,2025-10-15,"23:56:01",206000,3433.3,57.2,2.4,"E:/tenquille_oct_tagged/tl1_oct25/102RECNX","RCNX0091.JPG","Mule deer",38,NA,"Species|Mule deer"
"tl1","Mule deer",2025-10-18 05:24:24,2025-10-18,"05:24:24",192249,3204.2,53.4,2.2,"E:/tenquille_oct_tagged/tl1_oct25/102RECNX","RCNX0129.JPG","Mule deer",8,NA,"Species|Mule deer"
"tl1","Nothing",2025-09-20 12:48:31,2025-09-20,"12:48:31",0,0,0,0,"E:/tenquille_oct_tagged/tl1_oct25/100RECNX","RCNX0001.JPG","Nothing",1,NA,"Species|Nothing"
"tl1","People",2025-09-20 12:54:57,2025-09-20,"12:54:57",0,0,0,0,"E:/tenquille_oct_tagged/tl1_oct25/101RECNX","RCNX0001.JPG","People",83,NA,"Species|People"
"tl1","People",2025-10-26 15:37:28,2025-10-26,"15:37:28",3119781,51996.3,866.6,36.1,"E:/tenquille_oct_tagged/tl1_oct25/102RECNX","RCNX0137.JPG","People",45,NA,"Species|People"
"tl10","Bird",2025-09-22 17:09:51,2025-09-22,"17:09:51",0,0,0,0,"E:/tenquille_oct_tagged/tl10_oct25/100RECNX","RCNX0026.JPG","Bird",6,NA,"Species|Bird"
"tl10","Bird",2025-09-29 07:56:40,2025-09-29,"07:56:40",571591,9526.5,158.8,6.6,"E:/tenquille_oct_tagged/tl10_oct25/100RECNX","RCNX0035.JPG","Bird",1,NA,"Species|Bird"
"tl10","Bird",2025-10-09 13:23:28,2025-10-09,"13:23:28",883608,14726.8,245.4,10.2,"E:/tenquille_oct_tagged/tl10_oct25/100RECNX","RCNX0037.JPG","Bird",1,NA,"Species|Bird"
"tl10","Bobcat",2025-10-06 22:15:31,2025-10-06,"22:15:31",0,0,0,0,"E:/tenquille_oct_tagged/tl10_oct25/100RECNX","RCNX0036.JPG","Bobcat",1,NA,"Species|Bobcat"
"tl10","Mule deer",2025-10-09 17:26:58,2025-10-09,"17:26:58",0,0,0,0,"E:/tenquille_oct_tagged/tl10_oct25/100RECNX","RCNX0038.JPG","Mule deer",18,NA,"Species|Mule deer"
"tl10","Nothing",2025-09-22 12:54:22,2025-09-22,"12:54:22",0,0,0,0,"E:/tenquille_oct_tagged/tl10_oct25/100RECNX","RCNX0025.JPG","Nothing",1,NA,"Species|Nothing"
"tl10","People",2025-09-21 12:07:46,2025-09-21,"12:07:46",0,0,0,0,"E:/tenquille_oct_tagged/tl10_oct25/100RECNX","RCNX0001.JPG","People",24,NA,"Species|People"
"tl10","People",2025-10-25 14:50:51,2025-10-25,"14:50:51",2947171,49119.5,818.7,34.1,"E:/tenquille_oct_tagged/tl10_oct25/100RECNX","RCNX0058.JPG","People",22,NA,"Species|People"
"tl10","Snowshoe hare",2025-09-24 00:33:38,2025-09-24,"00:33:38",0,0,0,0,"E:/tenquille_oct_tagged/tl10_oct25/100RECNX","RCNX0032.JPG","Snowshoe hare",2,NA,"Species|Snowshoe hare"
"tl10","Snowshoe hare",2025-10-14 01:29:50,2025-10-14,"01:29:50",1731347,28855.8,480.9,20,"E:/tenquille_oct_tagged/tl10_oct25/100RECNX","RCNX0056.JPG","Snowshoe hare",2,NA,"Species|Snowshoe hare"
"tl10","Unknown",2025-09-24 08:01:56,2025-09-24,"08:01:56",0,0,0,0,"E:/tenquille_oct_tagged/tl10_oct25/100RECNX","RCNX0034.JPG","Unknown",1,NA,"Species|Unknown"
"tl11","Bird",2025-10-05 09:28:52,2025-10-05,"09:28:52",0,0,0,0,"E:/tenquille_oct_tagged/tl11_oct25/100RECNX","RCNX0069.JPG","Bird",1,NA,"Species|Bird"
"tl11","Grizzly bear",2025-09-27 10:52:56,2025-09-27,"10:52:56",0,0,0,0,"E:/tenquille_oct_tagged/tl11_oct25/100RECNX","RCNX0058.JPG","Grizzly bear",5,NA,"Species|Grizzly bear"
"tl11","Mule deer",2025-09-21 20:02:42,2025-09-21,"20:02:42",0,0,0,0,"E:/tenquille_oct_tagged/tl11_oct25/100RECNX","RCNX0012.JPG","Mule deer",18,NA,"Species|Mule deer"
"tl11","Mule deer",2025-09-23 20:58:37,2025-09-23,"20:58:37",176100,2935,48.9,2,"E:/tenquille_oct_tagged/tl11_oct25/100RECNX","RCNX0030.JPG","Mule deer",12,NA,"Species|Mule deer"
"tl11","Mule deer",2025-09-24 07:17:27,2025-09-24,"07:17:27",37100,618.3,10.3,0.4,"E:/tenquille_oct_tagged/tl11_oct25/100RECNX","RCNX0042.JPG","Mule deer",16,NA,"Species|Mule deer"
"tl11","Mule deer",2025-10-11 07:59:49,2025-10-11,"07:59:49",1471237,24520.6,408.7,17,"E:/tenquille_oct_tagged/tl11_oct25/100RECNX","RCNX0072.JPG","Mule deer",6,NA,"Species|Mule deer"
"tl11","Mule deer",2025-10-11 08:20:41,2025-10-11,"08:20:41",1240,20.7,0.3,0,"E:/tenquille_oct_tagged/tl11_oct25/100RECNX","RCNX0078.JPG","Mule deer",2,NA,"Species|Mule deer"
"tl11","Mule deer",2025-10-11 16:00:39,2025-10-11,"16:00:39",27595,459.9,7.7,0.3,"E:/tenquille_oct_tagged/tl11_oct25/100RECNX","RCNX0080.JPG","Mule deer",5,NA,"Species|Mule deer"
"tl11","Mule deer",2025-10-14 09:24:06,2025-10-14,"09:24:06",235378,3923,65.4,2.7,"E:/tenquille_oct_tagged/tl11_oct25/100RECNX","RCNX0094.JPG","Mule deer",4,NA,"Species|Mule deer"
"tl11","Nothing",2025-10-05 16:40:32,2025-10-05,"16:40:32",0,0,0,0,"E:/tenquille_oct_tagged/tl11_oct25/100RECNX","RCNX0070.JPG","Nothing",1,NA,"Species|Nothing"
"tl11","People",2025-09-21 13:04:57,2025-09-21,"13:04:57",0,0,0,0,"E:/tenquille_oct_tagged/tl11_oct25/100RECNX","RCNX0001.JPG","People",4,NA,"Species|People"
"tl11","People",2025-09-21 13:10:57,2025-09-21,"13:10:57",351,5.8,0.1,0,"E:/tenquille_oct_tagged/tl11_oct25/100RECNX","RCNX0005.JPG","People",7,NA,"Species|People"
"tl11","People",2025-10-25 11:30:56,2025-10-25,"11:30:56",2931448,48857.5,814.3,33.9,"E:/tenquille_oct_tagged/tl11_oct25/100RECNX","RCNX0098.JPG","People",109,NA,"Species|People"
"tl11","Snowshoe hare",2025-09-27 20:26:14,2025-09-27,"20:26:14",0,0,0,0,"E:/tenquille_oct_tagged/tl11_oct25/100RECNX","RCNX0063.JPG","Snowshoe hare",1,NA,"Species|Snowshoe hare"
"tl11","Snowshoe hare",2025-09-28 02:06:34,2025-09-28,"02:06:34",20420,340.3,5.7,0.2,"E:/tenquille_oct_tagged/tl11_oct25/100RECNX","RCNX0064.JPG","Snowshoe hare",1,NA,"Species|Snowshoe hare"
"tl11","Snowshoe hare",2025-09-29 21:51:53,2025-09-29,"21:51:53",157519,2625.3,43.8,1.8,"E:/tenquille_oct_tagged/tl11_oct25/100RECNX","RCNX0065.JPG","Snowshoe hare",2,NA,"Species|Snowshoe hare"
"tl11","Snowshoe hare",2025-10-14 03:00:57,2025-10-14,"03:00:57",1228142,20469,341.1,14.2,"E:/tenquille_oct_tagged/tl11_oct25/100RECNX","RCNX0085.JPG","Snowshoe hare",9,NA,"Species|Snowshoe hare"
"tl11","Unknown",2025-10-05 08:09:56,2025-10-05,"08:09:56",0,0,0,0,"E:/tenquille_oct_tagged/tl11_oct25/100RECNX","RCNX0067.JPG","Unknown",2,NA,"Species|Unknown"
"tl11","Unknown",2025-10-06 15:15:33,2025-10-06,"15:15:33",111934,1865.6,31.1,1.3,"E:/tenquille_oct_tagged/tl11_oct25/100RECNX","RCNX0071.JPG","Unknown",1,NA,"Species|Unknown"
"tl12","Bird",2025-10-06 18:27:30,2025-10-06,"18:27:30",0,0,0,0,"E:/tenquille_oct_tagged/tl12_oct25/100RECNX","RCNX0068.JPG","Bird",1,NA,"Species|Bird"
"tl12","Mule deer",2025-09-22 04:59:05,2025-09-22,"04:59:05",0,0,0,0,"E:/tenquille_oct_tagged/tl12_oct25/100RECNX","RCNX0008.JPG","Mule deer",6,NA,"Species|Mule deer"
"tl12","Mule deer",2025-09-24 01:19:18,2025-09-24,"01:19:18",159573,2659.6,44.3,1.8,"E:/tenquille_oct_tagged/tl12_oct25/100RECNX","RCNX0014.JPG","Mule deer",27,NA,"Species|Mule deer"
"tl12","Mule deer",2025-09-26 00:21:57,2025-09-26,"00:21:57",169188,2819.8,47,2,"E:/tenquille_oct_tagged/tl12_oct25/100RECNX","RCNX0043.JPG","Mule deer",18,NA,"Species|Mule deer"
"tl12","Mule deer",2025-10-01 20:33:48,2025-10-01,"20:33:48",504599,8410,140.2,5.8,"E:/tenquille_oct_tagged/tl12_oct25/100RECNX","RCNX0062.JPG","Mule deer",6,NA,"Species|Mule deer"
"tl12","Mule deer",2025-10-07 20:18:38,2025-10-07,"20:18:38",517478,8624.6,143.7,6,"E:/tenquille_oct_tagged/tl12_oct25/100RECNX","RCNX0069.JPG","Mule deer",5,NA,"Species|Mule deer"
"tl12","People",2025-09-21 14:20:34,2025-09-21,"14:20:34",0,0,0,0,"E:/tenquille_oct_tagged/tl12_oct25/100RECNX","RCNX0001.JPG","People",7,NA,"Species|People"
"tl12","People",2025-10-25 12:51:18,2025-10-25,"12:51:18",2932163,48869.4,814.5,33.9,"E:/tenquille_oct_tagged/tl12_oct25/100RECNX","RCNX0076.JPG","People",45,NA,"Species|People"
"tl12","Snowshoe hare",2025-09-24 21:30:24,2025-09-24,"21:30:24",0,0,0,0,"E:/tenquille_oct_tagged/tl12_oct25/100RECNX","RCNX0041.JPG","Snowshoe hare",2,NA,"Species|Snowshoe hare"
"tl12","Snowshoe hare",2025-09-29 20:40:33,2025-09-29,"20:40:33",428780,7146.3,119.1,5,"E:/tenquille_oct_tagged/tl12_oct25/100RECNX","RCNX0061.JPG","Snowshoe hare",1,NA,"Species|Snowshoe hare"
"tl12","Snowshoe hare",2025-10-08 02:30:53,2025-10-08,"02:30:53",712220,11870.3,197.8,8.2,"E:/tenquille_oct_tagged/tl12_oct25/100RECNX","RCNX0074.JPG","Snowshoe hare",1,NA,"Species|Snowshoe hare"
"tl12","Snowshoe hare",2025-10-08 02:36:31,2025-10-08,"02:36:31",338,5.6,0.1,0,"E:/tenquille_oct_tagged/tl12_oct25/100RECNX","RCNX0075.JPG","Snowshoe hare",1,NA,"Species|Snowshoe hare"
"tl13","Mule deer",2025-09-25 19:41:49,2025-09-25,"19:41:49",0,0,0,0,"E:/tenquille_oct_tagged/tl13_oct25/100RECNX","RCNX0061.JPG","Mule deer",6,NA,"Species|Mule deer"
"tl13","Nothing",2025-09-24 15:33:13,2025-09-24,"15:33:13",0,0,0,0,"E:/tenquille_oct_tagged/tl13_oct25/100RECNX","RCNX0060.JPG","Nothing",1,NA,"Species|Nothing"
"tl13","People",2025-09-21 15:44:40,2025-09-21,"15:44:40",0,0,0,0,"E:/tenquille_oct_tagged/tl13_oct25/100RECNX","RCNX0001.JPG","People",59,NA,"Species|People"
"tl13","People",2025-10-25 13:32:19,2025-10-25,"13:32:19",2929403,48823.4,813.7,33.9,"E:/tenquille_oct_tagged/tl13_oct25/100RECNX","RCNX0071.JPG","People",18,NA,"Species|People"
"tl13","Snowshoe hare",2025-10-06 03:43:46,2025-10-06,"03:43:46",0,0,0,0,"E:/tenquille_oct_tagged/tl13_oct25/100RECNX","RCNX0069.JPG","Snowshoe hare",1,NA,"Species|Snowshoe hare"
"tl13","Snowshoe hare",2025-10-11 01:40:09,2025-10-11,"01:40:09",424583,7076.4,117.9,4.9,"E:/tenquille_oct_tagged/tl13_oct25/100RECNX","RCNX0070.JPG","Snowshoe hare",1,NA,"Species|Snowshoe hare"
"tl13","Unknown",2025-10-05 11:45:50,2025-10-05,"11:45:50",0,0,0,0,"E:/tenquille_oct_tagged/tl13_oct25/100RECNX","RCNX0067.JPG","Unknown",2,NA,"Species|Unknown"
"tl15","Bird",2025-09-25 11:33:52,2025-09-25,"11:33:52",0,0,0,0,"E:/tenquille_oct_tagged/tl15_oct25/100RECNX","RCNX0034.JPG","Bird",1,"NA","Species|Bird"
"tl15","Bird",2025-09-26 14:11:17,2025-09-26,"14:11:17",95845,1597.4,26.6,1.1,"E:/tenquille_oct_tagged/tl15_oct25/100RECNX","RCNX0035.JPG","Bird",5,"NA","Species|Bird"
"tl15","Bird",2025-09-26 16:51:04,2025-09-26,"16:51:04",9574,159.6,2.7,0.1,"E:/tenquille_oct_tagged/tl15_oct25/100RECNX","RCNX0040.JPG","Bird",2,"NA","Species|Bird"
"tl15","Bird",2025-09-27 10:23:05,2025-09-27,"10:23:05",63118,1052,17.5,0.7,"E:/tenquille_oct_tagged/tl15_oct25/100RECNX","RCNX0043.JPG","Bird",1,"NA","Species|Bird"
"tl15","Bird",2025-09-29 16:47:32,2025-09-29,"16:47:32",195867,3264.4,54.4,2.3,"E:/tenquille_oct_tagged/tl15_oct25/100RECNX","RCNX0044.JPG","Bird",1,"NA","Species|Bird"
"tl15","Bird",2025-09-29 18:33:07,2025-09-29,"18:33:07",6335,105.6,1.8,0.1,"E:/tenquille_oct_tagged/tl15_oct25/100RECNX","RCNX0045.JPG","Bird",1,"NA","Species|Bird"
"tl15","Bird",2025-10-01 16:41:10,2025-10-01,"16:41:10",166083,2768.1,46.1,1.9,"E:/tenquille_oct_tagged/tl15_oct25/100RECNX","RCNX0048.JPG","Bird",2,"NA","Species|Bird"
"tl15","Bird",2025-10-04 16:33:19,2025-10-04,"16:33:19",258727,4312.1,71.9,3,"E:/tenquille_oct_tagged/tl15_oct25/100RECNX","RCNX0054.JPG","Bird",2,"NA","Species|Bird"
"tl15","Bird",2025-10-06 17:22:23,2025-10-06,"17:22:23",175742,2929,48.8,2,"E:/tenquille_oct_tagged/tl15_oct25/100RECNX","RCNX0063.JPG","Bird",2,"NA","Species|Bird"
"tl15","Bird",2025-10-08 10:05:38,2025-10-08,"10:05:38",146592,2443.2,40.7,1.7,"E:/tenquille_oct_tagged/tl15_oct25/100RECNX","RCNX0110.JPG","Bird",2,"NA","Species|Bird"
"tl15","Bird",2025-10-08 12:47:15,2025-10-08,"12:47:15",9692,161.5,2.7,0.1,"E:/tenquille_oct_tagged/tl15_oct25/100RECNX","RCNX0112.JPG","Bird",1,"NA","Species|Bird"
"tl15","Bird",2025-10-08 14:52:22,2025-10-08,"14:52:22",7507,125.1,2.1,0.1,"E:/tenquille_oct_tagged/tl15_oct25/100RECNX","RCNX0113.JPG","Bird",2,"NA","Species|Bird"
"tl15","Bird",2025-10-09 07:26:22,2025-10-09,"07:26:22",59627,993.8,16.6,0.7,"E:/tenquille_oct_tagged/tl15_oct25/100RECNX","RCNX0115.JPG","Bird",2,"NA","Species|Bird"
"tl15","Bird",2025-10-09 17:01:31,2025-10-09,"17:01:31",34492,574.9,9.6,0.4,"E:/tenquille_oct_tagged/tl15_oct25/100RECNX","RCNX0117.JPG","Bird",2,"NA","Species|Bird"
"tl15","Bird",2025-10-18 17:59:06,2025-10-18,"17:59:06",781053,13017.5,217,9,"E:/tenquille_oct_tagged/tl15_oct25/100RECNX","RCNX0165.JPG","Bird",2,"NA","Species|Bird"
"tl15","Bird",2025-10-21 09:26:04,2025-10-21,"09:26:04",228416,3806.9,63.4,2.6,"E:/tenquille_oct_tagged/tl15_oct25/100RECNX","RCNX0170.JPG","Bird",1,"NA","Species|Bird"
"tl15","Bird",2025-10-21 10:05:43,2025-10-21,"10:05:43",2379,39.6,0.7,0,"E:/tenquille_oct_tagged/tl15_oct25/100RECNX","RCNX0171.JPG","Bird",1,"NA","Species|Bird"
"tl15","Bird",2025-10-23 14:47:39,2025-10-23,"14:47:39",189716,3161.9,52.7,2.2,"E:/tenquille_oct_tagged/tl15_oct25/100RECNX","RCNX0224.JPG","Bird",4,"NA","Species|Bird"
"tl15","Black bear",2025-10-15 09:43:52,2025-10-15,"09:43:52",0,0,0,0,"E:/tenquille_oct_tagged/tl15_oct25/100RECNX","RCNX0126.JPG","Black bear",2,"NA","Species|Black bear"
"tl15","Bobcat",2025-10-03 06:20:52,2025-10-03,"06:20:52",0,0,0,0,"E:/tenquille_oct_tagged/tl15_oct25/100RECNX","RCNX0052.JPG","Bobcat",2,"NA","Species|Bobcat"
"tl15","Bobcat",2025-10-05 13:21:03,2025-10-05,"13:21:03",198009,3300.2,55,2.3,"E:/tenquille_oct_tagged/tl15_oct25/100RECNX","RCNX0061.JPG","Bobcat",2,"NA","Species|Bobcat"
"tl15","Bobcat",2025-10-07 06:50:15,2025-10-07,"06:50:15",149350,2489.2,41.5,1.7,"E:/tenquille_oct_tagged/tl15_oct25/100RECNX","RCNX0081.JPG","Bobcat",2,"NA","Species|Bobcat"
"tl15","Bobcat",2025-10-19 12:56:27,2025-10-19,"12:56:27",1058769,17646.2,294.1,12.3,"E:/tenquille_oct_tagged/tl15_oct25/100RECNX","RCNX0167.JPG","Bobcat",1,"NA","Species|Bobcat"
"tl15","Bobcat",2025-10-22 19:20:40,2025-10-22,"19:20:40",282253,4704.2,78.4,3.3,"E:/tenquille_oct_tagged/tl15_oct25/100RECNX","RCNX0206.JPG","Bobcat",2,"NA","Species|Bobcat"
"tl15","Bobcat",2025-10-22 19:30:00,2025-10-22,"19:30:00",558,9.3,0.2,0,"E:/tenquille_oct_tagged/tl15_oct25/100RECNX","RCNX0208.JPG","Bobcat",1,"NA","Species|Bobcat"
"tl15","Bobcat",2025-10-24 03:30:55,2025-10-24,"03:30:55",115255,1920.9,32,1.3,"E:/tenquille_oct_tagged/tl15_oct25/100RECNX","RCNX0228.JPG","Bobcat",2,"NA","Species|Bobcat"
"tl15","Elk",2025-10-16 18:28:01,2025-10-16,"18:28:01",0,0,0,0,"E:/tenquille_oct_tagged/tl15_oct25/100RECNX","RCNX0132.JPG","Elk",4,"NA","Species|Elk"
"tl15","Moose",2025-10-23 12:07:47,2025-10-23,"12:07:47",0,0,0,0,"E:/tenquille_oct_tagged/tl15_oct25/100RECNX","RCNX0216.JPG","Moose",5,"NA","Species|Moose"
"tl15","Moose",2025-10-23 12:27:14,2025-10-23,"12:27:14",1118,18.6,0.3,0,"E:/tenquille_oct_tagged/tl15_oct25/100RECNX","RCNX0221.JPG","Moose",3,"NA","Species|Moose"
"tl15","Mule deer",2025-10-08 09:43:43,2025-10-08,"09:43:43",0,0,0,0,"E:/tenquille_oct_tagged/tl15_oct25/100RECNX","RCNX0108.JPG","Mule deer",2,"NA","Species|Mule deer"
"tl15","Mule deer",2025-10-13 18:22:18,2025-10-13,"18:22:18",463112,7718.5,128.6,5.4,"E:/tenquille_oct_tagged/tl15_oct25/100RECNX","RCNX0121.JPG","Mule deer",5,"NA","Species|Mule deer"
"tl15","Mule deer",2025-10-15 11:55:15,2025-10-15,"11:55:15",149565,2492.8,41.5,1.7,"E:/tenquille_oct_tagged/tl15_oct25/100RECNX","RCNX0128.JPG","Mule deer",4,"NA","Species|Mule deer"
"tl15","Mule deer",2025-10-17 08:52:46,2025-10-17,"08:52:46",161832,2697.2,45,1.9,"E:/tenquille_oct_tagged/tl15_oct25/100RECNX","RCNX0136.JPG","Mule deer",7,"NA","Species|Mule deer"
"tl15","Mule deer",2025-10-17 17:23:54,2025-10-17,"17:23:54",30375,506.2,8.4,0.4,"E:/tenquille_oct_tagged/tl15_oct25/100RECNX","RCNX0143.JPG","Mule deer",13,"NA","Species|Mule deer"
"tl15","Mule deer",2025-10-17 17:46:52,2025-10-17,"17:46:52",1130,18.8,0.3,0,"E:/tenquille_oct_tagged/tl15_oct25/100RECNX","RCNX0156.JPG","Mule deer",9,"NA","Species|Mule deer"
"tl15","Mule deer",2025-10-20 08:59:40,2025-10-20,"08:59:40",227524,3792.1,63.2,2.6,"E:/tenquille_oct_tagged/tl15_oct25/100RECNX","RCNX0168.JPG","Mule deer",2,"NA","Species|Mule deer"
"tl15","Mule deer",2025-10-21 17:51:14,2025-10-21,"17:51:14",118291,1971.5,32.9,1.4,"E:/tenquille_oct_tagged/tl15_oct25/100RECNX","RCNX0172.JPG","Mule deer",4,"NA","Species|Mule deer"
"tl15","Mule deer",2025-10-22 05:23:28,2025-10-22,"05:23:28",41526,692.1,11.5,0.5,"E:/tenquille_oct_tagged/tl15_oct25/100RECNX","RCNX0176.JPG","Mule deer",10,"NA","Species|Mule deer"
"tl15","Mule deer",2025-10-22 05:33:52,2025-10-22,"05:33:52",586,9.8,0.2,0,"E:/tenquille_oct_tagged/tl15_oct25/100RECNX","RCNX0186.JPG","Mule deer",2,"NA","Species|Mule deer"
"tl15","Mule deer",2025-10-22 08:50:30,2025-10-22,"08:50:30",11796,196.6,3.3,0.1,"E:/tenquille_oct_tagged/tl15_oct25/100RECNX","RCNX0188.JPG","Mule deer",18,"NA","Species|Mule deer"
"tl15","Mule deer",2025-10-22 20:50:12,2025-10-22,"20:50:12",43068,717.8,12,0.5,"E:/tenquille_oct_tagged/tl15_oct25/100RECNX","RCNX0209.JPG","Mule deer",7,"NA","Species|Mule deer"
"tl15","Mule deer",2025-10-24 08:30:52,2025-10-24,"08:30:52",128426,2140.4,35.7,1.5,"E:/tenquille_oct_tagged/tl15_oct25/100RECNX","RCNX0230.JPG","Mule deer",6,"NA","Species|Mule deer"
"tl15","Mule deer",2025-10-25 08:57:14,2025-10-25,"08:57:14",87936,1465.6,24.4,1,"E:/tenquille_oct_tagged/tl15_oct25/100RECNX","RCNX0236.JPG","Mule deer",9,"NA","Species|Mule deer"
"tl15","Mule deer",2025-10-25 15:19:31,2025-10-25,"15:19:31",22919,382,6.4,0.3,"E:/tenquille_oct_tagged/tl15_oct25/100RECNX","RCNX0245.JPG","Mule deer",2,"NA","Species|Mule deer"
"tl15","Mule deer",2025-10-25 18:40:38,2025-10-25,"18:40:38",12065,201.1,3.4,0.1,"E:/tenquille_oct_tagged/tl15_oct25/100RECNX","RCNX0247.JPG","Mule deer",2,"NA","Species|Mule deer"
"tl15","Nothing",2025-09-27 07:20:10,2025-09-27,"07:20:10",0,0,0,0,"E:/tenquille_oct_tagged/tl15_oct25/100RECNX","RCNX0042.JPG","Nothing",1,"NA","Species|Nothing"
"tl15","Nothing",2025-09-30 10:17:10,2025-09-30,"10:17:10",269820,4497,75,3.1,"E:/tenquille_oct_tagged/tl15_oct25/100RECNX","RCNX0046.JPG","Nothing",1,"NA","Species|Nothing"
"tl15","Nothing",2025-10-01 15:03:47,2025-10-01,"15:03:47",103597,1726.6,28.8,1.2,"E:/tenquille_oct_tagged/tl15_oct25/100RECNX","RCNX0047.JPG","Nothing",1,"NA","Species|Nothing"
"tl15","Nothing",2025-10-13 12:18:19,2025-10-13,"12:18:19",1026872,17114.5,285.2,11.9,"E:/tenquille_oct_tagged/tl15_oct25/100RECNX","RCNX0119.JPG","Nothing",2,"NA","Species|Nothing"
"tl15","People",2025-09-20 17:29:12,2025-09-20,"17:29:12",0,0,0,0,"E:/tenquille_oct_tagged/tl15_oct25/100RECNX","RCNX0001.JPG","People",7,"NA","Species|People"
"tl15","People",2025-10-05 08:52:56,2025-10-05,"08:52:56",1264948,21082.5,351.4,14.6,"E:/tenquille_oct_tagged/tl15_oct25/100RECNX","RCNX0056.JPG","People",4,"Unknown","Species|People, People|Unknown"
"tl15","People",2025-10-26 11:12:11,2025-10-26,"11:12:11",1822735,30378.9,506.3,21.1,"E:/tenquille_oct_tagged/tl15_oct25/100RECNX","RCNX0249.JPG","People",75,"NA","Species|People"
"tl15","Snowshoe hare",2025-09-22 03:41:24,2025-09-22,"03:41:24",0,0,0,0,"E:/tenquille_oct_tagged/tl15_oct25/100RECNX","RCNX0008.JPG","Snowshoe hare",2,"NA","Species|Snowshoe hare"
"tl15","Snowshoe hare",2025-09-22 20:55:50,2025-09-22,"20:55:50",62064,1034.4,17.2,0.7,"E:/tenquille_oct_tagged/tl15_oct25/100RECNX","RCNX0010.JPG","Snowshoe hare",3,"NA","Species|Snowshoe hare"
"tl15","Snowshoe hare",2025-09-23 23:24:52,2025-09-23,"23:24:52",95336,1588.9,26.5,1.1,"E:/tenquille_oct_tagged/tl15_oct25/100RECNX","RCNX0013.JPG","Snowshoe hare",3,"NA","Species|Snowshoe hare"
"tl15","Snowshoe hare",2025-09-24 00:07:35,2025-09-24,"00:07:35",2559,42.6,0.7,0,"E:/tenquille_oct_tagged/tl15_oct25/100RECNX","RCNX0016.JPG","Snowshoe hare",16,"NA","Species|Snowshoe hare"
"tl15","Snowshoe hare",2025-09-25 04:38:27,2025-09-25,"04:38:27",102605,1710.1,28.5,1.2,"E:/tenquille_oct_tagged/tl15_oct25/100RECNX","RCNX0032.JPG","Snowshoe hare",2,"NA","Species|Snowshoe hare"
"tl15","Snowshoe hare",2025-10-02 20:54:52,2025-10-02,"20:54:52",663383,11056.4,184.3,7.7,"E:/tenquille_oct_tagged/tl15_oct25/100RECNX","RCNX0050.JPG","Snowshoe hare",2,"NA","Species|Snowshoe hare"
"tl15","Snowshoe hare",2025-10-05 13:13:25,2025-10-05,"13:13:25",231511,3858.5,64.3,2.7,"E:/tenquille_oct_tagged/tl15_oct25/100RECNX","RCNX0060.JPG","Snowshoe hare",1,"NA","Species|Snowshoe hare"
"tl15","Snowshoe hare",2025-10-07 06:28:13,2025-10-07,"06:28:13",148488,2474.8,41.2,1.7,"E:/tenquille_oct_tagged/tl15_oct25/100RECNX","RCNX0065.JPG","Snowshoe hare",16,"NA","Species|Snowshoe hare"
"tl15","Snowshoe hare",2025-10-07 16:16:37,2025-10-07,"16:16:37",35000,583.3,9.7,0.4,"E:/tenquille_oct_tagged/tl15_oct25/100RECNX","RCNX0083.JPG","Snowshoe hare",16,"NA","Species|Snowshoe hare"
"tl15","Snowshoe hare",2025-10-07 16:35:53,2025-10-07,"16:35:53",822,13.7,0.2,0,"E:/tenquille_oct_tagged/tl15_oct25/100RECNX","RCNX0099.JPG","Snowshoe hare",9,"NA","Species|Snowshoe hare"
"tl16","Bird",2025-06-29 13:41:22,2025-06-29,"13:41:22",0,0,0,0,"E:/tenquille_oct_tagged/tl16_oct25/101RECNX","RCNX0032.JPG","Bird",1,"NA","Species|Bird"
"tl16","Bird",2025-07-05 05:18:26,2025-07-05,"05:18:26",488224,8137.1,135.6,5.6,"E:/tenquille_oct_tagged/tl16_oct25/101RECNX","RCNX0044.JPG","Bird",1,"NA","Species|Bird"
"tl16","Bird",2025-07-06 06:23:11,2025-07-06,"06:23:11",90285,1504.8,25.1,1,"E:/tenquille_oct_tagged/tl16_oct25/101RECNX","RCNX0049.JPG","Bird",1,"NA","Species|Bird"
"tl16","Bird",2025-07-13 05:24:41,2025-07-13,"05:24:41",601290,10021.5,167,7,"E:/tenquille_oct_tagged/tl16_oct25/101RECNX","RCNX0054.JPG","Bird",1,"NA","Species|Bird"
"tl16","Bird",2025-07-28 05:57:00,2025-07-28,"05:57:00",1297939,21632.3,360.5,15,"E:/tenquille_oct_tagged/tl16_oct25/101RECNX","RCNX0065.JPG","Bird",1,"NA","Species|Bird"
"tl16","Bird",2025-08-16 07:55:09,2025-08-16,"07:55:09",1648689,27478.2,458,19.1,"E:/tenquille_oct_tagged/tl16_oct25/101RECNX","RCNX0078.JPG","Bird",2,"NA","Species|Bird"
"tl16","Bird",2025-08-22 17:30:21,2025-08-22,"17:30:21",552892,9214.9,153.6,6.4,"E:/tenquille_oct_tagged/tl16_oct25/101RECNX","RCNX0083.JPG","Bird",1,"NA","Species|Bird"
"tl16","Bird",2025-09-01 06:19:12,2025-09-01,"06:19:12",823731,13728.9,228.8,9.5,"E:/tenquille_oct_tagged/tl16_oct25/101RECNX","RCNX0097.JPG","Bird",1,"NA","Species|Bird"
"tl16","Bird",2025-09-18 17:35:31,2025-09-18,"17:35:31",1509379,25156.3,419.3,17.5,"E:/tenquille_oct_tagged/tl16_oct25/101RECNX","RCNX0141.JPG","Bird",1,"NA","Species|Bird"
"tl16","Bird",2025-10-03 17:10:01,2025-10-03,"17:10:01",1294470,21574.5,359.6,15,"E:/tenquille_oct_tagged/tl16_oct25/101RECNX","RCNX0169.JPG","Bird",2,"NA","Species|Bird"
"tl16","Bird",2025-10-05 17:56:40,2025-10-05,"17:56:40",175585,2926.4,48.8,2,"E:/tenquille_oct_tagged/tl16_oct25/101RECNX","RCNX0193.JPG","Bird",1,"NA","Species|Bird"
"tl16","Bird",2025-10-07 12:04:09,2025-10-07,"12:04:09",151649,2527.5,42.1,1.8,"E:/tenquille_oct_tagged/tl16_oct25/101RECNX","RCNX0232.JPG","Bird",1,"NA","Species|Bird"
"tl16","Bird",2025-10-07 14:51:52,2025-10-07,"14:51:52",10063,167.7,2.8,0.1,"E:/tenquille_oct_tagged/tl16_oct25/101RECNX","RCNX0233.JPG","Bird",1,"NA","Species|Bird"
"tl16","Black bear",2025-06-21 15:20:46,2025-06-21,"15:20:46",0,0,0,0,"E:/tenquille_oct_tagged/tl16_oct25/101RECNX","RCNX0010.JPG","Black bear",11,"NA","Species|Black bear"
"tl16","Black bear",2025-06-23 05:39:50,2025-06-23,"05:39:50",137921,2298.7,38.3,1.6,"E:/tenquille_oct_tagged/tl16_oct25/101RECNX","RCNX0027.JPG","Black bear",3,"NA","Species|Black bear"
"tl16","Black bear",2025-07-02 09:32:55,2025-07-02,"09:32:55",791581,13193,219.9,9.2,"E:/tenquille_oct_tagged/tl16_oct25/101RECNX","RCNX0033.JPG","Black bear",6,"NA","Species|Black bear"
"tl16","Black bear",2025-07-05 12:27:46,2025-07-05,"12:27:46",269644,4494.1,74.9,3.1,"E:/tenquille_oct_tagged/tl16_oct25/101RECNX","RCNX0045.JPG","Black bear",3,"NA","Species|Black bear"
"tl16","Black bear",2025-08-30 14:15:57,2025-08-30,"14:15:57",4844887,80748.1,1345.8,56.1,"E:/tenquille_oct_tagged/tl16_oct25/101RECNX","RCNX0088.JPG","Black bear",4,"NA","Species|Black bear"
"tl16","Black bear",2025-09-12 14:18:37,2025-09-12,"14:18:37",1123349,18722.5,312,13,"E:/tenquille_oct_tagged/tl16_oct25/101RECNX","RCNX0119.JPG","Black bear",5,"NA","Species|Black bear"
"tl16","Black bear",2025-09-15 11:45:33,2025-09-15,"11:45:33",250007,4166.8,69.4,2.9,"E:/tenquille_oct_tagged/tl16_oct25/101RECNX","RCNX0125.JPG","Black bear",4,"NA","Species|Black bear"
"tl16","Black bear",2025-09-15 13:24:14,2025-09-15,"13:24:14",5914,98.6,1.6,0.1,"E:/tenquille_oct_tagged/tl16_oct25/101RECNX","RCNX0129.JPG","Black bear",3,"NA","Species|Black bear"
"tl16","Black bear",2025-10-13 22:10:47,2025-10-13,"22:10:47",2450788,40846.5,680.8,28.4,"E:/tenquille_oct_tagged/tl16_oct25/101RECNX","RCNX0288.JPG","Black bear",5,"NA","Species|Black bear"
"tl16","Black bear",2025-10-14 20:00:28,2025-10-14,"20:00:28",78572,1309.5,21.8,0.9,"E:/tenquille_oct_tagged/tl16_oct25/101RECNX","RCNX0308.JPG","Black bear",1,"NA","Species|Black bear"
"tl16","Black bear",2025-10-14 23:01:18,2025-10-14,"23:01:18",10850,180.8,3,0.1,"E:/tenquille_oct_tagged/tl16_oct25/101RECNX","RCNX0309.JPG","Black bear",4,"NA","Species|Black bear"
"tl16","Black bear",2025-10-15 17:57:02,2025-10-15,"17:57:02",68138,1135.6,18.9,0.8,"E:/tenquille_oct_tagged/tl16_oct25/101RECNX","RCNX0322.JPG","Black bear",5,"NA","Species|Black bear"
"tl16","Black bear",2025-10-15 23:37:45,2025-10-15,"23:37:45",20433,340.6,5.7,0.2,"E:/tenquille_oct_tagged/tl16_oct25/101RECNX","RCNX0332.JPG","Black bear",4,"NA","Species|Black bear"
"tl16","Black bear",2025-10-16 06:16:57,2025-10-16,"06:16:57",23945,399.1,6.7,0.3,"E:/tenquille_oct_tagged/tl16_oct25/101RECNX","RCNX0336.JPG","Black bear",7,"NA","Species|Black bear"
"tl16","Black bear",2025-10-19 17:45:07,2025-10-19,"17:45:07",300477,5008,83.5,3.5,"E:/tenquille_oct_tagged/tl16_oct25/101RECNX","RCNX0399.JPG","Black bear",3,"NA","Species|Black bear"
"tl16","Black bear",2025-10-20 21:29:49,2025-10-20,"21:29:49",99877,1664.6,27.7,1.2,"E:/tenquille_oct_tagged/tl16_oct25/101RECNX","RCNX0410.JPG","Black bear",3,"NA","Species|Black bear"
"tl16","Bobcat",2025-06-21 21:41:46,2025-06-21,"21:41:46",0,0,0,0,"E:/tenquille_oct_tagged/tl16_oct25/101RECNX","RCNX0021.JPG","Bobcat",2,"NA","Species|Bobcat"
"tl16","Bobcat",2025-06-23 00:44:13,2025-06-23,"00:44:13",97345,1622.4,27,1.1,"E:/tenquille_oct_tagged/tl16_oct25/101RECNX","RCNX0025.JPG","Bobcat",2,"NA","Species|Bobcat"
"tl16","Bobcat",2025-07-23 23:09:02,2025-07-23,"23:09:02",2672687,44544.8,742.4,30.9,"E:/tenquille_oct_tagged/tl16_oct25/101RECNX","RCNX0061.JPG","Bobcat",4,"NA","Species|Bobcat"
"tl16","Bobcat",2025-07-30 02:38:20,2025-07-30,"02:38:20",530949,8849.1,147.5,6.1,"E:/tenquille_oct_tagged/tl16_oct25/101RECNX","RCNX0066.JPG","Bobcat",3,"NA","Species|Bobcat"
"tl16","Bobcat",2025-09-03 05:53:16,2025-09-03,"05:53:16",3035692,50594.9,843.2,35.1,"E:/tenquille_oct_tagged/tl16_oct25/101RECNX","RCNX0098.JPG","Bobcat",3,"NA","Species|Bobcat"
"tl16","Bobcat",2025-10-04 20:27:02,2025-10-04,"20:27:02",2730822,45513.7,758.6,31.6,"E:/tenquille_oct_tagged/tl16_oct25/101RECNX","RCNX0176.JPG","Bobcat",3,"NA","Species|Bobcat"
"tl16","Bobcat",2025-10-09 06:42:27,2025-10-09,"06:42:27",382521,6375.4,106.3,4.4,"E:/tenquille_oct_tagged/tl16_oct25/101RECNX","RCNX0236.JPG","Bobcat",2,"NA","Species|Bobcat"
"tl16","Cougar",2025-08-16 11:25:41,2025-08-16,"11:25:41",0,0,0,0,"E:/tenquille_oct_tagged/tl16_oct25/101RECNX","RCNX0080.JPG","Cougar",3,"NA","Species|Cougar"
"tl16","Cougar",2025-09-22 15:34:52,2025-09-22,"15:34:52",3211747,53529.1,892.2,37.2,"E:/tenquille_oct_tagged/tl16_oct25/101RECNX","RCNX0146.JPG","Cougar",1,"Unknown","People|Unknown, Species|Cougar"
"tl16","Cougar",2025-09-25 13:09:57,2025-09-25,"13:09:57",250505,4175.1,69.6,2.9,"E:/tenquille_oct_tagged/tl16_oct25/101RECNX","RCNX0147.JPG","Cougar",3,"NA","Species|Cougar"
"tl16","Coyote",2025-07-05 15:51:41,2025-07-05,"15:51:41",0,0,0,0,"E:/tenquille_oct_tagged/tl16_oct25/101RECNX","RCNX0048.JPG","Coyote",1,"NA","Species|Coyote"
"tl16","Grizzly bear",2025-10-08 16:39:19,2025-10-08,"16:39:19",0,0,0,0,"E:/tenquille_oct_tagged/tl16_oct25/101RECNX","RCNX0234.JPG","Grizzly bear",2,"NA","Species|Grizzly bear"
"tl16","Moose",2025-07-02 10:22:59,2025-07-02,"10:22:59",0,0,0,0,"E:/tenquille_oct_tagged/tl16_oct25/101RECNX","RCNX0039.JPG","Moose",4,"NA","Species|Moose"
"tl16","Moose",2025-08-06 15:24:49,2025-08-06,"15:24:49",3042051,50700.8,845,35.2,"E:/tenquille_oct_tagged/tl16_oct25/101RECNX","RCNX0071.JPG","Moose",5,"NA","Species|Moose"
"tl16","Mule deer",2025-07-11 11:31:07,2025-07-11,"11:31:07",0,0,0,0,"E:/tenquille_oct_tagged/tl16_oct25/101RECNX","RCNX0051.JPG","Mule deer",2,"NA","Species|Mule deer"
"tl16","Mule deer",2025-10-01 10:37:22,2025-10-01,"10:37:22",7081572,118026.2,1967.1,82,"E:/tenquille_oct_tagged/tl16_oct25/101RECNX","RCNX0150.JPG","Mule deer",1,"NA","Species|Mule deer"
"tl16","Mule deer",2025-10-01 18:21:59,2025-10-01,"18:21:59",27877,464.6,7.7,0.3,"E:/tenquille_oct_tagged/tl16_oct25/101RECNX","RCNX0154.JPG","Mule deer",1,"NA","Species|Mule deer"
"tl16","Mule deer",2025-10-02 21:23:13,2025-10-02,"21:23:13",97274,1621.2,27,1.1,"E:/tenquille_oct_tagged/tl16_oct25/101RECNX","RCNX0155.JPG","Mule deer",3,"NA","Species|Mule deer"
"tl16","Mule deer",2025-10-03 00:02:53,2025-10-03,"00:02:53",9575,159.6,2.7,0.1,"E:/tenquille_oct_tagged/tl16_oct25/101RECNX","RCNX0158.JPG","Mule deer",5,"NA","Species|Mule deer"
"tl16","Mule deer",2025-10-03 13:23:53,2025-10-03,"13:23:53",48047,800.8,13.3,0.6,"E:/tenquille_oct_tagged/tl16_oct25/101RECNX","RCNX0163.JPG","Mule deer",5,"NA","Species|Mule deer"
"tl16","Mule deer",2025-10-05 23:38:28,2025-10-05,"23:38:28",209645,3494.1,58.2,2.4,"E:/tenquille_oct_tagged/tl16_oct25/101RECNX","RCNX0194.JPG","Mule deer",6,"NA","Species|Mule deer"
"tl16","Mule deer",2025-10-06 19:00:15,2025-10-06,"19:00:15",69676,1161.3,19.4,0.8,"E:/tenquille_oct_tagged/tl16_oct25/101RECNX","RCNX0209.JPG","Mule deer",17,"NA","Species|Mule deer"
"tl16","Mule deer",2025-10-07 02:38:18,2025-10-07,"02:38:18",27400,456.7,7.6,0.3,"E:/tenquille_oct_tagged/tl16_oct25/101RECNX","RCNX0226.JPG","Mule deer",6,"NA","Species|Mule deer"
"tl16","Mule deer",2025-10-09 07:16:32,2025-10-09,"07:16:32",189483,3158.1,52.6,2.2,"E:/tenquille_oct_tagged/tl16_oct25/101RECNX","RCNX0238.JPG","Mule deer",9,"NA","Species|Mule deer"
"tl16","Mule deer",2025-10-09 07:23:16,2025-10-09,"07:23:16",376,6.3,0.1,0,"E:/tenquille_oct_tagged/tl16_oct25/101RECNX","RCNX0247.JPG","Mule deer",1,"NA","Species|Mule deer"
"tl16","Mule deer",2025-10-10 06:48:44,2025-10-10,"06:48:44",84328,1405.5,23.4,1,"E:/tenquille_oct_tagged/tl16_oct25/101RECNX","RCNX0252.JPG","Mule deer",2,"NA","Species|Mule deer"
"tl16","Mule deer",2025-10-11 19:23:40,2025-10-11,"19:23:40",131693,2194.9,36.6,1.5,"E:/tenquille_oct_tagged/tl16_oct25/101RECNX","RCNX0258.JPG","Mule deer",4,"NA","Species|Mule deer"
"tl16","Mule deer",2025-10-12 09:09:06,2025-10-12,"09:09:06",49519,825.3,13.8,0.6,"E:/tenquille_oct_tagged/tl16_oct25/101RECNX","RCNX0262.JPG","Mule deer",3,"NA","Species|Mule deer"
"tl16","Mule deer",2025-10-14 06:42:11,2025-10-14,"06:42:11",163981,2733,45.5,1.9,"E:/tenquille_oct_tagged/tl16_oct25/101RECNX","RCNX0293.JPG","Mule deer",7,"NA","Species|Mule deer"
"tl16","Mule deer",2025-10-14 11:20:59,2025-10-14,"11:20:59",16706,278.4,4.6,0.2,"E:/tenquille_oct_tagged/tl16_oct25/101RECNX","RCNX0303.JPG","Mule deer",2,"NA","Species|Mule deer"
"tl16","Mule deer",2025-10-15 08:35:00,2025-10-15,"08:35:00",76438,1274,21.2,0.9,"E:/tenquille_oct_tagged/tl16_oct25/101RECNX","RCNX0313.JPG","Mule deer",7,"NA","Species|Mule deer"
"tl16","Mule deer",2025-10-15 10:59:25,2025-10-15,"10:59:25",8644,144.1,2.4,0.1,"E:/tenquille_oct_tagged/tl16_oct25/101RECNX","RCNX0320.JPG","Mule deer",2,"NA","Species|Mule deer"
"tl16","Mule deer",2025-10-15 20:14:02,2025-10-15,"20:14:02",33275,554.6,9.2,0.4,"E:/tenquille_oct_tagged/tl16_oct25/101RECNX","RCNX0327.JPG","Mule deer",5,"NA","Species|Mule deer"
"tl16","Mule deer",2025-10-18 08:24:04,2025-10-18,"08:24:04",216593,3609.9,60.2,2.5,"E:/tenquille_oct_tagged/tl16_oct25/101RECNX","RCNX0388.JPG","Mule deer",4,"NA","Species|Mule deer"
"tl16","Mule deer",2025-10-19 19:43:16,2025-10-19,"19:43:16",127142,2119,35.3,1.5,"E:/tenquille_oct_tagged/tl16_oct25/101RECNX","RCNX0402.JPG","Mule deer",3,"NA","Species|Mule deer"
"tl16","Mule deer",2025-10-20 07:21:04,2025-10-20,"07:21:04",41863,697.7,11.6,0.5,"E:/tenquille_oct_tagged/tl16_oct25/101RECNX","RCNX0407.JPG","Mule deer",3,"NA","Species|Mule deer"
"tl16","Nothing",2025-07-16 12:12:00,2025-07-16,"12:12:00",0,0,0,0,"E:/tenquille_oct_tagged/tl16_oct25/101RECNX","RCNX0055.JPG","Nothing",1,"NA","Species|Nothing"
"tl16","Nothing",2025-08-08 15:54:36,2025-08-08,"15:54:36",2000556,33342.6,555.7,23.2,"E:/tenquille_oct_tagged/tl16_oct25/101RECNX","RCNX0076.JPG","Nothing",1,"NA","Species|Nothing"
"tl16","Nothing",2025-08-23 00:34:07,2025-08-23,"00:34:07",1240771,20679.5,344.7,14.4,"E:/tenquille_oct_tagged/tl16_oct25/101RECNX","RCNX0084.JPG","Nothing",1,"NA","Species|Nothing"
"tl16","Nothing",2025-08-24 00:55:12,2025-08-24,"00:55:12",87665,1461.1,24.4,1,"E:/tenquille_oct_tagged/tl16_oct25/101RECNX","RCNX0085.JPG","Nothing",1,"NA","Species|Nothing"
"tl16","Nothing",2025-08-31 22:19:32,2025-08-31,"22:19:32",681860,11364.3,189.4,7.9,"E:/tenquille_oct_tagged/tl16_oct25/101RECNX","RCNX0096.JPG","Nothing",1,"NA","Species|Nothing"
"tl16","Nothing",2025-10-03 13:24:26,2025-10-03,"13:24:26",2819094,46984.9,783.1,32.6,"E:/tenquille_oct_tagged/tl16_oct25/101RECNX","RCNX0168.JPG","Nothing",1,"NA","Species|Nothing"
"tl16","Nothing",2025-10-21 06:59:21,2025-10-21,"06:59:21",1532095,25534.9,425.6,17.7,"E:/tenquille_oct_tagged/tl16_oct25/101RECNX","RCNX0414.JPG","Nothing",1,"NA","Species|Nothing"
"tl16","Nothing",2025-10-21 08:23:47,2025-10-21,"08:23:47",5066,84.4,1.4,0.1,"E:/tenquille_oct_tagged/tl16_oct25/101RECNX","RCNX0415.JPG","Nothing",1,"NA","Species|Nothing"
"tl16","People",2025-06-20 16:50:20,2025-06-20,"16:50:20",0,0,0,0,"E:/tenquille_oct_tagged/tl16_oct25/100RECNX","RCNX0001.JPG","People",11,"NA","Species|People"
"tl16","People",2025-06-20 17:02:58,2025-06-20,"17:02:58",713,11.9,0.2,0,"E:/tenquille_oct_tagged/tl16_oct25/101RECNX","RCNX0001.JPG","People",9,"NA","Species|People"
"tl16","People",2025-07-12 11:36:01,2025-07-12,"11:36:01",1881065,31351.1,522.5,21.8,"E:/tenquille_oct_tagged/tl16_oct25/101RECNX","RCNX0053.JPG","People",1,"Unknown","Species|People, People|Unknown"
"tl16","People",2025-08-08 16:11:14,2025-08-08,"16:11:14",2349313,39155.2,652.6,27.2,"E:/tenquille_oct_tagged/tl16_oct25/101RECNX","RCNX0077.JPG","People",1,"Unknown","Species|People, People|Unknown"
"tl16","People",2025-09-05 14:06:05,2025-09-05,"14:06:05",2411691,40194.8,669.9,27.9,"E:/tenquille_oct_tagged/tl16_oct25/101RECNX","RCNX0101.JPG","People",1,"Unknown","Species|People, People|Unknown"
"tl16","People",2025-09-08 12:55:52,2025-09-08,"12:55:52",254987,4249.8,70.8,2.9,"E:/tenquille_oct_tagged/tl16_oct25/101RECNX","RCNX0102.JPG","People",10,"Unknown","Species|People, People|Unknown"
"tl16","People",2025-09-08 16:01:04,2025-09-08,"16:01:04",11080,184.7,3.1,0.1,"E:/tenquille_oct_tagged/tl16_oct25/101RECNX","RCNX0112.JPG","People",1,"Unknown","Species|People, People|Unknown"
"tl16","People",2025-09-16 12:01:28,2025-09-16,"12:01:28",676824,11280.4,188,7.8,"E:/tenquille_oct_tagged/tl16_oct25/101RECNX","RCNX0133.JPG","People",2,"Unknown","Species|People, People|Unknown"
"tl16","People",2025-09-16 12:13:41,2025-09-16,"12:13:41",731,12.2,0.2,0,"E:/tenquille_oct_tagged/tl16_oct25/101RECNX","RCNX0135.JPG","People",2,"Unknown","Species|People, People|Unknown"
"tl16","People",2025-09-16 14:28:29,2025-09-16,"14:28:29",8085,134.8,2.2,0.1,"E:/tenquille_oct_tagged/tl16_oct25/101RECNX","RCNX0137.JPG","People",4,"Unknown","Species|People, People|Unknown"
"tl16","People",2025-09-22 13:18:19,2025-09-22,"13:18:19",514031,8567.2,142.8,6,"E:/tenquille_oct_tagged/tl16_oct25/101RECNX","RCNX0143.JPG","People",2,"Unknown","Species|People, People|Unknown"
"tl16","People",2025-09-22 15:34:50,2025-09-22,"15:34:50",8189,136.5,2.3,0.1,"E:/tenquille_oct_tagged/tl16_oct25/101RECNX","RCNX0145.JPG","People",1,"Unknown","Species|People, People|Unknown"
"tl16","People",2025-10-01 14:44:44,2025-10-01,"14:44:44",774594,12909.9,215.2,9,"E:/tenquille_oct_tagged/tl16_oct25/101RECNX","RCNX0151.JPG","People",2,"Unknown","Species|People, People|Unknown"
"tl16","People",2025-10-01 18:21:56,2025-10-01,"18:21:56",13029,217.2,3.6,0.1,"E:/tenquille_oct_tagged/tl16_oct25/101RECNX","RCNX0153.JPG","People",1,"Unknown","Species|People, People|Unknown"
"tl16","People",2025-10-04 12:39:51,2025-10-04,"12:39:51",238675,3977.9,66.3,2.8,"E:/tenquille_oct_tagged/tl16_oct25/101RECNX","RCNX0171.JPG","People",3,"Unknown","Species|People, People|Unknown"
"tl16","People",2025-10-04 15:01:08,2025-10-04,"15:01:08",8472,141.2,2.4,0.1,"E:/tenquille_oct_tagged/tl16_oct25/101RECNX","RCNX0174.JPG","People",2,"Unknown","Species|People, People|Unknown"
"tl16","People",2025-10-05 08:07:43,2025-10-05,"08:07:43",61593,1026.6,17.1,0.7,"E:/tenquille_oct_tagged/tl16_oct25/101RECNX","RCNX0188.JPG","People",3,"Unknown","Species|People, People|Unknown"
"tl16","People",2025-10-05 10:50:39,2025-10-05,"10:50:39",9772,162.9,2.7,0.1,"E:/tenquille_oct_tagged/tl16_oct25/101RECNX","RCNX0191.JPG","People",2,"Unknown","Species|People, People|Unknown"
"tl16","People",2025-10-06 13:22:20,2025-10-06,"13:22:20",95499,1591.7,26.5,1.1,"E:/tenquille_oct_tagged/tl16_oct25/101RECNX","RCNX0200.JPG","People",2,"Unknown","Species|People, People|Unknown"
"tl16","People",2025-10-06 14:50:52,2025-10-06,"14:50:52",5309,88.5,1.5,0.1,"E:/tenquille_oct_tagged/tl16_oct25/101RECNX","RCNX0202.JPG","People",3,"Unknown","Species|People, People|Unknown"
"tl16","People",2025-10-06 15:11:50,2025-10-06,"15:11:50",1254,20.9,0.3,0,"E:/tenquille_oct_tagged/tl16_oct25/101RECNX","RCNX0205.JPG","People",2,"Unknown","Species|People, People|Unknown"
"tl16","People",2025-10-06 16:22:58,2025-10-06,"16:22:58",4265,71.1,1.2,0,"E:/tenquille_oct_tagged/tl16_oct25/101RECNX","RCNX0207.JPG","People",2,"Unknown","Species|People, People|Unknown"
"tl16","People",2025-10-09 11:27:13,2025-10-09,"11:27:13",241452,4024.2,67.1,2.8,"E:/tenquille_oct_tagged/tl16_oct25/101RECNX","RCNX0248.JPG","People",2,"Unknown","Species|People, People|Unknown"
"tl16","People",2025-10-09 14:58:01,2025-10-09,"14:58:01",12645,210.8,3.5,0.1,"E:/tenquille_oct_tagged/tl16_oct25/101RECNX","RCNX0250.JPG","People",2,"Unknown","Species|People, People|Unknown"
"tl16","People",2025-10-12 10:43:59,2025-10-12,"10:43:59",243955,4065.9,67.8,2.8,"E:/tenquille_oct_tagged/tl16_oct25/101RECNX","RCNX0265.JPG","People",1,"Unknown","Species|People, People|Unknown"
"tl16","People",2025-10-12 12:26:34,2025-10-12,"12:26:34",6155,102.6,1.7,0.1,"E:/tenquille_oct_tagged/tl16_oct25/101RECNX","RCNX0266.JPG","People",2,"Unknown","Species|People, People|Unknown"
"tl16","People",2025-10-12 12:32:40,2025-10-12,"12:32:40",364,6.1,0.1,0,"E:/tenquille_oct_tagged/tl16_oct25/101RECNX","RCNX0268.JPG","People",2,"Unknown","Species|People, People|Unknown"
"tl16","People",2025-10-12 14:02:03,2025-10-12,"14:02:03",5361,89.3,1.5,0.1,"E:/tenquille_oct_tagged/tl16_oct25/101RECNX","RCNX0270.JPG","People",2,"Unknown","Species|People, People|Unknown"
"tl16","People",2025-10-12 14:17:44,2025-10-12,"14:17:44",938,15.6,0.3,0,"E:/tenquille_oct_tagged/tl16_oct25/101RECNX","RCNX0272.JPG","People",2,"Unknown","Species|People, People|Unknown"
"tl16","People",2025-10-12 18:16:34,2025-10-12,"18:16:34",14328,238.8,4,0.2,"E:/tenquille_oct_tagged/tl16_oct25/101RECNX","RCNX0274.JPG","People",2,"Unknown","Species|People, People|Unknown"
"tl16","People",2025-10-13 07:00:53,2025-10-13,"07:00:53",45857,764.3,12.7,0.5,"E:/tenquille_oct_tagged/tl16_oct25/101RECNX","RCNX0276.JPG","People",2,"Unknown","Species|People, People|Unknown"
"tl16","People",2025-10-13 07:39:39,2025-10-13,"07:39:39",2323,38.7,0.6,0,"E:/tenquille_oct_tagged/tl16_oct25/101RECNX","RCNX0278.JPG","People",4,"Unknown","Species|People, People|Unknown"
"tl16","People",2025-10-13 11:50:55,2025-10-13,"11:50:55",15069,251.2,4.2,0.2,"E:/tenquille_oct_tagged/tl16_oct25/101RECNX","RCNX0282.JPG","People",2,"Unknown","Species|People, People|Unknown"
"tl16","People",2025-10-13 12:39:46,2025-10-13,"12:39:46",2928,48.8,0.8,0,"E:/tenquille_oct_tagged/tl16_oct25/101RECNX","RCNX0284.JPG","People",2,"Unknown","Species|People, People|Unknown"
"tl16","People",2025-10-13 14:01:38,2025-10-13,"14:01:38",4910,81.8,1.4,0.1,"E:/tenquille_oct_tagged/tl16_oct25/101RECNX","RCNX0286.JPG","People",2,"Unknown","Species|People, People|Unknown"
"tl16","People",2025-10-14 07:24:58,2025-10-14,"07:24:58",62598,1043.3,17.4,0.7,"E:/tenquille_oct_tagged/tl16_oct25/101RECNX","RCNX0300.JPG","People",2,"Unknown","Species|People, People|Unknown"
"tl16","People",2025-10-14 08:28:09,2025-10-14,"08:28:09",3788,63.1,1.1,0,"E:/tenquille_oct_tagged/tl16_oct25/101RECNX","RCNX0302.JPG","People",1,"Unknown","Species|People, People|Unknown"
"tl16","People",2025-10-14 12:00:01,2025-10-14,"12:00:01",12712,211.9,3.5,0.1,"E:/tenquille_oct_tagged/tl16_oct25/101RECNX","RCNX0305.JPG","People",1,"Unknown","Species|People, People|Unknown"
"tl16","People",2025-10-14 14:54:17,2025-10-14,"14:54:17",10456,174.3,2.9,0.1,"E:/tenquille_oct_tagged/tl16_oct25/101RECNX","RCNX0306.JPG","People",2,"Unknown","Species|People, People|Unknown"
"tl16","People",2025-10-16 06:35:33,2025-10-16,"06:35:33",142873,2381.2,39.7,1.7,"E:/tenquille_oct_tagged/tl16_oct25/101RECNX","RCNX0343.JPG","People",7,"Unknown","Species|People, People|Unknown"
"tl16","People",2025-10-16 07:27:24,2025-10-16,"07:27:24",3097,51.6,0.9,0,"E:/tenquille_oct_tagged/tl16_oct25/101RECNX","RCNX0350.JPG","People",2,"Unknown","Species|People, People|Unknown"
"tl16","People",2025-10-16 10:23:13,2025-10-16,"10:23:13",10547,175.8,2.9,0.1,"E:/tenquille_oct_tagged/tl16_oct25/101RECNX","RCNX0352.JPG","People",7,"Unknown","Species|People, People|Unknown"
"tl16","People",2025-10-16 14:49:45,2025-10-16,"14:49:45",15953,265.9,4.4,0.2,"E:/tenquille_oct_tagged/tl16_oct25/101RECNX","RCNX0359.JPG","People",2,"Unknown","Species|People, People|Unknown"
"tl16","People",2025-10-16 17:20:06,2025-10-16,"17:20:06",9018,150.3,2.5,0.1,"E:/tenquille_oct_tagged/tl16_oct25/101RECNX","RCNX0361.JPG","People",5,"Unknown","Species|People, People|Unknown"
"tl16","People",2025-10-16 17:27:37,2025-10-16,"17:27:37",442,7.4,0.1,0,"E:/tenquille_oct_tagged/tl16_oct25/101RECNX","RCNX0366.JPG","People",6,"Unknown","Species|People, People|Unknown"
"tl16","People",2025-10-17 07:52:15,2025-10-17,"07:52:15",51851,864.2,14.4,0.6,"E:/tenquille_oct_tagged/tl16_oct25/101RECNX","RCNX0372.JPG","People",2,"Unknown","Species|People, People|Unknown"
"tl16","People",2025-10-17 11:49:21,2025-10-17,"11:49:21",14224,237.1,4,0.2,"E:/tenquille_oct_tagged/tl16_oct25/101RECNX","RCNX0374.JPG","People",4,"Unknown","Species|People, People|Unknown"
"tl16","People",2025-10-17 13:03:59,2025-10-17,"13:03:59",4458,74.3,1.2,0,"E:/tenquille_oct_tagged/tl16_oct25/101RECNX","RCNX0378.JPG","People",2,"Unknown","Species|People, People|Unknown"
"tl16","People",2025-10-17 16:00:50,2025-10-17,"16:00:50",10608,176.8,2.9,0.1,"E:/tenquille_oct_tagged/tl16_oct25/101RECNX","RCNX0380.JPG","People",2,"Unknown","Species|People, People|Unknown"
"tl16","People",2025-10-17 18:08:58,2025-10-17,"18:08:58",7686,128.1,2.1,0.1,"E:/tenquille_oct_tagged/tl16_oct25/101RECNX","RCNX0382.JPG","People",4,"Unknown","Species|People, People|Unknown"
"tl16","People",2025-10-18 07:42:36,2025-10-18,"07:42:36",48798,813.3,13.6,0.6,"E:/tenquille_oct_tagged/tl16_oct25/101RECNX","RCNX0386.JPG","People",2,"Unknown","Species|People, People|Unknown"
"tl16","People",2025-10-18 12:54:55,2025-10-18,"12:54:55",18737,312.3,5.2,0.2,"E:/tenquille_oct_tagged/tl16_oct25/101RECNX","RCNX0392.JPG","People",2,"Unknown","Species|People, People|Unknown"
"tl16","People",2025-10-19 16:16:01,2025-10-19,"16:16:01",98463,1641,27.4,1.1,"E:/tenquille_oct_tagged/tl16_oct25/101RECNX","RCNX0396.JPG","People",2,"Unknown","Species|People, People|Unknown"
"tl16","People",2025-10-19 17:29:54,2025-10-19,"17:29:54",4430,73.8,1.2,0,"E:/tenquille_oct_tagged/tl16_oct25/101RECNX","RCNX0398.JPG","People",1,"Unknown","Species|People, People|Unknown"
"tl16","People",2025-10-20 07:12:53,2025-10-20,"07:12:53",49379,823,13.7,0.6,"E:/tenquille_oct_tagged/tl16_oct25/101RECNX","RCNX0405.JPG","People",2,"Unknown","Species|People, People|Unknown"
"tl16","People",2025-10-21 06:59:18,2025-10-21,"06:59:18",85583,1426.4,23.8,1,"E:/tenquille_oct_tagged/tl16_oct25/101RECNX","RCNX0413.JPG","People",1,"Unknown","Species|People, People|Unknown"
"tl16","People",2025-10-21 11:23:39,2025-10-21,"11:23:39",15861,264.4,4.4,0.2,"E:/tenquille_oct_tagged/tl16_oct25/101RECNX","RCNX0416.JPG","People",2,"Unknown","Species|People, People|Unknown"
"tl16","People",2025-10-21 13:08:06,2025-10-21,"13:08:06",6265,104.4,1.7,0.1,"E:/tenquille_oct_tagged/tl16_oct25/101RECNX","RCNX0418.JPG","People",2,"Unknown","Species|People, People|Unknown"
"tl16","People",2025-10-22 10:18:48,2025-10-22,"10:18:48",76240,1270.7,21.2,0.9,"E:/tenquille_oct_tagged/tl16_oct25/101RECNX","RCNX0422.JPG","People",2,"Unknown","Species|People, People|Unknown"
"tl16","People",2025-10-23 08:40:40,2025-10-23,"08:40:40",80509,1341.8,22.4,0.9,"E:/tenquille_oct_tagged/tl16_oct25/101RECNX","RCNX0424.JPG","People",1,"Unknown","Species|People, People|Unknown"
"tl16","People",2025-10-23 12:53:13,2025-10-23,"12:53:13",15153,252.6,4.2,0.2,"E:/tenquille_oct_tagged/tl16_oct25/101RECNX","RCNX0425.JPG","People",2,"Unknown","Species|People, People|Unknown"
"tl16","People",2025-10-24 17:07:00,2025-10-24,"17:07:00",101625,1693.8,28.2,1.2,"E:/tenquille_oct_tagged/tl16_oct25/101RECNX","RCNX0427.JPG","People",1,"Unknown","Species|People, People|Unknown"
"tl16","People",2025-10-26 12:22:27,2025-10-26,"12:22:27",155727,2595.4,43.3,1.8,"E:/tenquille_oct_tagged/tl16_oct25/101RECNX","RCNX0428.JPG","People",31,"NA","Species|People"
"tl16","Rodent - other",2025-07-31 02:58:35,2025-07-31,"02:58:35",0,0,0,0,"E:/tenquille_oct_tagged/tl16_oct25/101RECNX","RCNX0069.JPG","Rodent - other",2,"NA","Species|Rodent - other"
"tl16","Rodent - other",2025-10-05 03:34:16,2025-10-05,"03:34:16",5704538,95075.6,1584.6,66,"E:/tenquille_oct_tagged/tl16_oct25/101RECNX","RCNX0179.JPG","Rodent - other",2,"NA","Species|Rodent - other"
"tl16","Snowshoe hare",2025-06-21 23:40:09,2025-06-21,"23:40:09",0,0,0,0,"E:/tenquille_oct_tagged/tl16_oct25/101RECNX","RCNX0023.JPG","Snowshoe hare",2,"NA","Species|Snowshoe hare"
"tl16","Snowshoe hare",2025-06-28 05:57:44,2025-06-28,"05:57:44",541052,9017.5,150.3,6.3,"E:/tenquille_oct_tagged/tl16_oct25/101RECNX","RCNX0030.JPG","Snowshoe hare",2,"NA","Species|Snowshoe hare"
"tl16","Snowshoe hare",2025-07-10 21:37:55,2025-07-10,"21:37:55",1093203,18220,303.7,12.7,"E:/tenquille_oct_tagged/tl16_oct25/101RECNX","RCNX0050.JPG","Snowshoe hare",1,"NA","Species|Snowshoe hare"
"tl16","Snowshoe hare",2025-07-17 22:50:56,2025-07-17,"22:50:56",609181,10153,169.2,7,"E:/tenquille_oct_tagged/tl16_oct25/101RECNX","RCNX0056.JPG","Snowshoe hare",2,"NA","Species|Snowshoe hare"
"tl16","Snowshoe hare",2025-07-19 02:25:36,2025-07-19,"02:25:36",99277,1654.6,27.6,1.2,"E:/tenquille_oct_tagged/tl16_oct25/101RECNX","RCNX0058.JPG","Snowshoe hare",1,"NA","Species|Snowshoe hare"
"tl16","Snowshoe hare",2025-07-22 03:51:54,2025-07-22,"03:51:54",264378,4406.3,73.4,3.1,"E:/tenquille_oct_tagged/tl16_oct25/101RECNX","RCNX0059.JPG","Snowshoe hare",2,"NA","Species|Snowshoe hare"
"tl16","Snowshoe hare",2025-08-26 03:44:22,2025-08-26,"03:44:22",3023532,50392.2,839.9,35,"E:/tenquille_oct_tagged/tl16_oct25/101RECNX","RCNX0086.JPG","Snowshoe hare",2,"NA","Species|Snowshoe hare"
"tl16","Snowshoe hare",2025-08-31 02:55:38,2025-08-31,"02:55:38",429073,7151.2,119.2,5,"E:/tenquille_oct_tagged/tl16_oct25/101RECNX","RCNX0092.JPG","Snowshoe hare",4,"NA","Species|Snowshoe hare"
"tl16","Snowshoe hare",2025-09-08 20:30:34,2025-09-08,"20:30:34",754423,12573.7,209.6,8.7,"E:/tenquille_oct_tagged/tl16_oct25/101RECNX","RCNX0113.JPG","Snowshoe hare",2,"NA","Species|Snowshoe hare"
"tl16","Snowshoe hare",2025-09-09 05:28:31,2025-09-09,"05:28:31",32275,537.9,9,0.4,"E:/tenquille_oct_tagged/tl16_oct25/101RECNX","RCNX0115.JPG","Snowshoe hare",1,"NA","Species|Snowshoe hare"
"tl16","Snowshoe hare",2025-09-12 00:26:06,2025-09-12,"00:26:06",241055,4017.6,67,2.8,"E:/tenquille_oct_tagged/tl16_oct25/101RECNX","RCNX0116.JPG","Snowshoe hare",2,"NA","Species|Snowshoe hare"
"tl16","Snowshoe hare",2025-09-12 05:47:58,2025-09-12,"05:47:58",19303,321.7,5.4,0.2,"E:/tenquille_oct_tagged/tl16_oct25/101RECNX","RCNX0118.JPG","Snowshoe hare",1,"NA","Species|Snowshoe hare"
"tl16","Snowshoe hare",2025-09-12 23:33:26,2025-09-12,"23:33:26",63928,1065.5,17.8,0.7,"E:/tenquille_oct_tagged/tl16_oct25/101RECNX","RCNX0124.JPG","Snowshoe hare",1,"NA","Species|Snowshoe hare"
"tl16","Unknown",2025-07-03 11:07:49,2025-07-03,"11:07:49",0,0,0,0,"E:/tenquille_oct_tagged/tl16_oct25/101RECNX","RCNX0043.JPG","Unknown",1,"NA","Species|Unknown"
"tl16","Unknown",2025-09-16 11:04:18,2025-09-16,"11:04:18",6479789,107996.5,1799.9,75,"E:/tenquille_oct_tagged/tl16_oct25/101RECNX","RCNX0132.JPG","Unknown",1,"NA","Species|Unknown"
"tl16","Unknown",2025-09-18 19:24:48,2025-09-18,"19:24:48",202830,3380.5,56.3,2.3,"E:/tenquille_oct_tagged/tl16_oct25/101RECNX","RCNX0142.JPG","Unknown",1,"NA","Species|Unknown"
"tl16","Unknown",2025-10-18 16:32:27,2025-10-18,"16:32:27",2581659,43027.7,717.1,29.9,"E:/tenquille_oct_tagged/tl16_oct25/101RECNX","RCNX0394.JPG","Unknown",2,"NA","Species|Unknown"
"tl16","Unknown",2025-10-22 07:15:53,2025-10-22,"07:15:53",312204,5203.4,86.7,3.6,"E:/tenquille_oct_tagged/tl16_oct25/101RECNX","RCNX0420.JPG","Unknown",2,"NA","Species|Unknown"
"tl16","Wolf",2025-10-05 07:10:00,2025-10-05,"07:10:00",0,0,0,0,"E:/tenquille_oct_tagged/tl16_oct25/101RECNX","RCNX0181.JPG","Wolf",7,"NA","Species|Wolf"
"tl16","Wolf",2025-10-11 01:43:04,2025-10-11,"01:43:04",498766,8312.8,138.5,5.8,"E:/tenquille_oct_tagged/tl16_oct25/101RECNX","RCNX0254.JPG","Wolf",4,"NA","Species|Wolf"
"tl17","Bird",2025-09-30 18:36:03,2025-09-30,"18:36:03",0,0,0,0,"E:/tenquille_oct_tagged/tl17_oct25/100RECNX","RCNX0037.JPG","Bird",2,NA,"Species|Bird"
"tl17","Bird",2025-10-01 17:29:05,2025-10-01,"17:29:05",82380,1373,22.9,1,"E:/tenquille_oct_tagged/tl17_oct25/100RECNX","RCNX0040.JPG","Bird",1,NA,"Species|Bird"
"tl17","Bird",2025-10-02 10:22:32,2025-10-02,"10:22:32",60807,1013.5,16.9,0.7,"E:/tenquille_oct_tagged/tl17_oct25/100RECNX","RCNX0041.JPG","Bird",2,NA,"Species|Bird"
"tl17","Bird",2025-10-02 10:33:23,2025-10-02,"10:33:23",649,10.8,0.2,0,"E:/tenquille_oct_tagged/tl17_oct25/100RECNX","RCNX0043.JPG","Bird",6,NA,"Species|Bird"
"tl17","Bird",2025-10-07 15:26:20,2025-10-07,"15:26:20",449499,7491.6,124.9,5.2,"E:/tenquille_oct_tagged/tl17_oct25/100RECNX","RCNX0150.JPG","Bird",4,NA,"Species|Bird"
"tl17","Bird",2025-10-08 08:30:23,2025-10-08,"08:30:23",61433,1023.9,17.1,0.7,"E:/tenquille_oct_tagged/tl17_oct25/100RECNX","RCNX0158.JPG","Bird",1,NA,"Species|Bird"
"tl17","Bird",2025-10-08 09:03:58,2025-10-08,"09:03:58",2015,33.6,0.6,0,"E:/tenquille_oct_tagged/tl17_oct25/100RECNX","RCNX0159.JPG","Bird",2,NA,"Species|Bird"
"tl17","Bird",2025-10-08 09:21:22,2025-10-08,"09:21:22",1040,17.3,0.3,0,"E:/tenquille_oct_tagged/tl17_oct25/100RECNX","RCNX0161.JPG","Bird",4,NA,"Species|Bird"
"tl17","Bird",2025-10-10 09:32:57,2025-10-10,"09:32:57",173280,2888,48.1,2,"E:/tenquille_oct_tagged/tl17_oct25/100RECNX","RCNX0178.JPG","Bird",2,NA,"Species|Bird"
"tl17","Bird",2025-10-16 08:51:38,2025-10-16,"08:51:38",515918,8598.6,143.3,6,"E:/tenquille_oct_tagged/tl17_oct25/100RECNX","RCNX0281.JPG","Bird",1,NA,"Species|Bird"
"tl17","Bird",2025-10-18 14:51:07,2025-10-18,"14:51:07",194369,3239.5,54,2.2,"E:/tenquille_oct_tagged/tl17_oct25/100RECNX","RCNX0316.JPG","Bird",1,NA,"Species|Bird"
"tl17","Bird",2025-10-21 12:16:23,2025-10-21,"12:16:23",249916,4165.3,69.4,2.9,"E:/tenquille_oct_tagged/tl17_oct25/100RECNX","RCNX0329.JPG","Bird",1,NA,"Species|Bird"
"tl17","Black bear",2025-09-30 01:11:44,2025-09-30,"01:11:44",0,0,0,0,"E:/tenquille_oct_tagged/tl17_oct25/100RECNX","RCNX0016.JPG","Black bear",2,NA,"Species|Black bear"
"tl17","Black bear",2025-09-30 06:23:17,2025-09-30,"06:23:17",18690,311.5,5.2,0.2,"E:/tenquille_oct_tagged/tl17_oct25/100RECNX","RCNX0018.JPG","Black bear",18,NA,"Species|Black bear"
"tl17","Black bear",2025-10-02 16:25:14,2025-10-02,"16:25:14",208803,3480.1,58,2.4,"E:/tenquille_oct_tagged/tl17_oct25/100RECNX","RCNX0056.JPG","Black bear",8,NA,"Species|Black bear"
"tl17","Black bear",2025-10-18 13:29:12,2025-10-18,"13:29:12",1371801,22863.3,381.1,15.9,"E:/tenquille_oct_tagged/tl17_oct25/100RECNX","RCNX0307.JPG","Black bear",9,NA,"Species|Black bear"
"tl17","Black bear",2025-10-21 07:46:14,2025-10-21,"07:46:14",238604,3976.7,66.3,2.8,"E:/tenquille_oct_tagged/tl17_oct25/100RECNX","RCNX0321.JPG","Black bear",6,NA,"Species|Black bear"
"tl17","Bobcat",2025-09-28 19:23:41,2025-09-28,"19:23:41",0,0,0,0,"E:/tenquille_oct_tagged/tl17_oct25/100RECNX","RCNX0013.JPG","Bobcat",3,NA,"Species|Bobcat"
"tl17","Bobcat",2025-10-24 22:46:33,2025-10-24,"22:46:33",2258567,37642.8,627.4,26.1,"E:/tenquille_oct_tagged/tl17_oct25/100RECNX","RCNX0343.JPG","Bobcat",3,NA,"Species|Bobcat"
"tl17","Bobcat",2025-10-26 14:15:26,2025-10-26,"14:15:26",142128,2368.8,39.5,1.6,"E:/tenquille_oct_tagged/tl17_oct25/100RECNX","RCNX0365.JPG","Bobcat",3,NA,"Species|Bobcat"
"tl17","Grizzly bear",2025-10-06 09:19:58,2025-10-06,"09:19:58",0,0,0,0,"E:/tenquille_oct_tagged/tl17_oct25/100RECNX","RCNX0122.JPG","Grizzly bear",2,NA,"Species|Grizzly bear"
"tl17","Grizzly bear",2025-10-21 07:46:38,2025-10-21,"07:46:38",1290394,21506.6,358.4,14.9,"E:/tenquille_oct_tagged/tl17_oct25/100RECNX","RCNX0327.JPG","Grizzly bear",2,NA,"Species|Grizzly bear"
"tl17","Mule deer",2025-10-02 12:01:49,2025-10-02,"12:01:49",0,0,0,0,"E:/tenquille_oct_tagged/tl17_oct25/100RECNX","RCNX0049.JPG","Mule deer",7,NA,"Species|Mule deer"
"tl17","Mule deer",2025-10-03 18:14:39,2025-10-03,"18:14:39",108735,1812.2,30.2,1.3,"E:/tenquille_oct_tagged/tl17_oct25/100RECNX","RCNX0066.JPG","Mule deer",8,NA,"Species|Mule deer"
"tl17","Mule deer",2025-10-03 18:41:08,2025-10-03,"18:41:08",1566,26.1,0.4,0,"E:/tenquille_oct_tagged/tl17_oct25/100RECNX","RCNX0074.JPG","Mule deer",14,NA,"Species|Mule deer"
"tl17","Mule deer",2025-10-04 00:05:26,2025-10-04,"00:05:26",19342,322.4,5.4,0.2,"E:/tenquille_oct_tagged/tl17_oct25/100RECNX","RCNX0088.JPG","Mule deer",6,NA,"Species|Mule deer"
"tl17","Mule deer",2025-10-05 09:15:05,2025-10-05,"09:15:05",119359,1989.3,33.2,1.4,"E:/tenquille_oct_tagged/tl17_oct25/100RECNX","RCNX0096.JPG","Mule deer",21,NA,"Species|Mule deer"
"tl17","Mule deer",2025-10-05 16:19:36,2025-10-05,"16:19:36",25364,422.7,7,0.3,"E:/tenquille_oct_tagged/tl17_oct25/100RECNX","RCNX0117.JPG","Mule deer",1,NA,"Species|Mule deer"
"tl17","Mule deer",2025-10-06 03:58:38,2025-10-06,"03:58:38",41942,699,11.7,0.5,"E:/tenquille_oct_tagged/tl17_oct25/100RECNX","RCNX0118.JPG","Mule deer",4,NA,"Species|Mule deer"
"tl17","Mule deer",2025-10-06 20:14:19,2025-10-06,"20:14:19",58534,975.6,16.3,0.7,"E:/tenquille_oct_tagged/tl17_oct25/100RECNX","RCNX0124.JPG","Mule deer",11,NA,"Species|Mule deer"
"tl17","Mule deer",2025-10-06 23:15:08,2025-10-06,"23:15:08",10826,180.4,3,0.1,"E:/tenquille_oct_tagged/tl17_oct25/100RECNX","RCNX0135.JPG","Mule deer",9,NA,"Species|Mule deer"
"tl17","Mule deer",2025-10-07 08:40:14,2025-10-07,"08:40:14",33886,564.8,9.4,0.4,"E:/tenquille_oct_tagged/tl17_oct25/100RECNX","RCNX0144.JPG","Mule deer",5,NA,"Species|Mule deer"
"tl17","Mule deer",2025-10-07 18:55:47,2025-10-07,"18:55:47",36924,615.4,10.3,0.4,"E:/tenquille_oct_tagged/tl17_oct25/100RECNX","RCNX0154.JPG","Mule deer",1,NA,"Species|Mule deer"
"tl17","Mule deer",2025-10-07 20:57:46,2025-10-07,"20:57:46",7319,122,2,0.1,"E:/tenquille_oct_tagged/tl17_oct25/100RECNX","RCNX0155.JPG","Mule deer",3,NA,"Species|Mule deer"
"tl17","Mule deer",2025-10-09 07:34:15,2025-10-09,"07:34:15",124584,2076.4,34.6,1.4,"E:/tenquille_oct_tagged/tl17_oct25/100RECNX","RCNX0165.JPG","Mule deer",6,NA,"Species|Mule deer"
"tl17","Mule deer",2025-10-09 12:45:27,2025-10-09,"12:45:27",18652,310.9,5.2,0.2,"E:/tenquille_oct_tagged/tl17_oct25/100RECNX","RCNX0171.JPG","Mule deer",1,NA,"Species|Mule deer"
"tl17","Mule deer",2025-10-09 12:57:40,2025-10-09,"12:57:40",733,12.2,0.2,0,"E:/tenquille_oct_tagged/tl17_oct25/100RECNX","RCNX0172.JPG","Mule deer",2,NA,"Species|Mule deer"
"tl17","Mule deer",2025-10-10 04:56:02,2025-10-10,"04:56:02",57488,958.1,16,0.7,"E:/tenquille_oct_tagged/tl17_oct25/100RECNX","RCNX0174.JPG","Mule deer",4,NA,"Species|Mule deer"
"tl17","Mule deer",2025-10-12 05:30:36,2025-10-12,"05:30:36",174867,2914.4,48.6,2,"E:/tenquille_oct_tagged/tl17_oct25/100RECNX","RCNX0182.JPG","Mule deer",21,NA,"Species|Mule deer"
"tl17","Mule deer",2025-10-12 17:32:55,2025-10-12,"17:32:55",43290,721.5,12,0.5,"E:/tenquille_oct_tagged/tl17_oct25/100RECNX","RCNX0203.JPG","Mule deer",7,NA,"Species|Mule deer"
"tl17","Mule deer",2025-10-13 02:31:23,2025-10-13,"02:31:23",32279,538,9,0.4,"E:/tenquille_oct_tagged/tl17_oct25/100RECNX","RCNX0210.JPG","Mule deer",2,NA,"Species|Mule deer"
"tl17","Mule deer",2025-10-13 12:08:53,2025-10-13,"12:08:53",34648,577.5,9.6,0.4,"E:/tenquille_oct_tagged/tl17_oct25/100RECNX","RCNX0212.JPG","Mule deer",12,NA,"Species|Mule deer"
"tl17","Mule deer",2025-10-13 12:22:07,2025-10-13,"12:22:07",768,12.8,0.2,0,"E:/tenquille_oct_tagged/tl17_oct25/100RECNX","RCNX0224.JPG","Mule deer",12,NA,"Species|Mule deer"
"tl17","Mule deer",2025-10-14 09:31:55,2025-10-14,"09:31:55",76153,1269.2,21.2,0.9,"E:/tenquille_oct_tagged/tl17_oct25/100RECNX","RCNX0237.JPG","Mule deer",8,NA,"Species|Mule deer"
"tl17","Mule deer",2025-10-14 22:46:52,2025-10-14,"22:46:52",47681,794.7,13.2,0.5,"E:/tenquille_oct_tagged/tl17_oct25/100RECNX","RCNX0247.JPG","Mule deer",22,NA,"Species|Mule deer"
"tl17","Mule deer",2025-10-16 02:04:51,2025-10-16,"02:04:51",98020,1633.7,27.2,1.1,"E:/tenquille_oct_tagged/tl17_oct25/100RECNX","RCNX0269.JPG","Mule deer",9,NA,"Species|Mule deer"
"tl17","Mule deer",2025-10-18 01:00:27,2025-10-18,"01:00:27",168913,2815.2,46.9,2,"E:/tenquille_oct_tagged/tl17_oct25/100RECNX","RCNX0283.JPG","Mule deer",4,NA,"Species|Mule deer"
"tl17","Mule deer",2025-10-18 05:26:04,2025-10-18,"05:26:04",15930,265.5,4.4,0.2,"E:/tenquille_oct_tagged/tl17_oct25/100RECNX","RCNX0287.JPG","Mule deer",1,NA,"Species|Mule deer"
"tl17","Mule deer",2025-10-18 06:41:38,2025-10-18,"06:41:38",4534,75.6,1.3,0.1,"E:/tenquille_oct_tagged/tl17_oct25/100RECNX","RCNX0288.JPG","Mule deer",19,NA,"Species|Mule deer"
"tl17","Mule deer",2025-10-22 07:40:45,2025-10-22,"07:40:45",349038,5817.3,97,4,"E:/tenquille_oct_tagged/tl17_oct25/100RECNX","RCNX0337.JPG","Mule deer",3,NA,"Species|Mule deer"
"tl17","Mule deer",2025-10-23 07:18:45,2025-10-23,"07:18:45",85071,1417.8,23.6,1,"E:/tenquille_oct_tagged/tl17_oct25/100RECNX","RCNX0340.JPG","Mule deer",3,NA,"Species|Mule deer"
"tl17","Mule deer",2025-10-25 10:08:31,2025-10-25,"10:08:31",182982,3049.7,50.8,2.1,"E:/tenquille_oct_tagged/tl17_oct25/100RECNX","RCNX0347.JPG","Mule deer",18,NA,"Species|Mule deer"
"tl17","Nothing",2025-09-21 16:54:41,2025-09-21,"16:54:41",0,0,0,0,"E:/tenquille_oct_tagged/tl17_oct25/100RECNX","RCNX0010.JPG","Nothing",1,NA,"Species|Nothing"
"tl17","Nothing",2025-10-04 07:17:22,2025-10-04,"07:17:22",1088561,18142.7,302.4,12.6,"E:/tenquille_oct_tagged/tl17_oct25/100RECNX","RCNX0094.JPG","Nothing",1,NA,"Species|Nothing"
"tl17","Nothing",2025-10-04 13:27:07,2025-10-04,"13:27:07",22185,369.8,6.2,0.3,"E:/tenquille_oct_tagged/tl17_oct25/100RECNX","RCNX0095.JPG","Nothing",1,NA,"Species|Nothing"
"tl17","Nothing",2025-10-07 14:31:22,2025-10-07,"14:31:22",263055,4384.2,73.1,3,"E:/tenquille_oct_tagged/tl17_oct25/100RECNX","RCNX0149.JPG","Nothing",1,NA,"Species|Nothing"
"tl17","Nothing",2025-10-13 14:34:23,2025-10-13,"14:34:23",518581,8643,144.1,6,"E:/tenquille_oct_tagged/tl17_oct25/100RECNX","RCNX0236.JPG","Nothing",1,NA,"Species|Nothing"
"tl17","Nothing",2025-10-14 18:06:54,2025-10-14,"18:06:54",99151,1652.5,27.5,1.1,"E:/tenquille_oct_tagged/tl17_oct25/100RECNX","RCNX0246.JPG","Nothing",1,NA,"Species|Nothing"
"tl17","Nothing",2025-10-17 13:30:01,2025-10-17,"13:30:01",242587,4043.1,67.4,2.8,"E:/tenquille_oct_tagged/tl17_oct25/100RECNX","RCNX0282.JPG","Nothing",1,NA,"Species|Nothing"
"tl17","People",2025-09-20 15:30:14,2025-09-20,"15:30:14",0,0,0,0,"E:/tenquille_oct_tagged/tl17_oct25/100RECNX","RCNX0001.JPG","People",9,NA,"Species|People"
"tl17","People",2025-10-26 14:27:00,2025-10-26,"14:27:00",3106497,51774.9,862.9,36,"E:/tenquille_oct_tagged/tl17_oct25/100RECNX","RCNX0368.JPG","People",26,NA,"Species|People"
"tl17","Rodent - other",2025-10-25 02:32:30,2025-10-25,"02:32:30",0,0,0,0,"E:/tenquille_oct_tagged/tl17_oct25/100RECNX","RCNX0346.JPG","Rodent - other",1,NA,"Species|Rodent - other"
"tl17","Snowshoe hare",2025-09-27 21:17:46,2025-09-27,"21:17:46",0,0,0,0,"E:/tenquille_oct_tagged/tl17_oct25/100RECNX","RCNX0012.JPG","Snowshoe hare",1,NA,"Species|Snowshoe hare"
"tl17","Snowshoe hare",2025-09-30 18:00:13,2025-09-30,"18:00:13",247347,4122.4,68.7,2.9,"E:/tenquille_oct_tagged/tl17_oct25/100RECNX","RCNX0036.JPG","Snowshoe hare",1,NA,"Species|Snowshoe hare"
"tl17","Snowshoe hare",2025-09-30 20:48:54,2025-09-30,"20:48:54",10121,168.7,2.8,0.1,"E:/tenquille_oct_tagged/tl17_oct25/100RECNX","RCNX0039.JPG","Snowshoe hare",1,NA,"Species|Snowshoe hare"
"tl17","Snowshoe hare",2025-10-02 20:13:35,2025-10-02,"20:13:35",170681,2844.7,47.4,2,"E:/tenquille_oct_tagged/tl17_oct25/100RECNX","RCNX0064.JPG","Snowshoe hare",2,NA,"Species|Snowshoe hare"
"tl17","Snowshoe hare",2025-10-10 19:15:57,2025-10-10,"19:15:57",687739,11462.3,191,8,"E:/tenquille_oct_tagged/tl17_oct25/100RECNX","RCNX0180.JPG","Snowshoe hare",2,NA,"Species|Snowshoe hare"
"tl17","Snowshoe hare",2025-10-16 05:41:35,2025-10-16,"05:41:35",469534,7825.6,130.4,5.4,"E:/tenquille_oct_tagged/tl17_oct25/100RECNX","RCNX0278.JPG","Snowshoe hare",3,NA,"Species|Snowshoe hare"
"tl17","Snowshoe hare",2025-10-20 05:52:31,2025-10-20,"05:52:31",346247,5770.8,96.2,4,"E:/tenquille_oct_tagged/tl17_oct25/100RECNX","RCNX0317.JPG","Snowshoe hare",2,NA,"Species|Snowshoe hare"
"tl17","Snowshoe hare",2025-10-21 03:51:06,2025-10-21,"03:51:06",79111,1318.5,22,0.9,"E:/tenquille_oct_tagged/tl17_oct25/100RECNX","RCNX0319.JPG","Snowshoe hare",2,NA,"Species|Snowshoe hare"
"tl17","Snowshoe hare",2025-10-21 22:39:12,2025-10-21,"22:39:12",67684,1128.1,18.8,0.8,"E:/tenquille_oct_tagged/tl17_oct25/100RECNX","RCNX0330.JPG","Snowshoe hare",7,NA,"Species|Snowshoe hare"
"tl17","Unknown",2025-09-25 01:11:55,2025-09-25,"01:11:55",0,0,0,0,"E:/tenquille_oct_tagged/tl17_oct25/100RECNX","RCNX0011.JPG","Unknown",1,NA,"Species|Unknown"
"tl17","Unknown",2025-10-14 17:26:19,2025-10-14,"17:26:19",1700064,28334.4,472.2,19.7,"E:/tenquille_oct_tagged/tl17_oct25/100RECNX","RCNX0245.JPG","Unknown",1,NA,"Species|Unknown"
"tl18","Mule deer",2025-10-01 06:45:49,2025-10-01,"06:45:49",0,0,0,0,"E:/tenquille_oct_tagged/tl18_oct25/100RECNX","RCNX0011.JPG","Mule deer",3,"NA","Species|Mule deer"
"tl18","Mule deer",2025-10-07 10:35:46,2025-10-07,"10:35:46",532190,8869.8,147.8,6.2,"E:/tenquille_oct_tagged/tl18_oct25/100RECNX","RCNX0024.JPG","Mule deer",17,"NA","Species|Mule deer"
"tl18","Mule deer",2025-10-07 10:46:19,2025-10-07,"10:46:19",556,9.3,0.2,0,"E:/tenquille_oct_tagged/tl18_oct25/100RECNX","RCNX0041.JPG","Mule deer",3,"NA","Species|Mule deer"
"tl18","Mule deer",2025-10-09 02:51:37,2025-10-09,"02:51:37",144305,2405.1,40.1,1.7,"E:/tenquille_oct_tagged/tl18_oct25/100RECNX","RCNX0044.JPG","Mule deer",19,"NA","Species|Mule deer"
"tl18","Mule deer",2025-10-09 05:59:13,2025-10-09,"05:59:13",10981,183,3,0.1,"E:/tenquille_oct_tagged/tl18_oct25/100RECNX","RCNX0063.JPG","Mule deer",2,"NA","Species|Mule deer"
"tl18","Mule deer",2025-10-09 11:50:24,2025-10-09,"11:50:24",21069,351.1,5.9,0.2,"E:/tenquille_oct_tagged/tl18_oct25/100RECNX","RCNX0065.JPG","Mule deer",22,"NA","Species|Mule deer"
"tl18","Mule deer",2025-10-13 11:51:23,2025-10-13,"11:51:23",345603,5760,96,4,"E:/tenquille_oct_tagged/tl18_oct25/100RECNX","RCNX0087.JPG","Mule deer",9,"NA","Species|Mule deer"
"tl18","Mule deer",2025-10-14 06:41:54,2025-10-14,"06:41:54",67812,1130.2,18.8,0.8,"E:/tenquille_oct_tagged/tl18_oct25/100RECNX","RCNX0096.JPG","Mule deer",4,"NA","Species|Mule deer"
"tl18","Mule deer",2025-10-17 12:01:05,2025-10-17,"12:01:05",278344,4639.1,77.3,3.2,"E:/tenquille_oct_tagged/tl18_oct25/100RECNX","RCNX0100.JPG","Mule deer",4,"NA","Species|Mule deer"
"tl18","Mule deer",2025-10-17 22:07:44,2025-10-17,"22:07:44",36392,606.5,10.1,0.4,"E:/tenquille_oct_tagged/tl18_oct25/100RECNX","RCNX0104.JPG","Mule deer",1,"NA","Species|Mule deer"
"tl18","Mule deer",2025-10-25 09:45:23,2025-10-25,"09:45:23",646659,10777.6,179.6,7.5,"E:/tenquille_oct_tagged/tl18_oct25/100RECNX","RCNX0105.JPG","Mule deer",3,"NA","Species|Mule deer"
"tl18","People",2025-09-20 18:01:54,2025-09-20,"18:01:54",0,0,0,0,"E:/tenquille_oct_tagged/tl18_oct25/100RECNX","RCNX0001.JPG","People",10,"NA","Species|People"
"tl18","People",2025-10-04 13:51:50,2025-10-04,"13:51:50",1194457,19907.6,331.8,13.8,"E:/tenquille_oct_tagged/tl18_oct25/100RECNX","RCNX0014.JPG","People",10,"Unknown","Species|People, People|Unknown"
"tl18","People",2025-10-26 11:50:56,2025-10-26,"11:50:56",1893432,31557.2,526,21.9,"E:/tenquille_oct_tagged/tl18_oct25/100RECNX","RCNX0108.JPG","People",42,"NA","Species|People"
"tl19","Douglas squirrel",2025-10-12 09:23:49,2025-10-12,"09:23:49",0,0,0,0,"E:/tenquille_oct_tagged/tl19_oct25/100RECNX","RCNX0014.JPG","Douglas squirrel",1,NA,"Species|Douglas squirrel"
"tl19","Flying squirrel",2025-09-26 20:46:50,2025-09-26,"20:46:50",0,0,0,0,"E:/tenquille_oct_tagged/tl19_oct25/100RECNX","RCNX0008.JPG","Flying squirrel",1,NA,"Species|Flying squirrel"
"tl19","Mule deer",2025-10-01 07:18:58,2025-10-01,"07:18:58",0,0,0,0,"E:/tenquille_oct_tagged/tl19_oct25/100RECNX","RCNX0009.JPG","Mule deer",4,NA,"Species|Mule deer"
"tl19","Mule deer",2025-10-15 23:39:09,2025-10-15,"23:39:09",1268404,21140.1,352.3,14.7,"E:/tenquille_oct_tagged/tl19_oct25/100RECNX","RCNX0015.JPG","Mule deer",3,NA,"Species|Mule deer"
"tl19","Mule deer",2025-10-21 22:21:10,2025-10-21,"22:21:10",513717,8562,142.7,5.9,"E:/tenquille_oct_tagged/tl19_oct25/100RECNX","RCNX0018.JPG","Mule deer",1,NA,"Species|Mule deer"
"tl19","People",2025-09-20 16:05:14,2025-09-20,"16:05:14",0,0,0,0,"E:/tenquille_oct_tagged/tl19_oct25/100RECNX","RCNX0001.JPG","People",7,NA,"Species|People"
"tl19","People",2025-10-26 13:45:57,2025-10-26,"13:45:57",3101948,51699.1,861.7,35.9,"E:/tenquille_oct_tagged/tl19_oct25/100RECNX","RCNX0019.JPG","People",68,NA,"Species|People"
"tl19","Snowshoe hare",2025-10-02 19:19:34,2025-10-02,"19:19:34",0,0,0,0,"E:/tenquille_oct_tagged/tl19_oct25/100RECNX","RCNX0013.JPG","Snowshoe hare",1,NA,"Species|Snowshoe hare"
"tl2","Douglas squirrel",2025-10-14 07:38:59,2025-10-14,"07:38:59",0,0,0,0,"E:/tenquille_oct_tagged/tl2_oct25/100RECNX","RCNX0004.JPG","Douglas squirrel",1,NA,"Species|Douglas squirrel"
"tl2","Mule deer",2025-09-27 13:52:19,2025-09-27,"13:52:19",0,0,0,0,"E:/tenquille_oct_tagged/tl2_oct25/100RECNX","RCNX0001.JPG","Mule deer",1,NA,"Species|Mule deer"
"tl2","Mule deer",2025-10-06 09:06:59,2025-10-06,"09:06:59",760480,12674.7,211.2,8.8,"E:/tenquille_oct_tagged/tl2_oct25/100RECNX","RCNX0002.JPG","Mule deer",2,NA,"Species|Mule deer"
"tl2","Nothing",2025-10-20 20:08:39,2025-10-20,"20:08:39",0,0,0,0,"E:/tenquille_oct_tagged/tl2_oct25/100RECNX","RCNX0005.JPG","Nothing",1,NA,"Species|Nothing"
"tl2","Nothing",2025-10-21 08:13:21,2025-10-21,"08:13:21",43482,724.7,12.1,0.5,"E:/tenquille_oct_tagged/tl2_oct25/100RECNX","RCNX0006.JPG","Nothing",1,NA,"Species|Nothing"
"tl2","People",2025-10-26 18:44:09,2025-10-26,"18:44:09",0,0,0,0,"E:/tenquille_oct_tagged/tl2_oct25/100RECNX","RCNX0007.JPG","People",15,NA,"Species|People"
"tl20","Black bear",2025-10-18 15:34:54,2025-10-18,"15:34:54",0,0,0,0,"E:/tenquille_oct_tagged/tl20_oct25/100RECNX","RCNX0080.JPG","Black bear",1,NA,"Species|Black bear"
"tl20","Mule deer",2025-10-08 08:06:58,2025-10-08,"08:06:58",0,0,0,0,"E:/tenquille_oct_tagged/tl20_oct25/100RECNX","RCNX0004.JPG","Mule deer",4,NA,"Species|Mule deer"
"tl20","Mule deer",2025-10-09 10:12:10,2025-10-09,"10:12:10",93905,1565.1,26.1,1.1,"E:/tenquille_oct_tagged/tl20_oct25/100RECNX","RCNX0008.JPG","Mule deer",5,NA,"Species|Mule deer"
"tl20","Mule deer",2025-10-10 08:54:23,2025-10-10,"08:54:23",81724,1362.1,22.7,0.9,"E:/tenquille_oct_tagged/tl20_oct25/100RECNX","RCNX0013.JPG","Mule deer",2,NA,"Species|Mule deer"
"tl20","Mule deer",2025-10-10 10:46:10,2025-10-10,"10:46:10",6704,111.7,1.9,0.1,"E:/tenquille_oct_tagged/tl20_oct25/100RECNX","RCNX0015.JPG","Mule deer",9,NA,"Species|Mule deer"
"tl20","Mule deer",2025-10-10 12:34:10,2025-10-10,"12:34:10",6227,103.8,1.7,0.1,"E:/tenquille_oct_tagged/tl20_oct25/100RECNX","RCNX0024.JPG","Mule deer",4,NA,"Species|Mule deer"
"tl20","Mule deer",2025-10-11 12:11:39,2025-10-11,"12:11:39",85040,1417.3,23.6,1,"E:/tenquille_oct_tagged/tl20_oct25/100RECNX","RCNX0028.JPG","Mule deer",1,NA,"Species|Mule deer"
"tl20","Mule deer",2025-10-13 08:45:38,2025-10-13,"08:45:38",160439,2674,44.6,1.9,"E:/tenquille_oct_tagged/tl20_oct25/100RECNX","RCNX0029.JPG","Mule deer",6,NA,"Species|Mule deer"
"tl20","Mule deer",2025-10-13 11:31:42,2025-10-13,"11:31:42",9952,165.9,2.8,0.1,"E:/tenquille_oct_tagged/tl20_oct25/100RECNX","RCNX0035.JPG","Mule deer",4,NA,"Species|Mule deer"
"tl20","Mule deer",2025-10-14 02:10:28,2025-10-14,"02:10:28",52714,878.6,14.6,0.6,"E:/tenquille_oct_tagged/tl20_oct25/100RECNX","RCNX0039.JPG","Mule deer",6,NA,"Species|Mule deer"
"tl20","Mule deer",2025-10-14 08:04:26,2025-10-14,"08:04:26",21224,353.7,5.9,0.2,"E:/tenquille_oct_tagged/tl20_oct25/100RECNX","RCNX0045.JPG","Mule deer",7,NA,"Species|Mule deer"
"tl20","Mule deer",2025-10-14 18:38:05,2025-10-14,"18:38:05",37998,633.3,10.6,0.4,"E:/tenquille_oct_tagged/tl20_oct25/100RECNX","RCNX0052.JPG","Mule deer",2,NA,"Species|Mule deer"
"tl20","Mule deer",2025-10-15 07:57:47,2025-10-15,"07:57:47",47977,799.6,13.3,0.6,"E:/tenquille_oct_tagged/tl20_oct25/100RECNX","RCNX0054.JPG","Mule deer",10,NA,"Species|Mule deer"
"tl20","Mule deer",2025-10-15 12:38:43,2025-10-15,"12:38:43",16822,280.4,4.7,0.2,"E:/tenquille_oct_tagged/tl20_oct25/100RECNX","RCNX0064.JPG","Mule deer",5,NA,"Species|Mule deer"
"tl20","Mule deer",2025-10-16 09:59:06,2025-10-16,"09:59:06",76814,1280.2,21.3,0.9,"E:/tenquille_oct_tagged/tl20_oct25/100RECNX","RCNX0069.JPG","Mule deer",11,NA,"Species|Mule deer"
"tl20","Mule deer",2025-10-19 11:03:00,2025-10-19,"11:03:00",263005,4383.4,73.1,3,"E:/tenquille_oct_tagged/tl20_oct25/100RECNX","RCNX0081.JPG","Mule deer",7,NA,"Species|Mule deer"
"tl20","Mule deer",2025-10-20 08:54:11,2025-10-20,"08:54:11",78657,1311,21.9,0.9,"E:/tenquille_oct_tagged/tl20_oct25/100RECNX","RCNX0088.JPG","Mule deer",1,NA,"Species|Mule deer"
"tl20","Mule deer",2025-10-20 10:28:17,2025-10-20,"10:28:17",5646,94.1,1.6,0.1,"E:/tenquille_oct_tagged/tl20_oct25/100RECNX","RCNX0089.JPG","Mule deer",4,NA,"Species|Mule deer"
"tl20","Mule deer",2025-10-23 09:55:51,2025-10-23,"09:55:51",257247,4287.4,71.5,3,"E:/tenquille_oct_tagged/tl20_oct25/100RECNX","RCNX0093.JPG","Mule deer",10,NA,"Species|Mule deer"
"tl20","Mule deer",2025-10-24 10:28:55,2025-10-24,"10:28:55",88351,1472.5,24.5,1,"E:/tenquille_oct_tagged/tl20_oct25/100RECNX","RCNX0103.JPG","Mule deer",9,NA,"Species|Mule deer"
"tl20","People",2025-09-20 10:22:48,2025-09-20,"10:22:48",0,0,0,0,"E:/tenquille_oct_tagged/tl20_oct25/100RECNX","RCNX0001.JPG","People",3,NA,"Species|People"
"tl20","People",2025-10-26 17:13:53,2025-10-26,"17:13:53",3134630,52243.8,870.7,36.3,"E:/tenquille_oct_tagged/tl20_oct25/100RECNX","RCNX0112.JPG","People",6,NA,"Species|People"
"tl21","Bird",2025-09-28 13:43:11,2025-09-28,"13:43:11",0,0,0,0,"E:/tenquille_oct_tagged/tl21_oct25/100RECNX","RCNX0001.JPG","Bird",3,NA,"Species|Bird"
"tl21","Bird",2025-10-09 15:41:10,2025-10-09,"15:41:10",957473,15957.9,266,11.1,"E:/tenquille_oct_tagged/tl21_oct25/100RECNX","RCNX0010.JPG","Bird",1,NA,"Species|Bird"
"tl21","Bird",2025-10-10 10:46:56,2025-10-10,"10:46:56",68746,1145.8,19.1,0.8,"E:/tenquille_oct_tagged/tl21_oct25/100RECNX","RCNX0011.JPG","Bird",1,NA,"Species|Bird"
"tl21","Bird",2025-10-26 14:36:15,2025-10-26,"14:36:15",1396159,23269.3,387.8,16.2,"E:/tenquille_oct_tagged/tl21_oct25/100RECNX","RCNX0036.JPG","Bird",3,NA,"Species|Bird"
"tl21","Black bear",2025-10-03 10:47:53,2025-10-03,"10:47:53",0,0,0,0,"E:/tenquille_oct_tagged/tl21_oct25/100RECNX","RCNX0004.JPG","Black bear",2,NA,"Species|Black bear"
"tl21","Cougar",2025-10-17 16:52:40,2025-10-17,"16:52:40",0,0,0,0,"E:/tenquille_oct_tagged/tl21_oct25/100RECNX","RCNX0025.JPG","Cougar",6,NA,"Species|Cougar"
"tl21","Cougar",2025-10-17 17:16:55,2025-10-17,"17:16:55",1433,23.9,0.4,0,"E:/tenquille_oct_tagged/tl21_oct25/100RECNX","RCNX0031.JPG","Cougar",2,NA,"Species|Cougar"
"tl21","Douglas squirrel",2025-10-09 11:25:02,2025-10-09,"11:25:02",0,0,0,0,"E:/tenquille_oct_tagged/tl21_oct25/100RECNX","RCNX0009.JPG","Douglas squirrel",1,NA,"Species|Douglas squirrel"
"tl21","Douglas squirrel",2025-10-19 14:59:18,2025-10-19,"14:59:18",876856,14614.3,243.6,10.2,"E:/tenquille_oct_tagged/tl21_oct25/100RECNX","RCNX0033.JPG","Douglas squirrel",1,NA,"Species|Douglas squirrel"
"tl21","Mule deer",2025-10-10 11:34:57,2025-10-10,"11:34:57",0,0,0,0,"E:/tenquille_oct_tagged/tl21_oct25/100RECNX","RCNX0012.JPG","Mule deer",3,NA,"Species|Mule deer"
"tl21","Mule deer",2025-10-12 17:16:47,2025-10-12,"17:16:47",193305,3221.8,53.7,2.2,"E:/tenquille_oct_tagged/tl21_oct25/100RECNX","RCNX0015.JPG","Mule deer",1,NA,"Species|Mule deer"
"tl21","Mule deer",2025-10-13 12:35:46,2025-10-13,"12:35:46",69539,1159,19.3,0.8,"E:/tenquille_oct_tagged/tl21_oct25/100RECNX","RCNX0016.JPG","Mule deer",9,NA,"Species|Mule deer"
"tl21","Mule deer",2025-10-19 20:27:12,2025-10-19,"20:27:12",546664,9111.1,151.9,6.3,"E:/tenquille_oct_tagged/tl21_oct25/100RECNX","RCNX0034.JPG","Mule deer",1,NA,"Species|Mule deer"
"tl21","People",2025-10-26 17:35:44,2025-10-26,"17:35:44",0,0,0,0,"E:/tenquille_oct_tagged/tl21_oct25/100RECNX","RCNX0039.JPG","People",16,NA,"Species|People"
"tl21","Unknown",2025-10-04 23:55:07,2025-10-04,"23:55:07",0,0,0,0,"E:/tenquille_oct_tagged/tl21_oct25/100RECNX","RCNX0006.JPG","Unknown",1,NA,"Species|Unknown"
"tl21","Unknown",2025-10-07 10:09:28,2025-10-07,"10:09:28",209661,3494.3,58.2,2.4,"E:/tenquille_oct_tagged/tl21_oct25/100RECNX","RCNX0007.JPG","Unknown",2,NA,"Species|Unknown"
"tl21","Unknown",2025-10-25 19:18:36,2025-10-25,"19:18:36",1588146,26469.1,441.2,18.4,"E:/tenquille_oct_tagged/tl21_oct25/100RECNX","RCNX0035.JPG","Unknown",1,NA,"Species|Unknown"
"tl22","Black bear",2025-10-21 19:05:08,2025-10-21,"19:05:08",0,0,0,0,"E:/tenquille_oct_tagged/tl22_oct25/100RECNX","RCNX0065.JPG","Black bear",8,"NA","Species|Black bear"
"tl22","Bobcat",2025-10-03 22:03:18,2025-10-03,"22:03:18",0,0,0,0,"E:/tenquille_oct_tagged/tl22_oct25/100RECNX","RCNX0013.JPG","Bobcat",2,"NA","Species|Bobcat"
"tl22","Mule deer",2025-09-30 21:08:40,2025-09-30,"21:08:40",0,0,0,0,"E:/tenquille_oct_tagged/tl22_oct25/100RECNX","RCNX0011.JPG","Mule deer",2,"NA","Species|Mule deer"
"tl22","Mule deer",2025-10-06 11:38:56,2025-10-06,"11:38:56",484214,8070.2,134.5,5.6,"E:/tenquille_oct_tagged/tl22_oct25/100RECNX","RCNX0015.JPG","Mule deer",4,"NA","Species|Mule deer"
"tl22","Mule deer",2025-10-07 04:05:51,2025-10-07,"04:05:51",59208,986.8,16.4,0.7,"E:/tenquille_oct_tagged/tl22_oct25/100RECNX","RCNX0019.JPG","Mule deer",4,"NA","Species|Mule deer"
"tl22","Mule deer",2025-10-09 02:34:47,2025-10-09,"02:34:47",167328,2788.8,46.5,1.9,"E:/tenquille_oct_tagged/tl22_oct25/100RECNX","RCNX0023.JPG","Mule deer",4,"NA","Species|Mule deer"
"tl22","Mule deer",2025-10-09 10:49:40,2025-10-09,"10:49:40",29686,494.8,8.2,0.3,"E:/tenquille_oct_tagged/tl22_oct25/100RECNX","RCNX0027.JPG","Mule deer",1,"NA","Species|Mule deer"
"tl22","Mule deer",2025-10-10 08:56:11,2025-10-10,"08:56:11",79591,1326.5,22.1,0.9,"E:/tenquille_oct_tagged/tl22_oct25/100RECNX","RCNX0028.JPG","Mule deer",6,"NA","Species|Mule deer"
"tl22","Mule deer",2025-10-11 18:47:55,2025-10-11,"18:47:55",121891,2031.5,33.9,1.4,"E:/tenquille_oct_tagged/tl22_oct25/100RECNX","RCNX0034.JPG","Mule deer",4,"NA","Species|Mule deer"
"tl22","Mule deer",2025-10-12 23:54:46,2025-10-12,"23:54:46",104804,1746.7,29.1,1.2,"E:/tenquille_oct_tagged/tl22_oct25/100RECNX","RCNX0038.JPG","Mule deer",1,"NA","Species|Mule deer"
"tl22","Mule deer",2025-10-14 04:13:49,2025-10-14,"04:13:49",101943,1699,28.3,1.2,"E:/tenquille_oct_tagged/tl22_oct25/100RECNX","RCNX0039.JPG","Mule deer",2,"NA","Species|Mule deer"
"tl22","Mule deer",2025-10-14 12:40:36,2025-10-14,"12:40:36",30405,506.8,8.4,0.4,"E:/tenquille_oct_tagged/tl22_oct25/100RECNX","RCNX0041.JPG","Mule deer",2,"NA","Species|Mule deer"
"tl22","Mule deer",2025-10-17 13:17:01,2025-10-17,"13:17:01",261383,4356.4,72.6,3,"E:/tenquille_oct_tagged/tl22_oct25/100RECNX","RCNX0043.JPG","Mule deer",4,"NA","Species|Mule deer"
"tl22","Mule deer",2025-10-21 01:47:09,2025-10-21,"01:47:09",304202,5070,84.5,3.5,"E:/tenquille_oct_tagged/tl22_oct25/100RECNX","RCNX0055.JPG","Mule deer",3,"NA","Species|Mule deer"
"tl22","Mule deer",2025-10-21 15:11:29,2025-10-21,"15:11:29",48256,804.3,13.4,0.6,"E:/tenquille_oct_tagged/tl22_oct25/100RECNX","RCNX0058.JPG","Mule deer",7,"NA","Species|Mule deer"
"tl22","Mule deer",2025-10-21 23:25:24,2025-10-21,"23:25:24",29621,493.7,8.2,0.3,"E:/tenquille_oct_tagged/tl22_oct25/100RECNX","RCNX0073.JPG","Mule deer",3,"NA","Species|Mule deer"
"tl22","Mule deer",2025-10-23 03:53:42,2025-10-23,"03:53:42",102491,1708.2,28.5,1.2,"E:/tenquille_oct_tagged/tl22_oct25/100RECNX","RCNX0076.JPG","Mule deer",3,"NA","Species|Mule deer"
"tl22","People",2025-09-20 14:28:34,2025-09-20,"14:28:34",0,0,0,0,"E:/tenquille_oct_tagged/tl22_oct25/100RECNX","RCNX0001.JPG","People",5,"NA","Species|People"
"tl22","People",2025-10-18 13:00:05,2025-10-18,"13:00:05",2413863,40231.1,670.5,27.9,"E:/tenquille_oct_tagged/tl22_oct25/100RECNX","RCNX0047.JPG","People",5,"Unknown","Species|People, People|Unknown"
"tl22","People",2025-10-18 13:06:56,2025-10-18,"13:06:56",399,6.7,0.1,0,"E:/tenquille_oct_tagged/tl22_oct25/100RECNX","RCNX0052.JPG","People",3,"Unknown","Species|People, People|Unknown"
"tl22","People",2025-10-25 08:15:50,2025-10-25,"08:15:50",587330,9788.8,163.1,6.8,"E:/tenquille_oct_tagged/tl22_oct25/100RECNX","RCNX0079.JPG","People",6,"Unknown","Species|People, People|Unknown"
"tl22","People",2025-10-26 14:57:09,2025-10-26,"14:57:09",110333,1838.9,30.6,1.3,"E:/tenquille_oct_tagged/tl22_oct25/100RECNX","RCNX0085.JPG","People",19,"NA","Species|People"
"tl22","Snowshoe hare",2025-09-21 20:32:05,2025-09-21,"20:32:05",0,0,0,0,"E:/tenquille_oct_tagged/tl22_oct25/100RECNX","RCNX0006.JPG","Snowshoe hare",1,"NA","Species|Snowshoe hare"
"tl22","Snowshoe hare",2025-09-22 20:27:27,2025-09-22,"20:27:27",86122,1435.4,23.9,1,"E:/tenquille_oct_tagged/tl22_oct25/100RECNX","RCNX0007.JPG","Snowshoe hare",1,"NA","Species|Snowshoe hare"
"tl22","Snowshoe hare",2025-09-23 20:10:10,2025-09-23,"20:10:10",85363,1422.7,23.7,1,"E:/tenquille_oct_tagged/tl22_oct25/100RECNX","RCNX0008.JPG","Snowshoe hare",1,"NA","Species|Snowshoe hare"
"tl22","Snowshoe hare",2025-09-24 20:16:27,2025-09-24,"20:16:27",86777,1446.3,24.1,1,"E:/tenquille_oct_tagged/tl22_oct25/100RECNX","RCNX0009.JPG","Snowshoe hare",1,"NA","Species|Snowshoe hare"
"tl22","Snowshoe hare",2025-09-26 20:05:56,2025-09-26,"20:05:56",172169,2869.5,47.8,2,"E:/tenquille_oct_tagged/tl22_oct25/100RECNX","RCNX0010.JPG","Snowshoe hare",1,"NA","Species|Snowshoe hare"
"tl23","Bird",2025-10-11 07:32:16,2025-10-11,"07:32:16",0,0,0,0,"E:/tenquille_oct_tagged/tl23_oct25/100RECNX","RCNX0076.JPG","Bird",1,NA,"Species|Bird"
"tl23","Bird",2025-10-11 15:53:26,2025-10-11,"15:53:26",30070,501.2,8.4,0.4,"E:/tenquille_oct_tagged/tl23_oct25/100RECNX","RCNX0077.JPG","Bird",1,NA,"Species|Bird"
"tl23","Black bear",2025-09-30 09:22:47,2025-09-30,"09:22:47",0,0,0,0,"E:/tenquille_oct_tagged/tl23_oct25/100RECNX","RCNX0013.JPG","Black bear",2,NA,"Species|Black bear"
"tl23","Flying squirrel",2025-10-02 05:12:31,2025-10-02,"05:12:31",0,0,0,0,"E:/tenquille_oct_tagged/tl23_oct25/100RECNX","RCNX0020.JPG","Flying squirrel",1,NA,"Species|Flying squirrel"
"tl23","Mule deer",2025-09-30 08:46:22,2025-09-30,"08:46:22",0,0,0,0,"E:/tenquille_oct_tagged/tl23_oct25/100RECNX","RCNX0008.JPG","Mule deer",3,NA,"Species|Mule deer"
"tl23","Mule deer",2025-09-30 09:16:27,2025-09-30,"09:16:27",1800,30,0.5,0,"E:/tenquille_oct_tagged/tl23_oct25/100RECNX","RCNX0011.JPG","Mule deer",2,NA,"Species|Mule deer"
"tl23","Mule deer",2025-10-01 07:23:18,2025-10-01,"07:23:18",79609,1326.8,22.1,0.9,"E:/tenquille_oct_tagged/tl23_oct25/100RECNX","RCNX0015.JPG","Mule deer",5,NA,"Species|Mule deer"
"tl23","Mule deer",2025-10-03 17:48:58,2025-10-03,"17:48:58",210301,3505,58.4,2.4,"E:/tenquille_oct_tagged/tl23_oct25/100RECNX","RCNX0021.JPG","Mule deer",2,NA,"Species|Mule deer"
"tl23","Mule deer",2025-10-04 07:55:39,2025-10-04,"07:55:39",50799,846.6,14.1,0.6,"E:/tenquille_oct_tagged/tl23_oct25/100RECNX","RCNX0023.JPG","Mule deer",1,NA,"Species|Mule deer"
"tl23","Mule deer",2025-10-04 08:53:09,2025-10-04,"08:53:09",3450,57.5,1,0,"E:/tenquille_oct_tagged/tl23_oct25/100RECNX","RCNX0024.JPG","Mule deer",2,NA,"Species|Mule deer"
"tl23","Mule deer",2025-10-06 00:11:33,2025-10-06,"00:11:33",141502,2358.4,39.3,1.6,"E:/tenquille_oct_tagged/tl23_oct25/100RECNX","RCNX0026.JPG","Mule deer",8,NA,"Species|Mule deer"
"tl23","Mule deer",2025-10-06 11:24:45,2025-10-06,"11:24:45",40367,672.8,11.2,0.5,"E:/tenquille_oct_tagged/tl23_oct25/100RECNX","RCNX0034.JPG","Mule deer",3,NA,"Species|Mule deer"
"tl23","Mule deer",2025-10-07 08:32:43,2025-10-07,"08:32:43",76073,1267.9,21.1,0.9,"E:/tenquille_oct_tagged/tl23_oct25/100RECNX","RCNX0037.JPG","Mule deer",6,NA,"Species|Mule deer"
"tl23","Mule deer",2025-10-07 16:02:11,2025-10-07,"16:02:11",26953,449.2,7.5,0.3,"E:/tenquille_oct_tagged/tl23_oct25/100RECNX","RCNX0043.JPG","Mule deer",2,NA,"Species|Mule deer"
"tl23","Mule deer",2025-10-08 08:27:28,2025-10-08,"08:27:28",59115,985.2,16.4,0.7,"E:/tenquille_oct_tagged/tl23_oct25/100RECNX","RCNX0045.JPG","Mule deer",3,NA,"Species|Mule deer"
"tl23","Mule deer",2025-10-10 09:32:05,2025-10-10,"09:32:05",176664,2944.4,49.1,2,"E:/tenquille_oct_tagged/tl23_oct25/100RECNX","RCNX0048.JPG","Mule deer",3,NA,"Species|Mule deer"
"tl23","Mule deer",2025-10-10 17:04:25,2025-10-10,"17:04:25",27136,452.3,7.5,0.3,"E:/tenquille_oct_tagged/tl23_oct25/100RECNX","RCNX0051.JPG","Mule deer",25,NA,"Species|Mule deer"
"tl23","Mule deer",2025-10-11 19:06:48,2025-10-11,"19:06:48",93545,1559.1,26,1.1,"E:/tenquille_oct_tagged/tl23_oct25/100RECNX","RCNX0078.JPG","Mule deer",11,NA,"Species|Mule deer"
"tl23","Mule deer",2025-10-13 05:55:31,2025-10-13,"05:55:31",125271,2087.8,34.8,1.4,"E:/tenquille_oct_tagged/tl23_oct25/100RECNX","RCNX0089.JPG","Mule deer",6,NA,"Species|Mule deer"
"tl23","Mule deer",2025-10-14 01:56:54,2025-10-14,"01:56:54",72065,1201.1,20,0.8,"E:/tenquille_oct_tagged/tl23_oct25/100RECNX","RCNX0095.JPG","Mule deer",7,NA,"Species|Mule deer"
"tl23","Mule deer",2025-10-16 11:14:33,2025-10-16,"11:14:33",206146,3435.8,57.3,2.4,"E:/tenquille_oct_tagged/tl23_oct25/100RECNX","RCNX0102.JPG","Mule deer",4,NA,"Species|Mule deer"
"tl23","Mule deer",2025-10-16 22:20:23,2025-10-16,"22:20:23",39943,665.7,11.1,0.5,"E:/tenquille_oct_tagged/tl23_oct25/100RECNX","RCNX0106.JPG","Mule deer",3,NA,"Species|Mule deer"
"tl23","Mule deer",2025-10-17 11:54:43,2025-10-17,"11:54:43",48843,814,13.6,0.6,"E:/tenquille_oct_tagged/tl23_oct25/100RECNX","RCNX0109.JPG","Mule deer",7,NA,"Species|Mule deer"
"tl23","Mule deer",2025-10-18 14:59:02,2025-10-18,"14:59:02",97445,1624.1,27.1,1.1,"E:/tenquille_oct_tagged/tl23_oct25/100RECNX","RCNX0117.JPG","Mule deer",4,NA,"Species|Mule deer"
"tl23","Mule deer",2025-10-19 11:29:01,2025-10-19,"11:29:01",73772,1229.5,20.5,0.9,"E:/tenquille_oct_tagged/tl23_oct25/100RECNX","RCNX0121.JPG","Mule deer",6,NA,"Species|Mule deer"
"tl23","Mule deer",2025-10-23 19:00:13,2025-10-23,"19:00:13",372648,6210.8,103.5,4.3,"E:/tenquille_oct_tagged/tl23_oct25/100RECNX","RCNX0127.JPG","Mule deer",12,NA,"Species|Mule deer"
"tl23","Mule deer",2025-10-26 04:21:47,2025-10-26,"04:21:47",206460,3441,57.4,2.4,"E:/tenquille_oct_tagged/tl23_oct25/100RECNX","RCNX0139.JPG","Mule deer",2,NA,"Species|Mule deer"
"tl23","People",2025-09-20 13:33:17,2025-09-20,"13:33:17",0,0,0,0,"E:/tenquille_oct_tagged/tl23_oct25/100RECNX","RCNX0001.JPG","People",7,NA,"Species|People"
"tl23","People",2025-10-26 15:12:22,2025-10-26,"15:12:22",3116247,51937.4,865.6,36.1,"E:/tenquille_oct_tagged/tl23_oct25/100RECNX","RCNX0141.JPG","People",50,NA,"Species|People"
"tl23","Unknown",2025-10-18 05:36:01,2025-10-18,"05:36:01",0,0,0,0,"E:/tenquille_oct_tagged/tl23_oct25/100RECNX","RCNX0116.JPG","Unknown",1,NA,"Species|Unknown"
"tl3","Bird",2025-06-26 06:45:13,2025-06-26,"06:45:13",0,0,0,0,"E:/tenquille_oct_tagged/tl3_oct25/102RECNX","RCNX0006.JPG","Bird",1,NA,"Species|Bird"
"tl3","Bird",2025-07-04 14:35:13,2025-07-04,"14:35:13",719400,11990,199.8,8.3,"E:/tenquille_oct_tagged/tl3_oct25/102RECNX","RCNX0029.JPG","Bird",1,NA,"Species|Bird"
"tl3","Bird",2025-08-30 19:47:03,2025-08-30,"19:47:03",4943510,82391.8,1373.2,57.2,"E:/tenquille_oct_tagged/tl3_oct25/102RECNX","RCNX0178.JPG","Bird",1,NA,"Species|Bird"
"tl3","Bird",2025-09-01 20:05:39,2025-09-01,"20:05:39",173916,2898.6,48.3,2,"E:/tenquille_oct_tagged/tl3_oct25/102RECNX","RCNX0179.JPG","Bird",1,NA,"Species|Bird"
"tl3","Bird",2025-09-13 13:53:42,2025-09-13,"13:53:42",1014483,16908,281.8,11.7,"E:/tenquille_oct_tagged/tl3_oct25/102RECNX","RCNX0218.JPG","Bird",2,NA,"Species|Bird"
"tl3","Bird",2025-09-16 14:21:37,2025-09-16,"14:21:37",260872,4347.9,72.5,3,"E:/tenquille_oct_tagged/tl3_oct25/102RECNX","RCNX0220.JPG","Bird",1,NA,"Species|Bird"
"tl3","Bird",2025-09-17 09:33:31,2025-09-17,"09:33:31",69114,1151.9,19.2,0.8,"E:/tenquille_oct_tagged/tl3_oct25/102RECNX","RCNX0221.JPG","Bird",1,NA,"Species|Bird"
"tl3","Bird",2025-09-20 11:21:13,2025-09-20,"11:21:13",265662,4427.7,73.8,3.1,"E:/tenquille_oct_tagged/tl3_oct25/102RECNX","RCNX0223.JPG","Bird",2,NA,"Species|Bird"
"tl3","Bird",2025-09-21 19:04:52,2025-09-21,"19:04:52",114199,1903.3,31.7,1.3,"E:/tenquille_oct_tagged/tl3_oct25/102RECNX","RCNX0225.JPG","Bird",1,NA,"Species|Bird"
"tl3","Bird",2025-09-23 08:15:15,2025-09-23,"08:15:15",133823,2230.4,37.2,1.6,"E:/tenquille_oct_tagged/tl3_oct25/102RECNX","RCNX0226.JPG","Bird",1,NA,"Species|Bird"
"tl3","Bird",2025-09-26 09:41:03,2025-09-26,"09:41:03",264348,4405.8,73.4,3.1,"E:/tenquille_oct_tagged/tl3_oct25/102RECNX","RCNX0227.JPG","Bird",1,NA,"Species|Bird"
"tl3","Bird",2025-10-04 11:34:44,2025-10-04,"11:34:44",698021,11633.7,193.9,8.1,"E:/tenquille_oct_tagged/tl3_oct25/102RECNX","RCNX0237.JPG","Bird",1,NA,"Species|Bird"
"tl3","Bird",2025-10-04 15:54:06,2025-10-04,"15:54:06",15562,259.4,4.3,0.2,"E:/tenquille_oct_tagged/tl3_oct25/102RECNX","RCNX0238.JPG","Bird",1,NA,"Species|Bird"
"tl3","Bird",2025-10-08 07:22:57,2025-10-08,"07:22:57",314931,5248.9,87.5,3.6,"E:/tenquille_oct_tagged/tl3_oct25/102RECNX","RCNX0242.JPG","Bird",1,NA,"Species|Bird"
"tl3","Bird",2025-10-09 09:41:44,2025-10-09,"09:41:44",94727,1578.8,26.3,1.1,"E:/tenquille_oct_tagged/tl3_oct25/102RECNX","RCNX0243.JPG","Bird",2,NA,"Species|Bird"
"tl3","Bird",2025-10-10 12:40:25,2025-10-10,"12:40:25",97021,1617,27,1.1,"E:/tenquille_oct_tagged/tl3_oct25/102RECNX","RCNX0245.JPG","Bird",4,NA,"Species|Bird"
"tl3","Bird",2025-10-10 15:29:07,2025-10-10,"15:29:07",10073,167.9,2.8,0.1,"E:/tenquille_oct_tagged/tl3_oct25/102RECNX","RCNX0249.JPG","Bird",3,NA,"Species|Bird"
"tl3","Bird",2025-10-11 07:31:17,2025-10-11,"07:31:17",57436,957.3,16,0.7,"E:/tenquille_oct_tagged/tl3_oct25/102RECNX","RCNX0252.JPG","Bird",2,NA,"Species|Bird"
"tl3","Bird",2025-10-13 13:00:33,2025-10-13,"13:00:33",192543,3209.1,53.5,2.2,"E:/tenquille_oct_tagged/tl3_oct25/102RECNX","RCNX0254.JPG","Bird",3,NA,"Species|Bird"
"tl3","Bird",2025-10-13 16:19:28,2025-10-13,"16:19:28",11928,198.8,3.3,0.1,"E:/tenquille_oct_tagged/tl3_oct25/102RECNX","RCNX0257.JPG","Bird",3,NA,"Species|Bird"
"tl3","Bird",2025-10-15 07:26:16,2025-10-15,"07:26:16",140802,2346.7,39.1,1.6,"E:/tenquille_oct_tagged/tl3_oct25/102RECNX","RCNX0260.JPG","Bird",2,NA,"Species|Bird"
"tl3","Bird",2025-10-15 13:09:24,2025-10-15,"13:09:24",20583,343,5.7,0.2,"E:/tenquille_oct_tagged/tl3_oct25/102RECNX","RCNX0262.JPG","Bird",2,NA,"Species|Bird"
"tl3","Bird",2025-10-17 13:19:06,2025-10-17,"13:19:06",173378,2889.6,48.2,2,"E:/tenquille_oct_tagged/tl3_oct25/102RECNX","RCNX0269.JPG","Bird",2,NA,"Species|Bird"
"tl3","Bird",2025-10-19 07:32:19,2025-10-19,"07:32:19",151991,2533.2,42.2,1.8,"E:/tenquille_oct_tagged/tl3_oct25/102RECNX","RCNX0276.JPG","Bird",1,NA,"Species|Bird"
"tl3","Bird",2025-10-21 07:55:44,2025-10-21,"07:55:44",174205,2903.4,48.4,2,"E:/tenquille_oct_tagged/tl3_oct25/102RECNX","RCNX0278.JPG","Bird",3,NA,"Species|Bird"
"tl3","Bird",2025-10-21 14:48:01,2025-10-21,"14:48:01",24731,412.2,6.9,0.3,"E:/tenquille_oct_tagged/tl3_oct25/102RECNX","RCNX0281.JPG","Bird",2,NA,"Species|Bird"
"tl3","Bird",2025-10-21 17:15:49,2025-10-21,"17:15:49",8747,145.8,2.4,0.1,"E:/tenquille_oct_tagged/tl3_oct25/102RECNX","RCNX0283.JPG","Bird",2,NA,"Species|Bird"
"tl3","Bird",2025-10-21 18:06:24,2025-10-21,"18:06:24",3031,50.5,0.8,0,"E:/tenquille_oct_tagged/tl3_oct25/102RECNX","RCNX0285.JPG","Bird",2,NA,"Species|Bird"
"tl3","Bird",2025-10-23 09:24:29,2025-10-23,"09:24:29",141473,2357.9,39.3,1.6,"E:/tenquille_oct_tagged/tl3_oct25/102RECNX","RCNX0290.JPG","Bird",5,NA,"Species|Bird"
"tl3","Bird",2025-10-24 13:09:25,2025-10-24,"13:09:25",99802,1663.4,27.7,1.2,"E:/tenquille_oct_tagged/tl3_oct25/102RECNX","RCNX0295.JPG","Bird",1,NA,"Species|Bird"
"tl3","Bird",2025-10-25 17:27:32,2025-10-25,"17:27:32",101887,1698.1,28.3,1.2,"E:/tenquille_oct_tagged/tl3_oct25/102RECNX","RCNX0296.JPG","Bird",1,NA,"Species|Bird"
"tl3","Black bear",2025-07-21 20:36:52,2025-07-21,"20:36:52",0,0,0,0,"E:/tenquille_oct_tagged/tl3_oct25/102RECNX","RCNX0031.JPG","Black bear",8,NA,"Species|Black bear"
"tl3","Black bear",2025-08-01 10:21:04,2025-08-01,"10:21:04",913436,15223.9,253.7,10.6,"E:/tenquille_oct_tagged/tl3_oct25/102RECNX","RCNX0041.JPG","Black bear",41,NA,"Species|Black bear"
"tl3","Domestic dog",2025-10-26 13:15:54,2025-10-26,"13:15:54",0,0,0,0,"E:/tenquille_oct_tagged/tl3_oct25/102RECNX","RCNX0305.JPG","People_&_Domestic dog",6,NA,"Species|People, Species|Domestic dog"
"tl3","Douglas squirrel",2025-09-18 21:52:04,2025-09-18,"21:52:04",0,0,0,0,"E:/tenquille_oct_tagged/tl3_oct25/102RECNX","RCNX0222.JPG","Douglas squirrel",1,NA,"Species|Douglas squirrel"
"tl3","Flying squirrel",2025-08-23 22:01:22,2025-08-23,"22:01:22",0,0,0,0,"E:/tenquille_oct_tagged/tl3_oct25/102RECNX","RCNX0176.JPG","Flying squirrel",1,NA,"Species|Flying squirrel"
"tl3","Mouse",2025-07-04 03:49:11,2025-07-04,"03:49:11",0,0,0,0,"E:/tenquille_oct_tagged/tl3_oct25/102RECNX","RCNX0028.JPG","Mouse",1,NA,"Species|Mouse"
"tl3","Mouse",2025-07-11 23:25:27,2025-07-11,"23:25:27",675376,11256.3,187.6,7.8,"E:/tenquille_oct_tagged/tl3_oct25/102RECNX","RCNX0030.JPG","Mouse",1,NA,"Species|Mouse"
"tl3","Mouse",2025-10-17 23:30:51,2025-10-17,"23:30:51",8467524,141125.4,2352.1,98,"E:/tenquille_oct_tagged/tl3_oct25/102RECNX","RCNX0271.JPG","Mouse",1,NA,"Species|Mouse"
"tl3","Mouse",2025-10-22 06:06:13,2025-10-22,"06:06:13",369322,6155.4,102.6,4.3,"E:/tenquille_oct_tagged/tl3_oct25/102RECNX","RCNX0287.JPG","Mouse",1,NA,"Species|Mouse"
"tl3","Mule deer",2025-08-20 10:54:37,2025-08-20,"10:54:37",0,0,0,0,"E:/tenquille_oct_tagged/tl3_oct25/102RECNX","RCNX0095.JPG","Mule deer",59,NA,"Species|Mule deer"
"tl3","Mule deer",2025-08-23 02:03:56,2025-08-23,"02:03:56",227131,3785.5,63.1,2.6,"E:/tenquille_oct_tagged/tl3_oct25/102RECNX","RCNX0171.JPG","Mule deer",3,NA,"Species|Mule deer"
"tl3","Mule deer",2025-08-23 04:00:19,2025-08-23,"04:00:19",6979,116.3,1.9,0.1,"E:/tenquille_oct_tagged/tl3_oct25/102RECNX","RCNX0174.JPG","Mule deer",2,NA,"Species|Mule deer"
"tl3","Mule deer",2025-09-06 09:05:49,2025-09-06,"09:05:49",1227928,20465.5,341.1,14.2,"E:/tenquille_oct_tagged/tl3_oct25/102RECNX","RCNX0210.JPG","Mule deer",7,NA,"Species|Mule deer"
"tl3","Mule deer",2025-10-02 10:51:47,2025-10-02,"10:51:47",2252740,37545.7,625.8,26.1,"E:/tenquille_oct_tagged/tl3_oct25/102RECNX","RCNX0228.JPG","Mule deer",4,NA,"Species|Mule deer"
"tl3","Mule deer",2025-10-04 07:05:07,2025-10-04,"07:05:07",159190,2653.2,44.2,1.8,"E:/tenquille_oct_tagged/tl3_oct25/102RECNX","RCNX0232.JPG","Mule deer",3,NA,"Species|Mule deer"
"tl3","Mule deer",2025-10-04 09:35:38,2025-10-04,"09:35:38",9027,150.4,2.5,0.1,"E:/tenquille_oct_tagged/tl3_oct25/102RECNX","RCNX0235.JPG","Mule deer",2,NA,"Species|Mule deer"
"tl3","Mule deer",2025-10-08 00:07:11,2025-10-08,"00:07:11",311491,5191.5,86.5,3.6,"E:/tenquille_oct_tagged/tl3_oct25/102RECNX","RCNX0240.JPG","Mule deer",2,NA,"Species|Mule deer"
"tl3","Mule deer",2025-10-16 00:21:51,2025-10-16,"00:21:51",692078,11534.6,192.2,8,"E:/tenquille_oct_tagged/tl3_oct25/102RECNX","RCNX0264.JPG","Mule deer",4,NA,"Species|Mule deer"
"tl3","Mule deer",2025-10-18 09:23:53,2025-10-18,"09:23:53",205315,3421.9,57,2.4,"E:/tenquille_oct_tagged/tl3_oct25/102RECNX","RCNX0272.JPG","Mule deer",4,NA,"Species|Mule deer"
"tl3","Mule deer",2025-10-22 10:27:36,2025-10-22,"10:27:36",349401,5823.4,97.1,4,"E:/tenquille_oct_tagged/tl3_oct25/102RECNX","RCNX0288.JPG","Mule deer",2,NA,"Species|Mule deer"
"tl3","Nothing",2025-06-21 21:40:12,2025-06-21,"21:40:12",0,0,0,0,"E:/tenquille_oct_tagged/tl3_oct25/102RECNX","RCNX0004.JPG","Nothing",1,NA,"Species|Nothing"
"tl3","Nothing",2025-06-24 00:47:50,2025-06-24,"00:47:50",184058,3067.6,51.1,2.1,"E:/tenquille_oct_tagged/tl3_oct25/102RECNX","RCNX0005.JPG","Nothing",1,NA,"Species|Nothing"
"tl3","Nothing",2025-07-01 13:57:51,2025-07-01,"13:57:51",652201,10870,181.2,7.6,"E:/tenquille_oct_tagged/tl3_oct25/102RECNX","RCNX0007.JPG","Nothing",1,NA,"Species|Nothing"
"tl3","Nothing",2025-07-22 16:57:08,2025-07-22,"16:57:08",1825157,30419.3,507,21.1,"E:/tenquille_oct_tagged/tl3_oct25/102RECNX","RCNX0039.JPG","Nothing",1,NA,"Species|Nothing"
"tl3","Nothing",2025-08-20 11:10:41,2025-08-20,"11:10:41",2484813,41413.6,690.2,28.8,"E:/tenquille_oct_tagged/tl3_oct25/102RECNX","RCNX0154.JPG","Nothing",1,NA,"Species|Nothing"
"tl3","Nothing",2025-08-20 16:53:03,2025-08-20,"16:53:03",20542,342.4,5.7,0.2,"E:/tenquille_oct_tagged/tl3_oct25/102RECNX","RCNX0155.JPG","Nothing",1,NA,"Species|Nothing"
"tl3","Nothing",2025-08-28 13:52:24,2025-08-28,"13:52:24",680361,11339.4,189,7.9,"E:/tenquille_oct_tagged/tl3_oct25/102RECNX","RCNX0177.JPG","Nothing",1,NA,"Species|Nothing"
"tl3","Nothing",2025-10-06 07:17:33,2025-10-06,"07:17:33",3345909,55765.2,929.4,38.7,"E:/tenquille_oct_tagged/tl3_oct25/102RECNX","RCNX0239.JPG","Nothing",1,NA,"Species|Nothing"
"tl3","Nothing",2025-10-17 11:47:57,2025-10-17,"11:47:57",966624,16110.4,268.5,11.2,"E:/tenquille_oct_tagged/tl3_oct25/102RECNX","RCNX0268.JPG","Nothing",1,NA,"Species|Nothing"
"tl3","People",2025-06-18 08:25:33,2025-06-18,"08:25:33",0,0,0,0,"E:/tenquille_oct_tagged/tl3_oct25/100RECNX","RCNX0001.JPG","People",37,NA,"Species|People"
"tl3","People",2025-10-26 13:15:21,2025-10-26,"13:15:21",11248843,187480.7,3124.7,130.2,"E:/tenquille_oct_tagged/tl3_oct25/102RECNX","RCNX0297.JPG","People",19,NA,"Species|People"
"tl3","Snowshoe hare",2025-07-01 23:55:15,2025-07-01,"23:55:15",0,0,0,0,"E:/tenquille_oct_tagged/tl3_oct25/102RECNX","RCNX0008.JPG","Snowshoe hare",4,NA,"Species|Snowshoe hare"
"tl3","Snowshoe hare",2025-07-02 01:10:49,2025-07-02,"01:10:49",4527,75.4,1.3,0.1,"E:/tenquille_oct_tagged/tl3_oct25/102RECNX","RCNX0012.JPG","Snowshoe hare",1,NA,"Species|Snowshoe hare"
"tl3","Snowshoe hare",2025-07-02 01:28:45,2025-07-02,"01:28:45",1076,17.9,0.3,0,"E:/tenquille_oct_tagged/tl3_oct25/102RECNX","RCNX0013.JPG","Snowshoe hare",14,NA,"Species|Snowshoe hare"
"tl3","Snowshoe hare",2025-07-02 23:00:45,2025-07-02,"23:00:45",77334,1288.9,21.5,0.9,"E:/tenquille_oct_tagged/tl3_oct25/102RECNX","RCNX0027.JPG","Snowshoe hare",1,NA,"Species|Snowshoe hare"
"tl3","Snowshoe hare",2025-07-30 22:30:28,2025-07-30,"22:30:28",2417383,40289.7,671.5,28,"E:/tenquille_oct_tagged/tl3_oct25/102RECNX","RCNX0040.JPG","Snowshoe hare",1,NA,"Species|Snowshoe hare"
"tl3","Snowshoe hare",2025-08-02 21:39:36,2025-08-02,"21:39:36",256148,4269.1,71.2,3,"E:/tenquille_oct_tagged/tl3_oct25/102RECNX","RCNX0082.JPG","Snowshoe hare",2,NA,"Species|Snowshoe hare"
"tl3","Snowshoe hare",2025-08-18 22:30:17,2025-08-18,"22:30:17",1385438,23090.6,384.8,16,"E:/tenquille_oct_tagged/tl3_oct25/102RECNX","RCNX0084.JPG","Snowshoe hare",5,NA,"Species|Snowshoe hare"
"tl3","Snowshoe hare",2025-08-19 01:00:54,2025-08-19,"01:00:54",9028,150.5,2.5,0.1,"E:/tenquille_oct_tagged/tl3_oct25/102RECNX","RCNX0089.JPG","Snowshoe hare",3,NA,"Species|Snowshoe hare"
"tl3","Snowshoe hare",2025-08-19 20:59:44,2025-08-19,"20:59:44",71921,1198.7,20,0.8,"E:/tenquille_oct_tagged/tl3_oct25/102RECNX","RCNX0092.JPG","Snowshoe hare",2,NA,"Species|Snowshoe hare"
"tl3","Snowshoe hare",2025-08-19 22:03:58,2025-08-19,"22:03:58",3849,64.2,1.1,0,"E:/tenquille_oct_tagged/tl3_oct25/102RECNX","RCNX0094.JPG","Snowshoe hare",1,NA,"Species|Snowshoe hare"
"tl3","Snowshoe hare",2025-08-21 22:25:40,2025-08-21,"22:25:40",174102,2901.7,48.4,2,"E:/tenquille_oct_tagged/tl3_oct25/102RECNX","RCNX0156.JPG","Snowshoe hare",11,NA,"Species|Snowshoe hare"
"tl3","Snowshoe hare",2025-08-21 22:39:36,2025-08-21,"22:39:36",789,13.2,0.2,0,"E:/tenquille_oct_tagged/tl3_oct25/102RECNX","RCNX0167.JPG","Snowshoe hare",1,NA,"Species|Snowshoe hare"
"tl3","Snowshoe hare",2025-08-22 03:03:47,2025-08-22,"03:03:47",15851,264.2,4.4,0.2,"E:/tenquille_oct_tagged/tl3_oct25/102RECNX","RCNX0168.JPG","Snowshoe hare",3,NA,"Species|Snowshoe hare"
"tl3","Snowshoe hare",2025-09-02 23:28:36,2025-09-02,"23:28:36",1023885,17064.8,284.4,11.8,"E:/tenquille_oct_tagged/tl3_oct25/102RECNX","RCNX0180.JPG","Snowshoe hare",4,NA,"Species|Snowshoe hare"
"tl3","Snowshoe hare",2025-09-03 01:33:33,2025-09-03,"01:33:33",7480,124.7,2.1,0.1,"E:/tenquille_oct_tagged/tl3_oct25/102RECNX","RCNX0184.JPG","Snowshoe hare",7,NA,"Species|Snowshoe hare"
"tl3","Snowshoe hare",2025-09-03 01:41:43,2025-09-03,"01:41:43",464,7.7,0.1,0,"E:/tenquille_oct_tagged/tl3_oct25/102RECNX","RCNX0191.JPG","Snowshoe hare",2,NA,"Species|Snowshoe hare"
"tl3","Snowshoe hare",2025-09-03 01:59:35,2025-09-03,"01:59:35",1069,17.8,0.3,0,"E:/tenquille_oct_tagged/tl3_oct25/102RECNX","RCNX0193.JPG","Snowshoe hare",7,NA,"Species|Snowshoe hare"
"tl3","Snowshoe hare",2025-09-03 02:08:38,2025-09-03,"02:08:38",345,5.8,0.1,0,"E:/tenquille_oct_tagged/tl3_oct25/102RECNX","RCNX0200.JPG","Snowshoe hare",5,NA,"Species|Snowshoe hare"
"tl3","Snowshoe hare",2025-09-03 03:31:50,2025-09-03,"03:31:50",4976,82.9,1.4,0.1,"E:/tenquille_oct_tagged/tl3_oct25/102RECNX","RCNX0205.JPG","Snowshoe hare",5,NA,"Species|Snowshoe hare"
"tl3","Snowshoe hare",2025-09-12 00:06:12,2025-09-12,"00:06:12",765245,12754.1,212.6,8.9,"E:/tenquille_oct_tagged/tl3_oct25/102RECNX","RCNX0217.JPG","Snowshoe hare",1,NA,"Species|Snowshoe hare"
"tl3","Unknown",2025-10-20 15:52:50,2025-10-20,"15:52:50",0,0,0,0,"E:/tenquille_oct_tagged/tl3_oct25/102RECNX","RCNX0277.JPG","Unknown",1,NA,"Species|Unknown"
"tl4","Bird",2025-09-25 11:13:44,2025-09-25,"11:13:44",0,0,0,0,"E:/tenquille_oct_tagged/tl4_oct25/102RECNX","RCNX0219.JPG","Bird",1,NA,"Species|Bird"
"tl4","Black bear",2025-06-23 21:05:46,2025-06-23,"21:05:46",0,0,0,0,"E:/tenquille_oct_tagged/tl4_oct25/102RECNX","RCNX0014.JPG","Black bear",3,NA,"Species|Black bear"
"tl4","Black bear",2025-07-01 22:21:27,2025-07-01,"22:21:27",695736,11595.6,193.3,8.1,"E:/tenquille_oct_tagged/tl4_oct25/102RECNX","RCNX0023.JPG","Black bear",3,NA,"Species|Black bear"
"tl4","Black bear",2025-07-10 09:27:05,2025-07-10,"09:27:05",731133,12185.5,203.1,8.5,"E:/tenquille_oct_tagged/tl4_oct25/102RECNX","RCNX0042.JPG","Black bear",11,NA,"Species|Black bear"
"tl4","Bobcat",2025-07-17 18:04:33,2025-07-17,"18:04:33",0,0,0,0,"E:/tenquille_oct_tagged/tl4_oct25/102RECNX","RCNX0078.JPG","Bobcat",2,NA,"Species|Bobcat"
"tl4","Bobcat",2025-07-28 08:18:10,2025-07-28,"08:18:10",915215,15253.6,254.2,10.6,"E:/tenquille_oct_tagged/tl4_oct25/102RECNX","RCNX0096.JPG","Bobcat",4,NA,"Species|Bobcat"
"tl4","Bobcat",2025-09-30 18:29:40,2025-09-30,"18:29:40",5566283,92771.4,1546.2,64.4,"E:/tenquille_oct_tagged/tl4_oct25/102RECNX","RCNX0220.JPG","Bobcat",3,NA,"Species|Bobcat"
"tl4","Bobcat",2025-10-17 04:33:38,2025-10-17,"04:33:38",1418633,23643.9,394.1,16.4,"E:/tenquille_oct_tagged/tl4_oct25/102RECNX","RCNX0340.JPG","Bobcat",3,NA,"Species|Bobcat"
"tl4","Bobcat",2025-10-21 00:19:42,2025-10-21,"00:19:42",330358,5506,91.8,3.8,"E:/tenquille_oct_tagged/tl4_oct25/102RECNX","RCNX0354.JPG","Bobcat",2,NA,"Species|Bobcat"
"tl4","Coyote",2025-08-19 20:31:33,2025-08-19,"20:31:33",0,0,0,0,"E:/tenquille_oct_tagged/tl4_oct25/102RECNX","RCNX0157.JPG","Coyote",2,NA,"Species|Coyote"
"tl4","Douglas squirrel",2025-06-22 16:25:33,2025-06-22,"16:25:33",0,0,0,0,"E:/tenquille_oct_tagged/tl4_oct25/102RECNX","RCNX0013.JPG","Douglas squirrel",1,NA,"Species|Douglas squirrel"
"tl4","Mule deer",2025-08-09 12:36:18,2025-08-09,"12:36:18",0,0,0,0,"E:/tenquille_oct_tagged/tl4_oct25/102RECNX","RCNX0114.JPG","Mule deer",4,NA,"Species|Mule deer"
"tl4","Mule deer",2025-08-16 14:09:37,2025-08-16,"14:09:37",610391,10173.2,169.6,7.1,"E:/tenquille_oct_tagged/tl4_oct25/102RECNX","RCNX0129.JPG","Mule deer",14,NA,"Species|Mule deer"
"tl4","Mule deer",2025-08-17 02:03:42,2025-08-17,"02:03:42",42797,713.3,11.9,0.5,"E:/tenquille_oct_tagged/tl4_oct25/102RECNX","RCNX0143.JPG","Mule deer",6,NA,"Species|Mule deer"
"tl4","Mule deer",2025-08-17 02:09:39,2025-08-17,"02:09:39",343,5.7,0.1,0,"E:/tenquille_oct_tagged/tl4_oct25/102RECNX","RCNX0149.JPG","Mule deer",4,NA,"Species|Mule deer"
"tl4","Mule deer",2025-08-20 21:07:10,2025-08-20,"21:07:10",327444,5457.4,91,3.8,"E:/tenquille_oct_tagged/tl4_oct25/102RECNX","RCNX0159.JPG","Mule deer",6,NA,"Species|Mule deer"
"tl4","Mule deer",2025-10-02 08:16:44,2025-10-02,"08:16:44",3668961,61149.3,1019.2,42.5,"E:/tenquille_oct_tagged/tl4_oct25/102RECNX","RCNX0223.JPG","Mule deer",3,NA,"Species|Mule deer"
"tl4","Mule deer",2025-10-04 03:03:29,2025-10-04,"03:03:29",154000,2566.7,42.8,1.8,"E:/tenquille_oct_tagged/tl4_oct25/102RECNX","RCNX0227.JPG","Mule deer",14,NA,"Species|Mule deer"
"tl4","Mule deer",2025-10-06 18:44:33,2025-10-06,"18:44:33",229220,3820.3,63.7,2.7,"E:/tenquille_oct_tagged/tl4_oct25/102RECNX","RCNX0244.JPG","Mule deer",4,NA,"Species|Mule deer"
"tl4","Mule deer",2025-10-07 11:16:17,2025-10-07,"11:16:17",59492,991.5,16.5,0.7,"E:/tenquille_oct_tagged/tl4_oct25/102RECNX","RCNX0248.JPG","Mule deer",6,NA,"Species|Mule deer"
"tl4","Mule deer",2025-10-08 10:46:50,2025-10-08,"10:46:50",84622,1410.4,23.5,1,"E:/tenquille_oct_tagged/tl4_oct25/102RECNX","RCNX0256.JPG","Mule deer",16,NA,"Species|Mule deer"
"tl4","Mule deer",2025-10-09 09:01:58,2025-10-09,"09:01:58",80066,1334.4,22.2,0.9,"E:/tenquille_oct_tagged/tl4_oct25/102RECNX","RCNX0272.JPG","Mule deer",6,NA,"Species|Mule deer"
"tl4","Mule deer",2025-10-11 07:41:32,2025-10-11,"07:41:32",167961,2799.3,46.7,1.9,"E:/tenquille_oct_tagged/tl4_oct25/102RECNX","RCNX0280.JPG","Mule deer",11,NA,"Species|Mule deer"
"tl4","Mule deer",2025-10-12 18:47:32,2025-10-12,"18:47:32",126330,2105.5,35.1,1.5,"E:/tenquille_oct_tagged/tl4_oct25/102RECNX","RCNX0293.JPG","Mule deer",2,NA,"Species|Mule deer"
"tl4","Mule deer",2025-10-13 04:24:52,2025-10-13,"04:24:52",34637,577.3,9.6,0.4,"E:/tenquille_oct_tagged/tl4_oct25/102RECNX","RCNX0297.JPG","Mule deer",5,NA,"Species|Mule deer"
"tl4","Mule deer",2025-10-13 21:57:03,2025-10-13,"21:57:03",63122,1052,17.5,0.7,"E:/tenquille_oct_tagged/tl4_oct25/102RECNX","RCNX0305.JPG","Mule deer",13,NA,"Species|Mule deer"
"tl4","Mule deer",2025-10-15 10:06:50,2025-10-15,"10:06:50",130151,2169.2,36.2,1.5,"E:/tenquille_oct_tagged/tl4_oct25/102RECNX","RCNX0318.JPG","Mule deer",14,NA,"Species|Mule deer"
"tl4","Mule deer",2025-10-16 08:19:36,2025-10-16,"08:19:36",79932,1332.2,22.2,0.9,"E:/tenquille_oct_tagged/tl4_oct25/102RECNX","RCNX0332.JPG","Mule deer",8,NA,"Species|Mule deer"
"tl4","Mule deer",2025-10-18 09:39:38,2025-10-18,"09:39:38",177586,2959.8,49.3,2.1,"E:/tenquille_oct_tagged/tl4_oct25/102RECNX","RCNX0345.JPG","Mule deer",2,NA,"Species|Mule deer"
"tl4","Mule deer",2025-10-19 09:29:07,2025-10-19,"09:29:07",85767,1429.4,23.8,1,"E:/tenquille_oct_tagged/tl4_oct25/102RECNX","RCNX0347.JPG","Mule deer",3,NA,"Species|Mule deer"
"tl4","Mule deer",2025-10-20 06:01:20,2025-10-20,"06:01:20",73915,1231.9,20.5,0.9,"E:/tenquille_oct_tagged/tl4_oct25/102RECNX","RCNX0350.JPG","Mule deer",4,NA,"Species|Mule deer"
"tl4","Mule deer",2025-10-21 08:22:01,2025-10-21,"08:22:01",94834,1580.6,26.3,1.1,"E:/tenquille_oct_tagged/tl4_oct25/102RECNX","RCNX0356.JPG","Mule deer",21,NA,"Species|Mule deer"
"tl4","Mule deer",2025-10-21 12:48:49,2025-10-21,"12:48:49",15954,265.9,4.4,0.2,"E:/tenquille_oct_tagged/tl4_oct25/102RECNX","RCNX0377.JPG","Mule deer",3,NA,"Species|Mule deer"
"tl4","Mule deer",2025-10-21 14:18:12,2025-10-21,"14:18:12",5359,89.3,1.5,0.1,"E:/tenquille_oct_tagged/tl4_oct25/102RECNX","RCNX0380.JPG","Mule deer",9,NA,"Species|Mule deer"
"tl4","Mule deer",2025-10-21 15:50:12,2025-10-21,"15:50:12",5491,91.5,1.5,0.1,"E:/tenquille_oct_tagged/tl4_oct25/102RECNX","RCNX0389.JPG","Mule deer",58,NA,"Species|Mule deer"
"tl4","Mule deer",2025-10-22 16:41:27,2025-10-22,"16:41:27",88874,1481.2,24.7,1,"E:/tenquille_oct_tagged/tl4_oct25/102RECNX","RCNX0447.JPG","Mule deer",4,NA,"Species|Mule deer"
"tl4","Mule deer",2025-10-24 12:44:41,2025-10-24,"12:44:41",158578,2643,44,1.8,"E:/tenquille_oct_tagged/tl4_oct25/102RECNX","RCNX0451.JPG","Mule deer",1,NA,"Species|Mule deer"
"tl4","Nothing",2025-09-02 00:37:08,2025-09-02,"00:37:08",0,0,0,0,"E:/tenquille_oct_tagged/tl4_oct25/102RECNX","RCNX0190.JPG","Nothing",1,NA,"Species|Nothing"
"tl4","Nothing",2025-09-02 23:30:51,2025-09-02,"23:30:51",82423,1373.7,22.9,1,"E:/tenquille_oct_tagged/tl4_oct25/102RECNX","RCNX0191.JPG","Nothing",1,NA,"Species|Nothing"
"tl4","Nothing",2025-09-03 00:54:48,2025-09-03,"00:54:48",5037,84,1.4,0.1,"E:/tenquille_oct_tagged/tl4_oct25/102RECNX","RCNX0192.JPG","Nothing",1,NA,"Species|Nothing"
"tl4","Nothing",2025-10-11 16:54:05,2025-10-11,"16:54:05",3340757,55679.3,928,38.7,"E:/tenquille_oct_tagged/tl4_oct25/102RECNX","RCNX0291.JPG","Nothing",1,NA,"Species|Nothing"
"tl4","Nothing",2025-10-12 06:37:42,2025-10-12,"06:37:42",49417,823.6,13.7,0.6,"E:/tenquille_oct_tagged/tl4_oct25/102RECNX","RCNX0292.JPG","Nothing",1,NA,"Species|Nothing"
"tl4","Nothing",2025-10-18 09:15:50,2025-10-18,"09:15:50",527888,8798.1,146.6,6.1,"E:/tenquille_oct_tagged/tl4_oct25/102RECNX","RCNX0343.JPG","Nothing",2,NA,"Species|Nothing"
"tl4","People",2025-06-16 09:15:24,2025-06-16,"09:15:24",0,0,0,0,"E:/tenquille_oct_tagged/tl4_oct25/100RECNX","RCNX0001.JPG","People",38,NA,"Species|People"
"tl4","People",2025-10-24 12:44:44,2025-10-24,"12:44:44",11244132,187402.2,3123.4,130.1,"E:/tenquille_oct_tagged/tl4_oct25/102RECNX","RCNX0452.JPG","People",23,NA,"Species|People"
"tl4","Snowshoe hare",2025-06-21 20:10:43,2025-06-21,"20:10:43",0,0,0,0,"E:/tenquille_oct_tagged/tl4_oct25/102RECNX","RCNX0012.JPG","Snowshoe hare",1,NA,"Species|Snowshoe hare"
"tl4","Snowshoe hare",2025-06-26 01:25:36,2025-06-26,"01:25:36",364493,6074.9,101.2,4.2,"E:/tenquille_oct_tagged/tl4_oct25/102RECNX","RCNX0017.JPG","Snowshoe hare",2,NA,"Species|Snowshoe hare"
"tl4","Snowshoe hare",2025-06-26 22:50:34,2025-06-26,"22:50:34",77095,1284.9,21.4,0.9,"E:/tenquille_oct_tagged/tl4_oct25/102RECNX","RCNX0019.JPG","Snowshoe hare",1,NA,"Species|Snowshoe hare"
"tl4","Snowshoe hare",2025-06-27 23:49:22,2025-06-27,"23:49:22",89928,1498.8,25,1,"E:/tenquille_oct_tagged/tl4_oct25/102RECNX","RCNX0020.JPG","Snowshoe hare",2,NA,"Species|Snowshoe hare"
"tl4","Snowshoe hare",2025-06-28 23:01:20,2025-06-28,"23:01:20",83510,1391.8,23.2,1,"E:/tenquille_oct_tagged/tl4_oct25/102RECNX","RCNX0022.JPG","Snowshoe hare",1,NA,"Species|Snowshoe hare"
"tl4","Snowshoe hare",2025-07-01 23:02:02,2025-07-01,"23:02:02",259242,4320.7,72,3,"E:/tenquille_oct_tagged/tl4_oct25/102RECNX","RCNX0026.JPG","Snowshoe hare",2,NA,"Species|Snowshoe hare"
"tl4","Snowshoe hare",2025-07-02 01:59:45,2025-07-02,"01:59:45",10659,177.7,3,0.1,"E:/tenquille_oct_tagged/tl4_oct25/102RECNX","RCNX0028.JPG","Snowshoe hare",2,NA,"Species|Snowshoe hare"
"tl4","Snowshoe hare",2025-07-02 22:37:41,2025-07-02,"22:37:41",74273,1237.9,20.6,0.9,"E:/tenquille_oct_tagged/tl4_oct25/102RECNX","RCNX0030.JPG","Snowshoe hare",2,NA,"Species|Snowshoe hare"
"tl4","Snowshoe hare",2025-07-02 23:09:20,2025-07-02,"23:09:20",1895,31.6,0.5,0,"E:/tenquille_oct_tagged/tl4_oct25/102RECNX","RCNX0032.JPG","Snowshoe hare",1,NA,"Species|Snowshoe hare"
"tl4","Snowshoe hare",2025-07-03 22:42:05,2025-07-03,"22:42:05",84765,1412.8,23.5,1,"E:/tenquille_oct_tagged/tl4_oct25/102RECNX","RCNX0033.JPG","Snowshoe hare",1,NA,"Species|Snowshoe hare"
"tl4","Snowshoe hare",2025-07-04 23:00:46,2025-07-04,"23:00:46",87521,1458.7,24.3,1,"E:/tenquille_oct_tagged/tl4_oct25/102RECNX","RCNX0034.JPG","Snowshoe hare",3,NA,"Species|Snowshoe hare"
"tl4","Snowshoe hare",2025-07-06 01:26:48,2025-07-06,"01:26:48",95154,1585.9,26.4,1.1,"E:/tenquille_oct_tagged/tl4_oct25/102RECNX","RCNX0037.JPG","Snowshoe hare",2,NA,"Species|Snowshoe hare"
"tl4","Snowshoe hare",2025-07-07 22:35:17,2025-07-07,"22:35:17",162505,2708.4,45.1,1.9,"E:/tenquille_oct_tagged/tl4_oct25/102RECNX","RCNX0039.JPG","Snowshoe hare",1,NA,"Species|Snowshoe hare"
"tl4","Snowshoe hare",2025-07-08 22:39:34,2025-07-08,"22:39:34",86657,1444.3,24.1,1,"E:/tenquille_oct_tagged/tl4_oct25/102RECNX","RCNX0040.JPG","Snowshoe hare",1,NA,"Species|Snowshoe hare"
"tl4","Snowshoe hare",2025-07-09 22:35:39,2025-07-09,"22:35:39",86165,1436.1,23.9,1,"E:/tenquille_oct_tagged/tl4_oct25/102RECNX","RCNX0041.JPG","Snowshoe hare",1,NA,"Species|Snowshoe hare"
"tl4","Snowshoe hare",2025-07-11 01:59:30,2025-07-11,"01:59:30",98631,1643.8,27.4,1.1,"E:/tenquille_oct_tagged/tl4_oct25/102RECNX","RCNX0053.JPG","Snowshoe hare",3,NA,"Species|Snowshoe hare"
"tl4","Snowshoe hare",2025-07-11 23:15:03,2025-07-11,"23:15:03",76502,1275,21.2,0.9,"E:/tenquille_oct_tagged/tl4_oct25/102RECNX","RCNX0056.JPG","Snowshoe hare",3,NA,"Species|Snowshoe hare"
"tl4","Snowshoe hare",2025-07-13 01:24:15,2025-07-13,"01:24:15",94141,1569,26.1,1.1,"E:/tenquille_oct_tagged/tl4_oct25/102RECNX","RCNX0059.JPG","Snowshoe hare",3,NA,"Species|Snowshoe hare"
"tl4","Snowshoe hare",2025-07-13 02:38:34,2025-07-13,"02:38:34",4454,74.2,1.2,0,"E:/tenquille_oct_tagged/tl4_oct25/102RECNX","RCNX0062.JPG","Snowshoe hare",1,NA,"Species|Snowshoe hare"
"tl4","Snowshoe hare",2025-07-13 22:51:40,2025-07-13,"22:51:40",72786,1213.1,20.2,0.8,"E:/tenquille_oct_tagged/tl4_oct25/102RECNX","RCNX0063.JPG","Snowshoe hare",1,NA,"Species|Snowshoe hare"
"tl4","Snowshoe hare",2025-07-13 23:32:34,2025-07-13,"23:32:34",2454,40.9,0.7,0,"E:/tenquille_oct_tagged/tl4_oct25/102RECNX","RCNX0064.JPG","Snowshoe hare",3,NA,"Species|Snowshoe hare"
"tl4","Snowshoe hare",2025-07-14 00:45:52,2025-07-14,"00:45:52",4394,73.2,1.2,0,"E:/tenquille_oct_tagged/tl4_oct25/102RECNX","RCNX0067.JPG","Snowshoe hare",2,NA,"Species|Snowshoe hare"
"tl4","Snowshoe hare",2025-07-14 03:13:29,2025-07-14,"03:13:29",8854,147.6,2.5,0.1,"E:/tenquille_oct_tagged/tl4_oct25/102RECNX","RCNX0069.JPG","Snowshoe hare",2,NA,"Species|Snowshoe hare"
"tl4","Snowshoe hare",2025-07-14 23:42:01,2025-07-14,"23:42:01",73709,1228.5,20.5,0.9,"E:/tenquille_oct_tagged/tl4_oct25/102RECNX","RCNX0071.JPG","Snowshoe hare",2,NA,"Species|Snowshoe hare"
"tl4","Snowshoe hare",2025-07-15 22:47:29,2025-07-15,"22:47:29",83124,1385.4,23.1,1,"E:/tenquille_oct_tagged/tl4_oct25/102RECNX","RCNX0073.JPG","Snowshoe hare",2,NA,"Species|Snowshoe hare"
"tl4","Snowshoe hare",2025-07-16 23:31:07,2025-07-16,"23:31:07",89009,1483.5,24.7,1,"E:/tenquille_oct_tagged/tl4_oct25/102RECNX","RCNX0075.JPG","Snowshoe hare",2,NA,"Species|Snowshoe hare"
"tl4","Snowshoe hare",2025-07-17 05:03:31,2025-07-17,"05:03:31",19940,332.3,5.5,0.2,"E:/tenquille_oct_tagged/tl4_oct25/102RECNX","RCNX0077.JPG","Snowshoe hare",1,NA,"Species|Snowshoe hare"
"tl4","Snowshoe hare",2025-07-17 23:42:49,2025-07-17,"23:42:49",67158,1119.3,18.7,0.8,"E:/tenquille_oct_tagged/tl4_oct25/102RECNX","RCNX0080.JPG","Snowshoe hare",5,NA,"Species|Snowshoe hare"
"tl4","Snowshoe hare",2025-07-21 00:33:08,2025-07-21,"00:33:08",262106,4368.4,72.8,3,"E:/tenquille_oct_tagged/tl4_oct25/102RECNX","RCNX0085.JPG","Snowshoe hare",3,NA,"Species|Snowshoe hare"
"tl4","Snowshoe hare",2025-07-23 23:18:43,2025-07-23,"23:18:43",254727,4245.4,70.8,2.9,"E:/tenquille_oct_tagged/tl4_oct25/102RECNX","RCNX0088.JPG","Snowshoe hare",2,NA,"Species|Snowshoe hare"
"tl4","Snowshoe hare",2025-07-25 01:47:38,2025-07-25,"01:47:38",95327,1588.8,26.5,1.1,"E:/tenquille_oct_tagged/tl4_oct25/102RECNX","RCNX0090.JPG","Snowshoe hare",1,NA,"Species|Snowshoe hare"
"tl4","Snowshoe hare",2025-07-25 03:09:29,2025-07-25,"03:09:29",4911,81.8,1.4,0.1,"E:/tenquille_oct_tagged/tl4_oct25/102RECNX","RCNX0091.JPG","Snowshoe hare",1,NA,"Species|Snowshoe hare"
"tl4","Snowshoe hare",2025-07-26 23:28:37,2025-07-26,"23:28:37",159548,2659.1,44.3,1.8,"E:/tenquille_oct_tagged/tl4_oct25/102RECNX","RCNX0092.JPG","Snowshoe hare",2,NA,"Species|Snowshoe hare"
"tl4","Snowshoe hare",2025-07-26 23:51:30,2025-07-26,"23:51:30",1367,22.8,0.4,0,"E:/tenquille_oct_tagged/tl4_oct25/102RECNX","RCNX0094.JPG","Snowshoe hare",2,NA,"Species|Snowshoe hare"
"tl4","Snowshoe hare",2025-07-28 22:46:31,2025-07-28,"22:46:31",168898,2815,46.9,2,"E:/tenquille_oct_tagged/tl4_oct25/102RECNX","RCNX0100.JPG","Snowshoe hare",3,NA,"Species|Snowshoe hare"
"tl4","Snowshoe hare",2025-07-30 01:34:26,2025-07-30,"01:34:26",96465,1607.8,26.8,1.1,"E:/tenquille_oct_tagged/tl4_oct25/102RECNX","RCNX0103.JPG","Snowshoe hare",2,NA,"Species|Snowshoe hare"
"tl4","Snowshoe hare",2025-08-02 01:35:47,2025-08-02,"01:35:47",259277,4321.3,72,3,"E:/tenquille_oct_tagged/tl4_oct25/102RECNX","RCNX0105.JPG","Snowshoe hare",1,NA,"Species|Snowshoe hare"
"tl4","Snowshoe hare",2025-08-02 03:41:49,2025-08-02,"03:41:49",7562,126,2.1,0.1,"E:/tenquille_oct_tagged/tl4_oct25/102RECNX","RCNX0106.JPG","Snowshoe hare",1,NA,"Species|Snowshoe hare"
"tl4","Snowshoe hare",2025-08-02 04:50:26,2025-08-02,"04:50:26",4117,68.6,1.1,0,"E:/tenquille_oct_tagged/tl4_oct25/102RECNX","RCNX0107.JPG","Snowshoe hare",3,NA,"Species|Snowshoe hare"
"tl4","Snowshoe hare",2025-08-06 23:14:11,2025-08-06,"23:14:11",411810,6863.5,114.4,4.8,"E:/tenquille_oct_tagged/tl4_oct25/102RECNX","RCNX0110.JPG","Snowshoe hare",3,NA,"Species|Snowshoe hare"
"tl4","Snowshoe hare",2025-08-10 23:55:51,2025-08-10,"23:55:51",348094,5801.6,96.7,4,"E:/tenquille_oct_tagged/tl4_oct25/102RECNX","RCNX0119.JPG","Snowshoe hare",2,NA,"Species|Snowshoe hare"
"tl4","Snowshoe hare",2025-08-11 23:31:25,2025-08-11,"23:31:25",84704,1411.7,23.5,1,"E:/tenquille_oct_tagged/tl4_oct25/102RECNX","RCNX0121.JPG","Snowshoe hare",4,NA,"Species|Snowshoe hare"
"tl4","Snowshoe hare",2025-08-12 21:02:13,2025-08-12,"21:02:13",77433,1290.6,21.5,0.9,"E:/tenquille_oct_tagged/tl4_oct25/102RECNX","RCNX0125.JPG","Snowshoe hare",1,NA,"Species|Snowshoe hare"
"tl4","Snowshoe hare",2025-08-15 21:01:25,2025-08-15,"21:01:25",259152,4319.2,72,3,"E:/tenquille_oct_tagged/tl4_oct25/102RECNX","RCNX0126.JPG","Snowshoe hare",1,NA,"Species|Snowshoe hare"
"tl4","Snowshoe hare",2025-08-15 22:17:21,2025-08-15,"22:17:21",4556,75.9,1.3,0.1,"E:/tenquille_oct_tagged/tl4_oct25/102RECNX","RCNX0127.JPG","Snowshoe hare",2,NA,"Species|Snowshoe hare"
"tl4","Snowshoe hare",2025-08-17 22:39:34,2025-08-17,"22:39:34",174127,2902.1,48.4,2,"E:/tenquille_oct_tagged/tl4_oct25/102RECNX","RCNX0154.JPG","Snowshoe hare",1,NA,"Species|Snowshoe hare"
"tl4","Snowshoe hare",2025-08-18 23:08:03,2025-08-18,"23:08:03",88109,1468.5,24.5,1,"E:/tenquille_oct_tagged/tl4_oct25/102RECNX","RCNX0155.JPG","Snowshoe hare",2,NA,"Species|Snowshoe hare"
"tl4","Snowshoe hare",2025-08-20 22:30:54,2025-08-20,"22:30:54",170569,2842.8,47.4,2,"E:/tenquille_oct_tagged/tl4_oct25/102RECNX","RCNX0165.JPG","Snowshoe hare",3,NA,"Species|Snowshoe hare"
"tl4","Snowshoe hare",2025-08-21 21:08:11,2025-08-21,"21:08:11",81369,1356.2,22.6,0.9,"E:/tenquille_oct_tagged/tl4_oct25/102RECNX","RCNX0168.JPG","Snowshoe hare",3,NA,"Species|Snowshoe hare"
"tl4","Snowshoe hare",2025-08-21 21:16:04,2025-08-21,"21:16:04",466,7.8,0.1,0,"E:/tenquille_oct_tagged/tl4_oct25/102RECNX","RCNX0171.JPG","Snowshoe hare",1,NA,"Species|Snowshoe hare"
"tl4","Snowshoe hare",2025-08-24 01:47:36,2025-08-24,"01:47:36",189092,3151.5,52.5,2.2,"E:/tenquille_oct_tagged/tl4_oct25/102RECNX","RCNX0172.JPG","Snowshoe hare",2,NA,"Species|Snowshoe hare"
"tl4","Snowshoe hare",2025-08-24 22:41:27,2025-08-24,"22:41:27",75219,1253.7,20.9,0.9,"E:/tenquille_oct_tagged/tl4_oct25/102RECNX","RCNX0174.JPG","Snowshoe hare",2,NA,"Species|Snowshoe hare"
"tl4","Snowshoe hare",2025-08-26 01:11:42,2025-08-26,"01:11:42",95413,1590.2,26.5,1.1,"E:/tenquille_oct_tagged/tl4_oct25/102RECNX","RCNX0176.JPG","Snowshoe hare",3,NA,"Species|Snowshoe hare"
"tl4","Snowshoe hare",2025-08-29 22:32:16,2025-08-29,"22:32:16",336016,5600.3,93.3,3.9,"E:/tenquille_oct_tagged/tl4_oct25/102RECNX","RCNX0179.JPG","Snowshoe hare",3,NA,"Species|Snowshoe hare"
"tl4","Snowshoe hare",2025-08-29 23:05:20,2025-08-29,"23:05:20",1965,32.8,0.5,0,"E:/tenquille_oct_tagged/tl4_oct25/102RECNX","RCNX0182.JPG","Snowshoe hare",6,NA,"Species|Snowshoe hare"
"tl4","Snowshoe hare",2025-09-01 23:57:20,2025-09-01,"23:57:20",262283,4371.4,72.9,3,"E:/tenquille_oct_tagged/tl4_oct25/102RECNX","RCNX0188.JPG","Snowshoe hare",1,NA,"Species|Snowshoe hare"
"tl4","Snowshoe hare",2025-09-02 00:06:31,2025-09-02,"00:06:31",551,9.2,0.2,0,"E:/tenquille_oct_tagged/tl4_oct25/102RECNX","RCNX0189.JPG","Snowshoe hare",1,NA,"Species|Snowshoe hare"
"tl4","Snowshoe hare",2025-09-07 22:23:41,2025-09-07,"22:23:41",512230,8537.2,142.3,5.9,"E:/tenquille_oct_tagged/tl4_oct25/102RECNX","RCNX0193.JPG","Snowshoe hare",3,NA,"Species|Snowshoe hare"
"tl4","Snowshoe hare",2025-09-08 02:09:56,2025-09-08,"02:09:56",13523,225.4,3.8,0.2,"E:/tenquille_oct_tagged/tl4_oct25/102RECNX","RCNX0196.JPG","Snowshoe hare",3,NA,"Species|Snowshoe hare"
"tl4","Snowshoe hare",2025-09-10 00:19:07,2025-09-10,"00:19:07",165929,2765.5,46.1,1.9,"E:/tenquille_oct_tagged/tl4_oct25/102RECNX","RCNX0199.JPG","Snowshoe hare",2,NA,"Species|Snowshoe hare"
"tl4","Snowshoe hare",2025-09-10 21:49:15,2025-09-10,"21:49:15",77404,1290.1,21.5,0.9,"E:/tenquille_oct_tagged/tl4_oct25/102RECNX","RCNX0201.JPG","Snowshoe hare",2,NA,"Species|Snowshoe hare"
"tl4","Snowshoe hare",2025-09-12 19:56:56,2025-09-12,"19:56:56",166056,2767.6,46.1,1.9,"E:/tenquille_oct_tagged/tl4_oct25/102RECNX","RCNX0203.JPG","Snowshoe hare",1,NA,"Species|Snowshoe hare"
"tl4","Snowshoe hare",2025-09-14 00:48:24,2025-09-14,"00:48:24",103888,1731.5,28.9,1.2,"E:/tenquille_oct_tagged/tl4_oct25/102RECNX","RCNX0204.JPG","Snowshoe hare",1,NA,"Species|Snowshoe hare"
"tl4","Snowshoe hare",2025-09-18 00:50:12,2025-09-18,"00:50:12",345708,5761.8,96,4,"E:/tenquille_oct_tagged/tl4_oct25/102RECNX","RCNX0207.JPG","Snowshoe hare",5,NA,"Species|Snowshoe hare"
"tl4","Snowshoe hare",2025-09-18 00:59:17,2025-09-18,"00:59:17",518,8.6,0.1,0,"E:/tenquille_oct_tagged/tl4_oct25/102RECNX","RCNX0212.JPG","Snowshoe hare",1,NA,"Species|Snowshoe hare"
"tl4","Snowshoe hare",2025-09-18 02:41:46,2025-09-18,"02:41:46",6149,102.5,1.7,0.1,"E:/tenquille_oct_tagged/tl4_oct25/102RECNX","RCNX0213.JPG","Snowshoe hare",1,NA,"Species|Snowshoe hare"
"tl4","Snowshoe hare",2025-09-19 20:35:53,2025-09-19,"20:35:53",150847,2514.1,41.9,1.7,"E:/tenquille_oct_tagged/tl4_oct25/102RECNX","RCNX0214.JPG","Snowshoe hare",1,NA,"Species|Snowshoe hare"
"tl4","Snowshoe hare",2025-09-20 23:21:06,2025-09-20,"23:21:06",96313,1605.2,26.8,1.1,"E:/tenquille_oct_tagged/tl4_oct25/102RECNX","RCNX0215.JPG","Snowshoe hare",3,NA,"Species|Snowshoe hare"
"tl4","Snowshoe hare",2025-09-23 03:21:29,2025-09-23,"03:21:29",187216,3120.3,52,2.2,"E:/tenquille_oct_tagged/tl4_oct25/102RECNX","RCNX0218.JPG","Snowshoe hare",1,NA,"Species|Snowshoe hare"
"tl4","Snowshoe hare",2025-10-03 22:40:30,2025-10-03,"22:40:30",933541,15559,259.3,10.8,"E:/tenquille_oct_tagged/tl4_oct25/102RECNX","RCNX0226.JPG","Snowshoe hare",1,NA,"Species|Snowshoe hare"
"tl4","Snowshoe hare",2025-10-04 21:53:23,2025-10-04,"21:53:23",83573,1392.9,23.2,1,"E:/tenquille_oct_tagged/tl4_oct25/102RECNX","RCNX0241.JPG","Snowshoe hare",3,NA,"Species|Snowshoe hare"
"tl4","Snowshoe hare",2025-10-08 02:34:14,2025-10-08,"02:34:14",276044,4600.7,76.7,3.2,"E:/tenquille_oct_tagged/tl4_oct25/102RECNX","RCNX0254.JPG","Snowshoe hare",2,NA,"Species|Snowshoe hare"
"tl4","Snowshoe hare",2025-10-10 05:19:39,2025-10-10,"05:19:39",182723,3045.4,50.8,2.1,"E:/tenquille_oct_tagged/tl4_oct25/102RECNX","RCNX0278.JPG","Snowshoe hare",1,NA,"Species|Snowshoe hare"
"tl4","Snowshoe hare",2025-10-10 22:01:14,2025-10-10,"22:01:14",60095,1001.6,16.7,0.7,"E:/tenquille_oct_tagged/tl4_oct25/102RECNX","RCNX0279.JPG","Snowshoe hare",1,NA,"Species|Snowshoe hare"
"tl4","Snowshoe hare",2025-10-13 00:34:46,2025-10-13,"00:34:46",182012,3033.5,50.6,2.1,"E:/tenquille_oct_tagged/tl4_oct25/102RECNX","RCNX0295.JPG","Snowshoe hare",2,NA,"Species|Snowshoe hare"
"tl4","Unknown",2025-06-16 21:36:56,2025-06-16,"21:36:56",0,0,0,0,"E:/tenquille_oct_tagged/tl4_oct25/102RECNX","RCNX0010.JPG","Unknown",1,NA,"Species|Unknown"
"tl4","Unknown",2025-06-18 02:30:59,2025-06-18,"02:30:59",104043,1734,28.9,1.2,"E:/tenquille_oct_tagged/tl4_oct25/102RECNX","RCNX0011.JPG","Unknown",1,NA,"Species|Unknown"
"tl4","Unknown",2025-08-08 02:09:28,2025-08-08,"02:09:28",4405109,73418.5,1223.6,51,"E:/tenquille_oct_tagged/tl4_oct25/102RECNX","RCNX0113.JPG","Unknown",1,NA,"Species|Unknown"
"tl4","Unknown",2025-08-09 23:20:46,2025-08-09,"23:20:46",162678,2711.3,45.2,1.9,"E:/tenquille_oct_tagged/tl4_oct25/102RECNX","RCNX0118.JPG","Unknown",1,NA,"Species|Unknown"
"tl4","Unknown",2025-08-17 02:09:48,2025-08-17,"02:09:48",614942,10249,170.8,7.1,"E:/tenquille_oct_tagged/tl4_oct25/102RECNX","RCNX0153.JPG","Unknown",1,NA,"Species|Unknown"
"tl4","Unknown",2025-09-16 16:45:05,2025-09-16,"16:45:05",2644517,44075.3,734.6,30.6,"E:/tenquille_oct_tagged/tl4_oct25/102RECNX","RCNX0205.JPG","Unknown",1,NA,"Species|Unknown"
"tl4","Unknown",2025-09-17 16:38:53,2025-09-17,"16:38:53",86028,1433.8,23.9,1,"E:/tenquille_oct_tagged/tl4_oct25/102RECNX","RCNX0206.JPG","Unknown",1,NA,"Species|Unknown"
"tl4","Unknown",2025-10-13 04:26:03,2025-10-13,"04:26:03",2202430,36707.2,611.8,25.5,"E:/tenquille_oct_tagged/tl4_oct25/102RECNX","RCNX0302.JPG","Unknown",3,NA,"Species|Unknown"
"tl5","Bird",2025-06-18 11:05:01,2025-06-18,"11:05:01",0,0,0,0,"E:/tenquille_oct_tagged/tl5_oct25/102RECNX","RCNX0005.JPG","Bird",1,NA,"Species|Bird"
"tl5","Bird",2025-06-27 11:51:16,2025-06-27,"11:51:16",780375,13006.2,216.8,9,"E:/tenquille_oct_tagged/tl5_oct25/102RECNX","RCNX0041.JPG","Bird",3,NA,"Species|Bird"
"tl5","Bird",2025-06-28 16:16:36,2025-06-28,"16:16:36",102315,1705.2,28.4,1.2,"E:/tenquille_oct_tagged/tl5_oct25/102RECNX","RCNX0044.JPG","Bird",1,NA,"Species|Bird"
"tl5","Bird",2025-07-09 18:47:48,2025-07-09,"18:47:48",959472,15991.2,266.5,11.1,"E:/tenquille_oct_tagged/tl5_oct25/102RECNX","RCNX0046.JPG","Bird",1,NA,"Species|Bird"
"tl5","Bird",2025-07-12 05:29:21,2025-07-12,"05:29:21",211293,3521.6,58.7,2.4,"E:/tenquille_oct_tagged/tl5_oct25/102RECNX","RCNX0047.JPG","Bird",2,NA,"Species|Bird"
"tl5","Bird",2025-07-29 13:14:30,2025-07-29,"13:14:30",1496700,24945,415.8,17.3,"E:/tenquille_oct_tagged/tl5_oct25/102RECNX","RCNX0049.JPG","Bird",2,NA,"Species|Bird"
"tl5","Bird",2025-08-02 12:46:55,2025-08-02,"12:46:55",343942,5732.4,95.5,4,"E:/tenquille_oct_tagged/tl5_oct25/102RECNX","RCNX0051.JPG","Bird",1,NA,"Species|Bird"
"tl5","Bird",2025-10-14 13:21:11,2025-10-14,"13:21:11",6309256,105154.3,1752.6,73,"E:/tenquille_oct_tagged/tl5_oct25/102RECNX","RCNX0365.JPG","Bird",4,NA,"Species|Bird"
"tl5","Bird",2025-10-19 13:39:17,2025-10-19,"13:39:17",433067,7217.8,120.3,5,"E:/tenquille_oct_tagged/tl5_oct25/102RECNX","RCNX0418.JPG","Bird",1,NA,"Species|Bird"
"tl5","Black bear",2025-09-03 09:36:37,2025-09-03,"09:36:37",0,0,0,0,"E:/tenquille_oct_tagged/tl5_oct25/102RECNX","RCNX0061.JPG","Black bear",11,NA,"Species|Black bear"
"tl5","Black bear",2025-09-30 10:47:44,2025-09-30,"10:47:44",2336923,38948.7,649.1,27,"E:/tenquille_oct_tagged/tl5_oct25/102RECNX","RCNX0097.JPG","Black bear",14,NA,"Species|Black bear"
"tl5","Douglas squirrel",2025-09-01 10:52:00,2025-09-01,"10:52:00",0,0,0,0,"E:/tenquille_oct_tagged/tl5_oct25/102RECNX","RCNX0060.JPG","Douglas squirrel",1,NA,"Species|Douglas squirrel"
"tl5","Moose",2025-06-19 22:00:37,2025-06-19,"22:00:37",0,0,0,0,"E:/tenquille_oct_tagged/tl5_oct25/102RECNX","RCNX0006.JPG","Moose",35,NA,"Species|Moose"
"tl5","Mule deer",2025-10-03 19:02:44,2025-10-03,"19:02:44",0,0,0,0,"E:/tenquille_oct_tagged/tl5_oct25/102RECNX","RCNX0111.JPG","Mule deer",6,NA,"Species|Mule deer"
"tl5","Mule deer",2025-10-08 13:54:36,2025-10-08,"13:54:36",413492,6891.5,114.9,4.8,"E:/tenquille_oct_tagged/tl5_oct25/102RECNX","RCNX0126.JPG","Mule deer",3,NA,"Species|Mule deer"
"tl5","Mule deer",2025-10-08 19:24:26,2025-10-08,"19:24:26",19786,329.8,5.5,0.2,"E:/tenquille_oct_tagged/tl5_oct25/102RECNX","RCNX0129.JPG","Mule deer",178,NA,"Species|Mule deer"
"tl5","Mule deer",2025-10-08 22:21:27,2025-10-08,"22:21:27",9349,155.8,2.6,0.1,"E:/tenquille_oct_tagged/tl5_oct25/102RECNX","RCNX0307.JPG","Mule deer",10,NA,"Species|Mule deer"
"tl5","Mule deer",2025-10-09 03:11:18,2025-10-09,"03:11:18",17251,287.5,4.8,0.2,"E:/tenquille_oct_tagged/tl5_oct25/102RECNX","RCNX0317.JPG","Mule deer",9,NA,"Species|Mule deer"
"tl5","Mule deer",2025-10-09 18:56:21,2025-10-09,"18:56:21",56675,944.6,15.7,0.7,"E:/tenquille_oct_tagged/tl5_oct25/102RECNX","RCNX0326.JPG","Mule deer",11,NA,"Species|Mule deer"
"tl5","Mule deer",2025-10-09 19:08:16,2025-10-09,"19:08:16",673,11.2,0.2,0,"E:/tenquille_oct_tagged/tl5_oct25/102RECNX","RCNX0337.JPG","Mule deer",5,NA,"Species|Mule deer"
"tl5","Mule deer",2025-10-10 10:34:25,2025-10-10,"10:34:25",55556,925.9,15.4,0.6,"E:/tenquille_oct_tagged/tl5_oct25/102RECNX","RCNX0346.JPG","Mule deer",10,NA,"Species|Mule deer"
"tl5","Mule deer",2025-10-13 08:20:35,2025-10-13,"08:20:35",251146,4185.8,69.8,2.9,"E:/tenquille_oct_tagged/tl5_oct25/102RECNX","RCNX0356.JPG","Mule deer",9,NA,"Species|Mule deer"
"tl5","Mule deer",2025-10-16 08:17:20,2025-10-16,"08:17:20",258975,4316.2,71.9,3,"E:/tenquille_oct_tagged/tl5_oct25/102RECNX","RCNX0377.JPG","Mule deer",5,NA,"Species|Mule deer"
"tl5","Mule deer",2025-10-17 08:31:43,2025-10-17,"08:31:43",87250,1454.2,24.2,1,"E:/tenquille_oct_tagged/tl5_oct25/102RECNX","RCNX0382.JPG","Mule deer",5,NA,"Species|Mule deer"
"tl5","Mule deer",2025-10-17 11:25:21,2025-10-17,"11:25:21",10409,173.5,2.9,0.1,"E:/tenquille_oct_tagged/tl5_oct25/102RECNX","RCNX0387.JPG","Mule deer",13,NA,"Species|Mule deer"
"tl5","Mule deer",2025-10-17 11:36:15,2025-10-17,"11:36:15",502,8.4,0.1,0,"E:/tenquille_oct_tagged/tl5_oct25/102RECNX","RCNX0400.JPG","Mule deer",8,NA,"Species|Mule deer"
"tl5","Mule deer",2025-10-18 14:53:13,2025-10-18,"14:53:13",98195,1636.6,27.3,1.1,"E:/tenquille_oct_tagged/tl5_oct25/102RECNX","RCNX0408.JPG","Mule deer",10,NA,"Species|Mule deer"
"tl5","Mule deer",2025-10-25 18:21:14,2025-10-25,"18:21:14",617257,10287.6,171.5,7.1,"E:/tenquille_oct_tagged/tl5_oct25/102RECNX","RCNX0419.JPG","Mule deer",10,NA,"Species|Mule deer"
"tl5","Nothing",2025-09-04 16:25:33,2025-09-04,"16:25:33",0,0,0,0,"E:/tenquille_oct_tagged/tl5_oct25/102RECNX","RCNX0072.JPG","Nothing",5,NA,"Species|Nothing"
"tl5","Nothing",2025-09-06 02:59:11,2025-09-06,"02:59:11",124405,2073.4,34.6,1.4,"E:/tenquille_oct_tagged/tl5_oct25/102RECNX","RCNX0077.JPG","Nothing",1,NA,"Species|Nothing"
"tl5","People",2025-06-18 10:23:48,2025-06-18,"10:23:48",0,0,0,0,"E:/tenquille_oct_tagged/tl5_oct25/100RECNX","RCNX0001.JPG","People",22,NA,"Species|People"
"tl5","People",2025-06-18 16:01:11,2025-06-18,"16:01:11",19901,331.7,5.5,0.2,"E:/tenquille_oct_tagged/tl5_oct25/101RECNX","RCNX0010.JPG","People",2,NA,"Species|People"
"tl5","People",2025-10-26 10:36:47,2025-10-26,"10:36:47",11212532,186875.5,3114.6,129.8,"E:/tenquille_oct_tagged/tl5_oct25/102RECNX","RCNX0429.JPG","People",37,NA,"Species|People"
"tl5","Snowshoe hare",2025-08-26 01:54:06,2025-08-26,"01:54:06",0,0,0,0,"E:/tenquille_oct_tagged/tl5_oct25/102RECNX","RCNX0052.JPG","Snowshoe hare",4,NA,"Species|Snowshoe hare"
"tl5","Snowshoe hare",2025-08-30 22:09:58,2025-08-30,"22:09:58",418508,6975.1,116.3,4.8,"E:/tenquille_oct_tagged/tl5_oct25/102RECNX","RCNX0056.JPG","Snowshoe hare",1,NA,"Species|Snowshoe hare"
"tl5","Snowshoe hare",2025-08-31 02:04:36,2025-08-31,"02:04:36",14078,234.6,3.9,0.2,"E:/tenquille_oct_tagged/tl5_oct25/102RECNX","RCNX0057.JPG","Snowshoe hare",3,NA,"Species|Snowshoe hare"
"tl5","Snowshoe hare",2025-09-10 03:41:20,2025-09-10,"03:41:20",869765,14496.1,241.6,10.1,"E:/tenquille_oct_tagged/tl5_oct25/102RECNX","RCNX0079.JPG","Snowshoe hare",10,NA,"Species|Snowshoe hare"
"tl5","Snowshoe hare",2025-09-14 20:40:26,2025-09-14,"20:40:26",406676,6777.9,113,4.7,"E:/tenquille_oct_tagged/tl5_oct25/102RECNX","RCNX0089.JPG","Snowshoe hare",1,NA,"Species|Snowshoe hare"
"tl5","Snowshoe hare",2025-09-23 21:23:44,2025-09-23,"21:23:44",780198,13003.3,216.7,9,"E:/tenquille_oct_tagged/tl5_oct25/102RECNX","RCNX0091.JPG","Snowshoe hare",6,NA,"Species|Snowshoe hare"
"tl5","Snowshoe hare",2025-10-06 20:03:23,2025-10-06,"20:03:23",1118230,18637.2,310.6,12.9,"E:/tenquille_oct_tagged/tl5_oct25/102RECNX","RCNX0117.JPG","Snowshoe hare",9,NA,"Species|Snowshoe hare"
"tl5","Snowshoe hare",2025-10-10 04:51:47,2025-10-10,"04:51:47",290236,4837.3,80.6,3.4,"E:/tenquille_oct_tagged/tl5_oct25/102RECNX","RCNX0342.JPG","Snowshoe hare",4,NA,"Species|Snowshoe hare"
"tl5","Snowshoe hare",2025-10-15 22:01:12,2025-10-15,"22:01:12",493754,8229.2,137.2,5.7,"E:/tenquille_oct_tagged/tl5_oct25/102RECNX","RCNX0369.JPG","Snowshoe hare",1,NA,"Species|Snowshoe hare"
"tl5","Snowshoe hare",2025-10-15 22:13:25,2025-10-15,"22:13:25",733,12.2,0.2,0,"E:/tenquille_oct_tagged/tl5_oct25/102RECNX","RCNX0370.JPG","Snowshoe hare",1,NA,"Species|Snowshoe hare"
"tl5","Snowshoe hare",2025-10-15 22:37:50,2025-10-15,"22:37:50",1465,24.4,0.4,0,"E:/tenquille_oct_tagged/tl5_oct25/102RECNX","RCNX0371.JPG","Snowshoe hare",1,NA,"Species|Snowshoe hare"
"tl5","Snowshoe hare",2025-10-16 00:48:06,2025-10-16,"00:48:06",7816,130.3,2.2,0.1,"E:/tenquille_oct_tagged/tl5_oct25/102RECNX","RCNX0372.JPG","Snowshoe hare",5,NA,"Species|Snowshoe hare"
"tl5","Unknown",2025-07-09 07:20:11,2025-07-09,"07:20:11",0,0,0,0,"E:/tenquille_oct_tagged/tl5_oct25/102RECNX","RCNX0045.JPG","Unknown",1,NA,"Species|Unknown"
"tl5","Unknown",2025-09-07 01:11:08,2025-09-07,"01:11:08",5161857,86031,1433.8,59.7,"E:/tenquille_oct_tagged/tl5_oct25/102RECNX","RCNX0078.JPG","Unknown",1,NA,"Species|Unknown"
"tl5","Unknown",2025-09-20 02:09:46,2025-09-20,"02:09:46",1126718,18778.6,313,13,"E:/tenquille_oct_tagged/tl5_oct25/102RECNX","RCNX0090.JPG","Unknown",1,NA,"Species|Unknown"
"tl6","Bird",2025-06-30 10:02:07,2025-06-30,"10:02:07",0,0,0,0,"E:/tenquille_oct_tagged/tl6_oct25/102RECNX","RCNX0077.JPG","Bird",1,NA,"Species|Bird"
"tl6","Bird",2025-07-05 10:46:14,2025-07-05,"10:46:14",434647,7244.1,120.7,5,"E:/tenquille_oct_tagged/tl6_oct25/102RECNX","RCNX0116.JPG","Bird",2,NA,"Species|Bird"
"tl6","Bird",2025-07-06 20:48:43,2025-07-06,"20:48:43",122546,2042.4,34,1.4,"E:/tenquille_oct_tagged/tl6_oct25/102RECNX","RCNX0134.JPG","Bird",2,NA,"Species|Bird"
"tl6","Bird",2025-07-18 10:46:02,2025-07-18,"10:46:02",1000614,16676.9,277.9,11.6,"E:/tenquille_oct_tagged/tl6_oct25/102RECNX","RCNX0207.JPG","Bird",2,NA,"Species|Bird"
"tl6","Bird",2025-07-18 12:06:31,2025-07-18,"12:06:31",4826,80.4,1.3,0.1,"E:/tenquille_oct_tagged/tl6_oct25/102RECNX","RCNX0209.JPG","Bird",1,NA,"Species|Bird"
"tl6","Bird",2025-07-26 09:42:58,2025-07-26,"09:42:58",682587,11376.5,189.6,7.9,"E:/tenquille_oct_tagged/tl6_oct25/102RECNX","RCNX0257.JPG","Bird",1,NA,"Species|Bird"
"tl6","Bird",2025-10-06 18:46:26,2025-10-06,"18:46:26",6253408,104223.5,1737.1,72.4,"E:/tenquille_oct_tagged/tl6_oct25/102RECNX","RCNX0493.JPG","Bird",2,NA,"Species|Bird"
"tl6","Black bear",2025-06-27 09:13:53,2025-06-27,"09:13:53",0,0,0,0,"E:/tenquille_oct_tagged/tl6_oct25/102RECNX","RCNX0054.JPG","Black bear",5,NA,"Species|Black bear"
"tl6","Black bear",2025-06-27 12:51:29,2025-06-27,"12:51:29",13041,217.3,3.6,0.1,"E:/tenquille_oct_tagged/tl6_oct25/102RECNX","RCNX0059.JPG","Black bear",6,NA,"Species|Black bear"
"tl6","Black bear",2025-08-25 06:02:39,2025-08-25,"06:02:39",5073057,84551,1409.2,58.7,"E:/tenquille_oct_tagged/tl6_oct25/102RECNX","RCNX0369.JPG","Black bear",3,NA,"Species|Black bear"
"tl6","Black bear",2025-08-25 07:51:13,2025-08-25,"07:51:13",6509,108.5,1.8,0.1,"E:/tenquille_oct_tagged/tl6_oct25/102RECNX","RCNX0373.JPG","Black bear",42,NA,"Species|Black bear"
"tl6","Black bear",2025-08-27 20:20:11,2025-08-27,"20:20:11",217611,3626.8,60.4,2.5,"E:/tenquille_oct_tagged/tl6_oct25/102RECNX","RCNX0432.JPG","Black bear",2,NA,"Species|Black bear"
"tl6","Black bear",2025-09-05 11:41:09,2025-09-05,"11:41:09",746456,12440.9,207.3,8.6,"E:/tenquille_oct_tagged/tl6_oct25/102RECNX","RCNX0447.JPG","Black bear",2,NA,"Species|Black bear"
"tl6","Black bear",2025-09-09 07:49:50,2025-09-09,"07:49:50",331719,5528.6,92.1,3.8,"E:/tenquille_oct_tagged/tl6_oct25/102RECNX","RCNX0452.JPG","Black bear",13,NA,"Species|Black bear"
"tl6","Black bear",2025-09-16 16:28:36,2025-09-16,"16:28:36",635895,10598.2,176.6,7.4,"E:/tenquille_oct_tagged/tl6_oct25/102RECNX","RCNX0468.JPG","Black bear",3,NA,"Species|Black bear"
"tl6","Black bear",2025-10-24 16:53:43,2025-10-24,"16:53:43",3284703,54745.1,912.4,38,"E:/tenquille_oct_tagged/tl6_oct25/102RECNX","RCNX0519.JPG","Black bear",3,NA,"Species|Black bear"
"tl6","Bobcat",2025-08-26 02:22:07,2025-08-26,"02:22:07",0,0,0,0,"E:/tenquille_oct_tagged/tl6_oct25/102RECNX","RCNX0415.JPG","Bobcat",4,NA,"Species|Bobcat"
"tl6","Chipmunk",2025-07-13 08:38:24,2025-07-13,"08:38:24",0,0,0,0,"E:/tenquille_oct_tagged/tl6_oct25/102RECNX","RCNX0148.JPG","Chipmunk",2,NA,"Species|Chipmunk"
"tl6","Chipmunk",2025-07-21 11:28:54,2025-07-21,"11:28:54",701362,11689.4,194.8,8.1,"E:/tenquille_oct_tagged/tl6_oct25/102RECNX","RCNX0223.JPG","Chipmunk",1,NA,"Species|Chipmunk"
"tl6","Chipmunk",2025-07-22 09:37:56,2025-07-22,"09:37:56",79742,1329,22.1,0.9,"E:/tenquille_oct_tagged/tl6_oct25/102RECNX","RCNX0224.JPG","Chipmunk",1,NA,"Species|Chipmunk"
"tl6","Chipmunk",2025-07-22 10:43:17,2025-07-22,"10:43:17",3921,65.3,1.1,0,"E:/tenquille_oct_tagged/tl6_oct25/102RECNX","RCNX0225.JPG","Chipmunk",1,NA,"Species|Chipmunk"
"tl6","Chipmunk",2025-07-22 13:02:57,2025-07-22,"13:02:57",8380,139.7,2.3,0.1,"E:/tenquille_oct_tagged/tl6_oct25/102RECNX","RCNX0228.JPG","Chipmunk",2,NA,"Species|Chipmunk"
"tl6","Chipmunk",2025-07-23 07:44:20,2025-07-23,"07:44:20",67280,1121.3,18.7,0.8,"E:/tenquille_oct_tagged/tl6_oct25/102RECNX","RCNX0237.JPG","Chipmunk",2,NA,"Species|Chipmunk"
"tl6","Chipmunk",2025-07-27 07:24:42,2025-07-27,"07:24:42",344419,5740.3,95.7,4,"E:/tenquille_oct_tagged/tl6_oct25/102RECNX","RCNX0260.JPG","Chipmunk",2,NA,"Species|Chipmunk"
"tl6","Chipmunk",2025-07-27 10:09:43,2025-07-27,"10:09:43",9701,161.7,2.7,0.1,"E:/tenquille_oct_tagged/tl6_oct25/102RECNX","RCNX0262.JPG","Chipmunk",3,NA,"Species|Chipmunk"
"tl6","Chipmunk",2025-07-27 10:52:03,2025-07-27,"10:52:03",2400,40,0.7,0,"E:/tenquille_oct_tagged/tl6_oct25/102RECNX","RCNX0265.JPG","Chipmunk",1,NA,"Species|Chipmunk"
"tl6","Chipmunk",2025-07-29 12:05:48,2025-07-29,"12:05:48",177225,2953.8,49.2,2.1,"E:/tenquille_oct_tagged/tl6_oct25/102RECNX","RCNX0290.JPG","Chipmunk",1,NA,"Species|Chipmunk"
"tl6","Chipmunk",2025-07-30 09:47:59,2025-07-30,"09:47:59",78131,1302.2,21.7,0.9,"E:/tenquille_oct_tagged/tl6_oct25/102RECNX","RCNX0292.JPG","Chipmunk",1,NA,"Species|Chipmunk"
"tl6","Chipmunk",2025-07-30 11:46:20,2025-07-30,"11:46:20",7101,118.3,2,0.1,"E:/tenquille_oct_tagged/tl6_oct25/102RECNX","RCNX0294.JPG","Chipmunk",1,NA,"Species|Chipmunk"
"tl6","Chipmunk",2025-07-30 11:59:16,2025-07-30,"11:59:16",776,12.9,0.2,0,"E:/tenquille_oct_tagged/tl6_oct25/102RECNX","RCNX0295.JPG","Chipmunk",2,NA,"Species|Chipmunk"
"tl6","Chipmunk",2025-07-31 10:30:05,2025-07-31,"10:30:05",81040,1350.7,22.5,0.9,"E:/tenquille_oct_tagged/tl6_oct25/102RECNX","RCNX0301.JPG","Chipmunk",2,NA,"Species|Chipmunk"
"tl6","Chipmunk",2025-08-04 17:26:23,2025-08-04,"17:26:23",370532,6175.5,102.9,4.3,"E:/tenquille_oct_tagged/tl6_oct25/102RECNX","RCNX0325.JPG","Chipmunk",1,NA,"Species|Chipmunk"
"tl6","Chipmunk",2025-08-13 08:25:07,2025-08-13,"08:25:07",745124,12418.7,207,8.6,"E:/tenquille_oct_tagged/tl6_oct25/102RECNX","RCNX0350.JPG","Chipmunk",2,NA,"Species|Chipmunk"
"tl6","Chipmunk",2025-08-19 09:05:20,2025-08-19,"09:05:20",520805,8680.1,144.7,6,"E:/tenquille_oct_tagged/tl6_oct25/102RECNX","RCNX0361.JPG","Chipmunk",1,NA,"Species|Chipmunk"
"tl6","Chipmunk",2025-08-19 15:41:42,2025-08-19,"15:41:42",23782,396.4,6.6,0.3,"E:/tenquille_oct_tagged/tl6_oct25/102RECNX","RCNX0363.JPG","Chipmunk",1,NA,"Species|Chipmunk"
"tl6","Chipmunk",2025-08-21 11:51:56,2025-08-21,"11:51:56",159014,2650.2,44.2,1.8,"E:/tenquille_oct_tagged/tl6_oct25/102RECNX","RCNX0364.JPG","Chipmunk",1,NA,"Species|Chipmunk"
"tl6","Chipmunk",2025-09-08 07:27:43,2025-09-08,"07:27:43",1539347,25655.8,427.6,17.8,"E:/tenquille_oct_tagged/tl6_oct25/102RECNX","RCNX0450.JPG","Chipmunk",2,NA,"Species|Chipmunk"
"tl6","Chipmunk",2025-09-15 14:50:11,2025-09-15,"14:50:11",631343,10522.4,175.4,7.3,"E:/tenquille_oct_tagged/tl6_oct25/102RECNX","RCNX0466.JPG","Chipmunk",1,NA,"Species|Chipmunk"
"tl6","Chipmunk",2025-09-18 06:48:28,2025-09-18,"06:48:28",230297,3838.3,64,2.7,"E:/tenquille_oct_tagged/tl6_oct25/102RECNX","RCNX0472.JPG","Chipmunk",1,NA,"Species|Chipmunk"
"tl6","Chipmunk",2025-09-18 10:45:39,2025-09-18,"10:45:39",14231,237.2,4,0.2,"E:/tenquille_oct_tagged/tl6_oct25/102RECNX","RCNX0473.JPG","Chipmunk",1,NA,"Species|Chipmunk"
"tl6","Chipmunk",2025-09-24 18:12:46,2025-09-24,"18:12:46",545227,9087.1,151.5,6.3,"E:/tenquille_oct_tagged/tl6_oct25/102RECNX","RCNX0478.JPG","Chipmunk",2,NA,"Species|Chipmunk"
"tl6","Chipmunk",2025-10-09 09:31:29,2025-10-09,"09:31:29",1264721,21078.7,351.3,14.6,"E:/tenquille_oct_tagged/tl6_oct25/102RECNX","RCNX0495.JPG","Chipmunk",1,NA,"Species|Chipmunk"
"tl6","Douglas squirrel",2025-06-20 09:34:43,2025-06-20,"09:34:43",0,0,0,0,"E:/tenquille_oct_tagged/tl6_oct25/102RECNX","RCNX0047.JPG","Douglas squirrel",2,NA,"Species|Douglas squirrel"
"tl6","Douglas squirrel",2025-06-24 08:48:22,2025-06-24,"08:48:22",342790,5713.2,95.2,4,"E:/tenquille_oct_tagged/tl6_oct25/102RECNX","RCNX0049.JPG","Douglas squirrel",1,NA,"Species|Douglas squirrel"
"tl6","Douglas squirrel",2025-06-25 10:28:55,2025-06-25,"10:28:55",92433,1540.6,25.7,1.1,"E:/tenquille_oct_tagged/tl6_oct25/102RECNX","RCNX0050.JPG","Douglas squirrel",2,NA,"Species|Douglas squirrel"
"tl6","Douglas squirrel",2025-06-28 17:06:36,2025-06-28,"17:06:36",283059,4717.6,78.6,3.3,"E:/tenquille_oct_tagged/tl6_oct25/102RECNX","RCNX0065.JPG","Douglas squirrel",3,NA,"Species|Douglas squirrel"
"tl6","Douglas squirrel",2025-06-28 19:31:19,2025-06-28,"19:31:19",8675,144.6,2.4,0.1,"E:/tenquille_oct_tagged/tl6_oct25/102RECNX","RCNX0068.JPG","Douglas squirrel",4,NA,"Species|Douglas squirrel"
"tl6","Douglas squirrel",2025-07-02 09:12:48,2025-07-02,"09:12:48",308212,5136.9,85.6,3.6,"E:/tenquille_oct_tagged/tl6_oct25/102RECNX","RCNX0086.JPG","Douglas squirrel",2,NA,"Species|Douglas squirrel"
"tl6","Douglas squirrel",2025-07-06 10:37:42,2025-07-06,"10:37:42",350691,5844.9,97.4,4.1,"E:/tenquille_oct_tagged/tl6_oct25/102RECNX","RCNX0119.JPG","Douglas squirrel",5,NA,"Species|Douglas squirrel"
"tl6","Douglas squirrel",2025-07-06 11:02:30,2025-07-06,"11:02:30",1431,23.9,0.4,0,"E:/tenquille_oct_tagged/tl6_oct25/102RECNX","RCNX0124.JPG","Douglas squirrel",1,NA,"Species|Douglas squirrel"
"tl6","Douglas squirrel",2025-07-24 06:16:29,2025-07-24,"06:16:29",1538039,25634,427.2,17.8,"E:/tenquille_oct_tagged/tl6_oct25/102RECNX","RCNX0244.JPG","Douglas squirrel",2,NA,"Species|Douglas squirrel"
"tl6","Douglas squirrel",2025-08-17 08:48:22,2025-08-17,"08:48:22",2082711,34711.8,578.5,24.1,"E:/tenquille_oct_tagged/tl6_oct25/102RECNX","RCNX0359.JPG","Douglas squirrel",1,NA,"Species|Douglas squirrel"
"tl6","Douglas squirrel",2025-09-30 11:24:07,2025-09-30,"11:24:07",3810945,63515.8,1058.6,44.1,"E:/tenquille_oct_tagged/tl6_oct25/102RECNX","RCNX0486.JPG","Douglas squirrel",1,NA,"Species|Douglas squirrel"
"tl6","Flying squirrel",2025-09-21 00:10:33,2025-09-21,"00:10:33",0,0,0,0,"E:/tenquille_oct_tagged/tl6_oct25/102RECNX","RCNX0476.JPG","Flying squirrel",1,NA,"Species|Flying squirrel"
"tl6","Flying squirrel",2025-09-29 23:18:18,2025-09-29,"23:18:18",774465,12907.8,215.1,9,"E:/tenquille_oct_tagged/tl6_oct25/102RECNX","RCNX0485.JPG","Flying squirrel",1,NA,"Species|Flying squirrel"
"tl6","Mule deer",2025-10-09 10:59:44,2025-10-09,"10:59:44",0,0,0,0,"E:/tenquille_oct_tagged/tl6_oct25/102RECNX","RCNX0496.JPG","Mule deer",3,NA,"Species|Mule deer"
"tl6","Mule deer",2025-10-12 01:26:01,2025-10-12,"01:26:01",224773,3746.2,62.4,2.6,"E:/tenquille_oct_tagged/tl6_oct25/102RECNX","RCNX0502.JPG","Mule deer",3,NA,"Species|Mule deer"
"tl6","Mule deer",2025-10-13 04:30:15,2025-10-13,"04:30:15",97449,1624.2,27.1,1.1,"E:/tenquille_oct_tagged/tl6_oct25/102RECNX","RCNX0505.JPG","Mule deer",4,NA,"Species|Mule deer"
"tl6","Mule deer",2025-10-19 02:29:19,2025-10-19,"02:29:19",511137,8519,142,5.9,"E:/tenquille_oct_tagged/tl6_oct25/102RECNX","RCNX0514.JPG","Mule deer",5,NA,"Species|Mule deer"
"tl6","Nothing",2025-06-19 14:58:45,2025-06-19,"14:58:45",0,0,0,0,"E:/tenquille_oct_tagged/tl6_oct25/102RECNX","RCNX0046.JPG","Nothing",1,NA,"Species|Nothing"
"tl6","Nothing",2025-06-26 07:54:18,2025-06-26,"07:54:18",579333,9655.5,160.9,6.7,"E:/tenquille_oct_tagged/tl6_oct25/102RECNX","RCNX0052.JPG","Nothing",1,NA,"Species|Nothing"
"tl6","Nothing",2025-06-26 18:36:08,2025-06-26,"18:36:08",38510,641.8,10.7,0.4,"E:/tenquille_oct_tagged/tl6_oct25/102RECNX","RCNX0053.JPG","Nothing",1,NA,"Species|Nothing"
"tl6","Nothing",2025-06-29 10:59:25,2025-06-29,"10:59:25",231797,3863.3,64.4,2.7,"E:/tenquille_oct_tagged/tl6_oct25/102RECNX","RCNX0072.JPG","Nothing",4,NA,"Species|Nothing"
"tl6","Nothing",2025-06-29 18:36:12,2025-06-29,"18:36:12",27211,453.5,7.6,0.3,"E:/tenquille_oct_tagged/tl6_oct25/102RECNX","RCNX0076.JPG","Nothing",1,NA,"Species|Nothing"
"tl6","Nothing",2025-06-30 12:22:51,2025-06-30,"12:22:51",63999,1066.7,17.8,0.7,"E:/tenquille_oct_tagged/tl6_oct25/102RECNX","RCNX0078.JPG","Nothing",3,NA,"Species|Nothing"
"tl6","Nothing",2025-06-30 16:35:45,2025-06-30,"16:35:45",15170,252.8,4.2,0.2,"E:/tenquille_oct_tagged/tl6_oct25/102RECNX","RCNX0081.JPG","Nothing",1,NA,"Species|Nothing"
"tl6","Nothing",2025-06-30 18:43:58,2025-06-30,"18:43:58",7693,128.2,2.1,0.1,"E:/tenquille_oct_tagged/tl6_oct25/102RECNX","RCNX0082.JPG","Nothing",1,NA,"Species|Nothing"
"tl6","Nothing",2025-07-01 10:56:43,2025-07-01,"10:56:43",58365,972.8,16.2,0.7,"E:/tenquille_oct_tagged/tl6_oct25/102RECNX","RCNX0083.JPG","Nothing",3,NA,"Species|Nothing"
"tl6","Nothing",2025-07-02 13:09:12,2025-07-02,"13:09:12",94324,1572.1,26.2,1.1,"E:/tenquille_oct_tagged/tl6_oct25/102RECNX","RCNX0088.JPG","Nothing",1,NA,"Species|Nothing"
"tl6","Nothing",2025-07-02 13:24:33,2025-07-02,"13:24:33",921,15.3,0.3,0,"E:/tenquille_oct_tagged/tl6_oct25/102RECNX","RCNX0089.JPG","Nothing",24,NA,"Species|Nothing"
"tl6","Nothing",2025-07-02 13:38:48,2025-07-02,"13:38:48",441,7.3,0.1,0,"E:/tenquille_oct_tagged/tl6_oct25/102RECNX","RCNX0113.JPG","Nothing",1,NA,"Species|Nothing"
"tl6","Nothing",2025-07-04 08:29:58,2025-07-04,"08:29:58",154270,2571.2,42.9,1.8,"E:/tenquille_oct_tagged/tl6_oct25/102RECNX","RCNX0114.JPG","Nothing",1,NA,"Species|Nothing"
"tl6","Nothing",2025-07-04 14:27:04,2025-07-04,"14:27:04",21426,357.1,6,0.2,"E:/tenquille_oct_tagged/tl6_oct25/102RECNX","RCNX0115.JPG","Nothing",1,NA,"Species|Nothing"
"tl6","Nothing",2025-07-06 05:52:53,2025-07-06,"05:52:53",141949,2365.8,39.4,1.6,"E:/tenquille_oct_tagged/tl6_oct25/102RECNX","RCNX0118.JPG","Nothing",1,NA,"Species|Nothing"
"tl6","Nothing",2025-07-06 12:15:42,2025-07-06,"12:15:42",22969,382.8,6.4,0.3,"E:/tenquille_oct_tagged/tl6_oct25/102RECNX","RCNX0125.JPG","Nothing",3,NA,"Species|Nothing"
"tl6","Nothing",2025-07-06 13:21:57,2025-07-06,"13:21:57",3970,66.2,1.1,0,"E:/tenquille_oct_tagged/tl6_oct25/102RECNX","RCNX0128.JPG","Nothing",1,NA,"Species|Nothing"
"tl6","Nothing",2025-07-06 13:32:45,2025-07-06,"13:32:45",648,10.8,0.2,0,"E:/tenquille_oct_tagged/tl6_oct25/102RECNX","RCNX0129.JPG","Nothing",2,NA,"Species|Nothing"
"tl6","Nothing",2025-07-06 14:10:13,2025-07-06,"14:10:13",2246,37.4,0.6,0,"E:/tenquille_oct_tagged/tl6_oct25/102RECNX","RCNX0131.JPG","Nothing",1,NA,"Species|Nothing"
"tl6","Nothing",2025-07-06 14:18:41,2025-07-06,"14:18:41",508,8.5,0.1,0,"E:/tenquille_oct_tagged/tl6_oct25/102RECNX","RCNX0132.JPG","Nothing",2,NA,"Species|Nothing"
"tl6","Nothing",2025-07-07 13:08:48,2025-07-07,"13:08:48",82127,1368.8,22.8,1,"E:/tenquille_oct_tagged/tl6_oct25/102RECNX","RCNX0136.JPG","Nothing",1,NA,"Species|Nothing"
"tl6","Nothing",2025-07-07 14:49:17,2025-07-07,"14:49:17",6029,100.5,1.7,0.1,"E:/tenquille_oct_tagged/tl6_oct25/102RECNX","RCNX0137.JPG","Nothing",1,NA,"Species|Nothing"
"tl6","Nothing",2025-07-09 10:02:13,2025-07-09,"10:02:13",155576,2592.9,43.2,1.8,"E:/tenquille_oct_tagged/tl6_oct25/102RECNX","RCNX0138.JPG","Nothing",1,NA,"Species|Nothing"
"tl6","Nothing",2025-07-10 18:00:04,2025-07-10,"18:00:04",115071,1917.8,32,1.3,"E:/tenquille_oct_tagged/tl6_oct25/102RECNX","RCNX0139.JPG","Nothing",3,NA,"Species|Nothing"
"tl6","Nothing",2025-07-10 18:57:29,2025-07-10,"18:57:29",3371,56.2,0.9,0,"E:/tenquille_oct_tagged/tl6_oct25/102RECNX","RCNX0142.JPG","Nothing",1,NA,"Species|Nothing"
"tl6","Nothing",2025-07-11 12:22:11,2025-07-11,"12:22:11",62682,1044.7,17.4,0.7,"E:/tenquille_oct_tagged/tl6_oct25/102RECNX","RCNX0143.JPG","Nothing",1,NA,"Species|Nothing"
"tl6","Nothing",2025-07-11 13:03:29,2025-07-11,"13:03:29",2478,41.3,0.7,0,"E:/tenquille_oct_tagged/tl6_oct25/102RECNX","RCNX0144.JPG","Nothing",1,NA,"Species|Nothing"
"tl6","Nothing",2025-07-12 13:58:57,2025-07-12,"13:58:57",89728,1495.5,24.9,1,"E:/tenquille_oct_tagged/tl6_oct25/102RECNX","RCNX0145.JPG","Nothing",3,NA,"Species|Nothing"
"tl6","Nothing",2025-07-14 11:49:20,2025-07-14,"11:49:20",165002,2750,45.8,1.9,"E:/tenquille_oct_tagged/tl6_oct25/102RECNX","RCNX0150.JPG","Nothing",1,NA,"Species|Nothing"
"tl6","Nothing",2025-07-14 12:09:28,2025-07-14,"12:09:28",1208,20.1,0.3,0,"E:/tenquille_oct_tagged/tl6_oct25/102RECNX","RCNX0151.JPG","Nothing",7,NA,"Species|Nothing"
"tl6","Nothing",2025-07-14 12:24:19,2025-07-14,"12:24:19",510,8.5,0.1,0,"E:/tenquille_oct_tagged/tl6_oct25/102RECNX","RCNX0158.JPG","Nothing",1,NA,"Species|Nothing"
"tl6","Nothing",2025-07-14 12:36:49,2025-07-14,"12:36:49",750,12.5,0.2,0,"E:/tenquille_oct_tagged/tl6_oct25/102RECNX","RCNX0159.JPG","Nothing",2,NA,"Species|Nothing"
"tl6","Nothing",2025-07-14 12:58:20,2025-07-14,"12:58:20",1287,21.4,0.4,0,"E:/tenquille_oct_tagged/tl6_oct25/102RECNX","RCNX0161.JPG","Nothing",4,NA,"Species|Nothing"
"tl6","Nothing",2025-07-14 13:11:26,2025-07-14,"13:11:26",525,8.8,0.1,0,"E:/tenquille_oct_tagged/tl6_oct25/102RECNX","RCNX0165.JPG","Nothing",4,NA,"Species|Nothing"
"tl6","Nothing",2025-07-14 13:21:05,2025-07-14,"13:21:05",394,6.6,0.1,0,"E:/tenquille_oct_tagged/tl6_oct25/102RECNX","RCNX0169.JPG","Nothing",2,NA,"Species|Nothing"
"tl6","Nothing",2025-07-14 13:29:31,2025-07-14,"13:29:31",350,5.8,0.1,0,"E:/tenquille_oct_tagged/tl6_oct25/102RECNX","RCNX0171.JPG","Nothing",1,NA,"Species|Nothing"
"tl6","Nothing",2025-07-14 13:36:58,2025-07-14,"13:36:58",447,7.4,0.1,0,"E:/tenquille_oct_tagged/tl6_oct25/102RECNX","RCNX0172.JPG","Nothing",4,NA,"Species|Nothing"
"tl6","Nothing",2025-07-14 13:53:49,2025-07-14,"13:53:49",792,13.2,0.2,0,"E:/tenquille_oct_tagged/tl6_oct25/102RECNX","RCNX0176.JPG","Nothing",2,NA,"Species|Nothing"
"tl6","Nothing",2025-07-14 14:23:04,2025-07-14,"14:23:04",1753,29.2,0.5,0,"E:/tenquille_oct_tagged/tl6_oct25/102RECNX","RCNX0178.JPG","Nothing",1,NA,"Species|Nothing"
"tl6","Nothing",2025-07-14 14:32:22,2025-07-14,"14:32:22",558,9.3,0.2,0,"E:/tenquille_oct_tagged/tl6_oct25/102RECNX","RCNX0179.JPG","Nothing",1,NA,"Species|Nothing"
"tl6","Nothing",2025-07-15 13:54:18,2025-07-15,"13:54:18",84116,1401.9,23.4,1,"E:/tenquille_oct_tagged/tl6_oct25/102RECNX","RCNX0180.JPG","Nothing",2,NA,"Species|Nothing"
"tl6","Nothing",2025-07-15 14:20:01,2025-07-15,"14:20:01",1540,25.7,0.4,0,"E:/tenquille_oct_tagged/tl6_oct25/102RECNX","RCNX0182.JPG","Nothing",2,NA,"Species|Nothing"
"tl6","Nothing",2025-07-15 15:15:12,2025-07-15,"15:15:12",3308,55.1,0.9,0,"E:/tenquille_oct_tagged/tl6_oct25/102RECNX","RCNX0184.JPG","Nothing",1,NA,"Species|Nothing"
"tl6","Nothing",2025-07-15 19:34:22,2025-07-15,"19:34:22",15550,259.2,4.3,0.2,"E:/tenquille_oct_tagged/tl6_oct25/102RECNX","RCNX0185.JPG","Nothing",1,NA,"Species|Nothing"
"tl6","Nothing",2025-07-16 12:22:18,2025-07-16,"12:22:18",60476,1007.9,16.8,0.7,"E:/tenquille_oct_tagged/tl6_oct25/102RECNX","RCNX0186.JPG","Nothing",1,NA,"Species|Nothing"
"tl6","Nothing",2025-07-16 13:31:44,2025-07-16,"13:31:44",4166,69.4,1.2,0,"E:/tenquille_oct_tagged/tl6_oct25/102RECNX","RCNX0187.JPG","Nothing",1,NA,"Species|Nothing"
"tl6","Nothing",2025-07-16 14:27:05,2025-07-16,"14:27:05",3321,55.4,0.9,0,"E:/tenquille_oct_tagged/tl6_oct25/102RECNX","RCNX0188.JPG","Nothing",1,NA,"Species|Nothing"
"tl6","Nothing",2025-07-16 14:49:12,2025-07-16,"14:49:12",1327,22.1,0.4,0,"E:/tenquille_oct_tagged/tl6_oct25/102RECNX","RCNX0189.JPG","Nothing",1,NA,"Species|Nothing"
"tl6","Nothing",2025-07-16 14:54:18,2025-07-16,"14:54:18",306,5.1,0.1,0,"E:/tenquille_oct_tagged/tl6_oct25/102RECNX","RCNX0190.JPG","Nothing",5,NA,"Species|Nothing"
"tl6","Nothing",2025-07-16 17:34:30,2025-07-16,"17:34:30",9334,155.6,2.6,0.1,"E:/tenquille_oct_tagged/tl6_oct25/102RECNX","RCNX0195.JPG","Nothing",1,NA,"Species|Nothing"
"tl6","Nothing",2025-07-17 11:57:19,2025-07-17,"11:57:19",66169,1102.8,18.4,0.8,"E:/tenquille_oct_tagged/tl6_oct25/102RECNX","RCNX0196.JPG","Nothing",2,NA,"Species|Nothing"
"tl6","Nothing",2025-07-17 12:03:04,2025-07-17,"12:03:04",342,5.7,0.1,0,"E:/tenquille_oct_tagged/tl6_oct25/102RECNX","RCNX0198.JPG","Nothing",1,NA,"Species|Nothing"
"tl6","Nothing",2025-07-17 12:40:00,2025-07-17,"12:40:00",2216,36.9,0.6,0,"E:/tenquille_oct_tagged/tl6_oct25/102RECNX","RCNX0199.JPG","Nothing",1,NA,"Species|Nothing"
"tl6","Nothing",2025-07-17 13:32:21,2025-07-17,"13:32:21",3141,52.4,0.9,0,"E:/tenquille_oct_tagged/tl6_oct25/102RECNX","RCNX0200.JPG","Nothing",1,NA,"Species|Nothing"
"tl6","Nothing",2025-07-17 13:49:50,2025-07-17,"13:49:50",1049,17.5,0.3,0,"E:/tenquille_oct_tagged/tl6_oct25/102RECNX","RCNX0201.JPG","Nothing",1,NA,"Species|Nothing"
"tl6","Nothing",2025-07-17 14:08:32,2025-07-17,"14:08:32",1122,18.7,0.3,0,"E:/tenquille_oct_tagged/tl6_oct25/102RECNX","RCNX0202.JPG","Nothing",3,NA,"Species|Nothing"
"tl6","Nothing",2025-07-17 14:39:06,2025-07-17,"14:39:06",1574,26.2,0.4,0,"E:/tenquille_oct_tagged/tl6_oct25/102RECNX","RCNX0205.JPG","Nothing",1,NA,"Species|Nothing"
"tl6","Nothing",2025-07-17 14:55:05,2025-07-17,"14:55:05",959,16,0.3,0,"E:/tenquille_oct_tagged/tl6_oct25/102RECNX","RCNX0206.JPG","Nothing",1,NA,"Species|Nothing"
"tl6","Nothing",2025-07-18 12:08:15,2025-07-18,"12:08:15",76390,1273.2,21.2,0.9,"E:/tenquille_oct_tagged/tl6_oct25/102RECNX","RCNX0210.JPG","Nothing",1,NA,"Species|Nothing"
"tl6","Nothing",2025-07-18 12:18:27,2025-07-18,"12:18:27",612,10.2,0.2,0,"E:/tenquille_oct_tagged/tl6_oct25/102RECNX","RCNX0211.JPG","Nothing",1,NA,"Species|Nothing"
"tl6","Nothing",2025-07-19 12:02:45,2025-07-19,"12:02:45",85458,1424.3,23.7,1,"E:/tenquille_oct_tagged/tl6_oct25/102RECNX","RCNX0212.JPG","Nothing",3,NA,"Species|Nothing"
"tl6","Nothing",2025-07-19 12:58:10,2025-07-19,"12:58:10",3081,51.4,0.9,0,"E:/tenquille_oct_tagged/tl6_oct25/102RECNX","RCNX0215.JPG","Nothing",1,NA,"Species|Nothing"
"tl6","Nothing",2025-07-19 13:11:04,2025-07-19,"13:11:04",774,12.9,0.2,0,"E:/tenquille_oct_tagged/tl6_oct25/102RECNX","RCNX0216.JPG","Nothing",1,NA,"Species|Nothing"
"tl6","Nothing",2025-07-19 13:40:04,2025-07-19,"13:40:04",1740,29,0.5,0,"E:/tenquille_oct_tagged/tl6_oct25/102RECNX","RCNX0217.JPG","Nothing",1,NA,"Species|Nothing"
"tl6","Nothing",2025-07-19 15:06:35,2025-07-19,"15:06:35",5191,86.5,1.4,0.1,"E:/tenquille_oct_tagged/tl6_oct25/102RECNX","RCNX0218.JPG","Nothing",1,NA,"Species|Nothing"
"tl6","Nothing",2025-07-20 15:03:35,2025-07-20,"15:03:35",86220,1437,24,1,"E:/tenquille_oct_tagged/tl6_oct25/102RECNX","RCNX0219.JPG","Nothing",1,NA,"Species|Nothing"
"tl6","Nothing",2025-07-20 18:02:30,2025-07-20,"18:02:30",10735,178.9,3,0.1,"E:/tenquille_oct_tagged/tl6_oct25/102RECNX","RCNX0220.JPG","Nothing",1,NA,"Species|Nothing"
"tl6","Nothing",2025-07-21 10:42:46,2025-07-21,"10:42:46",60016,1000.3,16.7,0.7,"E:/tenquille_oct_tagged/tl6_oct25/102RECNX","RCNX0221.JPG","Nothing",1,NA,"Species|Nothing"
"tl6","Nothing",2025-07-21 10:58:14,2025-07-21,"10:58:14",928,15.5,0.3,0,"E:/tenquille_oct_tagged/tl6_oct25/102RECNX","RCNX0222.JPG","Nothing",1,NA,"Species|Nothing"
"tl6","Nothing",2025-07-22 12:37:57,2025-07-22,"12:37:57",92383,1539.7,25.7,1.1,"E:/tenquille_oct_tagged/tl6_oct25/102RECNX","RCNX0226.JPG","Nothing",1,NA,"Species|Nothing"
"tl6","Nothing",2025-07-22 13:00:20,2025-07-22,"13:00:20",1343,22.4,0.4,0,"E:/tenquille_oct_tagged/tl6_oct25/102RECNX","RCNX0227.JPG","Nothing",1,NA,"Species|Nothing"
"tl6","Nothing",2025-07-22 13:08:56,2025-07-22,"13:08:56",516,8.6,0.1,0,"E:/tenquille_oct_tagged/tl6_oct25/102RECNX","RCNX0230.JPG","Nothing",1,NA,"Species|Nothing"
"tl6","Nothing",2025-07-22 13:16:27,2025-07-22,"13:16:27",451,7.5,0.1,0,"E:/tenquille_oct_tagged/tl6_oct25/102RECNX","RCNX0231.JPG","Nothing",1,NA,"Species|Nothing"
"tl6","Nothing",2025-07-22 14:16:37,2025-07-22,"14:16:37",3610,60.2,1,0,"E:/tenquille_oct_tagged/tl6_oct25/102RECNX","RCNX0232.JPG","Nothing",2,NA,"Species|Nothing"
"tl6","Nothing",2025-07-22 14:23:24,2025-07-22,"14:23:24",356,5.9,0.1,0,"E:/tenquille_oct_tagged/tl6_oct25/102RECNX","RCNX0234.JPG","Nothing",1,NA,"Species|Nothing"
"tl6","Nothing",2025-07-22 21:15:53,2025-07-22,"21:15:53",24749,412.5,6.9,0.3,"E:/tenquille_oct_tagged/tl6_oct25/102RECNX","RCNX0235.JPG","Nothing",1,NA,"Species|Nothing"
"tl6","Nothing",2025-07-22 21:24:05,2025-07-22,"21:24:05",492,8.2,0.1,0,"E:/tenquille_oct_tagged/tl6_oct25/102RECNX","RCNX0236.JPG","Nothing",1,NA,"Species|Nothing"
"tl6","Nothing",2025-07-23 10:59:46,2025-07-23,"10:59:46",48941,815.7,13.6,0.6,"E:/tenquille_oct_tagged/tl6_oct25/102RECNX","RCNX0239.JPG","Nothing",3,NA,"Species|Nothing"
"tl6","Nothing",2025-07-23 12:28:23,2025-07-23,"12:28:23",5290,88.2,1.5,0.1,"E:/tenquille_oct_tagged/tl6_oct25/102RECNX","RCNX0242.JPG","Nothing",1,NA,"Species|Nothing"
"tl6","Nothing",2025-07-23 12:57:48,2025-07-23,"12:57:48",1765,29.4,0.5,0,"E:/tenquille_oct_tagged/tl6_oct25/102RECNX","RCNX0243.JPG","Nothing",1,NA,"Species|Nothing"
"tl6","Nothing",2025-07-24 12:52:09,2025-07-24,"12:52:09",86061,1434.3,23.9,1,"E:/tenquille_oct_tagged/tl6_oct25/102RECNX","RCNX0246.JPG","Nothing",6,NA,"Species|Nothing"
"tl6","Nothing",2025-07-24 14:27:50,2025-07-24,"14:27:50",5545,92.4,1.5,0.1,"E:/tenquille_oct_tagged/tl6_oct25/102RECNX","RCNX0252.JPG","Nothing",1,NA,"Species|Nothing"
"tl6","Nothing",2025-07-24 14:35:20,2025-07-24,"14:35:20",450,7.5,0.1,0,"E:/tenquille_oct_tagged/tl6_oct25/102RECNX","RCNX0253.JPG","Nothing",1,NA,"Species|Nothing"
"tl6","Nothing",2025-07-24 15:11:18,2025-07-24,"15:11:18",2158,36,0.6,0,"E:/tenquille_oct_tagged/tl6_oct25/102RECNX","RCNX0254.JPG","Nothing",1,NA,"Species|Nothing"
"tl6","Nothing",2025-07-24 15:20:41,2025-07-24,"15:20:41",563,9.4,0.2,0,"E:/tenquille_oct_tagged/tl6_oct25/102RECNX","RCNX0255.JPG","Nothing",1,NA,"Species|Nothing"
"tl6","Nothing",2025-07-26 05:47:10,2025-07-26,"05:47:10",138389,2306.5,38.4,1.6,"E:/tenquille_oct_tagged/tl6_oct25/102RECNX","RCNX0256.JPG","Nothing",1,NA,"Species|Nothing"
"tl6","Nothing",2025-07-26 12:34:21,2025-07-26,"12:34:21",24431,407.2,6.8,0.3,"E:/tenquille_oct_tagged/tl6_oct25/102RECNX","RCNX0258.JPG","Nothing",1,NA,"Species|Nothing"
"tl6","Nothing",2025-07-26 19:50:21,2025-07-26,"19:50:21",26160,436,7.3,0.3,"E:/tenquille_oct_tagged/tl6_oct25/102RECNX","RCNX0259.JPG","Nothing",1,NA,"Species|Nothing"
"tl6","Nothing",2025-07-27 12:56:59,2025-07-27,"12:56:59",61598,1026.6,17.1,0.7,"E:/tenquille_oct_tagged/tl6_oct25/102RECNX","RCNX0266.JPG","Nothing",2,NA,"Species|Nothing"
"tl6","Nothing",2025-07-27 13:14:51,2025-07-27,"13:14:51",1066,17.8,0.3,0,"E:/tenquille_oct_tagged/tl6_oct25/102RECNX","RCNX0268.JPG","Nothing",3,NA,"Species|Nothing"
"tl6","Nothing",2025-07-27 14:23:46,2025-07-27,"14:23:46",4125,68.8,1.1,0,"E:/tenquille_oct_tagged/tl6_oct25/102RECNX","RCNX0271.JPG","Nothing",1,NA,"Species|Nothing"
"tl6","Nothing",2025-07-27 14:29:57,2025-07-27,"14:29:57",371,6.2,0.1,0,"E:/tenquille_oct_tagged/tl6_oct25/102RECNX","RCNX0272.JPG","Nothing",1,NA,"Species|Nothing"
"tl6","Nothing",2025-07-27 14:57:47,2025-07-27,"14:57:47",1670,27.8,0.5,0,"E:/tenquille_oct_tagged/tl6_oct25/102RECNX","RCNX0273.JPG","Nothing",1,NA,"Species|Nothing"
"tl6","Nothing",2025-07-28 09:30:04,2025-07-28,"09:30:04",66737,1112.3,18.5,0.8,"E:/tenquille_oct_tagged/tl6_oct25/102RECNX","RCNX0274.JPG","Nothing",3,NA,"Species|Nothing"
"tl6","Nothing",2025-07-28 10:41:12,2025-07-28,"10:41:12",4186,69.8,1.2,0,"E:/tenquille_oct_tagged/tl6_oct25/102RECNX","RCNX0277.JPG","Nothing",1,NA,"Species|Nothing"
"tl6","Nothing",2025-07-28 12:37:48,2025-07-28,"12:37:48",6996,116.6,1.9,0.1,"E:/tenquille_oct_tagged/tl6_oct25/102RECNX","RCNX0278.JPG","Nothing",1,NA,"Species|Nothing"
"tl6","Nothing",2025-07-28 12:54:54,2025-07-28,"12:54:54",1026,17.1,0.3,0,"E:/tenquille_oct_tagged/tl6_oct25/102RECNX","RCNX0279.JPG","Nothing",2,NA,"Species|Nothing"
"tl6","Nothing",2025-07-28 14:23:59,2025-07-28,"14:23:59",5082,84.7,1.4,0.1,"E:/tenquille_oct_tagged/tl6_oct25/102RECNX","RCNX0282.JPG","Nothing",1,NA,"Species|Nothing"
"tl6","Nothing",2025-07-28 14:55:05,2025-07-28,"14:55:05",1866,31.1,0.5,0,"E:/tenquille_oct_tagged/tl6_oct25/102RECNX","RCNX0283.JPG","Nothing",1,NA,"Species|Nothing"
"tl6","Nothing",2025-07-28 15:08:39,2025-07-28,"15:08:39",814,13.6,0.2,0,"E:/tenquille_oct_tagged/tl6_oct25/102RECNX","RCNX0284.JPG","Nothing",1,NA,"Species|Nothing"
"tl6","Nothing",2025-07-28 15:34:14,2025-07-28,"15:34:14",1535,25.6,0.4,0,"E:/tenquille_oct_tagged/tl6_oct25/102RECNX","RCNX0285.JPG","Nothing",1,NA,"Species|Nothing"
"tl6","Nothing",2025-07-29 09:44:09,2025-07-29,"09:44:09",65395,1089.9,18.2,0.8,"E:/tenquille_oct_tagged/tl6_oct25/102RECNX","RCNX0286.JPG","Nothing",1,NA,"Species|Nothing"
"tl6","Nothing",2025-07-29 09:51:54,2025-07-29,"09:51:54",465,7.8,0.1,0,"E:/tenquille_oct_tagged/tl6_oct25/102RECNX","RCNX0287.JPG","Nothing",1,NA,"Species|Nothing"
"tl6","Nothing",2025-07-29 10:26:49,2025-07-29,"10:26:49",2095,34.9,0.6,0,"E:/tenquille_oct_tagged/tl6_oct25/102RECNX","RCNX0288.JPG","Nothing",1,NA,"Species|Nothing"
"tl6","Nothing",2025-07-29 10:50:42,2025-07-29,"10:50:42",1433,23.9,0.4,0,"E:/tenquille_oct_tagged/tl6_oct25/102RECNX","RCNX0289.JPG","Nothing",1,NA,"Species|Nothing"
"tl6","Nothing",2025-07-30 08:34:01,2025-07-30,"08:34:01",78199,1303.3,21.7,0.9,"E:/tenquille_oct_tagged/tl6_oct25/102RECNX","RCNX0291.JPG","Nothing",1,NA,"Species|Nothing"
"tl6","Nothing",2025-07-30 09:55:52,2025-07-30,"09:55:52",4911,81.8,1.4,0.1,"E:/tenquille_oct_tagged/tl6_oct25/102RECNX","RCNX0293.JPG","Nothing",1,NA,"Species|Nothing"
"tl6","Nothing",2025-07-30 14:25:17,2025-07-30,"14:25:17",16165,269.4,4.5,0.2,"E:/tenquille_oct_tagged/tl6_oct25/102RECNX","RCNX0297.JPG","Nothing",1,NA,"Species|Nothing"
"tl6","Nothing",2025-07-30 15:13:50,2025-07-30,"15:13:50",2913,48.5,0.8,0,"E:/tenquille_oct_tagged/tl6_oct25/102RECNX","RCNX0298.JPG","Nothing",2,NA,"Species|Nothing"
"tl6","Nothing",2025-07-30 20:43:41,2025-07-30,"20:43:41",19743,329,5.5,0.2,"E:/tenquille_oct_tagged/tl6_oct25/102RECNX","RCNX0300.JPG","Nothing",1,NA,"Species|Nothing"
"tl6","Nothing",2025-08-02 12:31:56,2025-08-02,"12:31:56",229695,3828.2,63.8,2.7,"E:/tenquille_oct_tagged/tl6_oct25/102RECNX","RCNX0307.JPG","Nothing",1,NA,"Species|Nothing"
"tl6","Nothing",2025-08-02 13:05:04,2025-08-02,"13:05:04",1988,33.1,0.6,0,"E:/tenquille_oct_tagged/tl6_oct25/102RECNX","RCNX0308.JPG","Nothing",2,NA,"Species|Nothing"
"tl6","Nothing",2025-08-02 14:26:54,2025-08-02,"14:26:54",4908,81.8,1.4,0.1,"E:/tenquille_oct_tagged/tl6_oct25/102RECNX","RCNX0310.JPG","Nothing",1,NA,"Species|Nothing"
"tl6","Nothing",2025-08-02 15:40:38,2025-08-02,"15:40:38",4424,73.7,1.2,0,"E:/tenquille_oct_tagged/tl6_oct25/102RECNX","RCNX0311.JPG","Nothing",2,NA,"Species|Nothing"
"tl6","Nothing",2025-08-03 11:27:58,2025-08-03,"11:27:58",71238,1187.3,19.8,0.8,"E:/tenquille_oct_tagged/tl6_oct25/102RECNX","RCNX0315.JPG","Nothing",1,NA,"Species|Nothing"
"tl6","Nothing",2025-08-03 12:49:09,2025-08-03,"12:49:09",4871,81.2,1.4,0.1,"E:/tenquille_oct_tagged/tl6_oct25/102RECNX","RCNX0316.JPG","Nothing",1,NA,"Species|Nothing"
"tl6","Nothing",2025-08-04 12:35:14,2025-08-04,"12:35:14",85565,1426.1,23.8,1,"E:/tenquille_oct_tagged/tl6_oct25/102RECNX","RCNX0317.JPG","Nothing",2,NA,"Species|Nothing"
"tl6","Nothing",2025-08-04 14:56:01,2025-08-04,"14:56:01",8433,140.6,2.3,0.1,"E:/tenquille_oct_tagged/tl6_oct25/102RECNX","RCNX0319.JPG","Nothing",1,NA,"Species|Nothing"
"tl6","Nothing",2025-08-04 15:03:52,2025-08-04,"15:03:52",471,7.8,0.1,0,"E:/tenquille_oct_tagged/tl6_oct25/102RECNX","RCNX0320.JPG","Nothing",1,NA,"Species|Nothing"
"tl6","Nothing",2025-08-04 15:09:17,2025-08-04,"15:09:17",325,5.4,0.1,0,"E:/tenquille_oct_tagged/tl6_oct25/102RECNX","RCNX0321.JPG","Nothing",1,NA,"Species|Nothing"
"tl6","Nothing",2025-08-04 15:18:49,2025-08-04,"15:18:49",572,9.5,0.2,0,"E:/tenquille_oct_tagged/tl6_oct25/102RECNX","RCNX0322.JPG","Nothing",1,NA,"Species|Nothing"
"tl6","Nothing",2025-08-04 15:33:03,2025-08-04,"15:33:03",854,14.2,0.2,0,"E:/tenquille_oct_tagged/tl6_oct25/102RECNX","RCNX0323.JPG","Nothing",2,NA,"Species|Nothing"
"tl6","Nothing",2025-08-05 12:44:42,2025-08-05,"12:44:42",76294,1271.6,21.2,0.9,"E:/tenquille_oct_tagged/tl6_oct25/102RECNX","RCNX0326.JPG","Nothing",1,NA,"Species|Nothing"
"tl6","Nothing",2025-08-07 17:45:26,2025-08-07,"17:45:26",190844,3180.7,53,2.2,"E:/tenquille_oct_tagged/tl6_oct25/102RECNX","RCNX0327.JPG","Nothing",1,NA,"Species|Nothing"
"tl6","Nothing",2025-08-08 10:22:26,2025-08-08,"10:22:26",59820,997,16.6,0.7,"E:/tenquille_oct_tagged/tl6_oct25/102RECNX","RCNX0328.JPG","Nothing",1,NA,"Species|Nothing"
"tl6","Nothing",2025-08-10 12:00:25,2025-08-10,"12:00:25",178679,2978,49.6,2.1,"E:/tenquille_oct_tagged/tl6_oct25/102RECNX","RCNX0329.JPG","Nothing",1,NA,"Species|Nothing"
"tl6","Nothing",2025-08-10 12:05:26,2025-08-10,"12:05:26",301,5,0.1,0,"E:/tenquille_oct_tagged/tl6_oct25/102RECNX","RCNX0330.JPG","Nothing",1,NA,"Species|Nothing"
"tl6","Nothing",2025-08-10 12:26:48,2025-08-10,"12:26:48",1282,21.4,0.4,0,"E:/tenquille_oct_tagged/tl6_oct25/102RECNX","RCNX0331.JPG","Nothing",1,NA,"Species|Nothing"
"tl6","Nothing",2025-08-10 14:26:40,2025-08-10,"14:26:40",7192,119.9,2,0.1,"E:/tenquille_oct_tagged/tl6_oct25/102RECNX","RCNX0332.JPG","Nothing",1,NA,"Species|Nothing"
"tl6","Nothing",2025-08-11 10:16:48,2025-08-11,"10:16:48",71408,1190.1,19.8,0.8,"E:/tenquille_oct_tagged/tl6_oct25/102RECNX","RCNX0333.JPG","Nothing",1,NA,"Species|Nothing"
"tl6","Nothing",2025-08-11 11:10:18,2025-08-11,"11:10:18",3210,53.5,0.9,0,"E:/tenquille_oct_tagged/tl6_oct25/102RECNX","RCNX0334.JPG","Nothing",1,NA,"Species|Nothing"
"tl6","Nothing",2025-08-11 11:54:28,2025-08-11,"11:54:28",2650,44.2,0.7,0,"E:/tenquille_oct_tagged/tl6_oct25/102RECNX","RCNX0335.JPG","Nothing",1,NA,"Species|Nothing"
"tl6","Nothing",2025-08-11 12:29:52,2025-08-11,"12:29:52",2124,35.4,0.6,0,"E:/tenquille_oct_tagged/tl6_oct25/102RECNX","RCNX0336.JPG","Nothing",1,NA,"Species|Nothing"
"tl6","Nothing",2025-08-11 12:38:41,2025-08-11,"12:38:41",529,8.8,0.1,0,"E:/tenquille_oct_tagged/tl6_oct25/102RECNX","RCNX0337.JPG","Nothing",1,NA,"Species|Nothing"
"tl6","Nothing",2025-08-11 12:53:39,2025-08-11,"12:53:39",898,15,0.2,0,"E:/tenquille_oct_tagged/tl6_oct25/102RECNX","RCNX0338.JPG","Nothing",1,NA,"Species|Nothing"
"tl6","Nothing",2025-08-11 13:03:28,2025-08-11,"13:03:28",589,9.8,0.2,0,"E:/tenquille_oct_tagged/tl6_oct25/102RECNX","RCNX0339.JPG","Nothing",1,NA,"Species|Nothing"
"tl6","Nothing",2025-08-11 13:23:08,2025-08-11,"13:23:08",1180,19.7,0.3,0,"E:/tenquille_oct_tagged/tl6_oct25/102RECNX","RCNX0340.JPG","Nothing",3,NA,"Species|Nothing"
"tl6","Nothing",2025-08-11 15:12:41,2025-08-11,"15:12:41",6560,109.3,1.8,0.1,"E:/tenquille_oct_tagged/tl6_oct25/102RECNX","RCNX0343.JPG","Nothing",1,NA,"Species|Nothing"
"tl6","Nothing",2025-08-12 14:44:49,2025-08-12,"14:44:49",84728,1412.1,23.5,1,"E:/tenquille_oct_tagged/tl6_oct25/102RECNX","RCNX0344.JPG","Nothing",1,NA,"Species|Nothing"
"tl6","Nothing",2025-08-12 14:53:41,2025-08-12,"14:53:41",532,8.9,0.1,0,"E:/tenquille_oct_tagged/tl6_oct25/102RECNX","RCNX0345.JPG","Nothing",4,NA,"Species|Nothing"
"tl6","Nothing",2025-08-12 15:44:33,2025-08-12,"15:44:33",3046,50.8,0.8,0,"E:/tenquille_oct_tagged/tl6_oct25/102RECNX","RCNX0349.JPG","Nothing",1,NA,"Species|Nothing"
"tl6","Nothing",2025-08-13 09:57:10,2025-08-13,"09:57:10",65557,1092.6,18.2,0.8,"E:/tenquille_oct_tagged/tl6_oct25/102RECNX","RCNX0352.JPG","Nothing",1,NA,"Species|Nothing"
"tl6","Nothing",2025-08-13 14:54:22,2025-08-13,"14:54:22",17832,297.2,5,0.2,"E:/tenquille_oct_tagged/tl6_oct25/102RECNX","RCNX0353.JPG","Nothing",5,NA,"Species|Nothing"
"tl6","Nothing",2025-08-13 19:48:09,2025-08-13,"19:48:09",17406,290.1,4.8,0.2,"E:/tenquille_oct_tagged/tl6_oct25/102RECNX","RCNX0358.JPG","Nothing",1,NA,"Species|Nothing"
"tl6","Nothing",2025-08-17 12:26:51,2025-08-17,"12:26:51",319122,5318.7,88.6,3.7,"E:/tenquille_oct_tagged/tl6_oct25/102RECNX","RCNX0360.JPG","Nothing",1,NA,"Species|Nothing"
"tl6","Nothing",2025-08-19 10:13:38,2025-08-19,"10:13:38",164807,2746.8,45.8,1.9,"E:/tenquille_oct_tagged/tl6_oct25/102RECNX","RCNX0362.JPG","Nothing",1,NA,"Species|Nothing"
"tl6","Nothing",2025-08-21 11:51:59,2025-08-21,"11:51:59",178701,2978.3,49.6,2.1,"E:/tenquille_oct_tagged/tl6_oct25/102RECNX","RCNX0365.JPG","Nothing",1,NA,"Species|Nothing"
"tl6","Nothing",2025-08-26 15:14:40,2025-08-26,"15:14:40",444161,7402.7,123.4,5.1,"E:/tenquille_oct_tagged/tl6_oct25/102RECNX","RCNX0419.JPG","Nothing",1,NA,"Species|Nothing"
"tl6","Nothing",2025-08-26 15:20:53,2025-08-26,"15:20:53",373,6.2,0.1,0,"E:/tenquille_oct_tagged/tl6_oct25/102RECNX","RCNX0420.JPG","Nothing",1,NA,"Species|Nothing"
"tl6","Nothing",2025-08-26 15:35:36,2025-08-26,"15:35:36",883,14.7,0.2,0,"E:/tenquille_oct_tagged/tl6_oct25/102RECNX","RCNX0421.JPG","Nothing",1,NA,"Species|Nothing"
"tl6","Nothing",2025-08-27 13:43:07,2025-08-27,"13:43:07",79651,1327.5,22.1,0.9,"E:/tenquille_oct_tagged/tl6_oct25/102RECNX","RCNX0425.JPG","Nothing",6,NA,"Species|Nothing"
"tl6","Nothing",2025-08-27 16:05:46,2025-08-27,"16:05:46",8489,141.5,2.4,0.1,"E:/tenquille_oct_tagged/tl6_oct25/102RECNX","RCNX0431.JPG","Nothing",1,NA,"Species|Nothing"
"tl6","Nothing",2025-08-29 14:34:09,2025-08-29,"14:34:09",167303,2788.4,46.5,1.9,"E:/tenquille_oct_tagged/tl6_oct25/102RECNX","RCNX0434.JPG","Nothing",1,NA,"Species|Nothing"
"tl6","Nothing",2025-08-29 14:58:34,2025-08-29,"14:58:34",1465,24.4,0.4,0,"E:/tenquille_oct_tagged/tl6_oct25/102RECNX","RCNX0435.JPG","Nothing",2,NA,"Species|Nothing"
"tl6","Nothing",2025-08-29 15:07:10,2025-08-29,"15:07:10",508,8.5,0.1,0,"E:/tenquille_oct_tagged/tl6_oct25/102RECNX","RCNX0437.JPG","Nothing",1,NA,"Species|Nothing"
"tl6","Nothing",2025-08-29 15:17:02,2025-08-29,"15:17:02",592,9.9,0.2,0,"E:/tenquille_oct_tagged/tl6_oct25/102RECNX","RCNX0438.JPG","Nothing",2,NA,"Species|Nothing"
"tl6","Nothing",2025-08-29 16:10:04,2025-08-29,"16:10:04",3179,53,0.9,0,"E:/tenquille_oct_tagged/tl6_oct25/102RECNX","RCNX0440.JPG","Nothing",1,NA,"Species|Nothing"
"tl6","Nothing",2025-08-31 12:55:25,2025-08-31,"12:55:25",161121,2685.3,44.8,1.9,"E:/tenquille_oct_tagged/tl6_oct25/102RECNX","RCNX0441.JPG","Nothing",1,NA,"Species|Nothing"
"tl6","Nothing",2025-08-31 15:18:53,2025-08-31,"15:18:53",8608,143.5,2.4,0.1,"E:/tenquille_oct_tagged/tl6_oct25/102RECNX","RCNX0442.JPG","Nothing",1,NA,"Species|Nothing"
"tl6","Nothing",2025-09-01 15:32:34,2025-09-01,"15:32:34",87221,1453.7,24.2,1,"E:/tenquille_oct_tagged/tl6_oct25/102RECNX","RCNX0443.JPG","Nothing",1,NA,"Species|Nothing"
"tl6","Nothing",2025-09-03 12:29:26,2025-09-03,"12:29:26",161812,2696.9,44.9,1.9,"E:/tenquille_oct_tagged/tl6_oct25/102RECNX","RCNX0444.JPG","Nothing",1,NA,"Species|Nothing"
"tl6","Nothing",2025-09-03 12:57:21,2025-09-03,"12:57:21",1675,27.9,0.5,0,"E:/tenquille_oct_tagged/tl6_oct25/102RECNX","RCNX0445.JPG","Nothing",1,NA,"Species|Nothing"
"tl6","Nothing",2025-09-04 13:15:52,2025-09-04,"13:15:52",87511,1458.5,24.3,1,"E:/tenquille_oct_tagged/tl6_oct25/102RECNX","RCNX0446.JPG","Nothing",1,NA,"Species|Nothing"
"tl6","Nothing",2025-09-09 16:37:13,2025-09-09,"16:37:13",444081,7401.4,123.4,5.1,"E:/tenquille_oct_tagged/tl6_oct25/102RECNX","RCNX0465.JPG","Nothing",1,NA,"Species|Nothing"
"tl6","Nothing",2025-09-15 15:57:10,2025-09-15,"15:57:10",515997,8600,143.3,6,"E:/tenquille_oct_tagged/tl6_oct25/102RECNX","RCNX0467.JPG","Nothing",1,NA,"Species|Nothing"
"tl6","Nothing",2025-09-20 15:25:03,2025-09-20,"15:25:03",430073,7167.9,119.5,5,"E:/tenquille_oct_tagged/tl6_oct25/102RECNX","RCNX0474.JPG","Nothing",2,NA,"Species|Nothing"
"tl6","Nothing",2025-09-22 18:39:48,2025-09-22,"18:39:48",184470,3074.5,51.2,2.1,"E:/tenquille_oct_tagged/tl6_oct25/102RECNX","RCNX0477.JPG","Nothing",1,NA,"Species|Nothing"
"tl6","Nothing",2025-09-28 17:29:39,2025-09-28,"17:29:39",514191,8569.9,142.8,6,"E:/tenquille_oct_tagged/tl6_oct25/102RECNX","RCNX0484.JPG","Nothing",1,NA,"Species|Nothing"
"tl6","Nothing",2025-10-01 16:57:01,2025-10-01,"16:57:01",257242,4287.4,71.5,3,"E:/tenquille_oct_tagged/tl6_oct25/102RECNX","RCNX0487.JPG","Nothing",1,NA,"Species|Nothing"
"tl6","Nothing",2025-10-04 13:41:20,2025-10-04,"13:41:20",247459,4124.3,68.7,2.9,"E:/tenquille_oct_tagged/tl6_oct25/102RECNX","RCNX0488.JPG","Nothing",1,NA,"Species|Nothing"
"tl6","Nothing",2025-10-05 02:27:22,2025-10-05,"02:27:22",45962,766,12.8,0.5,"E:/tenquille_oct_tagged/tl6_oct25/102RECNX","RCNX0489.JPG","Nothing",1,NA,"Species|Nothing"
"tl6","Nothing",2025-10-05 08:44:31,2025-10-05,"08:44:31",22629,377.1,6.3,0.3,"E:/tenquille_oct_tagged/tl6_oct25/102RECNX","RCNX0490.JPG","Nothing",1,NA,"Species|Nothing"
"tl6","Nothing",2025-10-05 17:15:12,2025-10-05,"17:15:12",30641,510.7,8.5,0.4,"E:/tenquille_oct_tagged/tl6_oct25/102RECNX","RCNX0491.JPG","Nothing",1,NA,"Species|Nothing"
"tl6","Nothing",2025-10-05 17:27:58,2025-10-05,"17:27:58",766,12.8,0.2,0,"E:/tenquille_oct_tagged/tl6_oct25/102RECNX","RCNX0492.JPG","Nothing",1,NA,"Species|Nothing"
"tl6","Nothing",2025-10-09 17:47:42,2025-10-09,"17:47:42",346784,5779.7,96.3,4,"E:/tenquille_oct_tagged/tl6_oct25/102RECNX","RCNX0499.JPG","Nothing",1,NA,"Species|Nothing"
"tl6","Nothing",2025-10-11 04:51:03,2025-10-11,"04:51:03",126201,2103.3,35.1,1.5,"E:/tenquille_oct_tagged/tl6_oct25/102RECNX","RCNX0501.JPG","Nothing",1,NA,"Species|Nothing"
"tl6","Nothing",2025-10-13 10:45:48,2025-10-13,"10:45:48",194085,3234.8,53.9,2.2,"E:/tenquille_oct_tagged/tl6_oct25/102RECNX","RCNX0509.JPG","Nothing",1,NA,"Species|Nothing"
"tl6","Nothing",2025-10-15 15:32:27,2025-10-15,"15:32:27",189999,3166.7,52.8,2.2,"E:/tenquille_oct_tagged/tl6_oct25/102RECNX","RCNX0510.JPG","Nothing",1,NA,"Species|Nothing"
"tl6","Nothing",2025-10-26 01:09:28,2025-10-26,"01:09:28",898621,14977,249.6,10.4,"E:/tenquille_oct_tagged/tl6_oct25/102RECNX","RCNX0522.JPG","Nothing",1,NA,"Species|Nothing"
"tl6","People",2025-06-18 15:54:47,2025-06-18,"15:54:47",0,0,0,0,"E:/tenquille_oct_tagged/tl6_oct25/100RECNX","RCNX0001.JPG","People",6,NA,"Species|People"
"tl6","People",2025-06-18 16:00:23,2025-06-18,"16:00:23",306,5.1,0.1,0,"E:/tenquille_oct_tagged/tl6_oct25/101RECNX","RCNX0001.JPG","People",11,NA,"Species|People"
"tl6","People",2025-06-18 16:11:18,2025-06-18,"16:11:18",603,10.1,0.2,0,"E:/tenquille_oct_tagged/tl6_oct25/102RECNX","RCNX0001.JPG","People",45,NA,"Species|People"
"tl6","People",2025-10-26 09:00:08,2025-10-26,"09:00:08",11205696,186761.6,3112.7,129.7,"E:/tenquille_oct_tagged/tl6_oct25/102RECNX","RCNX0523.JPG","People",62,NA,"Species|People"
"tl6","Rodent - other",2025-09-17 20:57:41,2025-09-17,"20:57:41",0,0,0,0,"E:/tenquille_oct_tagged/tl6_oct25/102RECNX","RCNX0471.JPG","Rodent - other",1,NA,"Species|Rodent - other"
"tl6","Rodent - other",2025-09-26 22:56:53,2025-09-26,"22:56:53",784752,13079.2,218,9.1,"E:/tenquille_oct_tagged/tl6_oct25/102RECNX","RCNX0481.JPG","Rodent - other",1,NA,"Species|Rodent - other"
"tl6","Rodent - other",2025-09-26 23:42:03,2025-09-26,"23:42:03",2710,45.2,0.8,0,"E:/tenquille_oct_tagged/tl6_oct25/102RECNX","RCNX0482.JPG","Rodent - other",1,NA,"Species|Rodent - other"
"tl6","Snowshoe hare",2025-08-02 02:22:35,2025-08-02,"02:22:35",0,0,0,0,"E:/tenquille_oct_tagged/tl6_oct25/102RECNX","RCNX0303.JPG","Snowshoe hare",4,NA,"Species|Snowshoe hare"
"tl6","Snowshoe hare",2025-08-03 03:39:36,2025-08-03,"03:39:36",90875,1514.6,25.2,1,"E:/tenquille_oct_tagged/tl6_oct25/102RECNX","RCNX0313.JPG","Snowshoe hare",1,NA,"Species|Snowshoe hare"
"tl6","Snowshoe hare",2025-08-03 03:54:14,2025-08-03,"03:54:14",878,14.6,0.2,0,"E:/tenquille_oct_tagged/tl6_oct25/102RECNX","RCNX0314.JPG","Snowshoe hare",1,NA,"Species|Snowshoe hare"
"tl6","Snowshoe hare",2025-08-25 00:37:37,2025-08-25,"00:37:37",1889003,31483.4,524.7,21.9,"E:/tenquille_oct_tagged/tl6_oct25/102RECNX","RCNX0366.JPG","Snowshoe hare",3,NA,"Species|Snowshoe hare"
"tl6","Snowshoe hare",2025-08-26 22:13:47,2025-08-26,"22:13:47",164166,2736.1,45.6,1.9,"E:/tenquille_oct_tagged/tl6_oct25/102RECNX","RCNX0422.JPG","Snowshoe hare",3,NA,"Species|Snowshoe hare"
"tl6","Snowshoe hare",2025-09-26 05:54:51,2025-09-26,"05:54:51",2619621,43660.3,727.7,30.3,"E:/tenquille_oct_tagged/tl6_oct25/102RECNX","RCNX0480.JPG","Snowshoe hare",1,NA,"Species|Snowshoe hare"
"tl6","Snowshoe hare",2025-10-09 22:57:45,2025-10-09,"22:57:45",1184574,19742.9,329,13.7,"E:/tenquille_oct_tagged/tl6_oct25/102RECNX","RCNX0500.JPG","Snowshoe hare",1,NA,"Species|Snowshoe hare"
"tl6","Snowshoe hare",2025-10-18 19:31:22,2025-10-18,"19:31:22",765217,12753.6,212.6,8.9,"E:/tenquille_oct_tagged/tl6_oct25/102RECNX","RCNX0511.JPG","Snowshoe hare",3,NA,"Species|Snowshoe hare"
"tl6","Unknown",2025-07-28 12:59:20,2025-07-28,"12:59:20",0,0,0,0,"E:/tenquille_oct_tagged/tl6_oct25/102RECNX","RCNX0281.JPG","Unknown",1,NA,"Species|Unknown"
"tl6","Unknown",2025-08-25 07:51:11,2025-08-25,"07:51:11",2400711,40011.8,666.9,27.8,"E:/tenquille_oct_tagged/tl6_oct25/102RECNX","RCNX0372.JPG","Unknown",1,NA,"Species|Unknown"
"tl6","Unknown",2025-09-08 07:27:40,2025-09-08,"07:27:40",1208189,20136.5,335.6,14,"E:/tenquille_oct_tagged/tl6_oct25/102RECNX","RCNX0449.JPG","Unknown",1,NA,"Species|Unknown"
"tl6","Unknown",2025-09-28 05:14:02,2025-09-28,"05:14:02",1719982,28666.4,477.8,19.9,"E:/tenquille_oct_tagged/tl6_oct25/102RECNX","RCNX0483.JPG","Unknown",1,NA,"Species|Unknown"
"tl7","Bird",2025-10-02 12:35:39,2025-10-02,"12:35:39",0,0,0,0,"E:/tenquille_oct_tagged/tl7_oct25/100RECNX","RCNX0015.JPG","Bird",2,"NA","Species|Bird"
"tl7","Bird",2025-10-08 11:47:23,2025-10-08,"11:47:23",515501,8591.7,143.2,6,"E:/tenquille_oct_tagged/tl7_oct25/100RECNX","RCNX0036.JPG","Bird",4,"NA","Species|Bird"
"tl7","Bird",2025-10-12 12:45:22,2025-10-12,"12:45:22",348878,5814.6,96.9,4,"E:/tenquille_oct_tagged/tl7_oct25/100RECNX","RCNX0080.JPG","Bird",2,"NA","Species|Bird"
"tl7","Bird",2025-10-18 11:17:52,2025-10-18,"11:17:52",513148,8552.5,142.5,5.9,"E:/tenquille_oct_tagged/tl7_oct25/100RECNX","RCNX0100.JPG","Bird",1,"NA","Species|Bird"
"tl7","Black bear",2025-10-12 15:58:51,2025-10-12,"15:58:51",0,0,0,0,"E:/tenquille_oct_tagged/tl7_oct25/100RECNX","RCNX0082.JPG","Black bear",3,"NA","Species|Black bear"
"tl7","Bobcat",2025-10-09 19:00:58,2025-10-09,"19:00:58",0,0,0,0,"E:/tenquille_oct_tagged/tl7_oct25/100RECNX","RCNX0067.JPG","Bobcat",1,"NA","Species|Bobcat"
"tl7","Chipmunk",2025-09-23 11:56:09,2025-09-23,"11:56:09",0,0,0,0,"E:/tenquille_oct_tagged/tl7_oct25/100RECNX","RCNX0009.JPG","Chipmunk",1,"NA","Species|Chipmunk"
"tl7","Chipmunk",2025-10-01 15:39:16,2025-10-01,"15:39:16",704587,11743.1,195.7,8.2,"E:/tenquille_oct_tagged/tl7_oct25/100RECNX","RCNX0014.JPG","Chipmunk",1,"NA","Species|Chipmunk"
"tl7","Chipmunk",2025-10-03 11:49:31,2025-10-03,"11:49:31",159015,2650.2,44.2,1.8,"E:/tenquille_oct_tagged/tl7_oct25/100RECNX","RCNX0032.JPG","Chipmunk",1,"NA","Species|Chipmunk"
"tl7","Chipmunk",2025-10-08 08:28:33,2025-10-08,"08:28:33",419942,6999,116.7,4.9,"E:/tenquille_oct_tagged/tl7_oct25/100RECNX","RCNX0035.JPG","Chipmunk",1,"NA","Species|Chipmunk"
"tl7","Douglas squirrel",2025-10-07 13:48:43,2025-10-07,"13:48:43",0,0,0,0,"E:/tenquille_oct_tagged/tl7_oct25/100RECNX","RCNX0034.JPG","Douglas squirrel",1,"NA","Species|Douglas squirrel"
"tl7","Douglas squirrel",2025-10-19 08:02:36,2025-10-19,"08:02:36",1016033,16933.9,282.2,11.8,"E:/tenquille_oct_tagged/tl7_oct25/100RECNX","RCNX0102.JPG","Douglas squirrel",1,"NA","Species|Douglas squirrel"
"tl7","Mule deer",2025-10-10 10:13:22,2025-10-10,"10:13:22",0,0,0,0,"E:/tenquille_oct_tagged/tl7_oct25/100RECNX","RCNX0068.JPG","Mule deer",12,"NA","Species|Mule deer"
"tl7","Mule deer",2025-10-13 02:16:37,2025-10-13,"02:16:37",230571,3842.8,64,2.7,"E:/tenquille_oct_tagged/tl7_oct25/100RECNX","RCNX0085.JPG","Mule deer",13,"NA","Species|Mule deer"
"tl7","Mule deer",2025-10-14 04:02:53,2025-10-14,"04:02:53",92671,1544.5,25.7,1.1,"E:/tenquille_oct_tagged/tl7_oct25/100RECNX","RCNX0098.JPG","Mule deer",1,"NA","Species|Mule deer"
"tl7","Nothing",2025-09-23 13:24:00,2025-09-23,"13:24:00",0,0,0,0,"E:/tenquille_oct_tagged/tl7_oct25/100RECNX","RCNX0010.JPG","Nothing",1,"NA","Species|Nothing"
"tl7","Nothing",2025-09-24 20:36:32,2025-09-24,"20:36:32",112352,1872.5,31.2,1.3,"E:/tenquille_oct_tagged/tl7_oct25/100RECNX","RCNX0011.JPG","Nothing",1,"NA","Species|Nothing"
"tl7","Nothing",2025-09-30 21:50:00,2025-09-30,"21:50:00",522808,8713.5,145.2,6,"E:/tenquille_oct_tagged/tl7_oct25/100RECNX","RCNX0013.JPG","Nothing",1,"NA","Species|Nothing"
"tl7","Nothing",2025-10-03 11:52:10,2025-10-03,"11:52:10",223330,3722.2,62,2.6,"E:/tenquille_oct_tagged/tl7_oct25/100RECNX","RCNX0033.JPG","Nothing",1,"NA","Species|Nothing"
"tl7","Nothing",2025-10-08 16:39:20,2025-10-08,"16:39:20",449230,7487.2,124.8,5.2,"E:/tenquille_oct_tagged/tl7_oct25/100RECNX","RCNX0040.JPG","Nothing",1,"NA","Species|Nothing"
"tl7","Nothing",2025-10-21 00:56:06,2025-10-21,"00:56:06",1066606,17776.8,296.3,12.3,"E:/tenquille_oct_tagged/tl7_oct25/100RECNX","RCNX0104.JPG","Nothing",1,"NA","Species|Nothing"
"tl7","Nothing",2025-10-21 15:09:52,2025-10-21,"15:09:52",51226,853.8,14.2,0.6,"E:/tenquille_oct_tagged/tl7_oct25/100RECNX","RCNX0105.JPG","Nothing",1,"NA","Species|Nothing"
"tl7","People",2025-09-19 18:11:59,2025-09-19,"18:11:59",0,0,0,0,"E:/tenquille_oct_tagged/tl7_oct25/100RECNX","RCNX0001.JPG","People",8,"NA","Species|People"
"tl7","People",2025-10-09 09:31:12,2025-10-09,"09:31:12",1696520,28275.3,471.3,19.6,"E:/tenquille_oct_tagged/tl7_oct25/100RECNX","RCNX0041.JPG","People",25,"Unknown","Species|People, People|Unknown"
"tl7","People",2025-10-09 15:19:54,2025-10-09,"15:19:54",20796,346.6,5.8,0.2,"E:/tenquille_oct_tagged/tl7_oct25/100RECNX","RCNX0066.JPG","People",1,"Unknown","Species|People, People|Unknown"
"tl7","People",2025-10-23 17:50:12,2025-10-23,"17:50:12",1218618,20310.3,338.5,14.1,"E:/tenquille_oct_tagged/tl7_oct25/100RECNX","RCNX0106.JPG","People",15,"NA","Species|People"
"tl7","Snowshoe hare",2025-10-02 23:42:44,2025-10-02,"23:42:44",0,0,0,0,"E:/tenquille_oct_tagged/tl7_oct25/100RECNX","RCNX0017.JPG","Snowshoe hare",12,"NA","Species|Snowshoe hare"
"tl7","Snowshoe hare",2025-10-03 00:14:03,2025-10-03,"00:14:03",1542,25.7,0.4,0,"E:/tenquille_oct_tagged/tl7_oct25/100RECNX","RCNX0029.JPG","Snowshoe hare",3,"NA","Species|Snowshoe hare"
"tl7","Snowshoe hare",2025-10-15 19:34:59,2025-10-15,"19:34:59",1106452,18440.9,307.3,12.8,"E:/tenquille_oct_tagged/tl7_oct25/100RECNX","RCNX0099.JPG","Snowshoe hare",1,"NA","Species|Snowshoe hare"
"tl7","Snowshoe hare",2025-10-20 05:56:13,2025-10-20,"05:56:13",382874,6381.2,106.4,4.4,"E:/tenquille_oct_tagged/tl7_oct25/100RECNX","RCNX0103.JPG","Snowshoe hare",1,"NA","Species|Snowshoe hare"
"tl7","Unknown",2025-09-24 21:49:17,2025-09-24,"21:49:17",0,0,0,0,"E:/tenquille_oct_tagged/tl7_oct25/100RECNX","RCNX0012.JPG","Unknown",1,"NA","Species|Unknown"
"tl7","Unknown",2025-10-18 23:06:25,2025-10-18,"23:06:25",2078228,34637.1,577.3,24.1,"E:/tenquille_oct_tagged/tl7_oct25/100RECNX","RCNX0101.JPG","Unknown",1,"NA","Species|Unknown"
"tl8","Douglas squirrel",2025-10-02 14:14:02,2025-10-02,"14:14:02",0,0,0,0,"E:/tenquille_oct_tagged/tl8_oct25/100RECNX","RCNX0016.JPG","Douglas squirrel",1,"NA","Species|Douglas squirrel"
"tl8","Douglas squirrel",2025-10-05 09:38:18,2025-10-05,"09:38:18",242656,4044.3,67.4,2.8,"E:/tenquille_oct_tagged/tl8_oct25/100RECNX","RCNX0021.JPG","Douglas squirrel",14,"NA","Species|Douglas squirrel"
"tl8","Douglas squirrel",2025-10-09 11:40:19,2025-10-09,"11:40:19",352742,5879,98,4.1,"E:/tenquille_oct_tagged/tl8_oct25/100RECNX","RCNX0035.JPG","Douglas squirrel",4,"NA","Species|Douglas squirrel"
"tl8","Douglas squirrel",2025-10-11 07:52:26,2025-10-11,"07:52:26",159103,2651.7,44.2,1.8,"E:/tenquille_oct_tagged/tl8_oct25/100RECNX","RCNX0039.JPG","Douglas squirrel",1,"NA","Species|Douglas squirrel"
"tl8","Mule deer",2025-10-03 09:32:49,2025-10-03,"09:32:49",0,0,0,0,"E:/tenquille_oct_tagged/tl8_oct25/100RECNX","RCNX0017.JPG","Mule deer",3,"NA","Species|Mule deer"
"tl8","Nothing",2025-10-04 09:56:35,2025-10-04,"09:56:35",0,0,0,0,"E:/tenquille_oct_tagged/tl8_oct25/100RECNX","RCNX0020.JPG","Nothing",1,"NA","Species|Nothing"
"tl8","Nothing",2025-10-13 11:27:10,2025-10-13,"11:27:10",783035,13050.6,217.5,9.1,"E:/tenquille_oct_tagged/tl8_oct25/100RECNX","RCNX0040.JPG","Nothing",1,"NA","Species|Nothing"
"tl8","Nothing",2025-10-17 11:11:43,2025-10-17,"11:11:43",344673,5744.6,95.7,4,"E:/tenquille_oct_tagged/tl8_oct25/100RECNX","RCNX0041.JPG","Nothing",1,"NA","Species|Nothing"
"tl8","Nothing",2025-10-17 13:46:30,2025-10-17,"13:46:30",9287,154.8,2.6,0.1,"E:/tenquille_oct_tagged/tl8_oct25/100RECNX","RCNX0042.JPG","Nothing",1,"NA","Species|Nothing"
"tl8","People",2025-09-21 10:07:02,2025-09-21,"10:07:02",0,0,0,0,"E:/tenquille_oct_tagged/tl8_oct25/100RECNX","RCNX0001.JPG","People",14,"NA","Species|People"
"tl8","People",2025-10-25 16:53:42,2025-10-25,"16:53:42",2961834,49363.9,822.7,34.3,"E:/tenquille_oct_tagged/tl8_oct25/100RECNX","RCNX0043.JPG","People",22,"Unconfirmed","People|Unconfirmed, Species|People"
"tl8","Snowshoe hare",2025-09-22 02:11:06,2025-09-22,"02:11:06",0,0,0,0,"E:/tenquille_oct_tagged/tl8_oct25/100RECNX","RCNX0015.JPG","Snowshoe hare",1,"NA","Species|Snowshoe hare"
"tl9","Mule deer",2025-09-27 21:02:41,2025-09-27,"21:02:41",0,0,0,0,"E:/tenquille_oct_tagged/tl9_oct25/100RECNX","RCNX0013.JPG","Mule deer",8,"NA","Species|Mule deer"
"tl9","Mule deer",2025-09-28 18:52:00,2025-09-28,"18:52:00",78543,1309,21.8,0.9,"E:/tenquille_oct_tagged/tl9_oct25/100RECNX","RCNX0021.JPG","Mule deer",17,"NA","Species|Mule deer"
"tl9","Mule deer",2025-10-14 02:15:11,2025-10-14,"02:15:11",1322544,22042.4,367.4,15.3,"E:/tenquille_oct_tagged/tl9_oct25/100RECNX","RCNX0047.JPG","Mule deer",1,"NA","Species|Mule deer"
"tl9","Mule deer",2025-10-14 20:45:21,2025-10-14,"20:45:21",66610,1110.2,18.5,0.8,"E:/tenquille_oct_tagged/tl9_oct25/100RECNX","RCNX0048.JPG","Mule deer",1,"NA","Species|Mule deer"
"tl9","Mule deer",2025-10-15 20:08:05,2025-10-15,"20:08:05",84164,1402.7,23.4,1,"E:/tenquille_oct_tagged/tl9_oct25/100RECNX","RCNX0049.JPG","Mule deer",12,"NA","Species|Mule deer"
"tl9","Mule deer",2025-10-17 06:53:41,2025-10-17,"06:53:41",125109,2085.2,34.8,1.4,"E:/tenquille_oct_tagged/tl9_oct25/100RECNX","RCNX0061.JPG","Mule deer",24,"NA","Species|Mule deer"
"tl9","Mule deer",2025-10-25 08:10:55,2025-10-25,"08:10:55",695729,11595.5,193.3,8.1,"E:/tenquille_oct_tagged/tl9_oct25/100RECNX","RCNX0087.JPG","Mule deer",22,"NA","Species|Mule deer"
"tl9","Nothing",2025-09-21 14:49:08,2025-09-21,"14:49:08",0,0,0,0,"E:/tenquille_oct_tagged/tl9_oct25/100RECNX","RCNX0009.JPG","Nothing",1,"NA","Species|Nothing"
"tl9","Nothing",2025-09-21 15:12:16,2025-09-21,"15:12:16",1388,23.1,0.4,0,"E:/tenquille_oct_tagged/tl9_oct25/100RECNX","RCNX0010.JPG","Nothing",2,"NA","Species|Nothing"
"tl9","Nothing",2025-09-21 16:41:53,2025-09-21,"16:41:53",5362,89.4,1.5,0.1,"E:/tenquille_oct_tagged/tl9_oct25/100RECNX","RCNX0012.JPG","Nothing",1,"NA","Species|Nothing"
"tl9","People",2025-09-21 12:21:28,2025-09-21,"12:21:28",0,0,0,0,"E:/tenquille_oct_tagged/tl9_oct25/100RECNX","RCNX0001.JPG","People",8,"NA","Species|People"
"tl9","People",2025-10-05 12:15:31,2025-10-05,"12:15:31",1209077,20151.3,335.9,14,"E:/tenquille_oct_tagged/tl9_oct25/100RECNX","RCNX0038.JPG","People",9,"Unknown","Species|People, People|Unknown"
"tl9","People",2025-10-25 14:35:49,2025-10-25,"14:35:49",1736394,28939.9,482.3,20.1,"E:/tenquille_oct_tagged/tl9_oct25/100RECNX","RCNX0109.JPG","People",78,"NA","Species|People"
"tl9","Wolf",2025-10-23 11:20:10,2025-10-23,"11:20:10",0,0,0,0,"E:/tenquille_oct_tagged/tl9_oct25/100RECNX","RCNX0085.JPG","Wolf",2,"NA","Species|Wolf"
