"Station","Species","DateTimeOriginal","Date","Time","delta.time.secs","delta.time.mins","delta.time.hours","delta.time.days","Directory","FileName","metadata_Species","n_images","HierarchicalSubject"
"tl1","Black bear",2025-06-19 08:56:39,2025-06-19,"08:56:39",0,0,0,0,"E:/tenquille_sept_tagged/TL-1/20-09-2025/102RECNX","RCNX0278.JPG","Black bear",1,"Species|Black bear"
"tl1","Black bear",2025-06-20 06:20:10,2025-06-20,"06:20:10",77011,1283.5,21.4,0.9,"E:/tenquille_sept_tagged/TL-1/20-09-2025/102RECNX","RCNX0279.JPG","Black bear",5,"Species, Species|Black bear"
"tl1","Black bear",2025-07-06 20:01:57,2025-07-06,"20:01:57",1431698,23861.6,397.7,16.6,"E:/tenquille_sept_tagged/TL-1/20-09-2025/102RECNX","RCNX0284.JPG","Black bear",9,"Species|Black bear"
"tl1","Black bear",2025-07-12 16:04:54,2025-07-12,"16:04:54",504106,8401.8,140,5.8,"E:/tenquille_sept_tagged/TL-1/20-09-2025/102RECNX","RCNX0293.JPG","Black bear",1,"Species|Black bear"
"tl1","Black bear",2025-07-17 07:04:53,2025-07-17,"07:04:53",399599,6660,111,4.6,"E:/tenquille_sept_tagged/TL-1/20-09-2025/102RECNX","RCNX0294.JPG","Black bear",10,"Species|Black bear"
"tl1","Black bear",2025-07-17 10:07:58,2025-07-17,"10:07:58",10916,181.9,3,0.1,"E:/tenquille_sept_tagged/TL-1/20-09-2025/102RECNX","RCNX0304.JPG","Black bear",5,"Species|Black bear"
"tl1","Black bear",2025-07-27 07:21:53,2025-07-27,"07:21:53",853994,14233.2,237.2,9.9,"E:/tenquille_sept_tagged/TL-1/20-09-2025/102RECNX","RCNX0309.JPG","Black bear",92,"Species|Black bear"
"tl1","Black bear",2025-07-29 08:12:48,2025-07-29,"08:12:48",175609,2926.8,48.8,2,"E:/tenquille_sept_tagged/TL-1/20-09-2025/102RECNX","RCNX0401.JPG","Black bear",21,"Species|Black bear"
"tl1","Black bear",2025-07-29 09:21:20,2025-07-29,"09:21:20",4060,67.7,1.1,0,"E:/tenquille_sept_tagged/TL-1/20-09-2025/102RECNX","RCNX0426.JPG","Black bear",13,"Species|Black bear"
"tl1","Mule deer",2025-08-14 09:49:42,2025-08-14,"09:49:42",0,0,0,0,"E:/tenquille_sept_tagged/TL-1/20-09-2025/102RECNX","RCNX0446.JPG","Mule deer",43,"Species|Mule deer"
"tl1","Mule deer",2025-08-31 18:57:27,2025-08-31,"18:57:27",1501498,25025,417.1,17.4,"E:/tenquille_sept_tagged/TL-1/20-09-2025/102RECNX","RCNX0504.JPG","Mule deer",8,"Species|Mule deer"
"tl1","Nothing",2025-06-17 10:19:47,2025-06-17,"10:19:47",0,0,0,0,"E:/tenquille_sept_tagged/TL-1/20-09-2025/102RECNX","RCNX0277.JPG","Nothing",1,"Species|Nothing"
"tl1","Nothing",2025-07-29 08:13:42,2025-07-29,"08:13:42",3621235,60353.9,1005.9,41.9,"E:/tenquille_sept_tagged/TL-1/20-09-2025/102RECNX","RCNX0422.JPG","Nothing",3,"Species|Nothing"
"tl1","Nothing",2025-07-29 09:21:08,2025-07-29,"09:21:08",3986,66.4,1.1,0,"E:/tenquille_sept_tagged/TL-1/20-09-2025/102RECNX","RCNX0425.JPG","Nothing",2,"Species|Nothing"
"tl1","Nothing",2025-08-11 11:49:08,2025-08-11,"11:49:08",1132013,18866.9,314.4,13.1,"E:/tenquille_sept_tagged/TL-1/20-09-2025/102RECNX","RCNX0440.JPG","Nothing",1,"Species|Nothing"
"tl1","Nothing",2025-08-11 12:33:20,2025-08-11,"12:33:20",2652,44.2,0.7,0,"E:/tenquille_sept_tagged/TL-1/20-09-2025/102RECNX","RCNX0441.JPG","Nothing",1,"Species|Nothing"
"tl1","Nothing",2025-08-11 12:45:30,2025-08-11,"12:45:30",730,12.2,0.2,0,"E:/tenquille_sept_tagged/TL-1/20-09-2025/102RECNX","RCNX0442.JPG","Nothing",2,"Species|Nothing"
"tl1","Nothing",2025-08-13 17:44:16,2025-08-13,"17:44:16",190620,3177,53,2.2,"E:/tenquille_sept_tagged/TL-1/20-09-2025/102RECNX","RCNX0444.JPG","Nothing",1,"Species|Nothing"
"tl1","Nothing",2025-08-14 09:49:40,2025-08-14,"09:49:40",57924,965.4,16.1,0.7,"E:/tenquille_sept_tagged/TL-1/20-09-2025/102RECNX","RCNX0445.JPG","Nothing",1,"Species|Nothing"
"tl1","Nothing",2025-08-20 14:39:40,2025-08-20,"14:39:40",535800,8930,148.8,6.2,"E:/tenquille_sept_tagged/TL-1/20-09-2025/102RECNX","RCNX0490.JPG","Nothing",1,"Species|Nothing"
"tl1","Nothing",2025-08-28 14:19:02,2025-08-28,"14:19:02",689962,11499.4,191.7,8,"E:/tenquille_sept_tagged/TL-1/20-09-2025/102RECNX","RCNX0491.JPG","Nothing",1,"Species|Nothing"
"tl1","Nothing",2025-08-29 11:41:16,2025-08-29,"11:41:16",76934,1282.2,21.4,0.9,"E:/tenquille_sept_tagged/TL-1/20-09-2025/102RECNX","RCNX0502.JPG","Nothing",2,"Species|Nothing"
"tl1","Nothing",2025-09-12 11:41:27,2025-09-12,"11:41:27",1209608,20160.1,336,14,"E:/tenquille_sept_tagged/TL-1/20-09-2025/102RECNX","RCNX0512.JPG","Nothing",2,"Species|Nothing"
"tl1","People",2025-06-17 09:04:18,2025-06-17,"09:04:18",0,0,0,0,"E:/tenquille_sept_tagged/TL-1/20-09-2025/100RECNX","RCNX0001.JPG","People",190,"Species|People"
"tl1","People",2025-06-17 09:40:22,2025-06-17,"09:40:22",388,6.5,0.1,0,"E:/tenquille_sept_tagged/TL-1/20-09-2025/102RECNX","RCNX0069.JPG","People",154,"Species|People"
"tl1","People",2025-06-17 10:12:03,2025-06-17,"10:12:03",1408,23.5,0.4,0,"E:/tenquille_sept_tagged/TL-1/20-09-2025/102RECNX","RCNX0223.JPG","People",54,"Species|People"
"tl1","People",2025-09-20 12:32:19,2025-09-20,"12:32:19",8215960,136932.7,2282.2,95.1,"E:/tenquille_sept_tagged/TL-1/20-09-2025/102RECNX","RCNX0514.JPG","People",2,"Species|People"
"tl1","Unknown",2025-08-20 14:39:37,2025-08-20,"14:39:37",0,0,0,0,"E:/tenquille_sept_tagged/TL-1/20-09-2025/102RECNX","RCNX0489.JPG","Unknown",1,"Species|Unknown"
"tl1","Unknown",2025-08-29 11:40:13,2025-08-29,"11:40:13",766836,12780.6,213,8.9,"E:/tenquille_sept_tagged/TL-1/20-09-2025/102RECNX","RCNX0492.JPG","Unknown",10,"Species|Unknown"
"tl10","Bird",2025-06-29 15:17:37,2025-06-29,"15:17:37",0,0,0,0,"E:/tenquille_sept_tagged/TL-10/21-09-2025/101RECNX","RCNX0012.JPG","Bird",1,"Species|Bird"
"tl10","Bird",2025-07-02 13:15:17,2025-07-02,"13:15:17",251860,4197.7,70,2.9,"E:/tenquille_sept_tagged/TL-10/21-09-2025/101RECNX","RCNX0013.JPG","Bird",1,"Species|Bird"
"tl10","Bird",2025-08-09 14:53:33,2025-08-09,"14:53:33",3289096,54818.3,913.6,38.1,"E:/tenquille_sept_tagged/TL-10/21-09-2025/101RECNX","RCNX0031.JPG","Bird",7,"Species|Bird"
"tl10","Bird",2025-08-11 12:29:33,2025-08-11,"12:29:33",164139,2735.7,45.6,1.9,"E:/tenquille_sept_tagged/TL-10/21-09-2025/101RECNX","RCNX0038.JPG","Bird",6,"Species|Bird"
"tl10","Bird",2025-08-12 14:35:18,2025-08-12,"14:35:18",93448,1557.5,26,1.1,"E:/tenquille_sept_tagged/TL-10/21-09-2025/101RECNX","RCNX0044.JPG","Bird",2,"Species|Bird"
"tl10","Bird",2025-08-12 14:49:08,2025-08-12,"14:49:08",813,13.6,0.2,0,"E:/tenquille_sept_tagged/TL-10/21-09-2025/101RECNX","RCNX0046.JPG","Bird",1,"Species|Bird"
"tl10","Bird",2025-08-13 10:07:20,2025-08-13,"10:07:20",69492,1158.2,19.3,0.8,"E:/tenquille_sept_tagged/TL-10/21-09-2025/101RECNX","RCNX0047.JPG","Bird",3,"Species|Bird"
"tl10","Bird",2025-08-13 10:22:35,2025-08-13,"10:22:35",911,15.2,0.3,0,"E:/tenquille_sept_tagged/TL-10/21-09-2025/101RECNX","RCNX0050.JPG","Bird",1,"Species|Bird"
"tl10","Bird",2025-08-16 13:10:44,2025-08-16,"13:10:44",269289,4488.1,74.8,3.1,"E:/tenquille_sept_tagged/TL-10/21-09-2025/101RECNX","RCNX0051.JPG","Bird",1,"Species|Bird"
"tl10","Douglas squirrel",2025-09-09 07:48:37,2025-09-09,"07:48:37",0,0,0,0,"E:/tenquille_sept_tagged/TL-10/21-09-2025/101RECNX","RCNX0082.JPG","Douglas squirrel",1,"Species|Douglas squirrel"
"tl10","Flying squirrel",2025-09-20 00:07:42,2025-09-20,"00:07:42",0,0,0,0,"E:/tenquille_sept_tagged/TL-10/21-09-2025/101RECNX","RCNX0086.JPG","Flying squirrel",1,"Species|Flying squirrel"
"tl10","Flying squirrel",2025-09-20 18:26:10,2025-09-20,"18:26:10",65908,1098.5,18.3,0.8,"E:/tenquille_sept_tagged/TL-10/21-09-2025/101RECNX","RCNX0087.JPG","Flying squirrel",1,"Species|Flying squirrel"
"tl10","Mule deer",2025-07-22 09:19:29,2025-07-22,"09:19:29",0,0,0,0,"E:/tenquille_sept_tagged/TL-10/21-09-2025/101RECNX","RCNX0023.JPG","Mule deer",6,"Species|Mule deer"
"tl10","Mule deer",2025-08-25 18:01:48,2025-08-25,"18:01:48",2968929,49482.2,824.7,34.4,"E:/tenquille_sept_tagged/TL-10/21-09-2025/101RECNX","RCNX0054.JPG","Mule deer",28,"Species|Mule deer"
"tl10","Nothing",2025-06-19 12:04:26,2025-06-19,"12:04:26",0,0,0,0,"E:/tenquille_sept_tagged/TL-10/21-09-2025/101RECNX","RCNX0008.JPG","Nothing",1,"Species|Nothing"
"tl10","Nothing",2025-06-29 00:59:25,2025-06-29,"00:59:25",824099,13735,228.9,9.5,"E:/tenquille_sept_tagged/TL-10/21-09-2025/101RECNX","RCNX0010.JPG","Nothing",1,"Species|Nothing"
"tl10","Nothing",2025-07-04 03:34:36,2025-07-04,"03:34:36",441311,7355.2,122.6,5.1,"E:/tenquille_sept_tagged/TL-10/21-09-2025/101RECNX","RCNX0014.JPG","Nothing",1,"Species|Nothing"
"tl10","Nothing",2025-07-04 13:55:16,2025-07-04,"13:55:16",37240,620.7,10.3,0.4,"E:/tenquille_sept_tagged/TL-10/21-09-2025/101RECNX","RCNX0016.JPG","Nothing",2,"Species|Nothing"
"tl10","Nothing",2025-07-12 18:58:31,2025-07-12,"18:58:31",709392,11823.2,197.1,8.2,"E:/tenquille_sept_tagged/TL-10/21-09-2025/101RECNX","RCNX0019.JPG","Nothing",1,"Species|Nothing"
"tl10","Nothing",2025-07-19 17:16:24,2025-07-19,"17:16:24",598673,9977.9,166.3,6.9,"E:/tenquille_sept_tagged/TL-10/21-09-2025/101RECNX","RCNX0020.JPG","Nothing",1,"Species|Nothing"
"tl10","Nothing",2025-07-19 17:22:55,2025-07-19,"17:22:55",391,6.5,0.1,0,"E:/tenquille_sept_tagged/TL-10/21-09-2025/101RECNX","RCNX0021.JPG","Nothing",2,"Species|Nothing"
"tl10","Nothing",2025-07-22 09:19:42,2025-07-22,"09:19:42",230200,3836.7,63.9,2.7,"E:/tenquille_sept_tagged/TL-10/21-09-2025/101RECNX","RCNX0029.JPG","Nothing",1,"Species|Nothing"
"tl10","Nothing",2025-07-25 08:53:51,2025-07-25,"08:53:51",257649,4294.1,71.6,3,"E:/tenquille_sept_tagged/TL-10/21-09-2025/101RECNX","RCNX0030.JPG","Nothing",1,"Species|Nothing"
"tl10","People",2025-06-19 11:49:33,2025-06-19,"11:49:33",0,0,0,0,"E:/tenquille_sept_tagged/TL-10/21-09-2025/100RECNX","RCNX0001.JPG","People",15,"Species|People"
"tl10","People",2025-06-19 12:01:57,2025-06-19,"12:01:57",700,11.7,0.2,0,"E:/tenquille_sept_tagged/TL-10/21-09-2025/101RECNX","RCNX0001.JPG","People",7,"Species|People"
"tl10","People",2025-09-21 11:55:34,2025-09-21,"11:55:34",8121070,135351.2,2255.9,94,"E:/tenquille_sept_tagged/TL-10/21-09-2025/101RECNX","RCNX0088.JPG","People",13,"Species|People"
"tl10","Snowshoe hare",2025-06-29 00:59:20,2025-06-29,"00:59:20",0,0,0,0,"E:/tenquille_sept_tagged/TL-10/21-09-2025/101RECNX","RCNX0009.JPG","Snowshoe hare",2,"Species|Snowshoe hare"
"tl10","Snowshoe hare",2025-07-04 03:37:19,2025-07-04,"03:37:19",441366,7356.1,122.6,5.1,"E:/tenquille_sept_tagged/TL-10/21-09-2025/101RECNX","RCNX0015.JPG","Snowshoe hare",1,"Species|Snowshoe hare"
"tl10","Snowshoe hare",2025-07-05 00:28:04,2025-07-05,"00:28:04",75045,1250.8,20.8,0.9,"E:/tenquille_sept_tagged/TL-10/21-09-2025/101RECNX","RCNX0018.JPG","Snowshoe hare",1,"Species|Snowshoe hare"
"tl10","Snowshoe hare",2025-08-23 08:53:57,2025-08-23,"08:53:57",4263953,71065.9,1184.4,49.4,"E:/tenquille_sept_tagged/TL-10/21-09-2025/101RECNX","RCNX0052.JPG","Snowshoe hare",2,"Species|Snowshoe hare"
"tl10","Snowshoe hare",2025-09-10 00:21:41,2025-09-10,"00:21:41",1524325,25405.4,423.4,17.6,"E:/tenquille_sept_tagged/TL-10/21-09-2025/101RECNX","RCNX0083.JPG","Snowshoe hare",1,"Species|Snowshoe hare"
"tl10","Snowshoe hare",2025-09-12 00:59:09,2025-09-12,"00:59:09",175048,2917.5,48.6,2,"E:/tenquille_sept_tagged/TL-10/21-09-2025/101RECNX","RCNX0084.JPG","Snowshoe hare",2,"Species|Snowshoe hare"
"tl11","Bird",2025-08-18 19:51:07,2025-08-18,"19:51:07",0,0,0,0,"E:/tenquille_sept_tagged/TL-11/21-09-2025/101RECNX","RCNX0217.JPG","Bird",2,"Species|Bird"
"tl11","Bird",2025-09-02 04:59:37,2025-09-02,"04:59:37",1242507,20708.4,345.1,14.4,"E:/tenquille_sept_tagged/TL-11/21-09-2025/101RECNX","RCNX0243.JPG","Bird",1,"Species|Bird"
"tl11","Grizzly bear",2025-07-12 20:25:13,2025-07-12,"20:25:13",0,0,0,0,"E:/tenquille_sept_tagged/TL-11/21-09-2025/101RECNX","RCNX0191.JPG","Grizzly bear",7,"Species|Grizzly bear"
"tl11","Grizzly bear",2025-08-31 06:09:33,2025-08-31,"06:09:33",4268349,71139.1,1185.7,49.4,"E:/tenquille_sept_tagged/TL-11/21-09-2025/101RECNX","RCNX0241.JPG","Grizzly bear",1,"Species|Grizzly bear"
"tl11","Mule deer",2025-06-21 23:55:30,2025-06-21,"23:55:30",0,0,0,0,"E:/tenquille_sept_tagged/TL-11/21-09-2025/101RECNX","RCNX0005.JPG","Mule deer",5,"Species|Mule deer"
"tl11","Mule deer",2025-06-25 06:51:09,2025-06-25,"06:51:09",284084,4734.7,78.9,3.3,"E:/tenquille_sept_tagged/TL-11/21-09-2025/101RECNX","RCNX0016.JPG","Mule deer",4,"Species|Mule deer"
"tl11","Mule deer",2025-06-26 11:47:12,2025-06-26,"11:47:12",104154,1735.9,28.9,1.2,"E:/tenquille_sept_tagged/TL-11/21-09-2025/101RECNX","RCNX0021.JPG","Mule deer",6,"Species|Mule deer"
"tl11","Mule deer",2025-06-28 06:29:13,2025-06-28,"06:29:13",153706,2561.8,42.7,1.8,"E:/tenquille_sept_tagged/TL-11/21-09-2025/101RECNX","RCNX0028.JPG","Mule deer",15,"Species|Mule deer"
"tl11","Mule deer",2025-07-01 06:09:03,2025-07-01,"06:09:03",257938,4299,71.7,3,"E:/tenquille_sept_tagged/TL-11/21-09-2025/101RECNX","RCNX0045.JPG","Mule deer",2,"Species|Mule deer"
"tl11","Mule deer",2025-07-04 08:00:18,2025-07-04,"08:00:18",265873,4431.2,73.9,3.1,"E:/tenquille_sept_tagged/TL-11/21-09-2025/101RECNX","RCNX0049.JPG","Mule deer",2,"Species|Mule deer"
"tl11","Mule deer",2025-07-06 00:48:41,2025-07-06,"00:48:41",146900,2448.3,40.8,1.7,"E:/tenquille_sept_tagged/TL-11/21-09-2025/101RECNX","RCNX0051.JPG","Mule deer",13,"Species|Mule deer"
"tl11","Mule deer",2025-07-06 09:00:05,2025-07-06,"09:00:05",29421,490.4,8.2,0.3,"E:/tenquille_sept_tagged/TL-11/21-09-2025/101RECNX","RCNX0066.JPG","Mule deer",4,"Species|Mule deer"
"tl11","Mule deer",2025-07-06 09:10:11,2025-07-06,"09:10:11",429,7.2,0.1,0,"E:/tenquille_sept_tagged/TL-11/21-09-2025/101RECNX","RCNX0071.JPG","Mule deer",24,"Species|Mule deer"
"tl11","Mule deer",2025-07-06 09:32:35,2025-07-06,"09:32:35",663,11.1,0.2,0,"E:/tenquille_sept_tagged/TL-11/21-09-2025/101RECNX","RCNX0101.JPG","Mule deer",18,"Species|Mule deer"
"tl11","Mule deer",2025-07-06 09:51:41,2025-07-06,"09:51:41",745,12.4,0.2,0,"E:/tenquille_sept_tagged/TL-11/21-09-2025/101RECNX","RCNX0120.JPG","Mule deer",4,"Species|Mule deer"
"tl11","Mule deer",2025-07-11 06:16:25,2025-07-11,"06:16:25",418953,6982.6,116.4,4.9,"E:/tenquille_sept_tagged/TL-11/21-09-2025/101RECNX","RCNX0124.JPG","Mule deer",4,"Species|Mule deer"
"tl11","Mule deer",2025-07-11 07:06:53,2025-07-11,"07:06:53",2981,49.7,0.8,0,"E:/tenquille_sept_tagged/TL-11/21-09-2025/101RECNX","RCNX0131.JPG","Mule deer",50,"Species|Mule deer"
"tl11","Mule deer",2025-07-15 03:41:16,2025-07-15,"03:41:16",332285,5538.1,92.3,3.8,"E:/tenquille_sept_tagged/TL-11/21-09-2025/101RECNX","RCNX0198.JPG","Mule deer",3,"Species|Mule deer"
"tl11","Mule deer",2025-07-20 04:27:03,2025-07-20,"04:27:03",434743,7245.7,120.8,5,"E:/tenquille_sept_tagged/TL-11/21-09-2025/101RECNX","RCNX0202.JPG","Mule deer",2,"Species|Mule deer"
"tl11","Mule deer",2025-08-17 07:51:08,2025-08-17,"07:51:08",2431443,40524.1,675.4,28.1,"E:/tenquille_sept_tagged/TL-11/21-09-2025/101RECNX","RCNX0213.JPG","Mule deer",2,"Species|Mule deer"
"tl11","Mule deer",2025-08-22 22:02:53,2025-08-22,"22:02:53",483103,8051.7,134.2,5.6,"E:/tenquille_sept_tagged/TL-11/21-09-2025/101RECNX","RCNX0220.JPG","Mule deer",3,"Species|Mule deer"
"tl11","Mule deer",2025-08-23 22:00:09,2025-08-23,"22:00:09",86232,1437.2,24,1,"E:/tenquille_sept_tagged/TL-11/21-09-2025/101RECNX","RCNX0223.JPG","Mule deer",2,"Species|Mule deer"
"tl11","Mule deer",2025-08-24 07:43:45,2025-08-24,"07:43:45",35014,583.6,9.7,0.4,"E:/tenquille_sept_tagged/TL-11/21-09-2025/101RECNX","RCNX0225.JPG","Mule deer",1,"Species|Mule deer"
"tl11","Mule deer",2025-08-30 19:26:31,2025-08-30,"19:26:31",560566,9342.8,155.7,6.5,"E:/tenquille_sept_tagged/TL-11/21-09-2025/101RECNX","RCNX0227.JPG","Mule deer",2,"Species|Mule deer"
"tl11","Mule deer",2025-08-31 04:08:17,2025-08-31,"04:08:17",31304,521.7,8.7,0.4,"E:/tenquille_sept_tagged/TL-11/21-09-2025/101RECNX","RCNX0231.JPG","Mule deer",5,"Species|Mule deer"
"tl11","Mule deer",2025-08-31 04:21:17,2025-08-31,"04:21:17",506,8.4,0.1,0,"E:/tenquille_sept_tagged/TL-11/21-09-2025/101RECNX","RCNX0238.JPG","Mule deer",2,"Species|Mule deer"
"tl11","Mule deer",2025-09-06 20:19:23,2025-09-06,"20:19:23",575883,9598,160,6.7,"E:/tenquille_sept_tagged/TL-11/21-09-2025/101RECNX","RCNX0244.JPG","Mule deer",1,"Species|Mule deer"
"tl11","Mule deer",2025-09-09 01:30:03,2025-09-09,"01:30:03",191440,3190.7,53.2,2.2,"E:/tenquille_sept_tagged/TL-11/21-09-2025/101RECNX","RCNX0245.JPG","Mule deer",3,"Species|Mule deer"
"tl11","Mule deer",2025-09-10 07:31:08,2025-09-10,"07:31:08",108051,1800.8,30,1.2,"E:/tenquille_sept_tagged/TL-11/21-09-2025/101RECNX","RCNX0251.JPG","Mule deer",3,"Species|Mule deer"
"tl11","Mule deer",2025-09-12 09:28:18,2025-09-12,"09:28:18",179821,2997,50,2.1,"E:/tenquille_sept_tagged/TL-11/21-09-2025/101RECNX","RCNX0254.JPG","Mule deer",2,"Species|Mule deer"
"tl11","Mule deer",2025-09-13 01:14:59,2025-09-13,"01:14:59",56799,946.6,15.8,0.7,"E:/tenquille_sept_tagged/TL-11/21-09-2025/101RECNX","RCNX0256.JPG","Mule deer",2,"Species|Mule deer"
"tl11","Mule deer",2025-09-20 06:23:54,2025-09-20,"06:23:54",623332,10388.9,173.1,7.2,"E:/tenquille_sept_tagged/TL-11/21-09-2025/101RECNX","RCNX0261.JPG","Mule deer",4,"Species|Mule deer"
"tl11","Nothing",2025-06-21 23:55:39,2025-06-21,"23:55:39",0,0,0,0,"E:/tenquille_sept_tagged/TL-11/21-09-2025/101RECNX","RCNX0009.JPG","Nothing",6,"Species|Nothing"
"tl11","Nothing",2025-06-25 06:51:14,2025-06-25,"06:51:14",284087,4734.8,78.9,3.3,"E:/tenquille_sept_tagged/TL-11/21-09-2025/101RECNX","RCNX0018.JPG","Nothing",1,"Species|Nothing"
"tl11","Nothing",2025-06-26 11:47:23,2025-06-26,"11:47:23",104169,1736.2,28.9,1.2,"E:/tenquille_sept_tagged/TL-11/21-09-2025/101RECNX","RCNX0026.JPG","Nothing",1,"Species|Nothing"
"tl11","Nothing",2025-06-28 06:30:07,2025-06-28,"06:30:07",153764,2562.7,42.7,1.8,"E:/tenquille_sept_tagged/TL-11/21-09-2025/101RECNX","RCNX0043.JPG","Nothing",1,"Species|Nothing"
"tl11","Nothing",2025-07-01 06:09:00,2025-07-01,"06:09:00",257933,4298.9,71.6,3,"E:/tenquille_sept_tagged/TL-11/21-09-2025/101RECNX","RCNX0044.JPG","Nothing",1,"Species|Nothing"
"tl11","Nothing",2025-07-01 13:41:37,2025-07-01,"13:41:37",27157,452.6,7.5,0.3,"E:/tenquille_sept_tagged/TL-11/21-09-2025/101RECNX","RCNX0047.JPG","Nothing",1,"Species|Nothing"
"tl11","Nothing",2025-07-01 14:24:48,2025-07-01,"14:24:48",2591,43.2,0.7,0,"E:/tenquille_sept_tagged/TL-11/21-09-2025/101RECNX","RCNX0048.JPG","Nothing",1,"Species|Nothing"
"tl11","Nothing",2025-07-06 00:49:47,2025-07-06,"00:49:47",383099,6385,106.4,4.4,"E:/tenquille_sept_tagged/TL-11/21-09-2025/101RECNX","RCNX0064.JPG","Nothing",2,"Species|Nothing"
"tl11","Nothing",2025-07-06 09:02:51,2025-07-06,"09:02:51",29582,493,8.2,0.3,"E:/tenquille_sept_tagged/TL-11/21-09-2025/101RECNX","RCNX0068.JPG","Nothing",1,"Species|Nothing"
"tl11","Nothing",2025-07-06 09:12:15,2025-07-06,"09:12:15",564,9.4,0.2,0,"E:/tenquille_sept_tagged/TL-11/21-09-2025/101RECNX","RCNX0075.JPG","Nothing",1,"Species|Nothing"
"tl11","Nothing",2025-07-06 09:20:01,2025-07-06,"09:20:01",466,7.8,0.1,0,"E:/tenquille_sept_tagged/TL-11/21-09-2025/101RECNX","RCNX0091.JPG","Nothing",4,"Species|Nothing"
"tl11","Nothing",2025-07-06 09:31:59,2025-07-06,"09:31:59",660,11,0.2,0,"E:/tenquille_sept_tagged/TL-11/21-09-2025/101RECNX","RCNX0100.JPG","Nothing",1,"Species|Nothing"
"tl11","Nothing",2025-07-06 09:37:10,2025-07-06,"09:37:10",311,5.2,0.1,0,"E:/tenquille_sept_tagged/TL-11/21-09-2025/101RECNX","RCNX0116.JPG","Nothing",1,"Species|Nothing"
"tl11","Nothing",2025-07-11 06:16:30,2025-07-11,"06:16:30",419960,6999.3,116.7,4.9,"E:/tenquille_sept_tagged/TL-11/21-09-2025/101RECNX","RCNX0126.JPG","Nothing",3,"Species|Nothing"
"tl11","Nothing",2025-07-11 07:07:03,2025-07-11,"07:07:03",2986,49.8,0.8,0,"E:/tenquille_sept_tagged/TL-11/21-09-2025/101RECNX","RCNX0133.JPG","Nothing",8,"Species|Nothing"
"tl11","Nothing",2025-07-11 07:20:15,2025-07-11,"07:20:15",304,5.1,0.1,0,"E:/tenquille_sept_tagged/TL-11/21-09-2025/101RECNX","RCNX0188.JPG","Nothing",2,"Species|Nothing"
"tl11","Nothing",2025-07-18 15:50:12,2025-07-18,"15:50:12",635216,10586.9,176.4,7.4,"E:/tenquille_sept_tagged/TL-11/21-09-2025/101RECNX","RCNX0201.JPG","Nothing",1,"Species|Nothing"
"tl11","Nothing",2025-07-20 04:27:12,2025-07-20,"04:27:12",131820,2197,36.6,1.5,"E:/tenquille_sept_tagged/TL-11/21-09-2025/101RECNX","RCNX0204.JPG","Nothing",1,"Species|Nothing"
"tl11","Nothing",2025-07-28 14:51:45,2025-07-28,"14:51:45",728673,12144.5,202.4,8.4,"E:/tenquille_sept_tagged/TL-11/21-09-2025/101RECNX","RCNX0205.JPG","Nothing",1,"Species|Nothing"
"tl11","Nothing",2025-07-28 15:04:32,2025-07-28,"15:04:32",767,12.8,0.2,0,"E:/tenquille_sept_tagged/TL-11/21-09-2025/101RECNX","RCNX0206.JPG","Nothing",2,"Species|Nothing"
"tl11","Nothing",2025-08-08 23:56:42,2025-08-08,"23:56:42",982327,16372.1,272.9,11.4,"E:/tenquille_sept_tagged/TL-11/21-09-2025/101RECNX","RCNX0209.JPG","Nothing",1,"Species|Nothing"
"tl11","Nothing",2025-08-09 12:53:04,2025-08-09,"12:53:04",46582,776.4,12.9,0.5,"E:/tenquille_sept_tagged/TL-11/21-09-2025/101RECNX","RCNX0210.JPG","Nothing",3,"Species|Nothing"
"tl11","Nothing",2025-08-17 07:51:12,2025-08-17,"07:51:12",673082,11218,187,7.8,"E:/tenquille_sept_tagged/TL-11/21-09-2025/101RECNX","RCNX0215.JPG","Nothing",1,"Species|Nothing"
"tl11","Nothing",2025-08-18 10:11:20,2025-08-18,"10:11:20",94808,1580.1,26.3,1.1,"E:/tenquille_sept_tagged/TL-11/21-09-2025/101RECNX","RCNX0216.JPG","Nothing",1,"Species|Nothing"
"tl11","Nothing",2025-08-18 19:51:22,2025-08-18,"19:51:22",34802,580,9.7,0.4,"E:/tenquille_sept_tagged/TL-11/21-09-2025/101RECNX","RCNX0219.JPG","Nothing",1,"Species|Nothing"
"tl11","Nothing",2025-08-30 19:26:35,2025-08-30,"19:26:35",1035313,17255.2,287.6,12,"E:/tenquille_sept_tagged/TL-11/21-09-2025/101RECNX","RCNX0229.JPG","Nothing",2,"Species|Nothing"
"tl11","Nothing",2025-08-31 04:08:24,2025-08-31,"04:08:24",31307,521.8,8.7,0.4,"E:/tenquille_sept_tagged/TL-11/21-09-2025/101RECNX","RCNX0234.JPG","Nothing",2,"Species|Nothing"
"tl11","Nothing",2025-08-31 04:21:22,2025-08-31,"04:21:22",509,8.5,0.1,0,"E:/tenquille_sept_tagged/TL-11/21-09-2025/101RECNX","RCNX0240.JPG","Nothing",1,"Species|Nothing"
"tl11","Nothing",2025-08-31 06:09:36,2025-08-31,"06:09:36",6494,108.2,1.8,0.1,"E:/tenquille_sept_tagged/TL-11/21-09-2025/101RECNX","RCNX0242.JPG","Nothing",1,"Species|Nothing"
"tl11","Nothing",2025-09-09 01:30:07,2025-09-09,"01:30:07",760831,12680.5,211.3,8.8,"E:/tenquille_sept_tagged/TL-11/21-09-2025/101RECNX","RCNX0247.JPG","Nothing",2,"Species|Nothing"
"tl11","Nothing",2025-09-09 22:25:54,2025-09-09,"22:25:54",75335,1255.6,20.9,0.9,"E:/tenquille_sept_tagged/TL-11/21-09-2025/101RECNX","RCNX0250.JPG","Nothing",1,"Species|Nothing"
"tl11","Nothing",2025-09-13 01:15:04,2025-09-13,"01:15:04",269350,4489.2,74.8,3.1,"E:/tenquille_sept_tagged/TL-11/21-09-2025/101RECNX","RCNX0258.JPG","Nothing",1,"Species|Nothing"
"tl11","Nothing",2025-09-14 03:55:55,2025-09-14,"03:55:55",96051,1600.8,26.7,1.1,"E:/tenquille_sept_tagged/TL-11/21-09-2025/101RECNX","RCNX0259.JPG","Nothing",1,"Species|Nothing"
"tl11","Nothing",2025-09-19 09:49:31,2025-09-19,"09:49:31",453216,7553.6,125.9,5.2,"E:/tenquille_sept_tagged/TL-11/21-09-2025/101RECNX","RCNX0260.JPG","Nothing",1,"Species|Nothing"
"tl11","People",2025-06-19 13:15:00,2025-06-19,"13:15:00",0,0,0,0,"E:/tenquille_sept_tagged/TL-11/21-09-2025/100RECNX","RCNX0001.JPG","People",12,"Species|People"
"tl11","People",2025-06-19 13:29:25,2025-06-19,"13:29:25",807,13.4,0.2,0,"E:/tenquille_sept_tagged/TL-11/21-09-2025/101RECNX","RCNX0001.JPG","People",4,"Species|People"
"tl11","People",2025-09-21 12:56:58,2025-09-21,"12:56:58",8119630,135327.2,2255.5,94,"E:/tenquille_sept_tagged/TL-11/21-09-2025/101RECNX","RCNX0265.JPG","People",14,"Species|People"
"tl11","Snowshoe hare",2025-08-08 23:56:37,2025-08-08,"23:56:37",0,0,0,0,"E:/tenquille_sept_tagged/TL-11/21-09-2025/101RECNX","RCNX0208.JPG","Snowshoe hare",1,"Species|Snowshoe hare"
"tl11","Snowshoe hare",2025-08-25 22:55:08,2025-08-25,"22:55:08",1465111,24418.5,407,17,"E:/tenquille_sept_tagged/TL-11/21-09-2025/101RECNX","RCNX0226.JPG","Snowshoe hare",1,"Species|Snowshoe hare"
"tl12","Black bear",2025-07-26 22:40:26,2025-07-26,"22:40:26",0,0,0,0,"E:/tenquille_sept_tagged/TL-12/21-09-2025/102RECNX","RCNX0054.JPG","Black bear",2,"Species|Black bear"
"tl12","Coyote",2025-08-31 20:54:20,2025-08-31,"20:54:20",0,0,0,0,"E:/tenquille_sept_tagged/TL-12/21-09-2025/102RECNX","RCNX0097.JPG","Coyote",2,"Species|Coyote"
"tl12","Mule deer",2025-06-29 03:33:00,2025-06-29,"03:33:00",0,0,0,0,"E:/tenquille_sept_tagged/TL-12/21-09-2025/102RECNX","RCNX0015.JPG","Mule deer",27,"Species|Mule deer"
"tl12","Mule deer",2025-07-17 05:39:12,2025-07-17,"05:39:12",1562641,26044,434.1,18.1,"E:/tenquille_sept_tagged/TL-12/21-09-2025/102RECNX","RCNX0048.JPG","Mule deer",2,"Species|Mule deer"
"tl12","Mule deer",2025-08-31 07:15:02,2025-08-31,"07:15:02",3893747,64895.8,1081.6,45.1,"E:/tenquille_sept_tagged/TL-12/21-09-2025/102RECNX","RCNX0079.JPG","Mule deer",18,"Species|Mule deer"
"tl12","Mule deer",2025-09-03 20:25:42,2025-09-03,"20:25:42",306432,5107.2,85.1,3.5,"E:/tenquille_sept_tagged/TL-12/21-09-2025/102RECNX","RCNX0099.JPG","Mule deer",5,"Species|Mule deer"
"tl12","Mule deer",2025-09-13 12:11:35,2025-09-13,"12:11:35",834344,13905.7,231.8,9.7,"E:/tenquille_sept_tagged/TL-12/21-09-2025/102RECNX","RCNX0105.JPG","Mule deer",1,"Species|Mule deer"
"tl12","Mule deer",2025-09-13 23:01:13,2025-09-13,"23:01:13",38978,649.6,10.8,0.4,"E:/tenquille_sept_tagged/TL-12/21-09-2025/102RECNX","RCNX0108.JPG","Mule deer",5,"Species|Mule deer"
"tl12","Mule deer",2025-09-14 01:47:51,2025-09-14,"01:47:51",9989,166.5,2.8,0.1,"E:/tenquille_sept_tagged/TL-12/21-09-2025/102RECNX","RCNX0113.JPG","Mule deer",3,"Species|Mule deer"
"tl12","Mule deer",2025-09-16 06:22:02,2025-09-16,"06:22:02",189246,3154.1,52.6,2.2,"E:/tenquille_sept_tagged/TL-12/21-09-2025/102RECNX","RCNX0119.JPG","Mule deer",7,"Species|Mule deer"
"tl12","Mule deer",2025-09-19 23:53:50,2025-09-19,"23:53:50",322173,5369.6,89.5,3.7,"E:/tenquille_sept_tagged/TL-12/21-09-2025/102RECNX","RCNX0128.JPG","Mule deer",24,"Species|Mule deer"
"tl12","Mule deer",2025-09-20 00:06:48,2025-09-20,"00:06:48",640,10.7,0.2,0,"E:/tenquille_sept_tagged/TL-12/21-09-2025/102RECNX","RCNX0156.JPG","Mule deer",12,"Species|Mule deer"
"tl12","Mule deer",2025-09-20 04:10:30,2025-09-20,"04:10:30",14567,242.8,4,0.2,"E:/tenquille_sept_tagged/TL-12/21-09-2025/102RECNX","RCNX0172.JPG","Mule deer",8,"Species|Mule deer"
"tl12","Mule deer",2025-09-20 04:37:17,2025-09-20,"04:37:17",1565,26.1,0.4,0,"E:/tenquille_sept_tagged/TL-12/21-09-2025/102RECNX","RCNX0184.JPG","Mule deer",2,"Species|Mule deer"
"tl12","Nothing",2025-06-19 15:19:59,2025-06-19,"15:19:59",0,0,0,0,"E:/tenquille_sept_tagged/TL-12/21-09-2025/102RECNX","RCNX0001.JPG","Nothing",13,"Species|Nothing"
"tl12","Nothing",2025-06-29 03:35:13,2025-06-29,"03:35:13",821597,13693.3,228.2,9.5,"E:/tenquille_sept_tagged/TL-12/21-09-2025/102RECNX","RCNX0042.JPG","Nothing",1,"Species|Nothing"
"tl12","Nothing",2025-06-29 09:55:00,2025-06-29,"09:55:00",22787,379.8,6.3,0.3,"E:/tenquille_sept_tagged/TL-12/21-09-2025/102RECNX","RCNX0043.JPG","Nothing",2,"Species|Nothing"
"tl12","Nothing",2025-07-01 10:34:36,2025-07-01,"10:34:36",175174,2919.6,48.7,2,"E:/tenquille_sept_tagged/TL-12/21-09-2025/102RECNX","RCNX0045.JPG","Nothing",1,"Species|Nothing"
"tl12","Nothing",2025-07-03 11:58:38,2025-07-03,"11:58:38",177842,2964,49.4,2.1,"E:/tenquille_sept_tagged/TL-12/21-09-2025/102RECNX","RCNX0046.JPG","Nothing",1,"Species|Nothing"
"tl12","Nothing",2025-07-07 05:16:46,2025-07-07,"05:16:46",321488,5358.1,89.3,3.7,"E:/tenquille_sept_tagged/TL-12/21-09-2025/102RECNX","RCNX0047.JPG","Nothing",1,"Species|Nothing"
"tl12","Nothing",2025-07-17 16:15:30,2025-07-17,"16:15:30",903524,15058.7,251,10.5,"E:/tenquille_sept_tagged/TL-12/21-09-2025/102RECNX","RCNX0050.JPG","Nothing",1,"Species|Nothing"
"tl12","Nothing",2025-07-22 08:20:19,2025-07-22,"08:20:19",403489,6724.8,112.1,4.7,"E:/tenquille_sept_tagged/TL-12/21-09-2025/102RECNX","RCNX0051.JPG","Nothing",1,"Species|Nothing"
"tl12","Nothing",2025-07-23 09:52:09,2025-07-23,"09:52:09",91910,1531.8,25.5,1.1,"E:/tenquille_sept_tagged/TL-12/21-09-2025/102RECNX","RCNX0052.JPG","Nothing",1,"Species|Nothing"
"tl12","Nothing",2025-07-23 11:55:02,2025-07-23,"11:55:02",7373,122.9,2,0.1,"E:/tenquille_sept_tagged/TL-12/21-09-2025/102RECNX","RCNX0053.JPG","Nothing",1,"Species|Nothing"
"tl12","Nothing",2025-07-26 22:40:31,2025-07-26,"22:40:31",297929,4965.5,82.8,3.4,"E:/tenquille_sept_tagged/TL-12/21-09-2025/102RECNX","RCNX0056.JPG","Nothing",1,"Species|Nothing"
"tl12","Nothing",2025-07-27 15:23:24,2025-07-27,"15:23:24",60173,1002.9,16.7,0.7,"E:/tenquille_sept_tagged/TL-12/21-09-2025/102RECNX","RCNX0057.JPG","Nothing",1,"Species|Nothing"
"tl12","Nothing",2025-07-30 07:31:01,2025-07-30,"07:31:01",230857,3847.6,64.1,2.7,"E:/tenquille_sept_tagged/TL-12/21-09-2025/102RECNX","RCNX0058.JPG","Nothing",6,"Species|Nothing"
"tl12","Nothing",2025-08-01 15:06:41,2025-08-01,"15:06:41",200115,3335.2,55.6,2.3,"E:/tenquille_sept_tagged/TL-12/21-09-2025/102RECNX","RCNX0064.JPG","Nothing",1,"Species|Nothing"
"tl12","Nothing",2025-08-10 03:21:54,2025-08-10,"03:21:54",735313,12255.2,204.3,8.5,"E:/tenquille_sept_tagged/TL-12/21-09-2025/102RECNX","RCNX0065.JPG","Nothing",2,"Species|Nothing"
"tl12","Nothing",2025-08-10 03:31:15,2025-08-10,"03:31:15",559,9.3,0.2,0,"E:/tenquille_sept_tagged/TL-12/21-09-2025/102RECNX","RCNX0067.JPG","Nothing",1,"Species|Nothing"
"tl12","Nothing",2025-08-10 23:31:26,2025-08-10,"23:31:26",72011,1200.2,20,0.8,"E:/tenquille_sept_tagged/TL-12/21-09-2025/102RECNX","RCNX0068.JPG","Nothing",3,"Species|Nothing"
"tl12","Nothing",2025-08-22 07:26:12,2025-08-22,"07:26:12",978870,16314.5,271.9,11.3,"E:/tenquille_sept_tagged/TL-12/21-09-2025/102RECNX","RCNX0071.JPG","Nothing",6,"Species|Nothing"
"tl12","Nothing",2025-08-22 07:45:15,2025-08-22,"07:45:15",675,11.2,0.2,0,"E:/tenquille_sept_tagged/TL-12/21-09-2025/102RECNX","RCNX0077.JPG","Nothing",1,"Species|Nothing"
"tl12","Nothing",2025-08-30 08:04:00,2025-08-30,"08:04:00",692325,11538.8,192.3,8,"E:/tenquille_sept_tagged/TL-12/21-09-2025/102RECNX","RCNX0078.JPG","Nothing",1,"Species|Nothing"
"tl12","Nothing",2025-09-03 20:25:53,2025-09-03,"20:25:53",390113,6501.9,108.4,4.5,"E:/tenquille_sept_tagged/TL-12/21-09-2025/102RECNX","RCNX0104.JPG","Nothing",1,"Species|Nothing"
"tl12","Nothing",2025-09-13 12:11:38,2025-09-13,"12:11:38",834345,13905.8,231.8,9.7,"E:/tenquille_sept_tagged/TL-12/21-09-2025/102RECNX","RCNX0106.JPG","Nothing",1,"Species|Nothing"
"tl12","Nothing",2025-09-14 09:48:35,2025-09-14,"09:48:35",77817,1297,21.6,0.9,"E:/tenquille_sept_tagged/TL-12/21-09-2025/102RECNX","RCNX0116.JPG","Nothing",1,"Species|Nothing"
"tl12","Nothing",2025-09-16 06:21:34,2025-09-16,"06:21:34",160379,2673,44.5,1.9,"E:/tenquille_sept_tagged/TL-12/21-09-2025/102RECNX","RCNX0117.JPG","Nothing",4,"Species|Nothing"
"tl12","Nothing",2025-09-19 23:54:59,2025-09-19,"23:54:59",322240,5370.7,89.5,3.7,"E:/tenquille_sept_tagged/TL-12/21-09-2025/102RECNX","RCNX0144.JPG","Nothing",4,"Species|Nothing"
"tl12","Nothing",2025-09-20 04:10:20,2025-09-20,"04:10:20",15250,254.2,4.2,0.2,"E:/tenquille_sept_tagged/TL-12/21-09-2025/102RECNX","RCNX0168.JPG","Nothing",8,"Species|Nothing"
"tl12","Nothing",2025-09-20 04:37:21,2025-09-20,"04:37:21",1567,26.1,0.4,0,"E:/tenquille_sept_tagged/TL-12/21-09-2025/102RECNX","RCNX0186.JPG","Nothing",1,"Species|Nothing"
"tl12","Nothing",2025-09-20 20:50:37,2025-09-20,"20:50:37",58396,973.3,16.2,0.7,"E:/tenquille_sept_tagged/TL-12/21-09-2025/102RECNX","RCNX0193.JPG","Nothing",1,"Species|Nothing"
"tl12","People",2025-06-19 15:14:31,2025-06-19,"15:14:31",0,0,0,0,"E:/tenquille_sept_tagged/TL-12/21-09-2025/100RECNX","RCNX0001.JPG","People",25,"Species|People"
"tl12","People",2025-09-13 12:15:02,2025-09-13,"12:15:02",7419267,123654.4,2060.9,85.9,"E:/tenquille_sept_tagged/TL-12/21-09-2025/102RECNX","RCNX0107.JPG","People",1,"Species|People"
"tl12","People",2025-09-21 14:07:25,2025-09-21,"14:07:25",697943,11632.4,193.9,8.1,"E:/tenquille_sept_tagged/TL-12/21-09-2025/102RECNX","RCNX0194.JPG","People",8,"Species|People"
"tl12","Snowshoe hare",2025-09-20 05:40:50,2025-09-20,"05:40:50",0,0,0,0,"E:/tenquille_sept_tagged/TL-12/21-09-2025/102RECNX","RCNX0187.JPG","Snowshoe hare",5,"Species|Snowshoe hare"
"tl12","Snowshoe hare",2025-09-20 20:50:30,2025-09-20,"20:50:30",54521,908.7,15.1,0.6,"E:/tenquille_sept_tagged/TL-12/21-09-2025/102RECNX","RCNX0192.JPG","Snowshoe hare",1,"Species|Snowshoe hare"
"tl13","Grizzly bear",2025-08-29 19:01:58,2025-08-29,"19:01:58",0,0,0,0,"E:/tenquille_sept_tagged/TL-13/103RECNX","RCNX1271.JPG","Grizzly bear",1,"Species|Grizzly bear"
"tl13","Mule deer",2025-07-03 11:18:11,2025-07-03,"11:18:11",0,0,0,0,"E:/tenquille_sept_tagged/TL-13/102RECNX","RCNX0006.JPG","Mule deer",5,"Species|Mule deer"
"tl13","Mule deer",2025-09-16 09:23:18,2025-09-16,"09:23:18",6473098,107885,1798.1,74.9,"E:/tenquille_sept_tagged/TL-13/103RECNX","RCNX5391.JPG","Mule deer",1,"Species|Mule deer"
"tl13","Mule deer",2025-09-17 09:19:03,2025-09-17,"09:19:03",86145,1435.8,23.9,1,"E:/tenquille_sept_tagged/TL-13/103RECNX","RCNX5962.JPG","Mule deer",9,"Species|Mule deer"
"tl13","Mule deer",2025-09-17 19:03:38,2025-09-17,"19:03:38",35042,584,9.7,0.4,"E:/tenquille_sept_tagged/TL-13/103RECNX","RCNX5972.JPG","Mule deer",4,"Species|Mule deer"
"tl13","People",2025-06-19 16:05:20,2025-06-19,"16:05:20",0,0,0,0,"E:/tenquille_sept_tagged/TL-13/100RECNX","RCNX0001.JPG","People",29,"Species|People"
"tl13","People",2025-09-21 15:36:17,2025-09-21,"15:36:17",8119468,135324.5,2255.4,94,"E:/tenquille_sept_tagged/TL-13/103RECNX","RCNX8698.JPG","People",3,"Species|People"
"tl14","Bird",2025-06-22 07:47:37,2025-06-22,"07:47:37",0,0,0,0,"E:/tenquille_sept_tagged/TL-14/DCIM/102RECNX","RCNX0118.JPG","Bird",3,"Species|Bird"
"tl14","Bird",2025-06-24 16:01:48,2025-06-24,"16:01:48",202449,3374.2,56.2,2.3,"E:/tenquille_sept_tagged/TL-14/DCIM/102RECNX","RCNX0127.JPG","Bird",3,"Species|Bird"
"tl14","Bird",2025-06-28 16:21:39,2025-06-28,"16:21:39",346789,5779.8,96.3,4,"E:/tenquille_sept_tagged/TL-14/DCIM/102RECNX","RCNX0148.JPG","Bird",3,"Species|Bird"
"tl14","Bird",2025-06-29 10:12:09,2025-06-29,"10:12:09",64228,1070.5,17.8,0.7,"E:/tenquille_sept_tagged/TL-14/DCIM/102RECNX","RCNX0154.JPG","Bird",3,"Species|Bird"
"tl14","Bird",2025-06-29 13:04:49,2025-06-29,"13:04:49",10358,172.6,2.9,0.1,"E:/tenquille_sept_tagged/TL-14/DCIM/102RECNX","RCNX0157.JPG","Bird",3,"Species|Bird"
"tl14","Bird",2025-06-30 13:10:01,2025-06-30,"13:10:01",86710,1445.2,24.1,1,"E:/tenquille_sept_tagged/TL-14/DCIM/102RECNX","RCNX0166.JPG","Bird",3,"Species|Bird"
"tl14","Bird",2025-07-01 11:39:35,2025-07-01,"11:39:35",80972,1349.5,22.5,0.9,"E:/tenquille_sept_tagged/TL-14/DCIM/102RECNX","RCNX0175.JPG","Bird",3,"Species|Bird"
"tl14","Bird",2025-07-03 09:44:35,2025-07-03,"09:44:35",165898,2765,46.1,1.9,"E:/tenquille_sept_tagged/TL-14/DCIM/102RECNX","RCNX0199.JPG","Bird",3,"Species|Bird"
"tl14","Bird",2025-07-22 11:49:53,2025-07-22,"11:49:53",1649116,27485.3,458.1,19.1,"E:/tenquille_sept_tagged/TL-14/DCIM/102RECNX","RCNX0280.JPG","Bird",6,"Species|Bird"
"tl14","Bird",2025-07-23 09:25:21,2025-07-23,"09:25:21",77707,1295.1,21.6,0.9,"E:/tenquille_sept_tagged/TL-14/DCIM/102RECNX","RCNX0289.JPG","Bird",3,"Species|Bird"
"tl14","Bird",2025-07-25 11:02:45,2025-07-25,"11:02:45",178642,2977.4,49.6,2.1,"E:/tenquille_sept_tagged/TL-14/DCIM/102RECNX","RCNX0328.JPG","Bird",3,"Species|Bird"
"tl14","Bird",2025-07-27 11:20:59,2025-07-27,"11:20:59",173892,2898.2,48.3,2,"E:/tenquille_sept_tagged/TL-14/DCIM/102RECNX","RCNX0331.JPG","Bird",3,"Species|Bird"
"tl14","Bird",2025-08-11 07:23:34,2025-08-11,"07:23:34",1281753,21362.6,356,14.8,"E:/tenquille_sept_tagged/TL-14/DCIM/102RECNX","RCNX0403.JPG","Bird",3,"Species|Bird"
"tl14","Bird",2025-08-12 10:18:58,2025-08-12,"10:18:58",96922,1615.4,26.9,1.1,"E:/tenquille_sept_tagged/TL-14/DCIM/102RECNX","RCNX0430.JPG","Bird",3,"Species|Bird"
"tl14","Bird",2025-08-15 19:50:16,2025-08-15,"19:50:16",293476,4891.3,81.5,3.4,"E:/tenquille_sept_tagged/TL-14/DCIM/102RECNX","RCNX0442.JPG","Bird",3,"Species|Bird"
"tl14","Bird",2025-08-25 09:45:48,2025-08-25,"09:45:48",827730,13795.5,229.9,9.6,"E:/tenquille_sept_tagged/TL-14/DCIM/102RECNX","RCNX0526.JPG","Bird",3,"Species|Bird"
"tl14","Bird",2025-09-18 11:34:49,2025-09-18,"11:34:49",2080139,34669,577.8,24.1,"E:/tenquille_sept_tagged/TL-14/DCIM/102RECNX","RCNX0688.JPG","Bird",3,"Species|Bird"
"tl14","Bird",2025-09-19 08:05:41,2025-09-19,"08:05:41",73850,1230.8,20.5,0.9,"E:/tenquille_sept_tagged/TL-14/DCIM/102RECNX","RCNX0697.JPG","Bird",3,"Species|Bird"
"tl14","Bobcat",2025-06-22 13:35:09,2025-06-22,"13:35:09",0,0,0,0,"E:/tenquille_sept_tagged/TL-14/DCIM/102RECNX","RCNX0121.JPG","Bobcat",3,"Species|Bobcat"
"tl14","Bobcat",2025-07-03 09:28:10,2025-07-03,"09:28:10",935579,15593,259.9,10.8,"E:/tenquille_sept_tagged/TL-14/DCIM/102RECNX","RCNX0193.JPG","Bobcat",4,"Species|Bobcat"
"tl14","Chipmunk",2025-08-23 16:34:32,2025-08-23,"16:34:32",0,0,0,0,"E:/tenquille_sept_tagged/TL-14/DCIM/102RECNX","RCNX0523.JPG","Chipmunk",3,"Species|Chipmunk"
"tl14","Chipmunk",2025-08-26 10:20:14,2025-08-26,"10:20:14",236740,3945.7,65.8,2.7,"E:/tenquille_sept_tagged/TL-14/DCIM/102RECNX","RCNX0532.JPG","Chipmunk",2,"Species|Chipmunk"
"tl14","Chipmunk",2025-08-26 13:12:50,2025-08-26,"13:12:50",10355,172.6,2.9,0.1,"E:/tenquille_sept_tagged/TL-14/DCIM/102RECNX","RCNX0535.JPG","Chipmunk",2,"Species|Chipmunk"
"tl14","Chipmunk",2025-08-30 13:10:54,2025-08-30,"13:10:54",345483,5758,96,4,"E:/tenquille_sept_tagged/TL-14/DCIM/102RECNX","RCNX0541.JPG","Chipmunk",2,"Species|Chipmunk"
"tl14","Chipmunk",2025-08-31 14:22:08,2025-08-31,"14:22:08",90673,1511.2,25.2,1,"E:/tenquille_sept_tagged/TL-14/DCIM/102RECNX","RCNX0547.JPG","Chipmunk",4,"Species|Chipmunk"
"tl14","Chipmunk",2025-08-31 18:24:11,2025-08-31,"18:24:11",14496,241.6,4,0.2,"E:/tenquille_sept_tagged/TL-14/DCIM/102RECNX","RCNX0553.JPG","Chipmunk",6,"Species|Chipmunk"
"tl14","Chipmunk",2025-09-01 08:37:22,2025-09-01,"08:37:22",51100,851.7,14.2,0.6,"E:/tenquille_sept_tagged/TL-14/DCIM/102RECNX","RCNX0568.JPG","Chipmunk",3,"Species|Chipmunk"
"tl14","Chipmunk",2025-09-01 14:14:01,2025-09-01,"14:14:01",20197,336.6,5.6,0.2,"E:/tenquille_sept_tagged/TL-14/DCIM/102RECNX","RCNX0574.JPG","Chipmunk",3,"Species|Chipmunk"
"tl14","Chipmunk",2025-09-02 10:33:28,2025-09-02,"10:33:28",73165,1219.4,20.3,0.8,"E:/tenquille_sept_tagged/TL-14/DCIM/102RECNX","RCNX0577.JPG","Chipmunk",1,"Species|Chipmunk"
"tl14","Chipmunk",2025-09-02 12:29:56,2025-09-02,"12:29:56",6988,116.5,1.9,0.1,"E:/tenquille_sept_tagged/TL-14/DCIM/102RECNX","RCNX0580.JPG","Chipmunk",18,"Species|Chipmunk"
"tl14","Chipmunk",2025-09-11 13:23:29,2025-09-11,"13:23:29",780656,13010.9,216.8,9,"E:/tenquille_sept_tagged/TL-14/DCIM/102RECNX","RCNX0610.JPG","Chipmunk",3,"Species|Chipmunk"
"tl14","Chipmunk",2025-09-11 18:17:20,2025-09-11,"18:17:20",17629,293.8,4.9,0.2,"E:/tenquille_sept_tagged/TL-14/DCIM/102RECNX","RCNX0649.JPG","Chipmunk",3,"Species|Chipmunk"
"tl14","Chipmunk",2025-09-11 18:50:52,2025-09-11,"18:50:52",2010,33.5,0.6,0,"E:/tenquille_sept_tagged/TL-14/DCIM/102RECNX","RCNX0652.JPG","Chipmunk",2,"Species|Chipmunk"
"tl14","Chipmunk",2025-09-12 10:28:10,2025-09-12,"10:28:10",56237,937.3,15.6,0.7,"E:/tenquille_sept_tagged/TL-14/DCIM/102RECNX","RCNX0658.JPG","Chipmunk",3,"Species|Chipmunk"
"tl14","Chipmunk",2025-09-12 12:47:59,2025-09-12,"12:47:59",8387,139.8,2.3,0.1,"E:/tenquille_sept_tagged/TL-14/DCIM/102RECNX","RCNX0661.JPG","Chipmunk",3,"Species|Chipmunk"
"tl14","Chipmunk",2025-09-13 07:21:01,2025-09-13,"07:21:01",66780,1113,18.6,0.8,"E:/tenquille_sept_tagged/TL-14/DCIM/102RECNX","RCNX0664.JPG","Chipmunk",3,"Species|Chipmunk"
"tl14","Chipmunk",2025-09-13 15:38:41,2025-09-13,"15:38:41",29858,497.6,8.3,0.3,"E:/tenquille_sept_tagged/TL-14/DCIM/102RECNX","RCNX0667.JPG","Chipmunk",2,"Species|Chipmunk"
"tl14","Chipmunk",2025-09-18 12:53:19,2025-09-18,"12:53:19",422077,7034.6,117.2,4.9,"E:/tenquille_sept_tagged/TL-14/DCIM/102RECNX","RCNX0691.JPG","Chipmunk",3,"Species|Chipmunk"
"tl14","Chipmunk",2025-09-20 07:40:45,2025-09-20,"07:40:45",154044,2567.4,42.8,1.8,"E:/tenquille_sept_tagged/TL-14/DCIM/102RECNX","RCNX0700.JPG","Chipmunk",3,"Species|Chipmunk"
"tl14","Coyote",2025-07-02 00:27:05,2025-07-02,"00:27:05",0,0,0,0,"E:/tenquille_sept_tagged/TL-14/DCIM/102RECNX","RCNX0184.JPG","Coyote",5,"Species|Coyote"
"tl14","Douglas squirrel",2025-08-10 12:43:58,2025-08-10,"12:43:58",0,0,0,0,"E:/tenquille_sept_tagged/TL-14/DCIM/102RECNX","RCNX0394.JPG","Douglas squirrel",3,"Species|Douglas squirrel"
"tl14","Mouse",2025-06-26 00:36:34,2025-06-26,"00:36:34",0,0,0,0,"E:/tenquille_sept_tagged/TL-14/DCIM/102RECNX","RCNX0142.JPG","Mouse",1,"Species|Mouse"
"tl14","Mouse",2025-06-26 23:57:00,2025-06-26,"23:57:00",84026,1400.4,23.3,1,"E:/tenquille_sept_tagged/TL-14/DCIM/102RECNX","RCNX0145.JPG","Mouse",3,"Species|Mouse"
"tl14","Mouse",2025-06-29 00:30:39,2025-06-29,"00:30:39",174817,2913.6,48.6,2,"E:/tenquille_sept_tagged/TL-14/DCIM/102RECNX","RCNX0151.JPG","Mouse",3,"Species|Mouse"
"tl14","Mouse",2025-06-29 23:47:33,2025-06-29,"23:47:33",83812,1396.9,23.3,1,"E:/tenquille_sept_tagged/TL-14/DCIM/102RECNX","RCNX0163.JPG","Mouse",1,"Species|Mouse"
"tl14","Mouse",2025-07-01 01:09:45,2025-07-01,"01:09:45",91332,1522.2,25.4,1.1,"E:/tenquille_sept_tagged/TL-14/DCIM/102RECNX","RCNX0172.JPG","Mouse",3,"Species|Mouse"
"tl14","Mouse",2025-07-02 03:17:44,2025-07-02,"03:17:44",94077,1568,26.1,1.1,"E:/tenquille_sept_tagged/TL-14/DCIM/102RECNX","RCNX0190.JPG","Mouse",1,"Species|Mouse"
"tl14","Mouse",2025-07-05 02:41:18,2025-07-05,"02:41:18",257014,4283.6,71.4,3,"E:/tenquille_sept_tagged/TL-14/DCIM/102RECNX","RCNX0202.JPG","Mouse",1,"Species|Mouse"
"tl14","Mouse",2025-07-06 02:20:23,2025-07-06,"02:20:23",85145,1419.1,23.7,1,"E:/tenquille_sept_tagged/TL-14/DCIM/102RECNX","RCNX0208.JPG","Mouse",1,"Species|Mouse"
"tl14","Mouse",2025-07-07 01:47:36,2025-07-07,"01:47:36",84433,1407.2,23.5,1,"E:/tenquille_sept_tagged/TL-14/DCIM/102RECNX","RCNX0214.JPG","Mouse",3,"Species|Mouse"
"tl14","Mouse",2025-07-08 01:54:14,2025-07-08,"01:54:14",86796,1446.6,24.1,1,"E:/tenquille_sept_tagged/TL-14/DCIM/102RECNX","RCNX0220.JPG","Mouse",3,"Species|Mouse"
"tl14","Mouse",2025-07-10 02:24:19,2025-07-10,"02:24:19",174603,2910.1,48.5,2,"E:/tenquille_sept_tagged/TL-14/DCIM/102RECNX","RCNX0223.JPG","Mouse",3,"Species|Mouse"
"tl14","Mouse",2025-07-16 03:53:42,2025-07-16,"03:53:42",523761,8729.4,145.5,6.1,"E:/tenquille_sept_tagged/TL-14/DCIM/102RECNX","RCNX0259.JPG","Mouse",2,"Species|Mouse"
"tl14","Mouse",2025-07-19 23:36:15,2025-07-19,"23:36:15",330152,5502.5,91.7,3.8,"E:/tenquille_sept_tagged/TL-14/DCIM/102RECNX","RCNX0277.JPG","Mouse",3,"Species|Mouse"
"tl14","Mouse",2025-07-24 02:22:03,2025-07-24,"02:22:03",355546,5925.8,98.8,4.1,"E:/tenquille_sept_tagged/TL-14/DCIM/102RECNX","RCNX0301.JPG","Mouse",3,"Species|Mouse"
"tl14","Mouse",2025-07-27 23:12:31,2025-07-27,"23:12:31",334226,5570.4,92.8,3.9,"E:/tenquille_sept_tagged/TL-14/DCIM/102RECNX","RCNX0337.JPG","Mouse",1,"Species|Mouse"
"tl14","Mouse",2025-07-29 22:16:20,2025-07-29,"22:16:20",169429,2823.8,47.1,2,"E:/tenquille_sept_tagged/TL-14/DCIM/102RECNX","RCNX0346.JPG","Mouse",1,"Species|Mouse"
"tl14","Mouse",2025-08-02 00:52:37,2025-08-02,"00:52:37",268577,4476.3,74.6,3.1,"E:/tenquille_sept_tagged/TL-14/DCIM/102RECNX","RCNX0364.JPG","Mouse",3,"Species|Mouse"
"tl14","Mouse",2025-08-04 02:56:46,2025-08-04,"02:56:46",180247,3004.1,50.1,2.1,"E:/tenquille_sept_tagged/TL-14/DCIM/102RECNX","RCNX0385.JPG","Mouse",3,"Species|Mouse"
"tl14","Mouse",2025-08-05 04:16:08,2025-08-05,"04:16:08",91160,1519.3,25.3,1.1,"E:/tenquille_sept_tagged/TL-14/DCIM/102RECNX","RCNX0388.JPG","Mouse",3,"Species|Mouse"
"tl14","Mouse",2025-08-14 00:26:54,2025-08-14,"00:26:54",763844,12730.7,212.2,8.8,"E:/tenquille_sept_tagged/TL-14/DCIM/102RECNX","RCNX0436.JPG","Mouse",1,"Species|Mouse"
"tl14","Mouse",2025-08-18 23:13:31,2025-08-18,"23:13:31",427597,7126.6,118.8,5,"E:/tenquille_sept_tagged/TL-14/DCIM/102RECNX","RCNX0454.JPG","Mouse",2,"Species|Mouse"
"tl14","Mouse",2025-08-19 04:40:55,2025-08-19,"04:40:55",19643,327.4,5.5,0.2,"E:/tenquille_sept_tagged/TL-14/DCIM/102RECNX","RCNX0468.JPG","Mouse",2,"Species|Mouse"
"tl14","Mouse",2025-08-19 23:39:48,2025-08-19,"23:39:48",68330,1138.8,19,0.8,"E:/tenquille_sept_tagged/TL-14/DCIM/102RECNX","RCNX0472.JPG","Mouse",1,"Species|Mouse"
"tl14","Mouse",2025-08-22 22:15:21,2025-08-22,"22:15:21",254133,4235.6,70.6,2.9,"E:/tenquille_sept_tagged/TL-14/DCIM/102RECNX","RCNX0517.JPG","Mouse",1,"Species|Mouse"
"tl14","Mouse",2025-08-31 03:45:12,2025-08-31,"03:45:12",710991,11849.9,197.5,8.2,"E:/tenquille_sept_tagged/TL-14/DCIM/102RECNX","RCNX0544.JPG","Mouse",1,"Species|Mouse"
"tl14","Mouse",2025-09-01 04:03:56,2025-09-01,"04:03:56",87524,1458.7,24.3,1,"E:/tenquille_sept_tagged/TL-14/DCIM/102RECNX","RCNX0566.JPG","Mouse",1,"Species|Mouse"
"tl14","Mouse",2025-09-09 00:25:14,2025-09-09,"00:25:14",678078,11301.3,188.4,7.9,"E:/tenquille_sept_tagged/TL-14/DCIM/102RECNX","RCNX0601.JPG","Mouse",1,"Species|Mouse"
"tl14","Mouse",2025-09-10 21:00:40,2025-09-10,"21:00:40",160526,2675.4,44.6,1.9,"E:/tenquille_sept_tagged/TL-14/DCIM/102RECNX","RCNX0604.JPG","Mouse",3,"Species|Mouse"
"tl14","Mouse",2025-09-15 02:24:36,2025-09-15,"02:24:36",365034,6083.9,101.4,4.2,"E:/tenquille_sept_tagged/TL-14/DCIM/102RECNX","RCNX0673.JPG","Mouse",3,"Species|Mouse"
"tl14","Mouse",2025-09-15 22:58:42,2025-09-15,"22:58:42",74044,1234.1,20.6,0.9,"E:/tenquille_sept_tagged/TL-14/DCIM/102RECNX","RCNX0676.JPG","Mouse",3,"Species|Mouse"
"tl14","Mouse",2025-09-18 00:02:31,2025-09-18,"00:02:31",176627,2943.8,49.1,2,"E:/tenquille_sept_tagged/TL-14/DCIM/102RECNX","RCNX0685.JPG","Mouse",2,"Species|Mouse"
"tl14","Mouse",2025-09-19 00:05:23,2025-09-19,"00:05:23",86571,1442.8,24,1,"E:/tenquille_sept_tagged/TL-14/DCIM/102RECNX","RCNX0694.JPG","Mouse",3,"Species|Mouse"
"tl14","Mule deer",2025-07-27 12:33:40,2025-07-27,"12:33:40",0,0,0,0,"E:/tenquille_sept_tagged/TL-14/DCIM/102RECNX","RCNX0334.JPG","Mule deer",3,"Species|Mule deer"
"tl14","Mule deer",2025-08-11 20:46:45,2025-08-11,"20:46:45",1325583,22093,368.2,15.3,"E:/tenquille_sept_tagged/TL-14/DCIM/102RECNX","RCNX0412.JPG","Mule deer",18,"Species|Mule deer"
"tl14","Mule deer",2025-08-21 20:09:11,2025-08-21,"20:09:11",861722,14362,239.4,10,"E:/tenquille_sept_tagged/TL-14/DCIM/102RECNX","RCNX0484.JPG","Mule deer",33,"Species|Mule deer"
"tl14","Mule deer",2025-09-11 17:23:59,2025-09-11,"17:23:59",1804449,30074.2,501.2,20.9,"E:/tenquille_sept_tagged/TL-14/DCIM/102RECNX","RCNX0613.JPG","Mule deer",36,"Species|Mule deer"
"tl14","Nothing",2025-06-20 02:28:00,2025-06-20,"02:28:00",0,0,0,0,"E:/tenquille_sept_tagged/TL-14/DCIM/102RECNX","RCNX0097.JPG","Nothing",3,"Species|Nothing"
"tl14","Nothing",2025-06-20 04:16:46,2025-06-20,"04:16:46",6524,108.7,1.8,0.1,"E:/tenquille_sept_tagged/TL-14/DCIM/102RECNX","RCNX0100.JPG","Nothing",3,"Species|Nothing"
"tl14","Nothing",2025-06-20 10:39:19,2025-06-20,"10:39:19",22951,382.5,6.4,0.3,"E:/tenquille_sept_tagged/TL-14/DCIM/102RECNX","RCNX0110.JPG","Nothing",2,"Species|Nothing"
"tl14","Nothing",2025-06-24 03:27:57,2025-06-24,"03:27:57",319717,5328.6,88.8,3.7,"E:/tenquille_sept_tagged/TL-14/DCIM/102RECNX","RCNX0124.JPG","Nothing",3,"Species|Nothing"
"tl14","Nothing",2025-06-26 00:07:07,2025-06-26,"00:07:07",160748,2679.1,44.7,1.9,"E:/tenquille_sept_tagged/TL-14/DCIM/102RECNX","RCNX0139.JPG","Nothing",3,"Species|Nothing"
"tl14","Nothing",2025-06-26 00:36:35,2025-06-26,"00:36:35",1766,29.4,0.5,0,"E:/tenquille_sept_tagged/TL-14/DCIM/102RECNX","RCNX0143.JPG","Nothing",2,"Species|Nothing"
"tl14","Nothing",2025-06-29 15:39:04,2025-06-29,"15:39:04",313348,5222.5,87,3.6,"E:/tenquille_sept_tagged/TL-14/DCIM/102RECNX","RCNX0160.JPG","Nothing",3,"Species|Nothing"
"tl14","Nothing",2025-06-29 23:47:34,2025-06-29,"23:47:34",29308,488.5,8.1,0.3,"E:/tenquille_sept_tagged/TL-14/DCIM/102RECNX","RCNX0164.JPG","Nothing",2,"Species|Nothing"
"tl14","Nothing",2025-06-30 13:10:04,2025-06-30,"13:10:04",48149,802.5,13.4,0.6,"E:/tenquille_sept_tagged/TL-14/DCIM/102RECNX","RCNX0169.JPG","Nothing",3,"Species|Nothing"
"tl14","Nothing",2025-07-01 14:40:38,2025-07-01,"14:40:38",91832,1530.5,25.5,1.1,"E:/tenquille_sept_tagged/TL-14/DCIM/102RECNX","RCNX0178.JPG","Nothing",3,"Species|Nothing"
"tl14","Nothing",2025-07-01 16:39:19,2025-07-01,"16:39:19",7119,118.7,2,0.1,"E:/tenquille_sept_tagged/TL-14/DCIM/102RECNX","RCNX0181.JPG","Nothing",3,"Species|Nothing"
"tl14","Nothing",2025-07-02 00:27:11,2025-07-02,"00:27:11",28070,467.8,7.8,0.3,"E:/tenquille_sept_tagged/TL-14/DCIM/102RECNX","RCNX0189.JPG","Nothing",1,"Species|Nothing"
"tl14","Nothing",2025-07-02 03:17:45,2025-07-02,"03:17:45",10234,170.6,2.8,0.1,"E:/tenquille_sept_tagged/TL-14/DCIM/102RECNX","RCNX0191.JPG","Nothing",2,"Species|Nothing"
"tl14","Nothing",2025-07-03 09:28:15,2025-07-03,"09:28:15",108629,1810.5,30.2,1.3,"E:/tenquille_sept_tagged/TL-14/DCIM/102RECNX","RCNX0197.JPG","Nothing",2,"Species|Nothing"
"tl14","Nothing",2025-07-05 02:41:19,2025-07-05,"02:41:19",148383,2473.1,41.2,1.7,"E:/tenquille_sept_tagged/TL-14/DCIM/102RECNX","RCNX0203.JPG","Nothing",2,"Species|Nothing"
"tl14","Nothing",2025-07-06 01:45:26,2025-07-06,"01:45:26",83046,1384.1,23.1,1,"E:/tenquille_sept_tagged/TL-14/DCIM/102RECNX","RCNX0205.JPG","Nothing",3,"Species|Nothing"
"tl14","Nothing",2025-07-06 02:20:24,2025-07-06,"02:20:24",2096,34.9,0.6,0,"E:/tenquille_sept_tagged/TL-14/DCIM/102RECNX","RCNX0209.JPG","Nothing",2,"Species|Nothing"
"tl14","Nothing",2025-07-06 23:22:35,2025-07-06,"23:22:35",75730,1262.2,21,0.9,"E:/tenquille_sept_tagged/TL-14/DCIM/102RECNX","RCNX0211.JPG","Nothing",3,"Species|Nothing"
"tl14","Nothing",2025-07-07 13:57:14,2025-07-07,"13:57:14",52477,874.6,14.6,0.6,"E:/tenquille_sept_tagged/TL-14/DCIM/102RECNX","RCNX0217.JPG","Nothing",3,"Species|Nothing"
"tl14","Nothing",2025-07-10 11:19:59,2025-07-10,"11:19:59",249763,4162.7,69.4,2.9,"E:/tenquille_sept_tagged/TL-14/DCIM/102RECNX","RCNX0226.JPG","Nothing",3,"Species|Nothing"
"tl14","Nothing",2025-07-10 22:22:34,2025-07-10,"22:22:34",39753,662.5,11,0.5,"E:/tenquille_sept_tagged/TL-14/DCIM/102RECNX","RCNX0230.JPG","Nothing",2,"Species|Nothing"
"tl14","Nothing",2025-07-12 13:45:57,2025-07-12,"13:45:57",141802,2363.4,39.4,1.6,"E:/tenquille_sept_tagged/TL-14/DCIM/102RECNX","RCNX0232.JPG","Nothing",3,"Species|Nothing"
"tl14","Nothing",2025-07-12 13:57:54,2025-07-12,"13:57:54",715,11.9,0.2,0,"E:/tenquille_sept_tagged/TL-14/DCIM/102RECNX","RCNX0235.JPG","Nothing",9,"Species|Nothing"
"tl14","Nothing",2025-07-12 14:13:48,2025-07-12,"14:13:48",859,14.3,0.2,0,"E:/tenquille_sept_tagged/TL-14/DCIM/102RECNX","RCNX0244.JPG","Nothing",3,"Species|Nothing"
"tl14","Nothing",2025-07-12 14:22:21,2025-07-12,"14:22:21",511,8.5,0.1,0,"E:/tenquille_sept_tagged/TL-14/DCIM/102RECNX","RCNX0247.JPG","Nothing",3,"Species|Nothing"
"tl14","Nothing",2025-07-12 14:44:26,2025-07-12,"14:44:26",1323,22,0.4,0,"E:/tenquille_sept_tagged/TL-14/DCIM/102RECNX","RCNX0250.JPG","Nothing",3,"Species|Nothing"
"tl14","Nothing",2025-07-14 06:47:27,2025-07-14,"06:47:27",144179,2403,40,1.7,"E:/tenquille_sept_tagged/TL-14/DCIM/102RECNX","RCNX0256.JPG","Nothing",3,"Species|Nothing"
"tl14","Nothing",2025-07-16 03:53:44,2025-07-16,"03:53:44",162375,2706.2,45.1,1.9,"E:/tenquille_sept_tagged/TL-14/DCIM/102RECNX","RCNX0261.JPG","Nothing",1,"Species|Nothing"
"tl14","Nothing",2025-07-16 13:42:21,2025-07-16,"13:42:21",35317,588.6,9.8,0.4,"E:/tenquille_sept_tagged/TL-14/DCIM/102RECNX","RCNX0262.JPG","Nothing",3,"Species|Nothing"
"tl14","Nothing",2025-07-16 16:19:07,2025-07-16,"16:19:07",9404,156.7,2.6,0.1,"E:/tenquille_sept_tagged/TL-14/DCIM/102RECNX","RCNX0265.JPG","Nothing",3,"Species|Nothing"
"tl14","Nothing",2025-07-17 23:39:47,2025-07-17,"23:39:47",112838,1880.6,31.3,1.3,"E:/tenquille_sept_tagged/TL-14/DCIM/102RECNX","RCNX0270.JPG","Nothing",1,"Species|Nothing"
"tl14","Nothing",2025-07-18 05:55:21,2025-07-18,"05:55:21",22534,375.6,6.3,0.3,"E:/tenquille_sept_tagged/TL-14/DCIM/102RECNX","RCNX0271.JPG","Nothing",3,"Species|Nothing"
"tl14","Nothing",2025-07-19 14:07:36,2025-07-19,"14:07:36",115933,1932.2,32.2,1.3,"E:/tenquille_sept_tagged/TL-14/DCIM/102RECNX","RCNX0274.JPG","Nothing",3,"Species|Nothing"
"tl14","Nothing",2025-07-23 09:25:25,2025-07-23,"09:25:25",328667,5477.8,91.3,3.8,"E:/tenquille_sept_tagged/TL-14/DCIM/102RECNX","RCNX0292.JPG","Nothing",3,"Species|Nothing"
"tl14","Nothing",2025-07-23 11:07:45,2025-07-23,"11:07:45",6138,102.3,1.7,0.1,"E:/tenquille_sept_tagged/TL-14/DCIM/102RECNX","RCNX0295.JPG","Nothing",3,"Species|Nothing"
"tl14","Nothing",2025-07-23 14:29:20,2025-07-23,"14:29:20",12093,201.6,3.4,0.1,"E:/tenquille_sept_tagged/TL-14/DCIM/102RECNX","RCNX0298.JPG","Nothing",3,"Species|Nothing"
"tl14","Nothing",2025-07-24 14:19:01,2025-07-24,"14:19:01",85779,1429.7,23.8,1,"E:/tenquille_sept_tagged/TL-14/DCIM/102RECNX","RCNX0304.JPG","Nothing",3,"Species|Nothing"
"tl14","Nothing",2025-07-24 14:47:29,2025-07-24,"14:47:29",1706,28.4,0.5,0,"E:/tenquille_sept_tagged/TL-14/DCIM/102RECNX","RCNX0307.JPG","Nothing",12,"Species|Nothing"
"tl14","Nothing",2025-07-24 15:01:39,2025-07-24,"15:01:39",623,10.4,0.2,0,"E:/tenquille_sept_tagged/TL-14/DCIM/102RECNX","RCNX0319.JPG","Nothing",9,"Species|Nothing"
"tl14","Nothing",2025-07-27 23:12:32,2025-07-27,"23:12:32",288286,4804.8,80.1,3.3,"E:/tenquille_sept_tagged/TL-14/DCIM/102RECNX","RCNX0338.JPG","Nothing",2,"Species|Nothing"
"tl14","Nothing",2025-07-28 14:53:23,2025-07-28,"14:53:23",56450,940.8,15.7,0.7,"E:/tenquille_sept_tagged/TL-14/DCIM/102RECNX","RCNX0340.JPG","Nothing",3,"Species|Nothing"
"tl14","Nothing",2025-07-29 15:02:37,2025-07-29,"15:02:37",86952,1449.2,24.2,1,"E:/tenquille_sept_tagged/TL-14/DCIM/102RECNX","RCNX0343.JPG","Nothing",3,"Species|Nothing"
"tl14","Nothing",2025-07-29 22:16:21,2025-07-29,"22:16:21",26022,433.7,7.2,0.3,"E:/tenquille_sept_tagged/TL-14/DCIM/102RECNX","RCNX0347.JPG","Nothing",2,"Species|Nothing"
"tl14","Nothing",2025-07-31 14:23:41,2025-07-31,"14:23:41",144439,2407.3,40.1,1.7,"E:/tenquille_sept_tagged/TL-14/DCIM/102RECNX","RCNX0349.JPG","Nothing",3,"Species|Nothing"
"tl14","Nothing",2025-07-31 19:20:20,2025-07-31,"19:20:20",17797,296.6,4.9,0.2,"E:/tenquille_sept_tagged/TL-14/DCIM/102RECNX","RCNX0352.JPG","Nothing",3,"Species|Nothing"
"tl14","Nothing",2025-08-01 04:49:29,2025-08-01,"04:49:29",34147,569.1,9.5,0.4,"E:/tenquille_sept_tagged/TL-14/DCIM/102RECNX","RCNX0355.JPG","Nothing",3,"Species|Nothing"
"tl14","Nothing",2025-08-01 14:29:47,2025-08-01,"14:29:47",34816,580.3,9.7,0.4,"E:/tenquille_sept_tagged/TL-14/DCIM/102RECNX","RCNX0358.JPG","Nothing",3,"Species|Nothing"
"tl14","Nothing",2025-08-01 14:43:57,2025-08-01,"14:43:57",848,14.1,0.2,0,"E:/tenquille_sept_tagged/TL-14/DCIM/102RECNX","RCNX0361.JPG","Nothing",3,"Species|Nothing"
"tl14","Nothing",2025-08-02 14:12:17,2025-08-02,"14:12:17",84498,1408.3,23.5,1,"E:/tenquille_sept_tagged/TL-14/DCIM/102RECNX","RCNX0367.JPG","Nothing",3,"Species|Nothing"
"tl14","Nothing",2025-08-02 14:21:17,2025-08-02,"14:21:17",538,9,0.1,0,"E:/tenquille_sept_tagged/TL-14/DCIM/102RECNX","RCNX0370.JPG","Nothing",6,"Species|Nothing"
"tl14","Nothing",2025-08-02 14:33:13,2025-08-02,"14:33:13",490,8.2,0.1,0,"E:/tenquille_sept_tagged/TL-14/DCIM/102RECNX","RCNX0376.JPG","Nothing",6,"Species|Nothing"
"tl14","Nothing",2025-08-07 14:54:01,2025-08-07,"14:54:01",433234,7220.6,120.3,5,"E:/tenquille_sept_tagged/TL-14/DCIM/102RECNX","RCNX0391.JPG","Nothing",3,"Species|Nothing"
"tl14","Nothing",2025-08-11 03:12:36,2025-08-11,"03:12:36",303513,5058.6,84.3,3.5,"E:/tenquille_sept_tagged/TL-14/DCIM/102RECNX","RCNX0401.JPG","Nothing",2,"Species|Nothing"
"tl14","Nothing",2025-08-11 11:24:15,2025-08-11,"11:24:15",29498,491.6,8.2,0.3,"E:/tenquille_sept_tagged/TL-14/DCIM/102RECNX","RCNX0406.JPG","Nothing",3,"Species|Nothing"
"tl14","Nothing",2025-08-11 14:09:29,2025-08-11,"14:09:29",9912,165.2,2.8,0.1,"E:/tenquille_sept_tagged/TL-14/DCIM/102RECNX","RCNX0409.JPG","Nothing",3,"Species|Nothing"
"tl14","Nothing",2025-08-12 14:14:30,2025-08-12,"14:14:30",86699,1445,24.1,1,"E:/tenquille_sept_tagged/TL-14/DCIM/102RECNX","RCNX0433.JPG","Nothing",3,"Species|Nothing"
"tl14","Nothing",2025-08-14 00:26:55,2025-08-14,"00:26:55",123143,2052.4,34.2,1.4,"E:/tenquille_sept_tagged/TL-14/DCIM/102RECNX","RCNX0437.JPG","Nothing",2,"Species|Nothing"
"tl14","Nothing",2025-08-15 00:42:52,2025-08-15,"00:42:52",87356,1455.9,24.3,1,"E:/tenquille_sept_tagged/TL-14/DCIM/102RECNX","RCNX0439.JPG","Nothing",3,"Species|Nothing"
"tl14","Nothing",2025-08-18 06:14:38,2025-08-18,"06:14:38",279104,4651.7,77.5,3.2,"E:/tenquille_sept_tagged/TL-14/DCIM/102RECNX","RCNX0448.JPG","Nothing",3,"Species|Nothing"
"tl14","Nothing",2025-08-18 10:58:53,2025-08-18,"10:58:53",17053,284.2,4.7,0.2,"E:/tenquille_sept_tagged/TL-14/DCIM/102RECNX","RCNX0451.JPG","Nothing",3,"Species|Nothing"
"tl14","Nothing",2025-08-19 02:09:08,2025-08-19,"02:09:08",54613,910.2,15.2,0.6,"E:/tenquille_sept_tagged/TL-14/DCIM/102RECNX","RCNX0463.JPG","Nothing",3,"Species|Nothing"
"tl14","Nothing",2025-08-19 04:40:53,2025-08-19,"04:40:53",9103,151.7,2.5,0.1,"E:/tenquille_sept_tagged/TL-14/DCIM/102RECNX","RCNX0466.JPG","Nothing",4,"Species|Nothing"
"tl14","Nothing",2025-08-19 23:39:49,2025-08-19,"23:39:49",68329,1138.8,19,0.8,"E:/tenquille_sept_tagged/TL-14/DCIM/102RECNX","RCNX0473.JPG","Nothing",2,"Species|Nothing"
"tl14","Nothing",2025-08-20 02:50:40,2025-08-20,"02:50:40",11450,190.8,3.2,0.1,"E:/tenquille_sept_tagged/TL-14/DCIM/102RECNX","RCNX0475.JPG","Nothing",3,"Species|Nothing"
"tl14","Nothing",2025-08-20 16:33:08,2025-08-20,"16:33:08",49346,822.4,13.7,0.6,"E:/tenquille_sept_tagged/TL-14/DCIM/102RECNX","RCNX0478.JPG","Nothing",3,"Species|Nothing"
"tl14","Nothing",2025-08-20 22:04:44,2025-08-20,"22:04:44",19894,331.6,5.5,0.2,"E:/tenquille_sept_tagged/TL-14/DCIM/102RECNX","RCNX0482.JPG","Nothing",2,"Species|Nothing"
"tl14","Nothing",2025-08-22 22:15:22,2025-08-22,"22:15:22",173437,2890.6,48.2,2,"E:/tenquille_sept_tagged/TL-14/DCIM/102RECNX","RCNX0518.JPG","Nothing",2,"Species|Nothing"
"tl14","Nothing",2025-08-23 10:53:50,2025-08-23,"10:53:50",45507,758.5,12.6,0.5,"E:/tenquille_sept_tagged/TL-14/DCIM/102RECNX","RCNX0520.JPG","Nothing",3,"Species|Nothing"
"tl14","Nothing",2025-08-25 14:25:50,2025-08-25,"14:25:50",185518,3092,51.5,2.1,"E:/tenquille_sept_tagged/TL-14/DCIM/102RECNX","RCNX0529.JPG","Nothing",3,"Species|Nothing"
"tl14","Nothing",2025-08-26 10:20:16,2025-08-26,"10:20:16",71664,1194.4,19.9,0.8,"E:/tenquille_sept_tagged/TL-14/DCIM/102RECNX","RCNX0534.JPG","Nothing",1,"Species|Nothing"
"tl14","Nothing",2025-08-26 13:12:52,2025-08-26,"13:12:52",10356,172.6,2.9,0.1,"E:/tenquille_sept_tagged/TL-14/DCIM/102RECNX","RCNX0537.JPG","Nothing",1,"Species|Nothing"
"tl14","Nothing",2025-08-26 23:12:14,2025-08-26,"23:12:14",35962,599.4,10,0.4,"E:/tenquille_sept_tagged/TL-14/DCIM/102RECNX","RCNX0538.JPG","Nothing",3,"Species|Nothing"
"tl14","Nothing",2025-08-30 13:10:56,2025-08-30,"13:10:56",309520,5158.7,86,3.6,"E:/tenquille_sept_tagged/TL-14/DCIM/102RECNX","RCNX0543.JPG","Nothing",1,"Species|Nothing"
"tl14","Nothing",2025-08-31 03:45:13,2025-08-31,"03:45:13",52457,874.3,14.6,0.6,"E:/tenquille_sept_tagged/TL-14/DCIM/102RECNX","RCNX0545.JPG","Nothing",2,"Species|Nothing"
"tl14","Nothing",2025-08-31 14:22:36,2025-08-31,"14:22:36",38242,637.4,10.6,0.4,"E:/tenquille_sept_tagged/TL-14/DCIM/102RECNX","RCNX0551.JPG","Nothing",2,"Species|Nothing"
"tl14","Nothing",2025-09-01 00:49:53,2025-09-01,"00:49:53",37636,627.3,10.5,0.4,"E:/tenquille_sept_tagged/TL-14/DCIM/102RECNX","RCNX0559.JPG","Nothing",6,"Species|Nothing"
"tl14","Nothing",2025-09-01 04:03:55,2025-09-01,"04:03:55",11637,193.9,3.2,0.1,"E:/tenquille_sept_tagged/TL-14/DCIM/102RECNX","RCNX0565.JPG","Nothing",2,"Species|Nothing"
"tl14","Nothing",2025-09-01 08:37:26,2025-09-01,"08:37:26",16409,273.5,4.6,0.2,"E:/tenquille_sept_tagged/TL-14/DCIM/102RECNX","RCNX0571.JPG","Nothing",3,"Species|Nothing"
"tl14","Nothing",2025-09-02 10:33:29,2025-09-02,"10:33:29",93361,1556,25.9,1.1,"E:/tenquille_sept_tagged/TL-14/DCIM/102RECNX","RCNX0578.JPG","Nothing",2,"Species|Nothing"
"tl14","Nothing",2025-09-07 19:29:18,2025-09-07,"19:29:18",464148,7735.8,128.9,5.4,"E:/tenquille_sept_tagged/TL-14/DCIM/102RECNX","RCNX0598.JPG","Nothing",3,"Species|Nothing"
"tl14","Nothing",2025-09-09 00:25:15,2025-09-09,"00:25:15",104155,1735.9,28.9,1.2,"E:/tenquille_sept_tagged/TL-14/DCIM/102RECNX","RCNX0602.JPG","Nothing",2,"Species|Nothing"
"tl14","Nothing",2025-09-11 07:18:18,2025-09-11,"07:18:18",197582,3293,54.9,2.3,"E:/tenquille_sept_tagged/TL-14/DCIM/102RECNX","RCNX0607.JPG","Nothing",3,"Species|Nothing"
"tl14","Nothing",2025-09-11 18:50:54,2025-09-11,"18:50:54",41554,692.6,11.5,0.5,"E:/tenquille_sept_tagged/TL-14/DCIM/102RECNX","RCNX0654.JPG","Nothing",1,"Species|Nothing"
"tl14","Nothing",2025-09-13 15:38:43,2025-09-13,"15:38:43",161269,2687.8,44.8,1.9,"E:/tenquille_sept_tagged/TL-14/DCIM/102RECNX","RCNX0669.JPG","Nothing",1,"Species|Nothing"
"tl14","Nothing",2025-09-13 17:04:57,2025-09-13,"17:04:57",5174,86.2,1.4,0.1,"E:/tenquille_sept_tagged/TL-14/DCIM/102RECNX","RCNX0670.JPG","Nothing",3,"Species|Nothing"
"tl14","Nothing",2025-09-17 22:41:52,2025-09-17,"22:41:52",365813,6096.9,101.6,4.2,"E:/tenquille_sept_tagged/TL-14/DCIM/102RECNX","RCNX0683.JPG","Nothing",2,"Species|Nothing"
"tl14","Nothing",2025-09-18 00:02:33,2025-09-18,"00:02:33",4840,80.7,1.3,0.1,"E:/tenquille_sept_tagged/TL-14/DCIM/102RECNX","RCNX0687.JPG","Nothing",1,"Species|Nothing"
"tl14","People",2025-06-19 17:08:44,2025-06-19,"17:08:44",0,0,0,0,"E:/tenquille_sept_tagged/TL-14/DCIM/100RECNX","RCNX0001.JPG","People",21,"Species|People"
"tl14","People",2025-06-19 17:17:09,2025-06-19,"17:17:09",480,8,0.1,0,"E:/tenquille_sept_tagged/TL-14/DCIM/101RECNX","RCNX0001.JPG","People",21,"Species|People"
"tl14","People",2025-06-19 17:34:44,2025-06-19,"17:34:44",1029,17.1,0.3,0,"E:/tenquille_sept_tagged/TL-14/DCIM/102RECNX","RCNX0001.JPG","People",81,"Species|People"
"tl14","People",2025-09-21 14:54:01,2025-09-21,"14:54:01",8111764,135196.1,2253.3,93.9,"E:/tenquille_sept_tagged/TL-14/DCIM/102RECNX","RCNX0703.JPG","People",52,"Species|People"
"tl14","Short-tailed weasel",2025-09-12 06:41:28,2025-09-12,"06:41:28",0,0,0,0,"E:/tenquille_sept_tagged/TL-14/DCIM/102RECNX","RCNX0655.JPG","Short-tailed weasel",3,"Species|Short-tailed weasel"
"tl14","Snowshoe hare",2025-06-19 19:39:20,2025-06-19,"19:39:20",0,0,0,0,"E:/tenquille_sept_tagged/TL-14/DCIM/102RECNX","RCNX0082.JPG","Snowshoe hare",12,"Species|Snowshoe hare"
"tl14","Snowshoe hare",2025-06-19 21:22:20,2025-06-19,"21:22:20",5775,96.2,1.6,0.1,"E:/tenquille_sept_tagged/TL-14/DCIM/102RECNX","RCNX0094.JPG","Snowshoe hare",3,"Species|Snowshoe hare"
"tl14","Snowshoe hare",2025-06-20 08:36:38,2025-06-20,"08:36:38",40456,674.3,11.2,0.5,"E:/tenquille_sept_tagged/TL-14/DCIM/102RECNX","RCNX0103.JPG","Snowshoe hare",6,"Species|Snowshoe hare"
"tl14","Snowshoe hare",2025-06-20 10:39:18,2025-06-20,"10:39:18",7354,122.6,2,0.1,"E:/tenquille_sept_tagged/TL-14/DCIM/102RECNX","RCNX0109.JPG","Snowshoe hare",1,"Species|Snowshoe hare"
"tl14","Snowshoe hare",2025-06-22 05:15:02,2025-06-22,"05:15:02",153344,2555.7,42.6,1.8,"E:/tenquille_sept_tagged/TL-14/DCIM/102RECNX","RCNX0112.JPG","Snowshoe hare",6,"Species|Snowshoe hare"
"tl14","Snowshoe hare",2025-06-25 03:12:27,2025-06-25,"03:12:27",251840,4197.3,70,2.9,"E:/tenquille_sept_tagged/TL-14/DCIM/102RECNX","RCNX0130.JPG","Snowshoe hare",3,"Species|Snowshoe hare"
"tl14","Snowshoe hare",2025-06-25 04:43:46,2025-06-25,"04:43:46",5477,91.3,1.5,0.1,"E:/tenquille_sept_tagged/TL-14/DCIM/102RECNX","RCNX0133.JPG","Snowshoe hare",6,"Species|Snowshoe hare"
"tl14","Snowshoe hare",2025-07-10 22:22:33,2025-07-10,"22:22:33",1359514,22658.6,377.6,15.7,"E:/tenquille_sept_tagged/TL-14/DCIM/102RECNX","RCNX0229.JPG","Snowshoe hare",1,"Species|Snowshoe hare"
"tl14","Snowshoe hare",2025-07-14 01:18:56,2025-07-14,"01:18:56",269783,4496.4,74.9,3.1,"E:/tenquille_sept_tagged/TL-14/DCIM/102RECNX","RCNX0253.JPG","Snowshoe hare",3,"Species|Snowshoe hare"
"tl14","Snowshoe hare",2025-07-17 23:39:45,2025-07-17,"23:39:45",339647,5660.8,94.3,3.9,"E:/tenquille_sept_tagged/TL-14/DCIM/102RECNX","RCNX0268.JPG","Snowshoe hare",2,"Species|Snowshoe hare"
"tl14","Snowshoe hare",2025-07-22 22:24:20,2025-07-22,"22:24:20",427474,7124.6,118.7,4.9,"E:/tenquille_sept_tagged/TL-14/DCIM/102RECNX","RCNX0286.JPG","Snowshoe hare",3,"Species|Snowshoe hare"
"tl14","Snowshoe hare",2025-08-04 01:59:50,2025-08-04,"01:59:50",1049728,17495.5,291.6,12.2,"E:/tenquille_sept_tagged/TL-14/DCIM/102RECNX","RCNX0382.JPG","Snowshoe hare",3,"Species|Snowshoe hare"
"tl14","Snowshoe hare",2025-08-11 03:12:25,2025-08-11,"03:12:25",609153,10152.5,169.2,7,"E:/tenquille_sept_tagged/TL-14/DCIM/102RECNX","RCNX0397.JPG","Snowshoe hare",4,"Species|Snowshoe hare"
"tl14","Snowshoe hare",2025-08-18 23:13:33,2025-08-18,"23:13:33",676858,11281,188,7.8,"E:/tenquille_sept_tagged/TL-14/DCIM/102RECNX","RCNX0456.JPG","Snowshoe hare",1,"Species|Snowshoe hare"
"tl14","Snowshoe hare",2025-08-19 02:09:00,2025-08-19,"02:09:00",10527,175.4,2.9,0.1,"E:/tenquille_sept_tagged/TL-14/DCIM/102RECNX","RCNX0457.JPG","Snowshoe hare",6,"Species|Snowshoe hare"
"tl14","Snowshoe hare",2025-08-20 22:04:43,2025-08-20,"22:04:43",158137,2635.6,43.9,1.8,"E:/tenquille_sept_tagged/TL-14/DCIM/102RECNX","RCNX0481.JPG","Snowshoe hare",1,"Species|Snowshoe hare"
"tl14","Snowshoe hare",2025-09-17 22:41:47,2025-09-17,"22:41:47",2421424,40357.1,672.6,28,"E:/tenquille_sept_tagged/TL-14/DCIM/102RECNX","RCNX0679.JPG","Snowshoe hare",4,"Species|Snowshoe hare"
"tl14","Unknown",2025-08-17 16:02:23,2025-08-17,"16:02:23",0,0,0,0,"E:/tenquille_sept_tagged/TL-14/DCIM/102RECNX","RCNX0445.JPG","Unknown",3,"Species|Unknown"
"tl15","Bird",2025-07-02 14:15:11,2025-07-02,"14:15:11",0,0,0,0,"E:/tenquille_sept_tagged/TL-15/20-09-2025/105RECNX","RCNX1946.JPG","Bird",3,"Species|Bird"
"tl15","Bird",2025-07-03 15:44:49,2025-07-03,"15:44:49",91773,1529.6,25.5,1.1,"E:/tenquille_sept_tagged/TL-15/20-09-2025/105RECNX","RCNX1952.JPG","Bird",1,"Species|Bird"
"tl15","Bird",2025-07-06 07:31:16,2025-07-06,"07:31:16",229587,3826.4,63.8,2.7,"E:/tenquille_sept_tagged/TL-15/20-09-2025/105RECNX","RCNX1962.JPG","Bird",4,"Species|Bird"
"tl15","Bird",2025-07-06 10:08:25,2025-07-06,"10:08:25",9422,157,2.6,0.1,"E:/tenquille_sept_tagged/TL-15/20-09-2025/105RECNX","RCNX1966.JPG","Bird",1,"Species|Bird"
"tl15","Bird",2025-07-06 10:16:54,2025-07-06,"10:16:54",509,8.5,0.1,0,"E:/tenquille_sept_tagged/TL-15/20-09-2025/105RECNX","RCNX1967.JPG","Bird",1,"Species|Bird"
"tl15","Bird",2025-07-06 11:07:47,2025-07-06,"11:07:47",3053,50.9,0.8,0,"E:/tenquille_sept_tagged/TL-15/20-09-2025/105RECNX","RCNX1968.JPG","Bird",2,"Species|Bird"
"tl15","Bird",2025-07-06 14:04:59,2025-07-06,"14:04:59",10629,177.2,3,0.1,"E:/tenquille_sept_tagged/TL-15/20-09-2025/105RECNX","RCNX1970.JPG","Bird",1,"Species|Bird"
"tl15","Bird",2025-07-06 20:56:22,2025-07-06,"20:56:22",24683,411.4,6.9,0.3,"E:/tenquille_sept_tagged/TL-15/20-09-2025/105RECNX","RCNX1971.JPG","Bird",1,"Species|Bird"
"tl15","Bird",2025-07-06 21:11:13,2025-07-06,"21:11:13",891,14.8,0.2,0,"E:/tenquille_sept_tagged/TL-15/20-09-2025/105RECNX","RCNX1972.JPG","Bird",1,"Species|Bird"
"tl15","Bird",2025-07-07 10:24:42,2025-07-07,"10:24:42",47609,793.5,13.2,0.5,"E:/tenquille_sept_tagged/TL-15/20-09-2025/105RECNX","RCNX1973.JPG","Bird",1,"Species|Bird"
"tl15","Bird",2025-07-08 05:08:34,2025-07-08,"05:08:34",67432,1123.9,18.7,0.8,"E:/tenquille_sept_tagged/TL-15/20-09-2025/105RECNX","RCNX1974.JPG","Bird",2,"Species|Bird"
"tl15","Bird",2025-07-08 05:31:19,2025-07-08,"05:31:19",1363,22.7,0.4,0,"E:/tenquille_sept_tagged/TL-15/20-09-2025/105RECNX","RCNX1976.JPG","Bird",2,"Species|Bird"
"tl15","Bird",2025-07-08 11:37:57,2025-07-08,"11:37:57",21975,366.2,6.1,0.3,"E:/tenquille_sept_tagged/TL-15/20-09-2025/105RECNX","RCNX1978.JPG","Bird",1,"Species|Bird"
"tl15","Bird",2025-07-10 05:14:56,2025-07-10,"05:14:56",149819,2497,41.6,1.7,"E:/tenquille_sept_tagged/TL-15/20-09-2025/105RECNX","RCNX1987.JPG","Bird",2,"Species|Bird"
"tl15","Bird",2025-07-10 21:29:52,2025-07-10,"21:29:52",58494,974.9,16.2,0.7,"E:/tenquille_sept_tagged/TL-15/20-09-2025/105RECNX","RCNX1991.JPG","Bird",1,"Species|Bird"
"tl15","Bird",2025-07-11 04:58:18,2025-07-11,"04:58:18",26906,448.4,7.5,0.3,"E:/tenquille_sept_tagged/TL-15/20-09-2025/105RECNX","RCNX1992.JPG","Bird",2,"Species|Bird"
"tl15","Bird",2025-07-11 08:52:11,2025-07-11,"08:52:11",14029,233.8,3.9,0.2,"E:/tenquille_sept_tagged/TL-15/20-09-2025/105RECNX","RCNX1995.JPG","Bird",1,"Species|Bird"
"tl15","Bird",2025-07-19 07:21:38,2025-07-19,"07:21:38",685767,11429.5,190.5,7.9,"E:/tenquille_sept_tagged/TL-15/20-09-2025/105RECNX","RCNX2050.JPG","Bird",1,"Species|Bird"
"tl15","Bird",2025-07-20 05:26:48,2025-07-20,"05:26:48",79510,1325.2,22.1,0.9,"E:/tenquille_sept_tagged/TL-15/20-09-2025/105RECNX","RCNX2053.JPG","Bird",1,"Species|Bird"
"tl15","Bird",2025-07-23 07:19:11,2025-07-23,"07:19:11",265943,4432.4,73.9,3.1,"E:/tenquille_sept_tagged/TL-15/20-09-2025/105RECNX","RCNX2083.JPG","Bird",3,"Species|Bird"
"tl15","Bird",2025-07-23 20:58:32,2025-07-23,"20:58:32",49150,819.2,13.7,0.6,"E:/tenquille_sept_tagged/TL-15/20-09-2025/105RECNX","RCNX2087.JPG","Bird",1,"Species|Bird"
"tl15","Bird",2025-07-24 06:42:24,2025-07-24,"06:42:24",35032,583.9,9.7,0.4,"E:/tenquille_sept_tagged/TL-15/20-09-2025/105RECNX","RCNX2088.JPG","Bird",2,"Species|Bird"
"tl15","Bird",2025-07-31 09:29:10,2025-07-31,"09:29:10",614803,10246.7,170.8,7.1,"E:/tenquille_sept_tagged/TL-15/20-09-2025/105RECNX","RCNX2095.JPG","Bird",4,"Species|Bird"
"tl15","Bird",2025-08-05 15:21:34,2025-08-05,"15:21:34",453059,7551,125.8,5.2,"E:/tenquille_sept_tagged/TL-15/20-09-2025/105RECNX","RCNX2102.JPG","Bird",1,"Species|Bird"
"tl15","Bird",2025-08-08 10:38:39,2025-08-08,"10:38:39",242225,4037.1,67.3,2.8,"E:/tenquille_sept_tagged/TL-15/20-09-2025/105RECNX","RCNX2105.JPG","Bird",1,"Species|Bird"
"tl15","Bird",2025-08-09 08:40:50,2025-08-09,"08:40:50",79331,1322.2,22,0.9,"E:/tenquille_sept_tagged/TL-15/20-09-2025/105RECNX","RCNX2106.JPG","Bird",1,"Species|Bird"
"tl15","Bird",2025-08-13 14:58:02,2025-08-13,"14:58:02",368232,6137.2,102.3,4.3,"E:/tenquille_sept_tagged/TL-15/20-09-2025/105RECNX","RCNX2121.JPG","Bird",1,"Species|Bird"
"tl15","Bird",2025-08-22 06:11:55,2025-08-22,"06:11:55",746033,12433.9,207.2,8.6,"E:/tenquille_sept_tagged/TL-15/20-09-2025/105RECNX","RCNX2129.JPG","Bird",1,"Species|Bird"
"tl15","Bird",2025-08-22 06:53:59,2025-08-22,"06:53:59",2524,42.1,0.7,0,"E:/tenquille_sept_tagged/TL-15/20-09-2025/105RECNX","RCNX2130.JPG","Bird",1,"Species|Bird"
"tl15","Bird",2025-08-23 20:07:39,2025-08-23,"20:07:39",134020,2233.7,37.2,1.6,"E:/tenquille_sept_tagged/TL-15/20-09-2025/105RECNX","RCNX2144.JPG","Bird",3,"Species|Bird"
"tl15","Bird",2025-08-26 14:58:45,2025-08-26,"14:58:45",240650,4010.8,66.8,2.8,"E:/tenquille_sept_tagged/TL-15/20-09-2025/105RECNX","RCNX2150.JPG","Bird",1,"Species|Bird"
"tl15","Bird",2025-08-26 19:28:52,2025-08-26,"19:28:52",16207,270.1,4.5,0.2,"E:/tenquille_sept_tagged/TL-15/20-09-2025/105RECNX","RCNX2151.JPG","Bird",1,"Species|Bird"
"tl15","Bird",2025-08-29 16:44:02,2025-08-29,"16:44:02",249310,4155.2,69.3,2.9,"E:/tenquille_sept_tagged/TL-15/20-09-2025/105RECNX","RCNX2154.JPG","Bird",1,"Species|Bird"
"tl15","Bird",2025-08-29 17:45:35,2025-08-29,"17:45:35",3693,61.5,1,0,"E:/tenquille_sept_tagged/TL-15/20-09-2025/105RECNX","RCNX2155.JPG","Bird",2,"Species|Bird"
"tl15","Bird",2025-08-29 17:52:29,2025-08-29,"17:52:29",412,6.9,0.1,0,"E:/tenquille_sept_tagged/TL-15/20-09-2025/105RECNX","RCNX2157.JPG","Bird",1,"Species|Bird"
"tl15","Bird",2025-08-31 16:34:55,2025-08-31,"16:34:55",168146,2802.4,46.7,1.9,"E:/tenquille_sept_tagged/TL-15/20-09-2025/105RECNX","RCNX2161.JPG","Bird",1,"Species|Bird"
"tl15","Bird",2025-09-01 10:40:23,2025-09-01,"10:40:23",65128,1085.5,18.1,0.8,"E:/tenquille_sept_tagged/TL-15/20-09-2025/105RECNX","RCNX2162.JPG","Bird",1,"Species|Bird"
"tl15","Bird",2025-09-01 11:27:48,2025-09-01,"11:27:48",2845,47.4,0.8,0,"E:/tenquille_sept_tagged/TL-15/20-09-2025/105RECNX","RCNX2163.JPG","Bird",1,"Species|Bird"
"tl15","Bird",2025-09-01 12:43:23,2025-09-01,"12:43:23",4535,75.6,1.3,0.1,"E:/tenquille_sept_tagged/TL-15/20-09-2025/105RECNX","RCNX2164.JPG","Bird",1,"Species|Bird"
"tl15","Bird",2025-09-01 14:01:47,2025-09-01,"14:01:47",4704,78.4,1.3,0.1,"E:/tenquille_sept_tagged/TL-15/20-09-2025/105RECNX","RCNX2165.JPG","Bird",1,"Species|Bird"
"tl15","Bird",2025-09-01 14:18:28,2025-09-01,"14:18:28",1001,16.7,0.3,0,"E:/tenquille_sept_tagged/TL-15/20-09-2025/105RECNX","RCNX2168.JPG","Bird",1,"Species|Bird"
"tl15","Bird",2025-09-01 15:01:21,2025-09-01,"15:01:21",2573,42.9,0.7,0,"E:/tenquille_sept_tagged/TL-15/20-09-2025/105RECNX","RCNX2169.JPG","Bird",2,"Species|Bird"
"tl15","Bird",2025-09-01 15:52:06,2025-09-01,"15:52:06",3038,50.6,0.8,0,"E:/tenquille_sept_tagged/TL-15/20-09-2025/105RECNX","RCNX2173.JPG","Bird",1,"Species|Bird"
"tl15","Bird",2025-09-02 09:59:40,2025-09-02,"09:59:40",65254,1087.6,18.1,0.8,"E:/tenquille_sept_tagged/TL-15/20-09-2025/105RECNX","RCNX2174.JPG","Bird",1,"Species|Bird"
"tl15","Bird",2025-09-02 13:12:46,2025-09-02,"13:12:46",11586,193.1,3.2,0.1,"E:/tenquille_sept_tagged/TL-15/20-09-2025/105RECNX","RCNX2175.JPG","Bird",2,"Species|Bird"
"tl15","Bird",2025-09-03 11:59:21,2025-09-03,"11:59:21",81992,1366.5,22.8,1,"E:/tenquille_sept_tagged/TL-15/20-09-2025/105RECNX","RCNX2181.JPG","Bird",1,"Species|Bird"
"tl15","Bird",2025-09-03 13:05:46,2025-09-03,"13:05:46",3985,66.4,1.1,0,"E:/tenquille_sept_tagged/TL-15/20-09-2025/105RECNX","RCNX2182.JPG","Bird",1,"Species|Bird"
"tl15","Bird",2025-09-05 08:46:41,2025-09-05,"08:46:41",157255,2620.9,43.7,1.8,"E:/tenquille_sept_tagged/TL-15/20-09-2025/105RECNX","RCNX2186.JPG","Bird",1,"Species|Bird"
"tl15","Bird",2025-09-05 18:07:08,2025-09-05,"18:07:08",33627,560.5,9.3,0.4,"E:/tenquille_sept_tagged/TL-15/20-09-2025/105RECNX","RCNX2187.JPG","Bird",1,"Species|Bird"
"tl15","Bird",2025-09-08 16:29:05,2025-09-08,"16:29:05",253317,4222,70.4,2.9,"E:/tenquille_sept_tagged/TL-15/20-09-2025/105RECNX","RCNX2190.JPG","Bird",1,"Species|Bird"
"tl15","Bird",2025-09-12 13:18:01,2025-09-12,"13:18:01",334136,5568.9,92.8,3.9,"E:/tenquille_sept_tagged/TL-15/20-09-2025/105RECNX","RCNX2205.JPG","Bird",1,"Species|Bird"
"tl15","Bird",2025-09-13 18:46:32,2025-09-13,"18:46:32",106111,1768.5,29.5,1.2,"E:/tenquille_sept_tagged/TL-15/20-09-2025/105RECNX","RCNX2206.JPG","Bird",1,"Species|Bird"
"tl15","Bird",2025-09-14 07:10:15,2025-09-14,"07:10:15",44623,743.7,12.4,0.5,"E:/tenquille_sept_tagged/TL-15/20-09-2025/105RECNX","RCNX2207.JPG","Bird",2,"Species|Bird"
"tl15","Bird",2025-09-15 14:49:23,2025-09-15,"14:49:23",113935,1898.9,31.6,1.3,"E:/tenquille_sept_tagged/TL-15/20-09-2025/105RECNX","RCNX2217.JPG","Bird",2,"Species|Bird"
"tl15","Bird",2025-09-16 12:22:51,2025-09-16,"12:22:51",77603,1293.4,21.6,0.9,"E:/tenquille_sept_tagged/TL-15/20-09-2025/105RECNX","RCNX2225.JPG","Bird",2,"Species|Bird"
"tl15","Bird",2025-09-17 06:43:40,2025-09-17,"06:43:40",66044,1100.7,18.3,0.8,"E:/tenquille_sept_tagged/TL-15/20-09-2025/105RECNX","RCNX2227.JPG","Bird",1,"Species|Bird"
"tl15","Bird",2025-09-17 06:50:38,2025-09-17,"06:50:38",418,7,0.1,0,"E:/tenquille_sept_tagged/TL-15/20-09-2025/105RECNX","RCNX2228.JPG","Bird",1,"Species|Bird"
"tl15","Bird",2025-09-17 07:03:37,2025-09-17,"07:03:37",779,13,0.2,0,"E:/tenquille_sept_tagged/TL-15/20-09-2025/105RECNX","RCNX2229.JPG","Bird",1,"Species|Bird"
"tl15","Bird",2025-09-18 08:17:28,2025-09-18,"08:17:28",90831,1513.8,25.2,1,"E:/tenquille_sept_tagged/TL-15/20-09-2025/105RECNX","RCNX2232.JPG","Bird",1,"Species|Bird"
"tl15","Bird",2025-09-18 15:12:40,2025-09-18,"15:12:40",24912,415.2,6.9,0.3,"E:/tenquille_sept_tagged/TL-15/20-09-2025/105RECNX","RCNX2233.JPG","Bird",2,"Species|Bird"
"tl15","Bird",2025-09-18 19:21:01,2025-09-18,"19:21:01",14897,248.3,4.1,0.2,"E:/tenquille_sept_tagged/TL-15/20-09-2025/105RECNX","RCNX2235.JPG","Bird",1,"Species|Bird"
"tl15","Bird",2025-09-18 19:32:01,2025-09-18,"19:32:01",660,11,0.2,0,"E:/tenquille_sept_tagged/TL-15/20-09-2025/105RECNX","RCNX2236.JPG","Bird",1,"Species|Bird"
"tl15","Bird",2025-09-19 18:52:49,2025-09-19,"18:52:49",84048,1400.8,23.3,1,"E:/tenquille_sept_tagged/TL-15/20-09-2025/105RECNX","RCNX2237.JPG","Bird",2,"Species|Bird"
"tl15","Bird",2025-09-20 06:46:06,2025-09-20,"06:46:06",42791,713.2,11.9,0.5,"E:/tenquille_sept_tagged/TL-15/20-09-2025/105RECNX","RCNX2239.JPG","Bird",1,"Species|Bird"
"tl15","Bird",2025-09-20 12:46:54,2025-09-20,"12:46:54",21648,360.8,6,0.2,"E:/tenquille_sept_tagged/TL-15/20-09-2025/105RECNX","RCNX2240.JPG","Bird",1,"Species|Bird"
"tl15","Black bear",2025-06-22 10:27:34,2025-06-22,"10:27:34",0,0,0,0,"E:/tenquille_sept_tagged/TL-15/20-09-2025/105RECNX","RCNX1224.JPG","Black bear",11,"Species|Black bear"
"tl15","Black bear",2025-06-22 22:31:39,2025-06-22,"22:31:39",43421,723.7,12.1,0.5,"E:/tenquille_sept_tagged/TL-15/20-09-2025/105RECNX","RCNX1884.JPG","Black bear",2,"Species|Black bear"
"tl15","Black bear",2025-07-05 15:47:56,2025-07-05,"15:47:56",1098975,18316.2,305.3,12.7,"E:/tenquille_sept_tagged/TL-15/20-09-2025/105RECNX","RCNX1955.JPG","Black bear",5,"Species|Black bear"
"tl15","Black bear",2025-07-17 16:22:59,2025-07-17,"16:22:59",1038893,17314.9,288.6,12,"E:/tenquille_sept_tagged/TL-15/20-09-2025/105RECNX","RCNX2038.JPG","Black bear",4,"Species|Black bear"
"tl15","Black bear",2025-07-17 22:43:50,2025-07-17,"22:43:50",22844,380.7,6.3,0.3,"E:/tenquille_sept_tagged/TL-15/20-09-2025/105RECNX","RCNX2042.JPG","Black bear",8,"Species|Black bear"
"tl15","Black bear",2025-07-19 09:24:22,2025-07-19,"09:24:22",124804,2080.1,34.7,1.4,"E:/tenquille_sept_tagged/TL-15/20-09-2025/105RECNX","RCNX2051.JPG","Black bear",2,"Species|Black bear"
"tl15","Black bear",2025-07-21 06:03:13,2025-07-21,"06:03:13",160729,2678.8,44.6,1.9,"E:/tenquille_sept_tagged/TL-15/20-09-2025/105RECNX","RCNX2054.JPG","Black bear",23,"Species|Black bear"
"tl15","Black bear",2025-07-22 15:20:20,2025-07-22,"15:20:20",119770,1996.2,33.3,1.4,"E:/tenquille_sept_tagged/TL-15/20-09-2025/105RECNX","RCNX2081.JPG","Black bear",1,"Species|Black bear"
"tl15","Black bear",2025-07-25 22:30:51,2025-07-25,"22:30:51",285031,4750.5,79.2,3.3,"E:/tenquille_sept_tagged/TL-15/20-09-2025/105RECNX","RCNX2090.JPG","Black bear",1,"Species|Black bear"
"tl15","Black bear",2025-08-18 20:58:23,2025-08-18,"20:58:23",2068052,34467.5,574.5,23.9,"E:/tenquille_sept_tagged/TL-15/20-09-2025/105RECNX","RCNX2124.JPG","Black bear",1,"Species|Black bear"
"tl15","Black bear",2025-08-22 11:57:41,2025-08-22,"11:57:41",313158,5219.3,87,3.6,"E:/tenquille_sept_tagged/TL-15/20-09-2025/105RECNX","RCNX2131.JPG","Black bear",6,"Species|Black bear"
"tl15","Black bear",2025-09-01 15:52:02,2025-09-01,"15:52:02",878049,14634.1,243.9,10.2,"E:/tenquille_sept_tagged/TL-15/20-09-2025/105RECNX","RCNX2171.JPG","Black bear",2,"Species|Black bear"
"tl15","Black bear",2025-09-09 20:55:05,2025-09-09,"20:55:05",709381,11823,197.1,8.2,"E:/tenquille_sept_tagged/TL-15/20-09-2025/105RECNX","RCNX2192.JPG","Black bear",2,"Species|Black bear"
"tl15","Black bear",2025-09-10 16:14:15,2025-09-10,"16:14:15",69548,1159.1,19.3,0.8,"E:/tenquille_sept_tagged/TL-15/20-09-2025/105RECNX","RCNX2194.JPG","Black bear",2,"Species|Black bear"
"tl15","Black bear",2025-09-11 02:38:15,2025-09-11,"02:38:15",37437,624,10.4,0.4,"E:/tenquille_sept_tagged/TL-15/20-09-2025/105RECNX","RCNX2201.JPG","Black bear",2,"Species|Black bear"
"tl15","Black bear",2025-09-14 22:51:46,2025-09-14,"22:51:46",332009,5533.5,92.2,3.8,"E:/tenquille_sept_tagged/TL-15/20-09-2025/105RECNX","RCNX2209.JPG","Black bear",3,"Species|Black bear"
"tl15","Bobcat",2025-07-26 11:42:59,2025-07-26,"11:42:59",0,0,0,0,"E:/tenquille_sept_tagged/TL-15/20-09-2025/105RECNX","RCNX2093.JPG","Bobcat",2,"Species|Bobcat"
"tl15","Bobcat",2025-08-10 10:15:29,2025-08-10,"10:15:29",1290748,21512.5,358.5,14.9,"E:/tenquille_sept_tagged/TL-15/20-09-2025/105RECNX","RCNX2108.JPG","Bobcat",3,"Species|Bobcat"
"tl15","Bobcat",2025-09-16 07:17:45,2025-09-16,"07:17:45",3186131,53102.2,885,36.9,"E:/tenquille_sept_tagged/TL-15/20-09-2025/105RECNX","RCNX2219.JPG","Bobcat",2,"Species|Bobcat"
"tl15","Bobcat",2025-09-18 04:56:43,2025-09-18,"04:56:43",164335,2738.9,45.6,1.9,"E:/tenquille_sept_tagged/TL-15/20-09-2025/105RECNX","RCNX2230.JPG","Bobcat",2,"Species|Bobcat"
"tl15","Moose",2025-07-21 17:22:39,2025-07-21,"17:22:39",0,0,0,0,"E:/tenquille_sept_tagged/TL-15/20-09-2025/105RECNX","RCNX2077.JPG","Moose",3,"Species|Moose"
"tl15","Moose",2025-07-21 17:41:42,2025-07-21,"17:41:42",1138,19,0.3,0,"E:/tenquille_sept_tagged/TL-15/20-09-2025/105RECNX","RCNX2080.JPG","Moose",1,"Species|Moose"
"tl15","Moose",2025-08-12 20:34:18,2025-08-12,"20:34:18",1911156,31852.6,530.9,22.1,"E:/tenquille_sept_tagged/TL-15/20-09-2025/105RECNX","RCNX2114.JPG","Moose",2,"Species|Moose"
"tl15","Mule deer",2025-08-01 05:20:36,2025-08-01,"05:20:36",0,0,0,0,"E:/tenquille_sept_tagged/TL-15/20-09-2025/105RECNX","RCNX2099.JPG","Mule deer",3,"Species|Mule deer"
"tl15","Nothing",2025-06-20 16:28:25,2025-06-20,"16:28:25",0,0,0,0,"E:/tenquille_sept_tagged/TL-15/20-09-2025/100RECNX","RCNX0010.JPG","Nothing",1,"Species|Nothing"
"tl15","Nothing",2025-06-20 17:29:42,2025-06-20,"17:29:42",3677,61.3,1,0,"E:/tenquille_sept_tagged/TL-15/20-09-2025/100RECNX","RCNX0011.JPG","Nothing",5,"Species|Nothing"
"tl15","Nothing",2025-06-20 17:41:43,2025-06-20,"17:41:43",449,7.5,0.1,0,"E:/tenquille_sept_tagged/TL-15/20-09-2025/100RECNX","RCNX0016.JPG","Nothing",1,"Species|Nothing"
"tl15","Nothing",2025-06-20 17:53:39,2025-06-20,"17:53:39",716,11.9,0.2,0,"E:/tenquille_sept_tagged/TL-15/20-09-2025/100RECNX","RCNX0017.JPG","Nothing",2,"Species|Nothing"
"tl15","Nothing",2025-06-20 17:59:41,2025-06-20,"17:59:41",359,6,0.1,0,"E:/tenquille_sept_tagged/TL-15/20-09-2025/100RECNX","RCNX0019.JPG","Nothing",2,"Species|Nothing"
"tl15","People",2025-06-20 15:42:29,2025-06-20,"15:42:29",0,0,0,0,"E:/tenquille_sept_tagged/TL-15/20-09-2025/101RECNX","RCNX0001.JPG","People",36,"Species|People"
"tl15","People",2025-09-20 17:12:53,2025-09-20,"17:12:53",7953519,132558.6,2209.3,92.1,"E:/tenquille_sept_tagged/TL-15/20-09-2025/105RECNX","RCNX2244.JPG","People",5,"Species|People"
"tl15","Snowshoe hare",2025-06-29 23:27:17,2025-06-29,"23:27:17",0,0,0,0,"E:/tenquille_sept_tagged/TL-15/20-09-2025/105RECNX","RCNX1934.JPG","Snowshoe hare",2,"Species|Snowshoe hare"
"tl15","Snowshoe hare",2025-07-02 00:17:25,2025-07-02,"00:17:25",175805,2930.1,48.8,2,"E:/tenquille_sept_tagged/TL-15/20-09-2025/105RECNX","RCNX1942.JPG","Snowshoe hare",2,"Species|Snowshoe hare"
"tl15","Snowshoe hare",2025-07-02 01:48:52,2025-07-02,"01:48:52",5485,91.4,1.5,0.1,"E:/tenquille_sept_tagged/TL-15/20-09-2025/105RECNX","RCNX1944.JPG","Snowshoe hare",1,"Species|Snowshoe hare"
"tl15","Snowshoe hare",2025-07-02 02:26:46,2025-07-02,"02:26:46",2274,37.9,0.6,0,"E:/tenquille_sept_tagged/TL-15/20-09-2025/105RECNX","RCNX1945.JPG","Snowshoe hare",1,"Species|Snowshoe hare"
"tl15","Snowshoe hare",2025-07-09 03:55:34,2025-07-09,"03:55:34",610128,10168.8,169.5,7.1,"E:/tenquille_sept_tagged/TL-15/20-09-2025/105RECNX","RCNX1979.JPG","Snowshoe hare",1,"Species|Snowshoe hare"
"tl15","Snowshoe hare",2025-07-09 04:43:41,2025-07-09,"04:43:41",2887,48.1,0.8,0,"E:/tenquille_sept_tagged/TL-15/20-09-2025/105RECNX","RCNX1980.JPG","Snowshoe hare",6,"Species|Snowshoe hare"
"tl15","Snowshoe hare",2025-07-11 08:05:32,2025-07-11,"08:05:32",184873,3081.2,51.4,2.1,"E:/tenquille_sept_tagged/TL-15/20-09-2025/105RECNX","RCNX1994.JPG","Snowshoe hare",1,"Species|Snowshoe hare"
"tl15","Snowshoe hare",2025-07-26 07:13:47,2025-07-26,"07:13:47",1292895,21548.2,359.1,15,"E:/tenquille_sept_tagged/TL-15/20-09-2025/105RECNX","RCNX2092.JPG","Snowshoe hare",1,"Species|Snowshoe hare"
"tl15","Snowshoe hare",2025-08-07 22:25:40,2025-08-07,"22:25:40",1091513,18191.9,303.2,12.6,"E:/tenquille_sept_tagged/TL-15/20-09-2025/105RECNX","RCNX2103.JPG","Snowshoe hare",2,"Species|Snowshoe hare"
"tl15","Snowshoe hare",2025-08-18 08:00:19,2025-08-18,"08:00:19",898477,14974.6,249.6,10.4,"E:/tenquille_sept_tagged/TL-15/20-09-2025/105RECNX","RCNX2122.JPG","Snowshoe hare",2,"Species|Snowshoe hare"
"tl15","Snowshoe hare",2025-08-21 02:46:46,2025-08-21,"02:46:46",240385,4006.4,66.8,2.8,"E:/tenquille_sept_tagged/TL-15/20-09-2025/105RECNX","RCNX2126.JPG","Snowshoe hare",1,"Species|Snowshoe hare"
"tl15","Snowshoe hare",2025-08-30 06:20:34,2025-08-30,"06:20:34",790428,13173.8,219.6,9.2,"E:/tenquille_sept_tagged/TL-15/20-09-2025/105RECNX","RCNX2158.JPG","Snowshoe hare",1,"Species|Snowshoe hare"
"tl15","Snowshoe hare",2025-09-02 23:54:14,2025-09-02,"23:54:14",322420,5373.7,89.6,3.7,"E:/tenquille_sept_tagged/TL-15/20-09-2025/105RECNX","RCNX2177.JPG","Snowshoe hare",4,"Species|Snowshoe hare"
"tl15","Snowshoe hare",2025-09-03 22:33:42,2025-09-03,"22:33:42",81560,1359.3,22.7,0.9,"E:/tenquille_sept_tagged/TL-15/20-09-2025/105RECNX","RCNX2183.JPG","Snowshoe hare",3,"Species|Snowshoe hare"
"tl15","Snowshoe hare",2025-09-06 00:11:58,2025-09-06,"00:11:58",178630,2977.2,49.6,2.1,"E:/tenquille_sept_tagged/TL-15/20-09-2025/105RECNX","RCNX2188.JPG","Snowshoe hare",2,"Species|Snowshoe hare"
"tl15","Snowshoe hare",2025-09-08 23:19:03,2025-09-08,"23:19:03",256022,4267,71.1,3,"E:/tenquille_sept_tagged/TL-15/20-09-2025/105RECNX","RCNX2191.JPG","Snowshoe hare",1,"Species|Snowshoe hare"
"tl15","Snowshoe hare",2025-09-10 23:25:30,2025-09-10,"23:25:30",173187,2886.4,48.1,2,"E:/tenquille_sept_tagged/TL-15/20-09-2025/105RECNX","RCNX2196.JPG","Snowshoe hare",5,"Species|Snowshoe hare"
"tl15","Snowshoe hare",2025-09-15 04:08:54,2025-09-15,"04:08:54",362586,6043.1,100.7,4.2,"E:/tenquille_sept_tagged/TL-15/20-09-2025/105RECNX","RCNX2212.JPG","Snowshoe hare",4,"Species|Snowshoe hare"
"tl15","Snowshoe hare",2025-09-16 07:52:34,2025-09-16,"07:52:34",99807,1663.4,27.7,1.2,"E:/tenquille_sept_tagged/TL-15/20-09-2025/105RECNX","RCNX2221.JPG","Snowshoe hare",4,"Species|Snowshoe hare"
"tl15","Snowshoe hare",2025-09-20 13:08:12,2025-09-20,"13:08:12",364433,6073.9,101.2,4.2,"E:/tenquille_sept_tagged/TL-15/20-09-2025/105RECNX","RCNX2241.JPG","Snowshoe hare",3,"Species|Snowshoe hare"
"tl17","Bird",2025-07-04 05:18:36,2025-07-04,"05:18:36",0,0,0,0,"E:/tenquille_sept_tagged/TL-17/20-09-2025/103RECNX","RCNX0024.JPG","Bird",1,"Species|Bird"
"tl17","Bird",2025-07-07 09:40:18,2025-07-07,"09:40:18",274902,4581.7,76.4,3.2,"E:/tenquille_sept_tagged/TL-17/20-09-2025/103RECNX","RCNX0033.JPG","Bird",2,"Species|Bird"
"tl17","Bird",2025-08-01 07:48:30,2025-08-01,"07:48:30",2153121,35885.3,598.1,24.9,"E:/tenquille_sept_tagged/TL-17/20-09-2025/103RECNX","RCNX0212.JPG","Bird",1,"Species|Bird"
"tl17","Bird",2025-08-05 09:35:04,2025-08-05,"09:35:04",351994,5866.6,97.8,4.1,"E:/tenquille_sept_tagged/TL-17/20-09-2025/103RECNX","RCNX0235.JPG","Bird",4,"Species|Bird"
"tl17","Bird",2025-08-05 10:25:50,2025-08-05,"10:25:50",3021,50.4,0.8,0,"E:/tenquille_sept_tagged/TL-17/20-09-2025/103RECNX","RCNX0239.JPG","Bird",10,"Species|Bird"
"tl17","Bird",2025-08-05 12:19:05,2025-08-05,"12:19:05",6679,111.3,1.9,0.1,"E:/tenquille_sept_tagged/TL-17/20-09-2025/103RECNX","RCNX0250.JPG","Bird",4,"Species|Bird"
"tl17","Bird",2025-08-09 05:34:52,2025-08-09,"05:34:52",321340,5355.7,89.3,3.7,"E:/tenquille_sept_tagged/TL-17/20-09-2025/103RECNX","RCNX0257.JPG","Bird",1,"Species|Bird"
"tl17","Bird",2025-08-12 10:08:15,2025-08-12,"10:08:15",275603,4593.4,76.6,3.2,"E:/tenquille_sept_tagged/TL-17/20-09-2025/103RECNX","RCNX0287.JPG","Bird",1,"Species|Bird"
"tl17","Bird",2025-08-13 11:12:19,2025-08-13,"11:12:19",90244,1504.1,25.1,1,"E:/tenquille_sept_tagged/TL-17/20-09-2025/103RECNX","RCNX0292.JPG","Bird",1,"Species|Bird"
"tl17","Bird",2025-08-14 05:44:23,2025-08-14,"05:44:23",66724,1112.1,18.5,0.8,"E:/tenquille_sept_tagged/TL-17/20-09-2025/103RECNX","RCNX0294.JPG","Bird",2,"Species|Bird"
"tl17","Bird",2025-08-17 07:44:31,2025-08-17,"07:44:31",266405,4440.1,74,3.1,"E:/tenquille_sept_tagged/TL-17/20-09-2025/103RECNX","RCNX0300.JPG","Bird",1,"Species|Bird"
"tl17","Bird",2025-08-22 20:32:19,2025-08-22,"20:32:19",478068,7967.8,132.8,5.5,"E:/tenquille_sept_tagged/TL-17/20-09-2025/103RECNX","RCNX0355.JPG","Bird",1,"Species|Bird"
"tl17","Bird",2025-08-24 07:01:39,2025-08-24,"07:01:39",124160,2069.3,34.5,1.4,"E:/tenquille_sept_tagged/TL-17/20-09-2025/103RECNX","RCNX0357.JPG","Bird",1,"Species|Bird"
"tl17","Bird",2025-08-26 08:04:17,2025-08-26,"08:04:17",176558,2942.6,49,2,"E:/tenquille_sept_tagged/TL-17/20-09-2025/103RECNX","RCNX0364.JPG","Bird",2,"Species|Bird"
"tl17","Bird",2025-08-26 08:11:32,2025-08-26,"08:11:32",432,7.2,0.1,0,"E:/tenquille_sept_tagged/TL-17/20-09-2025/103RECNX","RCNX0366.JPG","Bird",1,"Species|Bird"
"tl17","Bird",2025-08-26 08:17:19,2025-08-26,"08:17:19",347,5.8,0.1,0,"E:/tenquille_sept_tagged/TL-17/20-09-2025/103RECNX","RCNX0367.JPG","Bird",4,"Species|Bird"
"tl17","Bird",2025-08-26 08:25:23,2025-08-26,"08:25:23",401,6.7,0.1,0,"E:/tenquille_sept_tagged/TL-17/20-09-2025/103RECNX","RCNX0372.JPG","Bird",2,"Species|Bird"
"tl17","Bird",2025-08-30 12:27:44,2025-08-30,"12:27:44",360126,6002.1,100,4.2,"E:/tenquille_sept_tagged/TL-17/20-09-2025/103RECNX","RCNX0383.JPG","Bird",2,"Species|Bird"
"tl17","Bird",2025-09-01 08:38:36,2025-09-01,"08:38:36",159043,2650.7,44.2,1.8,"E:/tenquille_sept_tagged/TL-17/20-09-2025/103RECNX","RCNX0388.JPG","Bird",2,"Species|Bird"
"tl17","Bird",2025-09-01 09:07:07,2025-09-01,"09:07:07",1706,28.4,0.5,0,"E:/tenquille_sept_tagged/TL-17/20-09-2025/103RECNX","RCNX0392.JPG","Bird",1,"Species|Bird"
"tl17","Black bear",2025-07-09 07:51:32,2025-07-09,"07:51:32",0,0,0,0,"E:/tenquille_sept_tagged/TL-17/20-09-2025/103RECNX","RCNX0038.JPG","Black bear",15,"Species|Black bear"
"tl17","Black bear",2025-07-24 14:23:37,2025-07-24,"14:23:37",1319493,21991.6,366.5,15.3,"E:/tenquille_sept_tagged/TL-17/20-09-2025/103RECNX","RCNX0147.JPG","Black bear",6,"Species|Black bear"
"tl17","Black bear",2025-08-02 16:59:10,2025-08-02,"16:59:10",786917,13115.3,218.6,9.1,"E:/tenquille_sept_tagged/TL-17/20-09-2025/103RECNX","RCNX0221.JPG","Black bear",9,"Species|Black bear"
"tl17","Black bear",2025-08-17 15:51:01,2025-08-17,"15:51:01",1291608,21526.8,358.8,15,"E:/tenquille_sept_tagged/TL-17/20-09-2025/103RECNX","RCNX0301.JPG","Black bear",2,"Species|Black bear"
"tl17","Black bear",2025-08-22 18:34:22,2025-08-22,"18:34:22",441799,7363.3,122.7,5.1,"E:/tenquille_sept_tagged/TL-17/20-09-2025/103RECNX","RCNX0353.JPG","Black bear",2,"Species|Black bear"
"tl17","Black bear",2025-08-27 08:37:29,2025-08-27,"08:37:29",396185,6603.1,110.1,4.6,"E:/tenquille_sept_tagged/TL-17/20-09-2025/103RECNX","RCNX0377.JPG","Black bear",3,"Species|Black bear"
"tl17","Black bear",2025-08-28 11:50:01,2025-08-28,"11:50:01",97947,1632.4,27.2,1.1,"E:/tenquille_sept_tagged/TL-17/20-09-2025/103RECNX","RCNX0381.JPG","Black bear",1,"Species|Black bear"
"tl17","Black bear",2025-09-03 07:32:08,2025-09-03,"07:32:08",502927,8382.1,139.7,5.8,"E:/tenquille_sept_tagged/TL-17/20-09-2025/103RECNX","RCNX0398.JPG","Black bear",5,"Species|Black bear"
"tl17","Black bear",2025-09-04 07:40:59,2025-09-04,"07:40:59",86922,1448.7,24.1,1,"E:/tenquille_sept_tagged/TL-17/20-09-2025/103RECNX","RCNX0415.JPG","Black bear",3,"Species|Black bear"
"tl17","Black bear",2025-09-05 14:22:03,2025-09-05,"14:22:03",110460,1841,30.7,1.3,"E:/tenquille_sept_tagged/TL-17/20-09-2025/103RECNX","RCNX0424.JPG","Black bear",3,"Species|Black bear"
"tl17","Black bear",2025-09-08 08:10:01,2025-09-08,"08:10:01",236811,3946.8,65.8,2.7,"E:/tenquille_sept_tagged/TL-17/20-09-2025/103RECNX","RCNX0432.JPG","Black bear",2,"Species|Black bear"
"tl17","Black bear",2025-09-10 19:08:55,2025-09-10,"19:08:55",212331,3538.8,59,2.5,"E:/tenquille_sept_tagged/TL-17/20-09-2025/103RECNX","RCNX0434.JPG","Black bear",6,"Species|Black bear"
"tl17","Black bear",2025-09-14 16:46:48,2025-09-14,"16:46:48",337062,5617.7,93.6,3.9,"E:/tenquille_sept_tagged/TL-17/20-09-2025/103RECNX","RCNX0445.JPG","Black bear",4,"Species|Black bear"
"tl17","Black bear",2025-09-14 19:42:22,2025-09-14,"19:42:22",10527,175.4,2.9,0.1,"E:/tenquille_sept_tagged/TL-17/20-09-2025/103RECNX","RCNX0449.JPG","Black bear",3,"Species|Black bear"
"tl17","Bobcat",2025-07-02 23:22:12,2025-07-02,"23:22:12",0,0,0,0,"E:/tenquille_sept_tagged/TL-17/20-09-2025/103RECNX","RCNX0013.JPG","Bobcat",4,"Species|Bobcat"
"tl17","Bobcat",2025-07-03 16:36:01,2025-07-03,"16:36:01",62022,1033.7,17.2,0.7,"E:/tenquille_sept_tagged/TL-17/20-09-2025/103RECNX","RCNX0020.JPG","Bobcat",2,"Species|Bobcat"
"tl17","Bobcat",2025-07-14 16:45:03,2025-07-14,"16:45:03",950939,15849,264.1,11,"E:/tenquille_sept_tagged/TL-17/20-09-2025/103RECNX","RCNX0067.JPG","Bobcat",2,"Species|Bobcat"
"tl17","Bobcat",2025-07-19 20:06:00,2025-07-19,"20:06:00",444055,7400.9,123.3,5.1,"E:/tenquille_sept_tagged/TL-17/20-09-2025/103RECNX","RCNX0103.JPG","Bobcat",4,"Species|Bobcat"
"tl17","Bobcat",2025-09-03 15:28:19,2025-09-03,"15:28:19",3957732,65962.2,1099.4,45.8,"E:/tenquille_sept_tagged/TL-17/20-09-2025/103RECNX","RCNX0404.JPG","Bobcat",4,"Species|Bobcat"
"tl17","Bobcat",2025-09-05 05:25:10,2025-09-05,"05:25:10",136605,2276.8,37.9,1.6,"E:/tenquille_sept_tagged/TL-17/20-09-2025/103RECNX","RCNX0420.JPG","Bobcat",3,"Species|Bobcat"
"tl17","Chipmunk",2025-08-01 08:11:46,2025-08-01,"08:11:46",0,0,0,0,"E:/tenquille_sept_tagged/TL-17/20-09-2025/103RECNX","RCNX0213.JPG","Chipmunk",1,"Species|Chipmunk"
"tl17","Chipmunk",2025-08-01 08:27:39,2025-08-01,"08:27:39",953,15.9,0.3,0,"E:/tenquille_sept_tagged/TL-17/20-09-2025/103RECNX","RCNX0214.JPG","Chipmunk",4,"Species|Chipmunk"
"tl17","Chipmunk",2025-08-12 11:51:51,2025-08-12,"11:51:51",962592,16043.2,267.4,11.1,"E:/tenquille_sept_tagged/TL-17/20-09-2025/103RECNX","RCNX0288.JPG","Chipmunk",1,"Species|Chipmunk"
"tl17","Douglas squirrel",2025-08-22 09:53:56,2025-08-22,"09:53:56",0,0,0,0,"E:/tenquille_sept_tagged/TL-17/20-09-2025/103RECNX","RCNX0352.JPG","Douglas squirrel",1,"Species|Douglas squirrel"
"tl17","Moose",2025-09-02 14:00:41,2025-09-02,"14:00:41",0,0,0,0,"E:/tenquille_sept_tagged/TL-17/20-09-2025/103RECNX","RCNX0393.JPG","Moose",4,"Species|Moose"
"tl17","Mule deer",2025-07-07 08:45:09,2025-07-07,"08:45:09",0,0,0,0,"E:/tenquille_sept_tagged/TL-17/20-09-2025/103RECNX","RCNX0025.JPG","Mule deer",8,"Species|Mule deer"
"tl17","Mule deer",2025-07-21 08:43:09,2025-07-21,"08:43:09",1209458,20157.6,336,14,"E:/tenquille_sept_tagged/TL-17/20-09-2025/103RECNX","RCNX0111.JPG","Mule deer",30,"Species|Mule deer"
"tl17","Mule deer",2025-07-27 11:29:43,2025-07-27,"11:29:43",528326,8805.4,146.8,6.1,"E:/tenquille_sept_tagged/TL-17/20-09-2025/103RECNX","RCNX0194.JPG","Mule deer",2,"Species|Mule deer"
"tl17","Mule deer",2025-08-10 02:30:33,2025-08-10,"02:30:33",1177248,19620.8,327,13.6,"E:/tenquille_sept_tagged/TL-17/20-09-2025/103RECNX","RCNX0267.JPG","Mule deer",10,"Species|Mule deer"
"tl17","Mule deer",2025-08-14 09:20:59,2025-08-14,"09:20:59",370203,6170,102.8,4.3,"E:/tenquille_sept_tagged/TL-17/20-09-2025/103RECNX","RCNX0296.JPG","Mule deer",4,"Species|Mule deer"
"tl17","Mule deer",2025-08-20 09:06:53,2025-08-20,"09:06:53",517480,8624.7,143.7,6,"E:/tenquille_sept_tagged/TL-17/20-09-2025/103RECNX","RCNX0313.JPG","Mule deer",15,"Species|Mule deer"
"tl17","Mule deer",2025-08-22 05:12:44,2025-08-22,"05:12:44",158611,2643.5,44.1,1.8,"E:/tenquille_sept_tagged/TL-17/20-09-2025/103RECNX","RCNX0332.JPG","Mule deer",3,"Species|Mule deer"
"tl17","Mule deer",2025-08-22 06:28:54,2025-08-22,"06:28:54",4565,76.1,1.3,0.1,"E:/tenquille_sept_tagged/TL-17/20-09-2025/103RECNX","RCNX0336.JPG","Mule deer",13,"Species|Mule deer"
"tl17","Mule deer",2025-09-16 22:30:22,2025-09-16,"22:30:22",2217634,36960.6,616,25.7,"E:/tenquille_sept_tagged/TL-17/20-09-2025/103RECNX","RCNX0456.JPG","Mule deer",1,"Species|Mule deer"
"tl17","Mule deer",2025-09-18 21:37:30,2025-09-18,"21:37:30",169628,2827.1,47.1,2,"E:/tenquille_sept_tagged/TL-17/20-09-2025/103RECNX","RCNX0457.JPG","Mule deer",38,"Species|Mule deer"
"tl17","Mule deer",2025-09-19 01:28:54,2025-09-19,"01:28:54",13499,225,3.8,0.2,"E:/tenquille_sept_tagged/TL-17/20-09-2025/103RECNX","RCNX0495.JPG","Mule deer",17,"Species|Mule deer"
"tl17","Mule deer",2025-09-19 01:40:21,2025-09-19,"01:40:21",635,10.6,0.2,0,"E:/tenquille_sept_tagged/TL-17/20-09-2025/103RECNX","RCNX0512.JPG","Mule deer",3,"Species|Mule deer"
"tl17","Mule deer",2025-09-19 01:46:25,2025-09-19,"01:46:25",359,6,0.1,0,"E:/tenquille_sept_tagged/TL-17/20-09-2025/103RECNX","RCNX0515.JPG","Mule deer",19,"Species|Mule deer"
"tl17","Mule deer",2025-09-19 06:44:56,2025-09-19,"06:44:56",17862,297.7,5,0.2,"E:/tenquille_sept_tagged/TL-17/20-09-2025/103RECNX","RCNX0534.JPG","Mule deer",7,"Species|Mule deer"
"tl17","Nothing",2025-07-01 12:29:45,2025-07-01,"12:29:45",0,0,0,0,"E:/tenquille_sept_tagged/TL-17/20-09-2025/103RECNX","RCNX0004.JPG","Nothing",2,"Species|Nothing"
"tl17","Nothing",2025-07-01 12:51:12,2025-07-01,"12:51:12",1061,17.7,0.3,0,"E:/tenquille_sept_tagged/TL-17/20-09-2025/103RECNX","RCNX0006.JPG","Nothing",1,"Species|Nothing"
"tl17","Nothing",2025-07-01 12:59:19,2025-07-01,"12:59:19",487,8.1,0.1,0,"E:/tenquille_sept_tagged/TL-17/20-09-2025/103RECNX","RCNX0007.JPG","Nothing",1,"Species|Nothing"
"tl17","Nothing",2025-07-01 13:14:15,2025-07-01,"13:14:15",896,14.9,0.2,0,"E:/tenquille_sept_tagged/TL-17/20-09-2025/103RECNX","RCNX0008.JPG","Nothing",2,"Species|Nothing"
"tl17","Nothing",2025-07-01 13:26:50,2025-07-01,"13:26:50",476,7.9,0.1,0,"E:/tenquille_sept_tagged/TL-17/20-09-2025/103RECNX","RCNX0010.JPG","Nothing",1,"Species|Nothing"
"tl17","Nothing",2025-07-02 14:50:46,2025-07-02,"14:50:46",91436,1523.9,25.4,1.1,"E:/tenquille_sept_tagged/TL-17/20-09-2025/103RECNX","RCNX0011.JPG","Nothing",1,"Species|Nothing"
"tl17","Nothing",2025-07-02 15:48:19,2025-07-02,"15:48:19",3453,57.5,1,0,"E:/tenquille_sept_tagged/TL-17/20-09-2025/103RECNX","RCNX0012.JPG","Nothing",1,"Species|Nothing"
"tl17","Nothing",2025-07-03 14:00:15,2025-07-03,"14:00:15",79916,1331.9,22.2,0.9,"E:/tenquille_sept_tagged/TL-17/20-09-2025/103RECNX","RCNX0017.JPG","Nothing",1,"Species|Nothing"
"tl17","Nothing",2025-07-03 15:13:00,2025-07-03,"15:13:00",4365,72.8,1.2,0,"E:/tenquille_sept_tagged/TL-17/20-09-2025/103RECNX","RCNX0018.JPG","Nothing",1,"Species|Nothing"
"tl17","Nothing",2025-07-03 15:38:04,2025-07-03,"15:38:04",1504,25.1,0.4,0,"E:/tenquille_sept_tagged/TL-17/20-09-2025/103RECNX","RCNX0019.JPG","Nothing",1,"Species|Nothing"
"tl17","Nothing",2025-07-03 16:36:07,2025-07-03,"16:36:07",3483,58,1,0,"E:/tenquille_sept_tagged/TL-17/20-09-2025/103RECNX","RCNX0022.JPG","Nothing",2,"Species|Nothing"
"tl17","Nothing",2025-07-07 09:43:14,2025-07-07,"09:43:14",320820,5347,89.1,3.7,"E:/tenquille_sept_tagged/TL-17/20-09-2025/103RECNX","RCNX0035.JPG","Nothing",1,"Species|Nothing"
"tl17","Nothing",2025-07-07 10:29:12,2025-07-07,"10:29:12",2758,46,0.8,0,"E:/tenquille_sept_tagged/TL-17/20-09-2025/103RECNX","RCNX0036.JPG","Nothing",1,"Species|Nothing"
"tl17","Nothing",2025-07-08 09:58:35,2025-07-08,"09:58:35",84563,1409.4,23.5,1,"E:/tenquille_sept_tagged/TL-17/20-09-2025/103RECNX","RCNX0037.JPG","Nothing",1,"Species|Nothing"
"tl17","Nothing",2025-07-13 14:36:32,2025-07-13,"14:36:32",448677,7478,124.6,5.2,"E:/tenquille_sept_tagged/TL-17/20-09-2025/103RECNX","RCNX0056.JPG","Nothing",2,"Species|Nothing"
"tl17","Nothing",2025-07-14 13:35:38,2025-07-14,"13:35:38",82584,1376.4,22.9,1,"E:/tenquille_sept_tagged/TL-17/20-09-2025/103RECNX","RCNX0058.JPG","Nothing",3,"Species|Nothing"
"tl17","Nothing",2025-07-14 13:42:56,2025-07-14,"13:42:56",321,5.3,0.1,0,"E:/tenquille_sept_tagged/TL-17/20-09-2025/103RECNX","RCNX0061.JPG","Nothing",4,"Species|Nothing"
"tl17","Nothing",2025-07-14 16:44:59,2025-07-14,"16:44:59",10276,171.3,2.9,0.1,"E:/tenquille_sept_tagged/TL-17/20-09-2025/103RECNX","RCNX0065.JPG","Nothing",2,"Species|Nothing"
"tl17","Nothing",2025-07-15 13:09:42,2025-07-15,"13:09:42",73481,1224.7,20.4,0.8,"E:/tenquille_sept_tagged/TL-17/20-09-2025/103RECNX","RCNX0069.JPG","Nothing",8,"Species|Nothing"
"tl17","Nothing",2025-07-15 13:51:01,2025-07-15,"13:51:01",2447,40.8,0.7,0,"E:/tenquille_sept_tagged/TL-17/20-09-2025/103RECNX","RCNX0077.JPG","Nothing",1,"Species|Nothing"
"tl17","Nothing",2025-07-15 13:59:32,2025-07-15,"13:59:32",511,8.5,0.1,0,"E:/tenquille_sept_tagged/TL-17/20-09-2025/103RECNX","RCNX0078.JPG","Nothing",1,"Species|Nothing"
"tl17","Nothing",2025-07-16 07:41:30,2025-07-16,"07:41:30",63718,1062,17.7,0.7,"E:/tenquille_sept_tagged/TL-17/20-09-2025/103RECNX","RCNX0083.JPG","Nothing",1,"Species|Nothing"
"tl17","Nothing",2025-07-16 13:18:04,2025-07-16,"13:18:04",20194,336.6,5.6,0.2,"E:/tenquille_sept_tagged/TL-17/20-09-2025/103RECNX","RCNX0084.JPG","Nothing",1,"Species|Nothing"
"tl17","Nothing",2025-07-16 14:08:08,2025-07-16,"14:08:08",3004,50.1,0.8,0,"E:/tenquille_sept_tagged/TL-17/20-09-2025/103RECNX","RCNX0085.JPG","Nothing",2,"Species|Nothing"
"tl17","Nothing",2025-07-16 14:27:14,2025-07-16,"14:27:14",1137,19,0.3,0,"E:/tenquille_sept_tagged/TL-17/20-09-2025/103RECNX","RCNX0087.JPG","Nothing",1,"Species|Nothing"
"tl17","Nothing",2025-07-16 14:41:58,2025-07-16,"14:41:58",884,14.7,0.2,0,"E:/tenquille_sept_tagged/TL-17/20-09-2025/103RECNX","RCNX0088.JPG","Nothing",2,"Species|Nothing"
"tl17","Nothing",2025-07-16 16:00:27,2025-07-16,"16:00:27",4707,78.4,1.3,0.1,"E:/tenquille_sept_tagged/TL-17/20-09-2025/103RECNX","RCNX0090.JPG","Nothing",3,"Species|Nothing"
"tl17","Nothing",2025-07-17 11:22:12,2025-07-17,"11:22:12",69491,1158.2,19.3,0.8,"E:/tenquille_sept_tagged/TL-17/20-09-2025/103RECNX","RCNX0093.JPG","Nothing",1,"Species|Nothing"
"tl17","Nothing",2025-07-17 13:10:04,2025-07-17,"13:10:04",6472,107.9,1.8,0.1,"E:/tenquille_sept_tagged/TL-17/20-09-2025/103RECNX","RCNX0094.JPG","Nothing",1,"Species|Nothing"
"tl17","Nothing",2025-07-17 13:41:55,2025-07-17,"13:41:55",1911,31.9,0.5,0,"E:/tenquille_sept_tagged/TL-17/20-09-2025/103RECNX","RCNX0095.JPG","Nothing",3,"Species|Nothing"
"tl17","Nothing",2025-07-17 14:00:53,2025-07-17,"14:00:53",1069,17.8,0.3,0,"E:/tenquille_sept_tagged/TL-17/20-09-2025/103RECNX","RCNX0098.JPG","Nothing",1,"Species|Nothing"
"tl17","Nothing",2025-07-17 14:08:25,2025-07-17,"14:08:25",452,7.5,0.1,0,"E:/tenquille_sept_tagged/TL-17/20-09-2025/103RECNX","RCNX0099.JPG","Nothing",1,"Species|Nothing"
"tl17","Nothing",2025-07-18 11:18:11,2025-07-18,"11:18:11",76186,1269.8,21.2,0.9,"E:/tenquille_sept_tagged/TL-17/20-09-2025/103RECNX","RCNX0101.JPG","Nothing",1,"Species|Nothing"
"tl17","Nothing",2025-07-19 14:06:28,2025-07-19,"14:06:28",96497,1608.3,26.8,1.1,"E:/tenquille_sept_tagged/TL-17/20-09-2025/103RECNX","RCNX0102.JPG","Nothing",1,"Species|Nothing"
"tl17","Nothing",2025-07-21 07:31:24,2025-07-21,"07:31:24",149096,2484.9,41.4,1.7,"E:/tenquille_sept_tagged/TL-17/20-09-2025/103RECNX","RCNX0110.JPG","Nothing",1,"Species|Nothing"
"tl17","Nothing",2025-07-23 08:04:22,2025-07-23,"08:04:22",174778,2913,48.5,2,"E:/tenquille_sept_tagged/TL-17/20-09-2025/103RECNX","RCNX0141.JPG","Nothing",1,"Species|Nothing"
"tl17","Nothing",2025-07-24 09:12:24,2025-07-24,"09:12:24",90482,1508,25.1,1,"E:/tenquille_sept_tagged/TL-17/20-09-2025/103RECNX","RCNX0146.JPG","Nothing",1,"Species|Nothing"
"tl17","Nothing",2025-07-24 14:23:55,2025-07-24,"14:23:55",18691,311.5,5.2,0.2,"E:/tenquille_sept_tagged/TL-17/20-09-2025/103RECNX","RCNX0153.JPG","Nothing",7,"Species|Nothing"
"tl17","Nothing",2025-07-24 14:34:47,2025-07-24,"14:34:47",637,10.6,0.2,0,"E:/tenquille_sept_tagged/TL-17/20-09-2025/103RECNX","RCNX0161.JPG","Nothing",1,"Species|Nothing"
"tl17","Nothing",2025-07-24 14:39:53,2025-07-24,"14:39:53",306,5.1,0.1,0,"E:/tenquille_sept_tagged/TL-17/20-09-2025/103RECNX","RCNX0162.JPG","Nothing",9,"Species|Nothing"
"tl17","Nothing",2025-07-24 14:58:34,2025-07-24,"14:58:34",831,13.8,0.2,0,"E:/tenquille_sept_tagged/TL-17/20-09-2025/103RECNX","RCNX0171.JPG","Nothing",10,"Species|Nothing"
"tl17","Nothing",2025-07-24 15:18:20,2025-07-24,"15:18:20",670,11.2,0.2,0,"E:/tenquille_sept_tagged/TL-17/20-09-2025/103RECNX","RCNX0181.JPG","Nothing",1,"Species|Nothing"
"tl17","Nothing",2025-07-24 15:24:51,2025-07-24,"15:24:51",391,6.5,0.1,0,"E:/tenquille_sept_tagged/TL-17/20-09-2025/103RECNX","RCNX0182.JPG","Nothing",1,"Species|Nothing"
"tl17","Nothing",2025-07-24 15:42:55,2025-07-24,"15:42:55",1084,18.1,0.3,0,"E:/tenquille_sept_tagged/TL-17/20-09-2025/103RECNX","RCNX0183.JPG","Nothing",1,"Species|Nothing"
"tl17","Nothing",2025-07-24 15:58:27,2025-07-24,"15:58:27",932,15.5,0.3,0,"E:/tenquille_sept_tagged/TL-17/20-09-2025/103RECNX","RCNX0184.JPG","Nothing",3,"Species|Nothing"
"tl17","Nothing",2025-07-26 12:30:46,2025-07-26,"12:30:46",160113,2668.6,44.5,1.9,"E:/tenquille_sept_tagged/TL-17/20-09-2025/103RECNX","RCNX0193.JPG","Nothing",1,"Species|Nothing"
"tl17","Nothing",2025-07-27 11:29:47,2025-07-27,"11:29:47",82741,1379,23,1,"E:/tenquille_sept_tagged/TL-17/20-09-2025/103RECNX","RCNX0196.JPG","Nothing",1,"Species|Nothing"
"tl17","Nothing",2025-07-27 13:01:46,2025-07-27,"13:01:46",5519,92,1.5,0.1,"E:/tenquille_sept_tagged/TL-17/20-09-2025/103RECNX","RCNX0197.JPG","Nothing",1,"Species|Nothing"
"tl17","Nothing",2025-07-28 07:43:11,2025-07-28,"07:43:11",67285,1121.4,18.7,0.8,"E:/tenquille_sept_tagged/TL-17/20-09-2025/103RECNX","RCNX0200.JPG","Nothing",1,"Species|Nothing"
"tl17","Nothing",2025-07-28 12:31:33,2025-07-28,"12:31:33",17302,288.4,4.8,0.2,"E:/tenquille_sept_tagged/TL-17/20-09-2025/103RECNX","RCNX0201.JPG","Nothing",1,"Species|Nothing"
"tl17","Nothing",2025-07-29 23:52:50,2025-07-29,"23:52:50",127277,2121.3,35.4,1.5,"E:/tenquille_sept_tagged/TL-17/20-09-2025/103RECNX","RCNX0202.JPG","Nothing",1,"Species|Nothing"
"tl17","Nothing",2025-07-30 22:47:28,2025-07-30,"22:47:28",82478,1374.6,22.9,1,"E:/tenquille_sept_tagged/TL-17/20-09-2025/103RECNX","RCNX0203.JPG","Nothing",2,"Species|Nothing"
"tl17","Nothing",2025-07-31 13:45:18,2025-07-31,"13:45:18",53865,897.8,15,0.6,"E:/tenquille_sept_tagged/TL-17/20-09-2025/103RECNX","RCNX0206.JPG","Nothing",1,"Species|Nothing"
"tl17","Nothing",2025-08-01 06:24:44,2025-08-01,"06:24:44",59966,999.4,16.7,0.7,"E:/tenquille_sept_tagged/TL-17/20-09-2025/103RECNX","RCNX0208.JPG","Nothing",1,"Species|Nothing"
"tl17","Nothing",2025-08-02 07:18:42,2025-08-02,"07:18:42",89638,1494,24.9,1,"E:/tenquille_sept_tagged/TL-17/20-09-2025/103RECNX","RCNX0219.JPG","Nothing",1,"Species|Nothing"
"tl17","Nothing",2025-08-02 07:39:45,2025-08-02,"07:39:45",1263,21,0.3,0,"E:/tenquille_sept_tagged/TL-17/20-09-2025/103RECNX","RCNX0220.JPG","Nothing",1,"Species|Nothing"
"tl17","Nothing",2025-08-02 16:59:24,2025-08-02,"16:59:24",33579,559.6,9.3,0.4,"E:/tenquille_sept_tagged/TL-17/20-09-2025/103RECNX","RCNX0224.JPG","Nothing",1,"Species|Nothing"
"tl17","Nothing",2025-08-04 12:56:18,2025-08-04,"12:56:18",158214,2636.9,43.9,1.8,"E:/tenquille_sept_tagged/TL-17/20-09-2025/103RECNX","RCNX0233.JPG","Nothing",1,"Species|Nothing"
"tl17","Nothing",2025-08-05 09:35:02,2025-08-05,"09:35:02",74324,1238.7,20.6,0.9,"E:/tenquille_sept_tagged/TL-17/20-09-2025/103RECNX","RCNX0234.JPG","Nothing",1,"Species|Nothing"
"tl17","Nothing",2025-08-05 10:25:55,2025-08-05,"10:25:55",3053,50.9,0.8,0,"E:/tenquille_sept_tagged/TL-17/20-09-2025/103RECNX","RCNX0241.JPG","Nothing",1,"Species|Nothing"
"tl17","Nothing",2025-08-06 10:51:15,2025-08-06,"10:51:15",87920,1465.3,24.4,1,"E:/tenquille_sept_tagged/TL-17/20-09-2025/103RECNX","RCNX0254.JPG","Nothing",1,"Species|Nothing"
"tl17","Nothing",2025-08-09 07:20:55,2025-08-09,"07:20:55",246580,4109.7,68.5,2.9,"E:/tenquille_sept_tagged/TL-17/20-09-2025/103RECNX","RCNX0263.JPG","Nothing",1,"Species|Nothing"
"tl17","Nothing",2025-08-09 13:46:41,2025-08-09,"13:46:41",23146,385.8,6.4,0.3,"E:/tenquille_sept_tagged/TL-17/20-09-2025/103RECNX","RCNX0264.JPG","Nothing",1,"Species|Nothing"
"tl17","Nothing",2025-08-10 02:30:58,2025-08-10,"02:30:58",45857,764.3,12.7,0.5,"E:/tenquille_sept_tagged/TL-17/20-09-2025/103RECNX","RCNX0277.JPG","Nothing",1,"Species|Nothing"
"tl17","Nothing",2025-08-10 03:20:47,2025-08-10,"03:20:47",2989,49.8,0.8,0,"E:/tenquille_sept_tagged/TL-17/20-09-2025/103RECNX","RCNX0278.JPG","Nothing",1,"Species|Nothing"
"tl17","Nothing",2025-08-11 12:46:59,2025-08-11,"12:46:59",120372,2006.2,33.4,1.4,"E:/tenquille_sept_tagged/TL-17/20-09-2025/103RECNX","RCNX0282.JPG","Nothing",1,"Species|Nothing"
"tl17","Nothing",2025-08-11 13:00:39,2025-08-11,"13:00:39",820,13.7,0.2,0,"E:/tenquille_sept_tagged/TL-17/20-09-2025/103RECNX","RCNX0283.JPG","Nothing",1,"Species|Nothing"
"tl17","Nothing",2025-08-11 14:54:35,2025-08-11,"14:54:35",6836,113.9,1.9,0.1,"E:/tenquille_sept_tagged/TL-17/20-09-2025/103RECNX","RCNX0284.JPG","Nothing",3,"Species|Nothing"
"tl17","Nothing",2025-08-12 11:51:55,2025-08-12,"11:51:55",75409,1256.8,20.9,0.9,"E:/tenquille_sept_tagged/TL-17/20-09-2025/103RECNX","RCNX0289.JPG","Nothing",1,"Species|Nothing"
"tl17","Nothing",2025-08-12 11:56:59,2025-08-12,"11:56:59",304,5.1,0.1,0,"E:/tenquille_sept_tagged/TL-17/20-09-2025/103RECNX","RCNX0290.JPG","Nothing",1,"Species|Nothing"
"tl17","Nothing",2025-08-13 15:45:17,2025-08-13,"15:45:17",100098,1668.3,27.8,1.2,"E:/tenquille_sept_tagged/TL-17/20-09-2025/103RECNX","RCNX0293.JPG","Nothing",1,"Species|Nothing"
"tl17","Nothing",2025-08-22 05:12:51,2025-08-22,"05:12:51",739654,12327.6,205.5,8.6,"E:/tenquille_sept_tagged/TL-17/20-09-2025/103RECNX","RCNX0335.JPG","Nothing",1,"Species|Nothing"
"tl17","Nothing",2025-08-22 06:29:55,2025-08-22,"06:29:55",4624,77.1,1.3,0.1,"E:/tenquille_sept_tagged/TL-17/20-09-2025/103RECNX","RCNX0349.JPG","Nothing",1,"Species|Nothing"
"tl17","Nothing",2025-08-24 11:33:08,2025-08-24,"11:33:08",190993,3183.2,53.1,2.2,"E:/tenquille_sept_tagged/TL-17/20-09-2025/103RECNX","RCNX0358.JPG","Nothing",1,"Species|Nothing"
"tl17","Nothing",2025-08-24 11:40:04,2025-08-24,"11:40:04",416,6.9,0.1,0,"E:/tenquille_sept_tagged/TL-17/20-09-2025/103RECNX","RCNX0359.JPG","Nothing",1,"Species|Nothing"
"tl17","Nothing",2025-08-26 08:18:33,2025-08-26,"08:18:33",160709,2678.5,44.6,1.9,"E:/tenquille_sept_tagged/TL-17/20-09-2025/103RECNX","RCNX0369.JPG","Nothing",1,"Species|Nothing"
"tl17","Nothing",2025-08-26 12:48:43,2025-08-26,"12:48:43",16210,270.2,4.5,0.2,"E:/tenquille_sept_tagged/TL-17/20-09-2025/103RECNX","RCNX0374.JPG","Nothing",1,"Species|Nothing"
"tl17","Nothing",2025-08-26 12:55:34,2025-08-26,"12:55:34",411,6.8,0.1,0,"E:/tenquille_sept_tagged/TL-17/20-09-2025/103RECNX","RCNX0375.JPG","Nothing",1,"Species|Nothing"
"tl17","Nothing",2025-08-27 16:41:11,2025-08-27,"16:41:11",99937,1665.6,27.8,1.2,"E:/tenquille_sept_tagged/TL-17/20-09-2025/103RECNX","RCNX0380.JPG","Nothing",1,"Species|Nothing"
"tl17","Nothing",2025-08-28 11:50:03,2025-08-28,"11:50:03",68932,1148.9,19.1,0.8,"E:/tenquille_sept_tagged/TL-17/20-09-2025/103RECNX","RCNX0382.JPG","Nothing",1,"Species|Nothing"
"tl17","Nothing",2025-09-01 08:38:33,2025-09-01,"08:38:33",334110,5568.5,92.8,3.9,"E:/tenquille_sept_tagged/TL-17/20-09-2025/103RECNX","RCNX0387.JPG","Nothing",1,"Species|Nothing"
"tl17","Nothing",2025-09-01 08:44:45,2025-09-01,"08:44:45",372,6.2,0.1,0,"E:/tenquille_sept_tagged/TL-17/20-09-2025/103RECNX","RCNX0390.JPG","Nothing",1,"Species|Nothing"
"tl17","Nothing",2025-09-01 08:52:47,2025-09-01,"08:52:47",482,8,0.1,0,"E:/tenquille_sept_tagged/TL-17/20-09-2025/103RECNX","RCNX0391.JPG","Nothing",1,"Species|Nothing"
"tl17","Nothing",2025-09-03 13:14:28,2025-09-03,"13:14:28",188501,3141.7,52.4,2.2,"E:/tenquille_sept_tagged/TL-17/20-09-2025/103RECNX","RCNX0403.JPG","Nothing",1,"Species|Nothing"
"tl17","Nothing",2025-09-03 22:49:24,2025-09-03,"22:49:24",34496,574.9,9.6,0.4,"E:/tenquille_sept_tagged/TL-17/20-09-2025/103RECNX","RCNX0408.JPG","Nothing",1,"Species|Nothing"
"tl17","Nothing",2025-09-04 02:03:02,2025-09-04,"02:03:02",11618,193.6,3.2,0.1,"E:/tenquille_sept_tagged/TL-17/20-09-2025/103RECNX","RCNX0414.JPG","Nothing",1,"Species|Nothing"
"tl17","Nothing",2025-09-05 05:25:05,2025-09-05,"05:25:05",98523,1642,27.4,1.1,"E:/tenquille_sept_tagged/TL-17/20-09-2025/103RECNX","RCNX0418.JPG","Nothing",3,"Species|Nothing"
"tl17","Nothing",2025-09-05 14:22:08,2025-09-05,"14:22:08",32214,536.9,8.9,0.4,"E:/tenquille_sept_tagged/TL-17/20-09-2025/103RECNX","RCNX0426.JPG","Nothing",5,"Species|Nothing"
"tl17","Nothing",2025-09-13 13:37:07,2025-09-13,"13:37:07",688422,11473.7,191.2,8,"E:/tenquille_sept_tagged/TL-17/20-09-2025/103RECNX","RCNX0442.JPG","Nothing",1,"Species|Nothing"
"tl17","People",2025-06-30 14:49:48,2025-06-30,"14:49:48",0,0,0,0,"E:/tenquille_sept_tagged/TL-17/20-09-2025/100RECNX","RCNX0001.JPG","People",43,"Species|People"
"tl17","People",2025-06-30 14:59:24,2025-06-30,"14:59:24",447,7.4,0.1,0,"E:/tenquille_sept_tagged/TL-17/20-09-2025/101RECNX","RCNX0001.JPG","People",18,"Species|People"
"tl17","People",2025-09-20 15:16:59,2025-09-20,"15:16:59",7085393,118089.9,1968.2,82,"E:/tenquille_sept_tagged/TL-17/20-09-2025/103RECNX","RCNX0541.JPG","People",4,"Species|People"
"tl17","Snowshoe hare",2025-07-12 21:34:04,2025-07-12,"21:34:04",0,0,0,0,"E:/tenquille_sept_tagged/TL-17/20-09-2025/103RECNX","RCNX0053.JPG","Snowshoe hare",3,"Species|Snowshoe hare"
"tl17","Snowshoe hare",2025-07-16 07:39:52,2025-07-16,"07:39:52",295540,4925.7,82.1,3.4,"E:/tenquille_sept_tagged/TL-17/20-09-2025/103RECNX","RCNX0079.JPG","Snowshoe hare",4,"Species|Snowshoe hare"
"tl17","Snowshoe hare",2025-07-18 06:29:48,2025-07-18,"06:29:48",168580,2809.7,46.8,2,"E:/tenquille_sept_tagged/TL-17/20-09-2025/103RECNX","RCNX0100.JPG","Snowshoe hare",1,"Species|Snowshoe hare"
"tl17","Snowshoe hare",2025-07-21 07:30:32,2025-07-21,"07:30:32",262844,4380.7,73,3,"E:/tenquille_sept_tagged/TL-17/20-09-2025/103RECNX","RCNX0107.JPG","Snowshoe hare",3,"Species|Snowshoe hare"
"tl17","Snowshoe hare",2025-07-23 08:04:25,2025-07-23,"08:04:25",174783,2913.1,48.6,2,"E:/tenquille_sept_tagged/TL-17/20-09-2025/103RECNX","RCNX0142.JPG","Snowshoe hare",3,"Species|Snowshoe hare"
"tl17","Snowshoe hare",2025-07-24 02:36:38,2025-07-24,"02:36:38",66552,1109.2,18.5,0.8,"E:/tenquille_sept_tagged/TL-17/20-09-2025/103RECNX","RCNX0145.JPG","Snowshoe hare",1,"Species|Snowshoe hare"
"tl17","Snowshoe hare",2025-07-24 23:49:05,2025-07-24,"23:49:05",76347,1272.4,21.2,0.9,"E:/tenquille_sept_tagged/TL-17/20-09-2025/103RECNX","RCNX0187.JPG","Snowshoe hare",3,"Species|Snowshoe hare"
"tl17","Snowshoe hare",2025-07-25 06:29:58,2025-07-25,"06:29:58",24048,400.8,6.7,0.3,"E:/tenquille_sept_tagged/TL-17/20-09-2025/103RECNX","RCNX0190.JPG","Snowshoe hare",1,"Species|Snowshoe hare"
"tl17","Snowshoe hare",2025-07-25 06:38:39,2025-07-25,"06:38:39",521,8.7,0.1,0,"E:/tenquille_sept_tagged/TL-17/20-09-2025/103RECNX","RCNX0191.JPG","Snowshoe hare",2,"Species|Snowshoe hare"
"tl17","Snowshoe hare",2025-07-28 07:43:06,2025-07-28,"07:43:06",263049,4384.1,73.1,3,"E:/tenquille_sept_tagged/TL-17/20-09-2025/103RECNX","RCNX0198.JPG","Snowshoe hare",2,"Species|Snowshoe hare"
"tl17","Snowshoe hare",2025-07-30 22:47:31,2025-07-30,"22:47:31",227063,3784.4,63.1,2.6,"E:/tenquille_sept_tagged/TL-17/20-09-2025/103RECNX","RCNX0204.JPG","Snowshoe hare",1,"Species|Snowshoe hare"
"tl17","Snowshoe hare",2025-08-01 06:24:39,2025-08-01,"06:24:39",113828,1897.1,31.6,1.3,"E:/tenquille_sept_tagged/TL-17/20-09-2025/103RECNX","RCNX0207.JPG","Snowshoe hare",2,"Species|Snowshoe hare"
"tl17","Snowshoe hare",2025-08-01 07:00:53,2025-08-01,"07:00:53",2100,35,0.6,0,"E:/tenquille_sept_tagged/TL-17/20-09-2025/103RECNX","RCNX0210.JPG","Snowshoe hare",2,"Species|Snowshoe hare"
"tl17","Snowshoe hare",2025-08-01 22:21:57,2025-08-01,"22:21:57",55262,921,15.3,0.6,"E:/tenquille_sept_tagged/TL-17/20-09-2025/103RECNX","RCNX0218.JPG","Snowshoe hare",1,"Species|Snowshoe hare"
"tl17","Snowshoe hare",2025-08-04 08:41:39,2025-08-04,"08:41:39",209982,3499.7,58.3,2.4,"E:/tenquille_sept_tagged/TL-17/20-09-2025/103RECNX","RCNX0231.JPG","Snowshoe hare",2,"Species|Snowshoe hare"
"tl17","Snowshoe hare",2025-08-09 04:05:57,2025-08-09,"04:05:57",415455,6924.2,115.4,4.8,"E:/tenquille_sept_tagged/TL-17/20-09-2025/103RECNX","RCNX0255.JPG","Snowshoe hare",2,"Species|Snowshoe hare"
"tl17","Snowshoe hare",2025-08-09 07:20:26,2025-08-09,"07:20:26",11667,194.4,3.2,0.1,"E:/tenquille_sept_tagged/TL-17/20-09-2025/103RECNX","RCNX0258.JPG","Snowshoe hare",5,"Species|Snowshoe hare"
"tl17","Snowshoe hare",2025-08-09 23:12:04,2025-08-09,"23:12:04",57071,951.2,15.9,0.7,"E:/tenquille_sept_tagged/TL-17/20-09-2025/103RECNX","RCNX0265.JPG","Snowshoe hare",2,"Species|Snowshoe hare"
"tl17","Snowshoe hare",2025-08-11 00:24:50,2025-08-11,"00:24:50",90763,1512.7,25.2,1,"E:/tenquille_sept_tagged/TL-17/20-09-2025/103RECNX","RCNX0279.JPG","Snowshoe hare",3,"Species|Snowshoe hare"
"tl17","Snowshoe hare",2025-08-12 21:29:43,2025-08-12,"21:29:43",162288,2704.8,45.1,1.9,"E:/tenquille_sept_tagged/TL-17/20-09-2025/103RECNX","RCNX0291.JPG","Snowshoe hare",1,"Species|Snowshoe hare"
"tl17","Snowshoe hare",2025-08-19 21:28:21,2025-08-19,"21:28:21",604718,10078.6,168,7,"E:/tenquille_sept_tagged/TL-17/20-09-2025/103RECNX","RCNX0303.JPG","Snowshoe hare",1,"Species|Snowshoe hare"
"tl17","Snowshoe hare",2025-08-20 00:24:56,2025-08-20,"00:24:56",10595,176.6,2.9,0.1,"E:/tenquille_sept_tagged/TL-17/20-09-2025/103RECNX","RCNX0304.JPG","Snowshoe hare",4,"Species|Snowshoe hare"
"tl17","Snowshoe hare",2025-08-20 00:40:00,2025-08-20,"00:40:00",898,15,0.2,0,"E:/tenquille_sept_tagged/TL-17/20-09-2025/103RECNX","RCNX0308.JPG","Snowshoe hare",4,"Species|Snowshoe hare"
"tl17","Snowshoe hare",2025-08-20 04:57:50,2025-08-20,"04:57:50",15418,257,4.3,0.2,"E:/tenquille_sept_tagged/TL-17/20-09-2025/103RECNX","RCNX0312.JPG","Snowshoe hare",1,"Species|Snowshoe hare"
"tl17","Snowshoe hare",2025-08-20 20:09:41,2025-08-20,"20:09:41",54711,911.9,15.2,0.6,"E:/tenquille_sept_tagged/TL-17/20-09-2025/103RECNX","RCNX0328.JPG","Snowshoe hare",2,"Species|Snowshoe hare"
"tl17","Snowshoe hare",2025-08-22 00:07:54,2025-08-22,"00:07:54",100686,1678.1,28,1.2,"E:/tenquille_sept_tagged/TL-17/20-09-2025/103RECNX","RCNX0330.JPG","Snowshoe hare",1,"Species|Snowshoe hare"
"tl17","Snowshoe hare",2025-08-22 00:15:31,2025-08-22,"00:15:31",457,7.6,0.1,0,"E:/tenquille_sept_tagged/TL-17/20-09-2025/103RECNX","RCNX0331.JPG","Snowshoe hare",1,"Species|Snowshoe hare"
"tl17","Snowshoe hare",2025-08-22 08:45:43,2025-08-22,"08:45:43",30612,510.2,8.5,0.4,"E:/tenquille_sept_tagged/TL-17/20-09-2025/103RECNX","RCNX0350.JPG","Snowshoe hare",2,"Species|Snowshoe hare"
"tl17","Snowshoe hare",2025-08-23 03:31:43,2025-08-23,"03:31:43",67555,1125.9,18.8,0.8,"E:/tenquille_sept_tagged/TL-17/20-09-2025/103RECNX","RCNX0356.JPG","Snowshoe hare",1,"Species|Snowshoe hare"
"tl17","Snowshoe hare",2025-08-25 04:16:00,2025-08-25,"04:16:00",175457,2924.3,48.7,2,"E:/tenquille_sept_tagged/TL-17/20-09-2025/103RECNX","RCNX0360.JPG","Snowshoe hare",4,"Species|Snowshoe hare"
"tl17","Snowshoe hare",2025-08-26 23:29:23,2025-08-26,"23:29:23",155596,2593.3,43.2,1.8,"E:/tenquille_sept_tagged/TL-17/20-09-2025/103RECNX","RCNX0376.JPG","Snowshoe hare",1,"Species|Snowshoe hare"
"tl17","Snowshoe hare",2025-08-31 20:28:52,2025-08-31,"20:28:52",421169,7019.5,117,4.9,"E:/tenquille_sept_tagged/TL-17/20-09-2025/103RECNX","RCNX0385.JPG","Snowshoe hare",2,"Species|Snowshoe hare"
"tl17","Snowshoe hare",2025-09-03 06:04:54,2025-09-03,"06:04:54",207359,3456,57.6,2.4,"E:/tenquille_sept_tagged/TL-17/20-09-2025/103RECNX","RCNX0397.JPG","Snowshoe hare",1,"Species|Snowshoe hare"
"tl17","Snowshoe hare",2025-09-04 02:02:37,2025-09-04,"02:02:37",71863,1197.7,20,0.8,"E:/tenquille_sept_tagged/TL-17/20-09-2025/103RECNX","RCNX0409.JPG","Snowshoe hare",5,"Species|Snowshoe hare"
"tl17","Snowshoe hare",2025-09-12 18:08:49,2025-09-12,"18:08:49",749151,12485.9,208.1,8.7,"E:/tenquille_sept_tagged/TL-17/20-09-2025/103RECNX","RCNX0441.JPG","Snowshoe hare",1,"Species|Snowshoe hare"
"tl17","Snowshoe hare",2025-09-14 06:45:32,2025-09-14,"06:45:32",131803,2196.7,36.6,1.5,"E:/tenquille_sept_tagged/TL-17/20-09-2025/103RECNX","RCNX0443.JPG","Snowshoe hare",2,"Species|Snowshoe hare"
"tl17","Snowshoe hare",2025-09-14 20:41:03,2025-09-14,"20:41:03",50129,835.5,13.9,0.6,"E:/tenquille_sept_tagged/TL-17/20-09-2025/103RECNX","RCNX0452.JPG","Snowshoe hare",4,"Species|Snowshoe hare"
"tl17","Unknown",2025-07-24 14:24:04,2025-07-24,"14:24:04",0,0,0,0,"E:/tenquille_sept_tagged/TL-17/20-09-2025/103RECNX","RCNX0157.JPG","Unknown",1,"Species|Unknown"
"tl17","Unknown",2025-09-12 09:39:39,2025-09-12,"09:39:39",4302935,71715.6,1195.3,49.8,"E:/tenquille_sept_tagged/TL-17/20-09-2025/103RECNX","RCNX0440.JPG","Unknown",1,"Species|Unknown"
"tl18","Black bear",2025-08-08 14:04:06,2025-08-08,"14:04:06",0,0,0,0,"E:/tenquille_sept_tagged/TL-18/20-09-2025/102RECNX","RCNX0015.JPG","Black bear",3,"Species|Black bear"
"tl18","Black bear",2025-08-11 11:08:36,2025-08-11,"11:08:36",248666,4144.4,69.1,2.9,"E:/tenquille_sept_tagged/TL-18/20-09-2025/102RECNX","RCNX0019.JPG","Black bear",8,"Species|Black bear"
"tl18","Black bear",2025-09-19 19:53:30,2025-09-19,"19:53:30",3401076,56684.6,944.7,39.4,"E:/tenquille_sept_tagged/TL-18/20-09-2025/102RECNX","RCNX0028.JPG","Black bear",1,"Species|Black bear"
"tl18","Bobcat",2025-07-19 17:10:23,2025-07-19,"17:10:23",0,0,0,0,"E:/tenquille_sept_tagged/TL-18/20-09-2025/102RECNX","RCNX0006.JPG","Bobcat",2,"Species|Bobcat"
"tl18","Nothing",2025-06-30 16:39:21,2025-06-30,"16:39:21",0,0,0,0,"E:/tenquille_sept_tagged/TL-18/20-09-2025/102RECNX","RCNX0001.JPG","Nothing",1,"Species|Nothing"
"tl18","Nothing",2025-07-01 15:11:37,2025-07-01,"15:11:37",81136,1352.3,22.5,0.9,"E:/tenquille_sept_tagged/TL-18/20-09-2025/102RECNX","RCNX0002.JPG","Nothing",1,"Species|Nothing"
"tl18","Nothing",2025-07-12 15:24:12,2025-07-12,"15:24:12",951155,15852.6,264.2,11,"E:/tenquille_sept_tagged/TL-18/20-09-2025/102RECNX","RCNX0003.JPG","Nothing",1,"Species|Nothing"
"tl18","Nothing",2025-07-18 12:17:39,2025-07-18,"12:17:39",507207,8453.5,140.9,5.9,"E:/tenquille_sept_tagged/TL-18/20-09-2025/102RECNX","RCNX0004.JPG","Nothing",2,"Species|Nothing"
"tl18","Nothing",2025-08-08 14:04:12,2025-08-08,"14:04:12",1820718,30345.3,505.8,21.1,"E:/tenquille_sept_tagged/TL-18/20-09-2025/102RECNX","RCNX0018.JPG","Nothing",1,"Species|Nothing"
"tl18","Nothing",2025-08-11 11:08:58,2025-08-11,"11:08:58",248686,4144.8,69.1,2.9,"E:/tenquille_sept_tagged/TL-18/20-09-2025/102RECNX","RCNX0027.JPG","Nothing",1,"Species|Nothing"
"tl18","People",2025-01-01 00:03:12,2025-01-01,"00:03:12",0,0,0,0,"E:/tenquille_sept_tagged/TL-18/20-09-2025/100RECNX","RCNX0001.JPG","People",16,"Species|People"
"tl18","People",2025-06-30 16:16:12,2025-06-30,"16:16:12",15606758,260112.6,4335.2,180.6,"E:/tenquille_sept_tagged/TL-18/20-09-2025/101RECNX","RCNX0001.JPG","People",15,"Species|People"
"tl18","People",2025-09-19 19:53:34,2025-09-19,"19:53:34",7011394,116856.6,1947.6,81.1,"E:/tenquille_sept_tagged/TL-18/20-09-2025/102RECNX","RCNX0029.JPG","People",1,"Species|People"
"tl18","People",2025-09-20 17:56:10,2025-09-20,"17:56:10",79356,1322.6,22,0.9,"E:/tenquille_sept_tagged/TL-18/20-09-2025/102RECNX","RCNX0030.JPG","People",6,"Species|People"
"tl18","Snowshoe hare",2025-08-05 00:45:33,2025-08-05,"00:45:33",0,0,0,0,"E:/tenquille_sept_tagged/TL-18/20-09-2025/102RECNX","RCNX0013.JPG","Snowshoe hare",2,"Species|Snowshoe hare"
"tl19","Black bear",2025-07-20 20:35:02,2025-07-20,"20:35:02",0,0,0,0,"E:/tenquille_sept_tagged/TL-19/20-09-2025/102RECNX","RCNX0008.JPG","Black bear",5,"Species|Black bear"
"tl19","Black bear",2025-07-26 19:44:30,2025-07-26,"19:44:30",515359,8589.3,143.2,6,"E:/tenquille_sept_tagged/TL-19/20-09-2025/102RECNX","RCNX0015.JPG","Black bear",4,"Species|Black bear"
"tl19","Mule deer",2025-07-12 17:55:02,2025-07-12,"17:55:02",0,0,0,0,"E:/tenquille_sept_tagged/TL-19/20-09-2025/102RECNX","RCNX0004.JPG","Mule deer",1,"Species|Mule deer"
"tl19","Mule deer",2025-09-08 12:50:46,2025-09-08,"12:50:46",4992944,83215.7,1386.9,57.8,"E:/tenquille_sept_tagged/TL-19/20-09-2025/102RECNX","RCNX0029.JPG","Mule deer",1,"Species|Mule deer"
"tl19","Nothing",2025-07-16 00:38:02,2025-07-16,"00:38:02",0,0,0,0,"E:/tenquille_sept_tagged/TL-19/20-09-2025/102RECNX","RCNX0006.JPG","Nothing",1,"Species|Nothing"
"tl19","Nothing",2025-07-26 19:44:40,2025-07-26,"19:44:40",932798,15546.6,259.1,10.8,"E:/tenquille_sept_tagged/TL-19/20-09-2025/102RECNX","RCNX0019.JPG","Nothing",1,"Species|Nothing"
"tl19","Nothing",2025-08-24 01:04:40,2025-08-24,"01:04:40",2438400,40640,677.3,28.2,"E:/tenquille_sept_tagged/TL-19/20-09-2025/102RECNX","RCNX0027.JPG","Nothing",1,"Species|Nothing"
"tl19","Nothing",2025-08-31 05:03:09,2025-08-31,"05:03:09",619109,10318.5,172,7.2,"E:/tenquille_sept_tagged/TL-19/20-09-2025/102RECNX","RCNX0028.JPG","Nothing",1,"Species|Nothing"
"tl19","People",2025-06-30 17:39:40,2025-06-30,"17:39:40",0,0,0,0,"E:/tenquille_sept_tagged/TL-19/20-09-2025/100RECNX","RCNX0001.JPG","People",30,"Species|People"
"tl19","People",2025-06-30 17:58:53,2025-06-30,"17:58:53",877,14.6,0.2,0,"E:/tenquille_sept_tagged/TL-19/20-09-2025/102RECNX","RCNX0001.JPG","People",2,"Species|People"
"tl19","People",2025-09-20 15:57:32,2025-09-20,"15:57:32",7077515,117958.6,1966,81.9,"E:/tenquille_sept_tagged/TL-19/20-09-2025/102RECNX","RCNX0031.JPG","People",12,"Species|People"
"tl19","Snowshoe hare",2025-07-07 00:17:32,2025-07-07,"00:17:32",0,0,0,0,"E:/tenquille_sept_tagged/TL-19/20-09-2025/102RECNX","RCNX0003.JPG","Snowshoe hare",1,"Species|Snowshoe hare"
"tl19","Snowshoe hare",2025-07-16 00:29:53,2025-07-16,"00:29:53",778341,12972.4,216.2,9,"E:/tenquille_sept_tagged/TL-19/20-09-2025/102RECNX","RCNX0005.JPG","Snowshoe hare",1,"Species|Snowshoe hare"
"tl19","Snowshoe hare",2025-07-16 23:24:30,2025-07-16,"23:24:30",82477,1374.6,22.9,1,"E:/tenquille_sept_tagged/TL-19/20-09-2025/102RECNX","RCNX0007.JPG","Snowshoe hare",1,"Species|Snowshoe hare"
"tl19","Snowshoe hare",2025-07-22 00:21:11,2025-07-22,"00:21:11",435401,7256.7,120.9,5,"E:/tenquille_sept_tagged/TL-19/20-09-2025/102RECNX","RCNX0013.JPG","Snowshoe hare",2,"Species|Snowshoe hare"
"tl19","Snowshoe hare",2025-08-02 01:45:10,2025-08-02,"01:45:10",955436,15923.9,265.4,11.1,"E:/tenquille_sept_tagged/TL-19/20-09-2025/102RECNX","RCNX0020.JPG","Snowshoe hare",2,"Species|Snowshoe hare"
"tl19","Snowshoe hare",2025-08-04 01:23:42,2025-08-04,"01:23:42",171509,2858.5,47.6,2,"E:/tenquille_sept_tagged/TL-19/20-09-2025/102RECNX","RCNX0022.JPG","Snowshoe hare",4,"Species|Snowshoe hare"
"tl19","Snowshoe hare",2025-08-19 23:41:00,2025-08-19,"23:41:00",1376230,22937.2,382.3,15.9,"E:/tenquille_sept_tagged/TL-19/20-09-2025/102RECNX","RCNX0026.JPG","Snowshoe hare",1,"Species|Snowshoe hare"
"tl19","Snowshoe hare",2025-09-15 01:02:29,2025-09-15,"01:02:29",2251289,37521.5,625.4,26.1,"E:/tenquille_sept_tagged/TL-19/20-09-2025/102RECNX","RCNX0030.JPG","Snowshoe hare",1,"Species|Snowshoe hare"
"tl2","Bird",2025-08-30 14:25:47,2025-08-30,"14:25:47",0,0,0,0,"E:/tenquille_sept_tagged/TL-2/20-09-2025/101RECNX","RCNX0055.JPG","Bird",1,"Species|Bird"
"tl2","Bird",2025-09-14 12:02:10,2025-09-14,"12:02:10",1287383,21456.4,357.6,14.9,"E:/tenquille_sept_tagged/TL-2/20-09-2025/101RECNX","RCNX0056.JPG","Bird",1,"Species|Bird"
"tl2","Black bear",2025-06-19 13:31:19,2025-06-19,"13:31:19",0,0,0,0,"E:/tenquille_sept_tagged/TL-2/20-09-2025/101RECNX","RCNX0042.JPG","Black bear",3,"Species|Black bear"
"tl2","Black bear",2025-06-23 08:21:59,2025-06-23,"08:21:59",327035,5450.6,90.8,3.8,"E:/tenquille_sept_tagged/TL-2/20-09-2025/101RECNX","RCNX0045.JPG","Black bear",3,"Species|Black bear"
"tl2","Chipmunk",2025-06-30 09:43:41,2025-06-30,"09:43:41",0,0,0,0,"E:/tenquille_sept_tagged/TL-2/20-09-2025/101RECNX","RCNX0048.JPG","Chipmunk",1,"Species|Chipmunk"
"tl2","Chipmunk",2025-07-04 10:57:01,2025-07-04,"10:57:01",350000,5833.3,97.2,4,"E:/tenquille_sept_tagged/TL-2/20-09-2025/101RECNX","RCNX0050.JPG","Chipmunk",2,"Species|Chipmunk"
"tl2","Nothing",2025-07-02 11:54:56,2025-07-02,"11:54:56",0,0,0,0,"E:/tenquille_sept_tagged/TL-2/20-09-2025/101RECNX","RCNX0049.JPG","Nothing",1,"Species|Nothing"
"tl2","Nothing",2025-07-06 07:18:01,2025-07-06,"07:18:01",328985,5483.1,91.4,3.8,"E:/tenquille_sept_tagged/TL-2/20-09-2025/101RECNX","RCNX0052.JPG","Nothing",1,"Species|Nothing"
"tl2","Nothing",2025-07-10 13:44:55,2025-07-10,"13:44:55",368814,6146.9,102.4,4.3,"E:/tenquille_sept_tagged/TL-2/20-09-2025/101RECNX","RCNX0053.JPG","Nothing",1,"Species|Nothing"
"tl2","Nothing",2025-07-31 09:04:14,2025-07-31,"09:04:14",1797559,29959.3,499.3,20.8,"E:/tenquille_sept_tagged/TL-2/20-09-2025/101RECNX","RCNX0054.JPG","Nothing",1,"Species|Nothing"
"tl2","People",2025-06-17 14:25:07,2025-06-17,"14:25:07",0,0,0,0,"E:/tenquille_sept_tagged/TL-2/20-09-2025/100RECNX","RCNX0001.JPG","People",38,"Species|People"
"tl2","People",2025-06-17 14:43:31,2025-06-17,"14:43:31",406,6.8,0.1,0,"E:/tenquille_sept_tagged/TL-2/20-09-2025/101RECNX","RCNX0006.JPG","People",36,"Species|People"
"tl2","People",2025-09-20 08:52:15,2025-09-20,"08:52:15",8186559,136442.6,2274,94.8,"E:/tenquille_sept_tagged/TL-2/20-09-2025/101RECNX","RCNX0057.JPG","People",7,"Species|People"
"tl20","Black bear",2025-07-02 08:34:03,2025-07-02,"08:34:03",0,0,0,0,"E:/tenquille_sept_tagged/TL-20/20-09-2025/101RECNX","RCNX0002.JPG","Black bear",8,"Species|Black bear"
"tl20","Black bear",2025-07-15 14:39:35,2025-07-15,"14:39:35",1145115,19085.2,318.1,13.3,"E:/tenquille_sept_tagged/TL-20/20-09-2025/101RECNX","RCNX0015.JPG","Black bear",3,"Species|Black bear"
"tl20","Black bear",2025-07-22 17:52:45,2025-07-22,"17:52:45",616385,10273.1,171.2,7.1,"E:/tenquille_sept_tagged/TL-20/20-09-2025/101RECNX","RCNX0024.JPG","Black bear",1,"Species|Black bear"
"tl20","Black bear",2025-07-31 13:23:49,2025-07-31,"13:23:49",761464,12691.1,211.5,8.8,"E:/tenquille_sept_tagged/TL-20/20-09-2025/101RECNX","RCNX0027.JPG","Black bear",2,"Species|Black bear"
"tl20","Black bear",2025-08-04 12:13:22,2025-08-04,"12:13:22",341371,5689.5,94.8,3.9,"E:/tenquille_sept_tagged/TL-20/20-09-2025/101RECNX","RCNX0029.JPG","Black bear",2,"Species|Black bear"
"tl20","Nothing",2025-07-01 11:59:39,2025-07-01,"11:59:39",0,0,0,0,"E:/tenquille_sept_tagged/TL-20/20-09-2025/101RECNX","RCNX0001.JPG","Nothing",1,"Species|Nothing"
"tl20","Nothing",2025-07-04 15:35:55,2025-07-04,"15:35:55",272176,4536.3,75.6,3.1,"E:/tenquille_sept_tagged/TL-20/20-09-2025/101RECNX","RCNX0010.JPG","Nothing",1,"Species|Nothing"
"tl20","Nothing",2025-07-07 14:53:20,2025-07-07,"14:53:20",256645,4277.4,71.3,3,"E:/tenquille_sept_tagged/TL-20/20-09-2025/101RECNX","RCNX0011.JPG","Nothing",1,"Species|Nothing"
"tl20","Nothing",2025-07-08 07:56:34,2025-07-08,"07:56:34",61394,1023.2,17.1,0.7,"E:/tenquille_sept_tagged/TL-20/20-09-2025/101RECNX","RCNX0012.JPG","Nothing",1,"Species|Nothing"
"tl20","Nothing",2025-07-11 13:26:41,2025-07-11,"13:26:41",279007,4650.1,77.5,3.2,"E:/tenquille_sept_tagged/TL-20/20-09-2025/101RECNX","RCNX0013.JPG","Nothing",1,"Species|Nothing"
"tl20","Nothing",2025-07-14 15:11:43,2025-07-14,"15:11:43",265502,4425,73.8,3.1,"E:/tenquille_sept_tagged/TL-20/20-09-2025/101RECNX","RCNX0014.JPG","Nothing",1,"Species|Nothing"
"tl20","Nothing",2025-07-15 14:39:42,2025-07-15,"14:39:42",84479,1408,23.5,1,"E:/tenquille_sept_tagged/TL-20/20-09-2025/101RECNX","RCNX0018.JPG","Nothing",1,"Species|Nothing"
"tl20","Nothing",2025-07-16 14:41:05,2025-07-16,"14:41:05",86483,1441.4,24,1,"E:/tenquille_sept_tagged/TL-20/20-09-2025/101RECNX","RCNX0019.JPG","Nothing",2,"Species|Nothing"
"tl20","Nothing",2025-07-17 14:35:51,2025-07-17,"14:35:51",85853,1430.9,23.8,1,"E:/tenquille_sept_tagged/TL-20/20-09-2025/101RECNX","RCNX0021.JPG","Nothing",1,"Species|Nothing"
"tl20","Nothing",2025-07-18 06:36:15,2025-07-18,"06:36:15",57624,960.4,16,0.7,"E:/tenquille_sept_tagged/TL-20/20-09-2025/101RECNX","RCNX0022.JPG","Nothing",1,"Species|Nothing"
"tl20","Nothing",2025-07-22 14:24:47,2025-07-22,"14:24:47",373712,6228.5,103.8,4.3,"E:/tenquille_sept_tagged/TL-20/20-09-2025/101RECNX","RCNX0023.JPG","Nothing",1,"Species|Nothing"
"tl20","Nothing",2025-07-23 16:58:24,2025-07-23,"16:58:24",95617,1593.6,26.6,1.1,"E:/tenquille_sept_tagged/TL-20/20-09-2025/101RECNX","RCNX0025.JPG","Nothing",1,"Species|Nothing"
"tl20","Nothing",2025-07-24 14:23:14,2025-07-24,"14:23:14",77090,1284.8,21.4,0.9,"E:/tenquille_sept_tagged/TL-20/20-09-2025/101RECNX","RCNX0026.JPG","Nothing",1,"Species|Nothing"
"tl20","Nothing",2025-08-23 14:42:07,2025-08-23,"14:42:07",2593133,43218.9,720.3,30,"E:/tenquille_sept_tagged/TL-20/20-09-2025/101RECNX","RCNX0031.JPG","Nothing",1,"Species|Nothing"
"tl20","Nothing",2025-09-19 20:13:58,2025-09-19,"20:13:58",2352711,39211.8,653.5,27.2,"E:/tenquille_sept_tagged/TL-20/20-09-2025/101RECNX","RCNX0032.JPG","Nothing",1,"Species|Nothing"
"tl20","People",2025-07-01 00:46:25,2025-07-01,"00:46:25",0,0,0,0,"E:/tenquille_sept_tagged/TL-20/20-09-2025/100RECNX","RCNX0001.JPG","People",12,"Species|People"
"tl20","People",2025-09-20 10:17:46,2025-09-20,"10:17:46",7032635,117210.6,1953.5,81.4,"E:/tenquille_sept_tagged/TL-20/20-09-2025/101RECNX","RCNX0033.JPG","People",6,"Species|People"
"tl21","Bird",2025-08-08 13:20:42,2025-08-08,"13:20:42",0,0,0,0,"E:/tenquille_sept_tagged/TL-21/20-09-2025/101RECNX","RCNX0034.JPG","Bird",3,"Species|Bird"
"tl21","Bird",2025-09-02 15:45:36,2025-09-02,"15:45:36",2168687,36144.8,602.4,25.1,"E:/tenquille_sept_tagged/TL-21/20-09-2025/101RECNX","RCNX0055.JPG","Bird",1,"Species|Bird"
"tl21","Bird",2025-09-03 17:14:56,2025-09-03,"17:14:56",91760,1529.3,25.5,1.1,"E:/tenquille_sept_tagged/TL-21/20-09-2025/101RECNX","RCNX0056.JPG","Bird",1,"Species|Bird"
"tl21","Bird",2025-09-13 14:33:57,2025-09-13,"14:33:57",854341,14239,237.3,9.9,"E:/tenquille_sept_tagged/TL-21/20-09-2025/101RECNX","RCNX0061.JPG","Bird",1,"Species|Bird"
"tl21","Black bear",2025-07-03 19:46:09,2025-07-03,"19:46:09",0,0,0,0,"E:/tenquille_sept_tagged/TL-21/20-09-2025/101RECNX","RCNX0019.JPG","Black bear",5,"Species|Black bear"
"tl21","Douglas squirrel",2025-07-02 06:22:46,2025-07-02,"06:22:46",0,0,0,0,"E:/tenquille_sept_tagged/TL-21/20-09-2025/101RECNX","RCNX0018.JPG","Douglas squirrel",1,"Species|Douglas squirrel"
"tl21","Douglas squirrel",2025-07-25 09:13:23,2025-07-25,"09:13:23",1997437,33290.6,554.8,23.1,"E:/tenquille_sept_tagged/TL-21/20-09-2025/101RECNX","RCNX0029.JPG","Douglas squirrel",1,"Species|Douglas squirrel"
"tl21","Douglas squirrel",2025-08-13 13:17:36,2025-08-13,"13:17:36",1656253,27604.2,460.1,19.2,"E:/tenquille_sept_tagged/TL-21/20-09-2025/101RECNX","RCNX0048.JPG","Douglas squirrel",1,"Species|Douglas squirrel"
"tl21","Douglas squirrel",2025-08-13 15:17:51,2025-08-13,"15:17:51",7215,120.2,2,0.1,"E:/tenquille_sept_tagged/TL-21/20-09-2025/101RECNX","RCNX0049.JPG","Douglas squirrel",1,"Species|Douglas squirrel"
"tl21","Douglas squirrel",2025-08-20 06:41:57,2025-08-20,"06:41:57",573846,9564.1,159.4,6.6,"E:/tenquille_sept_tagged/TL-21/20-09-2025/101RECNX","RCNX0051.JPG","Douglas squirrel",1,"Species|Douglas squirrel"
"tl21","Douglas squirrel",2025-09-06 15:23:22,2025-09-06,"15:23:22",1500085,25001.4,416.7,17.4,"E:/tenquille_sept_tagged/TL-21/20-09-2025/101RECNX","RCNX0057.JPG","Douglas squirrel",2,"Species|Douglas squirrel"
"tl21","Douglas squirrel",2025-09-09 10:11:43,2025-09-09,"10:11:43",240456,4007.6,66.8,2.8,"E:/tenquille_sept_tagged/TL-21/20-09-2025/101RECNX","RCNX0059.JPG","Douglas squirrel",2,"Species|Douglas squirrel"
"tl21","Douglas squirrel",2025-09-14 07:39:20,2025-09-14,"07:39:20",422850,7047.5,117.5,4.9,"E:/tenquille_sept_tagged/TL-21/20-09-2025/101RECNX","RCNX0064.JPG","Douglas squirrel",1,"Species|Douglas squirrel"
"tl21","Flying squirrel",2025-08-15 00:11:08,2025-08-15,"00:11:08",0,0,0,0,"E:/tenquille_sept_tagged/TL-21/20-09-2025/101RECNX","RCNX0050.JPG","Flying squirrel",1,"Species|Flying squirrel"
"tl21","Mule deer",2025-07-19 06:31:38,2025-07-19,"06:31:38",0,0,0,0,"E:/tenquille_sept_tagged/TL-21/20-09-2025/101RECNX","RCNX0024.JPG","Mule deer",2,"Species|Mule deer"
"tl21","Mule deer",2025-08-07 05:33:50,2025-08-07,"05:33:50",1638130,27302.2,455,19,"E:/tenquille_sept_tagged/TL-21/20-09-2025/101RECNX","RCNX0032.JPG","Mule deer",2,"Species|Mule deer"
"tl21","nothing",2025-07-01 13:01:33,2025-07-01,"13:01:33",0,0,0,0,"E:/tenquille_sept_tagged/TL-21/20-09-2025/101RECNX","RCNX0001.JPG","nothing",12,"Species|nothing"
"tl21","nothing",2025-07-02 03:54:45,2025-07-02,"03:54:45",53547,892.5,14.9,0.6,"E:/tenquille_sept_tagged/TL-21/20-09-2025/101RECNX","RCNX0013.JPG","nothing",2,"Species|nothing"
"tl21","Nothing",2025-07-23 01:11:57,2025-07-23,"01:11:57",0,0,0,0,"E:/tenquille_sept_tagged/TL-21/20-09-2025/101RECNX","RCNX0027.JPG","Nothing",2,"Species|Nothing"
"tl21","Nothing",2025-08-21 23:24:41,2025-08-21,"23:24:41",2585561,43092.7,718.2,29.9,"E:/tenquille_sept_tagged/TL-21/20-09-2025/101RECNX","RCNX0052.JPG","Nothing",1,"Species|Nothing"
"tl21","Nothing",2025-08-22 09:56:06,2025-08-22,"09:56:06",37885,631.4,10.5,0.4,"E:/tenquille_sept_tagged/TL-21/20-09-2025/101RECNX","RCNX0053.JPG","Nothing",1,"Species|Nothing"
"tl21","Nothing",2025-08-30 23:33:15,2025-08-30,"23:33:15",740229,12337.1,205.6,8.6,"E:/tenquille_sept_tagged/TL-21/20-09-2025/101RECNX","RCNX0054.JPG","Nothing",1,"Species|Nothing"
"tl21","Nothing",2025-09-13 14:34:31,2025-09-13,"14:34:31",1177276,19621.3,327,13.6,"E:/tenquille_sept_tagged/TL-21/20-09-2025/101RECNX","RCNX0062.JPG","Nothing",2,"Species|Nothing"
"tl21","People",2025-07-01 12:45:42,2025-07-01,"12:45:42",0,0,0,0,"E:/tenquille_sept_tagged/TL-21/20-09-2025/100RECNX","RCNX0003.JPG","People",1,"Species|People"
"tl21","People",2025-09-20 10:49:46,2025-09-20,"10:49:46",6991444,116524.1,1942.1,80.9,"E:/tenquille_sept_tagged/TL-21/20-09-2025/101RECNX","RCNX0065.JPG","People",6,"Species|People"
"tl21","Snowshoe hare",2025-07-02 03:54:53,2025-07-02,"03:54:53",0,0,0,0,"E:/tenquille_sept_tagged/TL-21/20-09-2025/101RECNX","RCNX0015.JPG","Snowshoe hare",3,"Species|Snowshoe hare"
"tl21","Snowshoe hare",2025-07-22 22:54:25,2025-07-22,"22:54:25",1796363,29939.4,499,20.8,"E:/tenquille_sept_tagged/TL-21/20-09-2025/101RECNX","RCNX0026.JPG","Snowshoe hare",1,"Species|Snowshoe hare"
"tl21","Snowshoe hare",2025-08-05 04:45:33,2025-08-05,"04:45:33",1144268,19071.1,317.9,13.2,"E:/tenquille_sept_tagged/TL-21/20-09-2025/101RECNX","RCNX0030.JPG","Snowshoe hare",2,"Species|Snowshoe hare"
"tl21","Snowshoe hare",2025-08-08 23:37:59,2025-08-08,"23:37:59",327134,5452.2,90.9,3.8,"E:/tenquille_sept_tagged/TL-21/20-09-2025/101RECNX","RCNX0037.JPG","Snowshoe hare",8,"Species|Snowshoe hare"
"tl21","Snowshoe hare",2025-08-08 23:44:09,2025-08-08,"23:44:09",326,5.4,0.1,0,"E:/tenquille_sept_tagged/TL-21/20-09-2025/101RECNX","RCNX0045.JPG","Snowshoe hare",1,"Species|Snowshoe hare"
"tl21","Snowshoe hare",2025-08-12 23:16:46,2025-08-12,"23:16:46",343957,5732.6,95.5,4,"E:/tenquille_sept_tagged/TL-21/20-09-2025/101RECNX","RCNX0046.JPG","Snowshoe hare",2,"Species|Snowshoe hare"
"tl22","Black bear",2025-07-05 13:40:24,2025-07-05,"13:40:24",0,0,0,0,"E:/tenquille_sept_tagged/TL-22/20-09-2025/101RECNX","RCNX0006.JPG","Black bear",11,"Species|Black bear"
"tl22","Black bear",2025-07-05 14:04:19,2025-07-05,"14:04:19",1357,22.6,0.4,0,"E:/tenquille_sept_tagged/TL-22/20-09-2025/101RECNX","RCNX0019.JPG","Black bear",5,"Species|Black bear"
"tl22","Black bear",2025-07-08 06:18:28,2025-07-08,"06:18:28",231239,3854,64.2,2.7,"E:/tenquille_sept_tagged/TL-22/20-09-2025/101RECNX","RCNX0024.JPG","Black bear",9,"Species|Black bear"
"tl22","Black bear",2025-07-26 11:28:04,2025-07-26,"11:28:04",1573756,26229.3,437.2,18.2,"E:/tenquille_sept_tagged/TL-22/20-09-2025/101RECNX","RCNX0039.JPG","Black bear",3,"Species|Black bear"
"tl22","Black bear",2025-08-09 15:30:00,2025-08-09,"15:30:00",1224085,20401.4,340,14.2,"E:/tenquille_sept_tagged/TL-22/20-09-2025/101RECNX","RCNX0043.JPG","Black bear",2,"Species|Black bear"
"tl22","Nothing",2025-07-02 04:22:09,2025-07-02,"04:22:09",0,0,0,0,"E:/tenquille_sept_tagged/TL-22/20-09-2025/101RECNX","RCNX0003.JPG","Nothing",2,"Species|Nothing"
"tl22","Nothing",2025-07-05 13:41:11,2025-07-05,"13:41:11",292725,4878.8,81.3,3.4,"E:/tenquille_sept_tagged/TL-22/20-09-2025/101RECNX","RCNX0011.JPG","Nothing",2,"Species|Nothing"
"tl22","Nothing",2025-07-19 22:33:24,2025-07-19,"22:33:24",1241513,20691.9,344.9,14.4,"E:/tenquille_sept_tagged/TL-22/20-09-2025/101RECNX","RCNX0034.JPG","Nothing",1,"Species|Nothing"
"tl22","Nothing",2025-07-21 12:34:42,2025-07-21,"12:34:42",136878,2281.3,38,1.6,"E:/tenquille_sept_tagged/TL-22/20-09-2025/101RECNX","RCNX0037.JPG","Nothing",1,"Species|Nothing"
"tl22","Nothing",2025-07-22 00:54:29,2025-07-22,"00:54:29",44387,739.8,12.3,0.5,"E:/tenquille_sept_tagged/TL-22/20-09-2025/101RECNX","RCNX0038.JPG","Nothing",1,"Species|Nothing"
"tl22","Nothing",2025-08-07 21:30:44,2025-08-07,"21:30:44",1456575,24276.2,404.6,16.9,"E:/tenquille_sept_tagged/TL-22/20-09-2025/101RECNX","RCNX0042.JPG","Nothing",1,"Species|Nothing"
"tl22","Nothing",2025-08-21 23:13:52,2025-08-21,"23:13:52",1215788,20263.1,337.7,14.1,"E:/tenquille_sept_tagged/TL-22/20-09-2025/101RECNX","RCNX0050.JPG","Nothing",1,"Species|Nothing"
"tl22","Nothing",2025-08-24 22:30:58,2025-08-24,"22:30:58",256626,4277.1,71.3,3,"E:/tenquille_sept_tagged/TL-22/20-09-2025/101RECNX","RCNX0057.JPG","Nothing",1,"Species|Nothing"
"tl22","Nothing",2025-08-29 03:11:40,2025-08-29,"03:11:40",362442,6040.7,100.7,4.2,"E:/tenquille_sept_tagged/TL-22/20-09-2025/101RECNX","RCNX0062.JPG","Nothing",1,"Species|Nothing"
"tl22","Nothing",2025-09-01 04:05:55,2025-09-01,"04:05:55",262455,4374.2,72.9,3,"E:/tenquille_sept_tagged/TL-22/20-09-2025/101RECNX","RCNX0071.JPG","Nothing",1,"Species|Nothing"
"tl22","Nothing",2025-09-02 04:15:46,2025-09-02,"04:15:46",86991,1449.8,24.2,1,"E:/tenquille_sept_tagged/TL-22/20-09-2025/101RECNX","RCNX0072.JPG","Nothing",1,"Species|Nothing"
"tl22","Nothing",2025-09-04 20:41:07,2025-09-04,"20:41:07",231921,3865.3,64.4,2.7,"E:/tenquille_sept_tagged/TL-22/20-09-2025/101RECNX","RCNX0075.JPG","Nothing",1,"Species|Nothing"
"tl22","Nothing",2025-09-11 20:37:56,2025-09-11,"20:37:56",604609,10076.8,167.9,7,"E:/tenquille_sept_tagged/TL-22/20-09-2025/101RECNX","RCNX0078.JPG","Nothing",1,"Species|Nothing"
"tl22","Nothing",2025-09-19 20:22:05,2025-09-19,"20:22:05",690249,11504.1,191.7,8,"E:/tenquille_sept_tagged/TL-22/20-09-2025/101RECNX","RCNX0081.JPG","Nothing",1,"Species|Nothing"
"tl22","People",2025-07-01 14:41:18,2025-07-01,"14:41:18",0,0,0,0,"E:/tenquille_sept_tagged/TL-22/20-09-2025/100RECNX","RCNX0001.JPG","People",1,"Species|People"
"tl22","People",2025-09-20 14:19:50,2025-09-20,"14:19:50",6997112,116618.5,1943.6,81,"E:/tenquille_sept_tagged/TL-22/20-09-2025/101RECNX","RCNX0084.JPG","People",1,"Species|People"
"tl22","Snowshoe hare",2025-07-02 04:21:58,2025-07-02,"04:21:58",0,0,0,0,"E:/tenquille_sept_tagged/TL-22/20-09-2025/101RECNX","RCNX0001.JPG","Snowshoe hare",2,"Species|Snowshoe hare"
"tl22","Snowshoe hare",2025-07-04 04:28:29,2025-07-04,"04:28:29",173187,2886.4,48.1,2,"E:/tenquille_sept_tagged/TL-22/20-09-2025/101RECNX","RCNX0005.JPG","Snowshoe hare",1,"Species|Snowshoe hare"
"tl22","Snowshoe hare",2025-07-14 05:04:19,2025-07-14,"05:04:19",866150,14435.8,240.6,10,"E:/tenquille_sept_tagged/TL-22/20-09-2025/101RECNX","RCNX0033.JPG","Snowshoe hare",1,"Species|Snowshoe hare"
"tl22","Snowshoe hare",2025-07-20 01:20:46,2025-07-20,"01:20:46",504987,8416.5,140.3,5.8,"E:/tenquille_sept_tagged/TL-22/20-09-2025/101RECNX","RCNX0035.JPG","Snowshoe hare",1,"Species|Snowshoe hare"
"tl22","Snowshoe hare",2025-07-20 01:35:31,2025-07-20,"01:35:31",885,14.8,0.2,0,"E:/tenquille_sept_tagged/TL-22/20-09-2025/101RECNX","RCNX0036.JPG","Snowshoe hare",1,"Species|Snowshoe hare"
"tl22","Snowshoe hare",2025-08-17 22:13:24,2025-08-17,"22:13:24",2493473,41557.9,692.6,28.9,"E:/tenquille_sept_tagged/TL-22/20-09-2025/101RECNX","RCNX0045.JPG","Snowshoe hare",1,"Species|Snowshoe hare"
"tl22","Snowshoe hare",2025-08-18 21:59:21,2025-08-18,"21:59:21",85557,1426,23.8,1,"E:/tenquille_sept_tagged/TL-22/20-09-2025/101RECNX","RCNX0046.JPG","Snowshoe hare",1,"Species|Snowshoe hare"
"tl22","Snowshoe hare",2025-08-21 23:13:32,2025-08-21,"23:13:32",263651,4394.2,73.2,3.1,"E:/tenquille_sept_tagged/TL-22/20-09-2025/101RECNX","RCNX0047.JPG","Snowshoe hare",6,"Species|Snowshoe hare"
"tl22","Snowshoe hare",2025-08-23 21:39:42,2025-08-23,"21:39:42",167128,2785.5,46.4,1.9,"E:/tenquille_sept_tagged/TL-22/20-09-2025/101RECNX","RCNX0054.JPG","Snowshoe hare",1,"Species|Snowshoe hare"
"tl22","Snowshoe hare",2025-08-24 22:30:44,2025-08-24,"22:30:44",89462,1491,24.9,1,"E:/tenquille_sept_tagged/TL-22/20-09-2025/101RECNX","RCNX0055.JPG","Snowshoe hare",2,"Species|Snowshoe hare"
"tl22","Snowshoe hare",2025-08-26 22:02:17,2025-08-26,"22:02:17",171081,2851.3,47.5,2,"E:/tenquille_sept_tagged/TL-22/20-09-2025/101RECNX","RCNX0058.JPG","Snowshoe hare",1,"Species|Snowshoe hare"
"tl22","Snowshoe hare",2025-08-28 01:40:15,2025-08-28,"01:40:15",99478,1658,27.6,1.2,"E:/tenquille_sept_tagged/TL-22/20-09-2025/101RECNX","RCNX0059.JPG","Snowshoe hare",2,"Species|Snowshoe hare"
"tl22","Snowshoe hare",2025-08-29 03:10:41,2025-08-29,"03:10:41",91766,1529.4,25.5,1.1,"E:/tenquille_sept_tagged/TL-22/20-09-2025/101RECNX","RCNX0061.JPG","Snowshoe hare",1,"Species|Snowshoe hare"
"tl22","Snowshoe hare",2025-08-29 03:21:50,2025-08-29,"03:21:50",669,11.2,0.2,0,"E:/tenquille_sept_tagged/TL-22/20-09-2025/101RECNX","RCNX0063.JPG","Snowshoe hare",2,"Species|Snowshoe hare"
"tl22","Snowshoe hare",2025-08-30 05:03:52,2025-08-30,"05:03:52",92517,1542,25.7,1.1,"E:/tenquille_sept_tagged/TL-22/20-09-2025/101RECNX","RCNX0065.JPG","Snowshoe hare",1,"Species|Snowshoe hare"
"tl22","Snowshoe hare",2025-08-31 21:46:31,2025-08-31,"21:46:31",146559,2442.7,40.7,1.7,"E:/tenquille_sept_tagged/TL-22/20-09-2025/101RECNX","RCNX0066.JPG","Snowshoe hare",5,"Species|Snowshoe hare"
"tl22","Snowshoe hare",2025-09-03 01:13:02,2025-09-03,"01:13:02",185179,3086.3,51.4,2.1,"E:/tenquille_sept_tagged/TL-22/20-09-2025/101RECNX","RCNX0073.JPG","Snowshoe hare",1,"Species|Snowshoe hare"
"tl22","Snowshoe hare",2025-09-03 21:02:53,2025-09-03,"21:02:53",71391,1189.8,19.8,0.8,"E:/tenquille_sept_tagged/TL-22/20-09-2025/101RECNX","RCNX0074.JPG","Snowshoe hare",1,"Species|Snowshoe hare"
"tl22","Snowshoe hare",2025-09-09 20:55:01,2025-09-09,"20:55:01",517928,8632.1,143.9,6,"E:/tenquille_sept_tagged/TL-22/20-09-2025/101RECNX","RCNX0076.JPG","Snowshoe hare",1,"Species|Snowshoe hare"
"tl22","Snowshoe hare",2025-09-10 20:44:59,2025-09-10,"20:44:59",85798,1430,23.8,1,"E:/tenquille_sept_tagged/TL-22/20-09-2025/101RECNX","RCNX0077.JPG","Snowshoe hare",1,"Species|Snowshoe hare"
"tl22","Snowshoe hare",2025-09-15 20:52:29,2025-09-15,"20:52:29",432450,7207.5,120.1,5,"E:/tenquille_sept_tagged/TL-22/20-09-2025/101RECNX","RCNX0079.JPG","Snowshoe hare",1,"Species|Snowshoe hare"
"tl22","Snowshoe hare",2025-09-18 21:05:52,2025-09-18,"21:05:52",260003,4333.4,72.2,3,"E:/tenquille_sept_tagged/TL-22/20-09-2025/101RECNX","RCNX0080.JPG","Snowshoe hare",1,"Species|Snowshoe hare"
"tl22","Snowshoe hare",2025-09-19 21:07:25,2025-09-19,"21:07:25",86493,1441.6,24,1,"E:/tenquille_sept_tagged/TL-22/20-09-2025/101RECNX","RCNX0082.JPG","Snowshoe hare",2,"Species|Snowshoe hare"
"tl23","Bird",2025-07-20 07:26:21,2025-07-20,"07:26:21",0,0,0,0,"E:/tenquille_sept_tagged/TL-23/20-09-2025/101RECNX","RCNX0029.JPG","Bird",1,"Species|Bird"
"tl23","Bird",2025-07-26 15:21:35,2025-07-26,"15:21:35",546914,9115.2,151.9,6.3,"E:/tenquille_sept_tagged/TL-23/20-09-2025/101RECNX","RCNX0030.JPG","Bird",1,"Species|Bird"
"tl23","Black bear",2025-07-12 19:45:18,2025-07-12,"19:45:18",0,0,0,0,"E:/tenquille_sept_tagged/TL-23/20-09-2025/101RECNX","RCNX0005.JPG","Black bear",2,"Species|Black bear"
"tl23","Black bear",2025-07-14 22:18:52,2025-07-14,"22:18:52",182011,3033.5,50.6,2.1,"E:/tenquille_sept_tagged/TL-23/20-09-2025/101RECNX","RCNX0007.JPG","Black bear",21,"Species|Black bear"
"tl23","Black bear",2025-07-28 06:35:42,2025-07-28,"06:35:42",1152958,19216,320.3,13.3,"E:/tenquille_sept_tagged/TL-23/20-09-2025/101RECNX","RCNX0032.JPG","Black bear",76,"Species|Black bear"
"tl23","Black bear",2025-08-05 19:38:04,2025-08-05,"19:38:04",737807,12296.8,204.9,8.5,"E:/tenquille_sept_tagged/TL-23/20-09-2025/101RECNX","RCNX0112.JPG","Black bear",13,"Species|Black bear"
"tl23","Black bear",2025-08-07 07:56:09,2025-08-07,"07:56:09",130626,2177.1,36.3,1.5,"E:/tenquille_sept_tagged/TL-23/20-09-2025/101RECNX","RCNX0125.JPG","Black bear",48,"Species|Black bear"
"tl23","Black bear",2025-08-11 05:18:13,2025-08-11,"05:18:13",335834,5597.2,93.3,3.9,"E:/tenquille_sept_tagged/TL-23/20-09-2025/101RECNX","RCNX0173.JPG","Black bear",9,"Species|Black bear"
"tl23","Black bear",2025-08-20 10:52:48,2025-08-20,"10:52:48",797639,13294,221.6,9.2,"E:/tenquille_sept_tagged/TL-23/20-09-2025/101RECNX","RCNX0182.JPG","Black bear",41,"Species|Black bear"
"tl23","Black bear",2025-09-12 09:55:03,2025-09-12,"09:55:03",1983613,33060.2,551,23,"E:/tenquille_sept_tagged/TL-23/20-09-2025/101RECNX","RCNX0224.JPG","Black bear",1,"Species|Black bear"
"tl23","Bobcat",2025-09-02 19:44:28,2025-09-02,"19:44:28",0,0,0,0,"E:/tenquille_sept_tagged/TL-23/20-09-2025/101RECNX","RCNX0223.JPG","Bobcat",1,"Species|Bobcat"
"tl23","Nothing",2025-07-01 16:18:24,2025-07-01,"16:18:24",0,0,0,0,"E:/tenquille_sept_tagged/TL-23/20-09-2025/101RECNX","RCNX0001.JPG","Nothing",3,"Species|Nothing"
"tl23","Nothing",2025-07-12 11:20:21,2025-07-12,"11:20:21",932458,15541,259,10.8,"E:/tenquille_sept_tagged/TL-23/20-09-2025/101RECNX","RCNX0004.JPG","Nothing",1,"Species|Nothing"
"tl23","Nothing",2025-07-14 22:19:46,2025-07-14,"22:19:46",212365,3539.4,59,2.5,"E:/tenquille_sept_tagged/TL-23/20-09-2025/101RECNX","RCNX0028.JPG","Nothing",1,"Species|Nothing"
"tl23","Nothing",2025-07-26 15:21:39,2025-07-26,"15:21:39",1011713,16861.9,281,11.7,"E:/tenquille_sept_tagged/TL-23/20-09-2025/101RECNX","RCNX0031.JPG","Nothing",1,"Species|Nothing"
"tl23","Nothing",2025-07-28 06:36:59,2025-07-28,"06:36:59",141320,2355.3,39.3,1.6,"E:/tenquille_sept_tagged/TL-23/20-09-2025/101RECNX","RCNX0034.JPG","Nothing",1,"Species|Nothing"
"tl23","Nothing",2025-08-02 13:45:09,2025-08-02,"13:45:09",457690,7628.2,127.1,5.3,"E:/tenquille_sept_tagged/TL-23/20-09-2025/101RECNX","RCNX0109.JPG","Nothing",1,"Species|Nothing"
"tl23","Nothing",2025-08-05 19:37:57,2025-08-05,"19:37:57",280368,4672.8,77.9,3.2,"E:/tenquille_sept_tagged/TL-23/20-09-2025/101RECNX","RCNX0110.JPG","Nothing",2,"Species|Nothing"
"tl23","Nothing",2025-09-12 09:55:05,2025-09-12,"09:55:05",3248223,54137.1,902.3,37.6,"E:/tenquille_sept_tagged/TL-23/20-09-2025/101RECNX","RCNX0225.JPG","Nothing",1,"Species|Nothing"
"tl23","People",2025-07-01 16:00:44,2025-07-01,"16:00:44",0,0,0,0,"E:/tenquille_sept_tagged/TL-23/20-09-2025/100RECNX","RCNX0003.JPG","People",1,"Species|People"
"tl23","People",2025-09-20 13:21:29,2025-09-20,"13:21:29",6988845,116480.8,1941.3,80.9,"E:/tenquille_sept_tagged/TL-23/20-09-2025/101RECNX","RCNX0226.JPG","People",2,"Species|People"
"tl7","Bear",2025-06-27 02:34:14,2025-06-27,"02:34:14",0,0,0,0,"E:/tenquille_sept_tagged/TL-7/21-09-2025/101RECNX","RCNX0034.JPG","Bear",1,"Species|Bear"
"tl7","Bear",2025-08-30 08:07:51,2025-08-30,"08:07:51",5549617,92493.6,1541.6,64.2,"E:/tenquille_sept_tagged/TL-7/21-09-2025/101RECNX","RCNX0082.JPG","Bear",1,"Species|Bear"
"tl7","Bird",2025-06-19 17:40:15,2025-06-19,"17:40:15",0,0,0,0,"E:/tenquille_sept_tagged/TL-7/21-09-2025/101RECNX","RCNX0031.JPG","Bird",1,"Species|Bird"
"tl7","Bird",2025-06-27 17:04:52,2025-06-27,"17:04:52",689077,11484.6,191.4,8,"E:/tenquille_sept_tagged/TL-7/21-09-2025/101RECNX","RCNX0035.JPG","Bird",1,"Species|Bird"
"tl7","Bird",2025-07-20 12:39:13,2025-07-20,"12:39:13",1971261,32854.3,547.6,22.8,"E:/tenquille_sept_tagged/TL-7/21-09-2025/101RECNX","RCNX0053.JPG","Bird",7,"Species|Bird"
"tl7","Bird",2025-08-01 07:35:00,2025-08-01,"07:35:00",1018420,16973.7,282.9,11.8,"E:/tenquille_sept_tagged/TL-7/21-09-2025/101RECNX","RCNX0066.JPG","Bird",2,"Species|Bird"
"tl7","Bird",2025-08-22 05:55:35,2025-08-22,"05:55:35",1808431,30140.5,502.3,20.9,"E:/tenquille_sept_tagged/TL-7/21-09-2025/101RECNX","RCNX0076.JPG","Bird",1,"Species|Bird"
"tl7","Bird",2025-08-24 20:09:28,2025-08-24,"20:09:28",224033,3733.9,62.2,2.6,"E:/tenquille_sept_tagged/TL-7/21-09-2025/101RECNX","RCNX0077.JPG","Bird",1,"Species|Bird"
"tl7","Bird",2025-08-26 15:13:04,2025-08-26,"15:13:04",155016,2583.6,43.1,1.8,"E:/tenquille_sept_tagged/TL-7/21-09-2025/101RECNX","RCNX0079.JPG","Bird",2,"Species|Bird"
"tl7","Bird",2025-08-26 18:04:56,2025-08-26,"18:04:56",10308,171.8,2.9,0.1,"E:/tenquille_sept_tagged/TL-7/21-09-2025/101RECNX","RCNX0081.JPG","Bird",1,"Species|Bird"
"tl7","Bird",2025-08-31 12:26:34,2025-08-31,"12:26:34",411698,6861.6,114.4,4.8,"E:/tenquille_sept_tagged/TL-7/21-09-2025/101RECNX","RCNX0084.JPG","Bird",1,"Species|Bird"
"tl7","Bird",2025-09-01 13:04:47,2025-09-01,"13:04:47",88693,1478.2,24.6,1,"E:/tenquille_sept_tagged/TL-7/21-09-2025/101RECNX","RCNX0087.JPG","Bird",1,"Species|Bird"
"tl7","Bird",2025-09-08 18:40:51,2025-09-08,"18:40:51",624964,10416.1,173.6,7.2,"E:/tenquille_sept_tagged/TL-7/21-09-2025/101RECNX","RCNX0096.JPG","Bird",2,"Species|Bird"
"tl7","Bird",2025-09-13 15:24:46,2025-09-13,"15:24:46",420231,7003.9,116.7,4.9,"E:/tenquille_sept_tagged/TL-7/21-09-2025/101RECNX","RCNX0099.JPG","Bird",3,"Species|Bird"
"tl7","Bird",2025-09-13 15:58:42,2025-09-13,"15:58:42",1875,31.2,0.5,0,"E:/tenquille_sept_tagged/TL-7/21-09-2025/101RECNX","RCNX0102.JPG","Bird",2,"Species|Bird"
"tl7","Bird",2025-09-16 13:23:07,2025-09-16,"13:23:07",249862,4164.4,69.4,2.9,"E:/tenquille_sept_tagged/TL-7/21-09-2025/101RECNX","RCNX0105.JPG","Bird",3,"Species|Bird"
"tl7","Bird",2025-09-16 16:49:56,2025-09-16,"16:49:56",12391,206.5,3.4,0.1,"E:/tenquille_sept_tagged/TL-7/21-09-2025/101RECNX","RCNX0109.JPG","Bird",2,"Species|Bird"
"tl7","Bird",2025-09-16 18:00:39,2025-09-16,"18:00:39",4217,70.3,1.2,0,"E:/tenquille_sept_tagged/TL-7/21-09-2025/101RECNX","RCNX0112.JPG","Bird",1,"Species|Bird"
"tl7","Black bear",2025-09-07 18:00:19,2025-09-07,"18:00:19",0,0,0,0,"E:/tenquille_sept_tagged/TL-7/21-09-2025/101RECNX","RCNX0090.JPG","Black bear",3,"Species|Black bear"
"tl7","Chipmunk",2025-06-30 09:55:28,2025-06-30,"09:55:28",0,0,0,0,"E:/tenquille_sept_tagged/TL-7/21-09-2025/101RECNX","RCNX0044.JPG","Chipmunk",2,"Species|Chipmunk"
"tl7","Chipmunk",2025-08-30 11:54:36,2025-08-30,"11:54:36",5277543,87959,1466,61.1,"E:/tenquille_sept_tagged/TL-7/21-09-2025/101RECNX","RCNX0083.JPG","Chipmunk",1,"Species|Chipmunk"
"tl7","Douglas squirrel",2025-07-05 12:44:36,2025-07-05,"12:44:36",0,0,0,0,"E:/tenquille_sept_tagged/TL-7/21-09-2025/101RECNX","RCNX0048.JPG","Douglas squirrel",1,"Species|Douglas squirrel"
"tl7","Douglas squirrel",2025-07-13 13:12:17,2025-07-13,"13:12:17",692861,11547.7,192.5,8,"E:/tenquille_sept_tagged/TL-7/21-09-2025/101RECNX","RCNX0049.JPG","Douglas squirrel",1,"Species|Douglas squirrel"
"tl7","Flying squirrel",2025-08-01 00:48:57,2025-08-01,"00:48:57",0,0,0,0,"E:/tenquille_sept_tagged/TL-7/21-09-2025/101RECNX","RCNX0065.JPG","Flying squirrel",1,"Species|Flying squirrel"
"tl7","Mouse",2025-08-14 00:45:27,2025-08-14,"00:45:27",0,0,0,0,"E:/tenquille_sept_tagged/TL-7/21-09-2025/101RECNX","RCNX0070.JPG","Mouse",2,"Species|Mouse"
"tl7","Nothing",2025-06-16 18:39:35,2025-06-16,"18:39:35",0,0,0,0,"E:/tenquille_sept_tagged/TL-7/21-09-2025/101RECNX","RCNX0029.JPG","Nothing",1,"Species|Nothing"
"tl7","Nothing",2025-06-18 15:10:22,2025-06-18,"15:10:22",160247,2670.8,44.5,1.9,"E:/tenquille_sept_tagged/TL-7/21-09-2025/101RECNX","RCNX0030.JPG","Nothing",1,"Species|Nothing"
"tl7","Nothing",2025-06-19 17:40:41,2025-06-19,"17:40:41",95419,1590.3,26.5,1.1,"E:/tenquille_sept_tagged/TL-7/21-09-2025/101RECNX","RCNX0032.JPG","Nothing",1,"Species|Nothing"
"tl7","Nothing",2025-06-24 12:14:13,2025-06-24,"12:14:13",412412,6873.5,114.6,4.8,"E:/tenquille_sept_tagged/TL-7/21-09-2025/101RECNX","RCNX0033.JPG","Nothing",1,"Species|Nothing"
"tl7","Nothing",2025-06-28 10:29:00,2025-06-28,"10:29:00",339287,5654.8,94.2,3.9,"E:/tenquille_sept_tagged/TL-7/21-09-2025/101RECNX","RCNX0036.JPG","Nothing",1,"Species|Nothing"
"tl7","Nothing",2025-06-28 14:55:54,2025-06-28,"14:55:54",16014,266.9,4.4,0.2,"E:/tenquille_sept_tagged/TL-7/21-09-2025/101RECNX","RCNX0037.JPG","Nothing",4,"Species|Nothing"
"tl7","Nothing",2025-06-29 10:14:11,2025-06-29,"10:14:11",69286,1154.8,19.2,0.8,"E:/tenquille_sept_tagged/TL-7/21-09-2025/101RECNX","RCNX0041.JPG","Nothing",1,"Species|Nothing"
"tl7","Nothing",2025-06-29 10:43:28,2025-06-29,"10:43:28",1757,29.3,0.5,0,"E:/tenquille_sept_tagged/TL-7/21-09-2025/101RECNX","RCNX0042.JPG","Nothing",2,"Species|Nothing"
"tl7","Nothing",2025-07-02 10:30:54,2025-07-02,"10:30:54",258442,4307.4,71.8,3,"E:/tenquille_sept_tagged/TL-7/21-09-2025/101RECNX","RCNX0046.JPG","Nothing",2,"Species|Nothing"
"tl7","Nothing",2025-07-13 15:28:50,2025-07-13,"15:28:50",968026,16133.8,268.9,11.2,"E:/tenquille_sept_tagged/TL-7/21-09-2025/101RECNX","RCNX0050.JPG","Nothing",3,"Species|Nothing"
"tl7","Nothing",2025-07-20 12:41:28,2025-07-20,"12:41:28",594753,9912.5,165.2,6.9,"E:/tenquille_sept_tagged/TL-7/21-09-2025/101RECNX","RCNX0060.JPG","Nothing",3,"Species|Nothing"
"tl7","Nothing",2025-07-27 13:24:42,2025-07-27,"13:24:42",607331,10122.2,168.7,7,"E:/tenquille_sept_tagged/TL-7/21-09-2025/101RECNX","RCNX0063.JPG","Nothing",1,"Species|Nothing"
"tl7","Nothing",2025-07-29 09:44:50,2025-07-29,"09:44:50",159608,2660.1,44.3,1.8,"E:/tenquille_sept_tagged/TL-7/21-09-2025/101RECNX","RCNX0064.JPG","Nothing",1,"Species|Nothing"
"tl7","Nothing",2025-08-01 10:27:40,2025-08-01,"10:27:40",261770,4362.8,72.7,3,"E:/tenquille_sept_tagged/TL-7/21-09-2025/101RECNX","RCNX0068.JPG","Nothing",1,"Species|Nothing"
"tl7","Nothing",2025-08-08 00:58:33,2025-08-08,"00:58:33",570653,9510.9,158.5,6.6,"E:/tenquille_sept_tagged/TL-7/21-09-2025/101RECNX","RCNX0069.JPG","Nothing",1,"Species|Nothing"
"tl7","Nothing",2025-08-14 00:45:33,2025-08-14,"00:45:33",517620,8627,143.8,6,"E:/tenquille_sept_tagged/TL-7/21-09-2025/101RECNX","RCNX0072.JPG","Nothing",1,"Species|Nothing"
"tl7","Nothing",2025-08-16 12:37:24,2025-08-16,"12:37:24",215511,3591.8,59.9,2.5,"E:/tenquille_sept_tagged/TL-7/21-09-2025/101RECNX","RCNX0073.JPG","Nothing",1,"Species|Nothing"
"tl7","Nothing",2025-08-20 16:09:05,2025-08-20,"16:09:05",358301,5971.7,99.5,4.1,"E:/tenquille_sept_tagged/TL-7/21-09-2025/101RECNX","RCNX0074.JPG","Nothing",1,"Species|Nothing"
"tl7","Nothing",2025-08-22 05:54:47,2025-08-22,"05:54:47",135942,2265.7,37.8,1.6,"E:/tenquille_sept_tagged/TL-7/21-09-2025/101RECNX","RCNX0075.JPG","Nothing",1,"Species|Nothing"
"tl7","Nothing",2025-08-26 15:13:00,2025-08-26,"15:13:00",379093,6318.2,105.3,4.4,"E:/tenquille_sept_tagged/TL-7/21-09-2025/101RECNX","RCNX0078.JPG","Nothing",1,"Species|Nothing"
"tl7","Nothing",2025-08-31 12:33:02,2025-08-31,"12:33:02",422402,7040,117.3,4.9,"E:/tenquille_sept_tagged/TL-7/21-09-2025/101RECNX","RCNX0085.JPG","Nothing",2,"Species|Nothing"
"tl7","Nothing",2025-09-01 13:04:53,2025-09-01,"13:04:53",88267,1471.1,24.5,1,"E:/tenquille_sept_tagged/TL-7/21-09-2025/101RECNX","RCNX0088.JPG","Nothing",1,"Species|Nothing"
"tl7","Nothing",2025-09-03 15:21:37,2025-09-03,"15:21:37",181004,3016.7,50.3,2.1,"E:/tenquille_sept_tagged/TL-7/21-09-2025/101RECNX","RCNX0089.JPG","Nothing",1,"Species|Nothing"
"tl7","Nothing",2025-09-07 18:00:21,2025-09-07,"18:00:21",355124,5918.7,98.6,4.1,"E:/tenquille_sept_tagged/TL-7/21-09-2025/101RECNX","RCNX0091.JPG","Nothing",2,"Species|Nothing"
"tl7","Nothing",2025-09-08 08:30:13,2025-09-08,"08:30:13",52185,869.8,14.5,0.6,"E:/tenquille_sept_tagged/TL-7/21-09-2025/101RECNX","RCNX0095.JPG","Nothing",1,"Species|Nothing"
"tl7","Nothing",2025-09-11 06:43:19,2025-09-11,"06:43:19",252786,4213.1,70.2,2.9,"E:/tenquille_sept_tagged/TL-7/21-09-2025/101RECNX","RCNX0098.JPG","Nothing",1,"Species|Nothing"
"tl7","Nothing",2025-09-15 13:31:12,2025-09-15,"13:31:12",370073,6167.9,102.8,4.3,"E:/tenquille_sept_tagged/TL-7/21-09-2025/101RECNX","RCNX0104.JPG","Nothing",1,"Species|Nothing"
"tl7","Nothing",2025-09-16 13:23:20,2025-09-16,"13:23:20",85928,1432.1,23.9,1,"E:/tenquille_sept_tagged/TL-7/21-09-2025/101RECNX","RCNX0107.JPG","Nothing",1,"Species|Nothing"
"tl7","Nothing",2025-09-16 16:50:07,2025-09-16,"16:50:07",12407,206.8,3.4,0.1,"E:/tenquille_sept_tagged/TL-7/21-09-2025/101RECNX","RCNX0110.JPG","Nothing",1,"Species|Nothing"
"tl7","Nothing",2025-09-18 05:03:38,2025-09-18,"05:03:38",130411,2173.5,36.2,1.5,"E:/tenquille_sept_tagged/TL-7/21-09-2025/101RECNX","RCNX0113.JPG","Nothing",1,"Species|Nothing"
"tl7","People",2025-06-16 18:18:56,2025-06-16,"18:18:56",0,0,0,0,"E:/tenquille_sept_tagged/TL-7/21-09-2025/100RECNX","RCNX0001.JPG","People",12,"Species|People"
"tl7","People",2025-06-16 18:37:35,2025-06-16,"18:37:35",1068,17.8,0.3,0,"E:/tenquille_sept_tagged/TL-7/21-09-2025/101RECNX","RCNX0001.JPG","People",28,"Species|People"
"tl7","People",2025-09-19 18:01:36,2025-09-19,"18:01:36",8205740,136762.3,2279.4,95,"E:/tenquille_sept_tagged/TL-7/21-09-2025/101RECNX","RCNX0114.JPG","People",18,"Species|People"
"tl8","Bird",2025-08-17 20:31:10,2025-08-17,"20:31:10",0,0,0,0,"E:/tenquille_sept_tagged/TL-8/21-09-2025/102RECNX","RCNX0109.JPG","Bird",1,"Species|Bird"
"tl8","Bird",2025-09-04 13:42:16,2025-09-04,"13:42:16",1530666,25511.1,425.2,17.7,"E:/tenquille_sept_tagged/TL-8/21-09-2025/102RECNX","RCNX0120.JPG","Bird",1,"Species|Bird"
"tl8","Bird",2025-09-12 10:40:44,2025-09-12,"10:40:44",680308,11338.5,189,7.9,"E:/tenquille_sept_tagged/TL-8/21-09-2025/102RECNX","RCNX0127.JPG","Bird",1,"Species|Bird"
"tl8","Black bear",2025-07-01 04:44:11,2025-07-01,"04:44:11",0,0,0,0,"E:/tenquille_sept_tagged/TL-8/21-09-2025/102RECNX","RCNX0044.JPG","Black bear",1,"Species|Black bear"
"tl8","Black bear",2025-08-05 20:25:00,2025-08-05,"20:25:00",3080449,51340.8,855.7,35.7,"E:/tenquille_sept_tagged/TL-8/21-09-2025/102RECNX","RCNX0094.JPG","Black bear",4,"Species|Black bear"
"tl8","Black bear",2025-08-24 10:48:11,2025-08-24,"10:48:11",1603385,26723.1,445.4,18.6,"E:/tenquille_sept_tagged/TL-8/21-09-2025/102RECNX","RCNX0112.JPG","Black bear",4,"Species|Black bear"
"tl8","Nothing",2025-06-19 14:02:57,2025-06-19,"14:02:57",0,0,0,0,"E:/tenquille_sept_tagged/TL-8/21-09-2025/102RECNX","RCNX0001.JPG","Nothing",1,"Species|Nothing"
"tl8","Nothing",2025-06-19 14:11:09,2025-06-19,"14:11:09",492,8.2,0.1,0,"E:/tenquille_sept_tagged/TL-8/21-09-2025/102RECNX","RCNX0002.JPG","Nothing",1,"Species|Nothing"
"tl8","Nothing",2025-06-19 16:03:50,2025-06-19,"16:03:50",6761,112.7,1.9,0.1,"E:/tenquille_sept_tagged/TL-8/21-09-2025/102RECNX","RCNX0003.JPG","Nothing",1,"Species|Nothing"
"tl8","Nothing",2025-06-19 16:42:53,2025-06-19,"16:42:53",2343,39,0.7,0,"E:/tenquille_sept_tagged/TL-8/21-09-2025/102RECNX","RCNX0004.JPG","Nothing",1,"Species|Nothing"
"tl8","Nothing",2025-06-28 15:58:25,2025-06-28,"15:58:25",774932,12915.5,215.3,9,"E:/tenquille_sept_tagged/TL-8/21-09-2025/102RECNX","RCNX0007.JPG","Nothing",1,"Species|Nothing"
"tl8","Nothing",2025-06-28 16:50:00,2025-06-28,"16:50:00",3095,51.6,0.9,0,"E:/tenquille_sept_tagged/TL-8/21-09-2025/102RECNX","RCNX0008.JPG","Nothing",1,"Species|Nothing"
"tl8","Nothing",2025-06-29 12:50:41,2025-06-29,"12:50:41",72041,1200.7,20,0.8,"E:/tenquille_sept_tagged/TL-8/21-09-2025/102RECNX","RCNX0009.JPG","Nothing",1,"Species|Nothing"
"tl8","Nothing",2025-06-29 12:56:58,2025-06-29,"12:56:58",377,6.3,0.1,0,"E:/tenquille_sept_tagged/TL-8/21-09-2025/102RECNX","RCNX0010.JPG","Nothing",2,"Species|Nothing"
"tl8","Nothing",2025-06-29 13:02:24,2025-06-29,"13:02:24",323,5.4,0.1,0,"E:/tenquille_sept_tagged/TL-8/21-09-2025/102RECNX","RCNX0012.JPG","Nothing",2,"Species|Nothing"
"tl8","Nothing",2025-06-29 13:23:19,2025-06-29,"13:23:19",1249,20.8,0.3,0,"E:/tenquille_sept_tagged/TL-8/21-09-2025/102RECNX","RCNX0014.JPG","Nothing",1,"Species|Nothing"
"tl8","Nothing",2025-06-29 14:05:50,2025-06-29,"14:05:50",2551,42.5,0.7,0,"E:/tenquille_sept_tagged/TL-8/21-09-2025/102RECNX","RCNX0015.JPG","Nothing",9,"Species|Nothing"
"tl8","Nothing",2025-06-29 14:23:17,2025-06-29,"14:23:17",303,5,0.1,0,"E:/tenquille_sept_tagged/TL-8/21-09-2025/102RECNX","RCNX0024.JPG","Nothing",1,"Species|Nothing"
"tl8","Nothing",2025-06-29 14:34:04,2025-06-29,"14:34:04",647,10.8,0.2,0,"E:/tenquille_sept_tagged/TL-8/21-09-2025/102RECNX","RCNX0025.JPG","Nothing",3,"Species|Nothing"
"tl8","Nothing",2025-06-29 14:57:10,2025-06-29,"14:57:10",1230,20.5,0.3,0,"E:/tenquille_sept_tagged/TL-8/21-09-2025/102RECNX","RCNX0028.JPG","Nothing",2,"Species|Nothing"
"tl8","Nothing",2025-06-30 15:14:28,2025-06-30,"15:14:28",87392,1456.5,24.3,1,"E:/tenquille_sept_tagged/TL-8/21-09-2025/102RECNX","RCNX0033.JPG","Nothing",3,"Species|Nothing"
"tl8","Nothing",2025-06-30 15:28:48,2025-06-30,"15:28:48",855,14.2,0.2,0,"E:/tenquille_sept_tagged/TL-8/21-09-2025/102RECNX","RCNX0036.JPG","Nothing",8,"Species|Nothing"
"tl8","Nothing",2025-07-01 04:44:13,2025-07-01,"04:44:13",47543,792.4,13.2,0.5,"E:/tenquille_sept_tagged/TL-8/21-09-2025/102RECNX","RCNX0045.JPG","Nothing",1,"Species|Nothing"
"tl8","Nothing",2025-07-01 15:44:44,2025-07-01,"15:44:44",39631,660.5,11,0.5,"E:/tenquille_sept_tagged/TL-8/21-09-2025/102RECNX","RCNX0046.JPG","Nothing",1,"Species|Nothing"
"tl8","Nothing",2025-07-01 16:03:39,2025-07-01,"16:03:39",1135,18.9,0.3,0,"E:/tenquille_sept_tagged/TL-8/21-09-2025/102RECNX","RCNX0047.JPG","Nothing",2,"Species|Nothing"
"tl8","Nothing",2025-07-01 16:34:38,2025-07-01,"16:34:38",1857,31,0.5,0,"E:/tenquille_sept_tagged/TL-8/21-09-2025/102RECNX","RCNX0049.JPG","Nothing",1,"Species|Nothing"
"tl8","Nothing",2025-07-03 14:19:55,2025-07-03,"14:19:55",164717,2745.3,45.8,1.9,"E:/tenquille_sept_tagged/TL-8/21-09-2025/102RECNX","RCNX0050.JPG","Nothing",2,"Species|Nothing"
"tl8","Nothing",2025-07-04 13:08:34,2025-07-04,"13:08:34",82117,1368.6,22.8,1,"E:/tenquille_sept_tagged/TL-8/21-09-2025/102RECNX","RCNX0052.JPG","Nothing",3,"Species|Nothing"
"tl8","Nothing",2025-07-04 16:14:29,2025-07-04,"16:14:29",11100,185,3.1,0.1,"E:/tenquille_sept_tagged/TL-8/21-09-2025/102RECNX","RCNX0055.JPG","Nothing",1,"Species|Nothing"
"tl8","Nothing",2025-07-04 16:40:13,2025-07-04,"16:40:13",1544,25.7,0.4,0,"E:/tenquille_sept_tagged/TL-8/21-09-2025/102RECNX","RCNX0056.JPG","Nothing",1,"Species|Nothing"
"tl8","Nothing",2025-07-07 13:29:09,2025-07-07,"13:29:09",247736,4128.9,68.8,2.9,"E:/tenquille_sept_tagged/TL-8/21-09-2025/102RECNX","RCNX0057.JPG","Nothing",1,"Species|Nothing"
"tl8","Nothing",2025-07-07 13:35:32,2025-07-07,"13:35:32",383,6.4,0.1,0,"E:/tenquille_sept_tagged/TL-8/21-09-2025/102RECNX","RCNX0058.JPG","Nothing",1,"Species|Nothing"
"tl8","Nothing",2025-07-07 13:50:00,2025-07-07,"13:50:00",868,14.5,0.2,0,"E:/tenquille_sept_tagged/TL-8/21-09-2025/102RECNX","RCNX0059.JPG","Nothing",1,"Species|Nothing"
"tl8","Nothing",2025-07-07 14:35:41,2025-07-07,"14:35:41",2741,45.7,0.8,0,"E:/tenquille_sept_tagged/TL-8/21-09-2025/102RECNX","RCNX0060.JPG","Nothing",2,"Species|Nothing"
"tl8","Nothing",2025-07-07 16:52:28,2025-07-07,"16:52:28",8075,134.6,2.2,0.1,"E:/tenquille_sept_tagged/TL-8/21-09-2025/102RECNX","RCNX0062.JPG","Nothing",1,"Species|Nothing"
"tl8","Nothing",2025-07-12 13:53:39,2025-07-12,"13:53:39",421271,7021.2,117,4.9,"E:/tenquille_sept_tagged/TL-8/21-09-2025/102RECNX","RCNX0063.JPG","Nothing",4,"Species|Nothing"
"tl8","Nothing",2025-07-12 15:50:23,2025-07-12,"15:50:23",6990,116.5,1.9,0.1,"E:/tenquille_sept_tagged/TL-8/21-09-2025/102RECNX","RCNX0067.JPG","Nothing",2,"Species|Nothing"
"tl8","Nothing",2025-07-14 13:45:46,2025-07-14,"13:45:46",165321,2755.3,45.9,1.9,"E:/tenquille_sept_tagged/TL-8/21-09-2025/102RECNX","RCNX0069.JPG","Nothing",1,"Species|Nothing"
"tl8","Nothing",2025-07-14 16:04:58,2025-07-14,"16:04:58",8352,139.2,2.3,0.1,"E:/tenquille_sept_tagged/TL-8/21-09-2025/102RECNX","RCNX0070.JPG","Nothing",1,"Species|Nothing"
"tl8","Nothing",2025-07-15 14:09:53,2025-07-15,"14:09:53",79495,1324.9,22.1,0.9,"E:/tenquille_sept_tagged/TL-8/21-09-2025/102RECNX","RCNX0071.JPG","Nothing",1,"Species|Nothing"
"tl8","Nothing",2025-07-15 16:02:18,2025-07-15,"16:02:18",6745,112.4,1.9,0.1,"E:/tenquille_sept_tagged/TL-8/21-09-2025/102RECNX","RCNX0072.JPG","Nothing",1,"Species|Nothing"
"tl8","Nothing",2025-07-16 14:22:13,2025-07-16,"14:22:13",80395,1339.9,22.3,0.9,"E:/tenquille_sept_tagged/TL-8/21-09-2025/102RECNX","RCNX0073.JPG","Nothing",1,"Species|Nothing"
"tl8","Nothing",2025-07-16 14:35:32,2025-07-16,"14:35:32",799,13.3,0.2,0,"E:/tenquille_sept_tagged/TL-8/21-09-2025/102RECNX","RCNX0074.JPG","Nothing",1,"Species|Nothing"
"tl8","Nothing",2025-07-16 15:57:31,2025-07-16,"15:57:31",4919,82,1.4,0.1,"E:/tenquille_sept_tagged/TL-8/21-09-2025/102RECNX","RCNX0075.JPG","Nothing",1,"Species|Nothing"
"tl8","Nothing",2025-07-16 16:09:50,2025-07-16,"16:09:50",739,12.3,0.2,0,"E:/tenquille_sept_tagged/TL-8/21-09-2025/102RECNX","RCNX0076.JPG","Nothing",1,"Species|Nothing"
"tl8","Nothing",2025-07-17 16:59:08,2025-07-17,"16:59:08",89358,1489.3,24.8,1,"E:/tenquille_sept_tagged/TL-8/21-09-2025/102RECNX","RCNX0077.JPG","Nothing",1,"Species|Nothing"
"tl8","Nothing",2025-07-22 15:39:44,2025-07-22,"15:39:44",427236,7120.6,118.7,4.9,"E:/tenquille_sept_tagged/TL-8/21-09-2025/102RECNX","RCNX0078.JPG","Nothing",1,"Species|Nothing"
"tl8","Nothing",2025-07-22 16:18:11,2025-07-22,"16:18:11",2307,38.5,0.6,0,"E:/tenquille_sept_tagged/TL-8/21-09-2025/102RECNX","RCNX0079.JPG","Nothing",1,"Species|Nothing"
"tl8","Nothing",2025-07-24 15:39:42,2025-07-24,"15:39:42",170491,2841.5,47.4,2,"E:/tenquille_sept_tagged/TL-8/21-09-2025/102RECNX","RCNX0080.JPG","Nothing",1,"Species|Nothing"
"tl8","Nothing",2025-07-24 15:50:25,2025-07-24,"15:50:25",643,10.7,0.2,0,"E:/tenquille_sept_tagged/TL-8/21-09-2025/102RECNX","RCNX0081.JPG","Nothing",1,"Species|Nothing"
"tl8","Nothing",2025-07-24 16:00:42,2025-07-24,"16:00:42",617,10.3,0.2,0,"E:/tenquille_sept_tagged/TL-8/21-09-2025/102RECNX","RCNX0082.JPG","Nothing",5,"Species|Nothing"
"tl8","Nothing",2025-07-24 16:12:34,2025-07-24,"16:12:34",656,10.9,0.2,0,"E:/tenquille_sept_tagged/TL-8/21-09-2025/102RECNX","RCNX0087.JPG","Nothing",3,"Species|Nothing"
"tl8","Nothing",2025-07-28 15:05:52,2025-07-28,"15:05:52",341504,5691.7,94.9,4,"E:/tenquille_sept_tagged/TL-8/21-09-2025/102RECNX","RCNX0090.JPG","Nothing",1,"Species|Nothing"
"tl8","Nothing",2025-07-29 16:10:10,2025-07-29,"16:10:10",90258,1504.3,25.1,1,"E:/tenquille_sept_tagged/TL-8/21-09-2025/102RECNX","RCNX0091.JPG","Nothing",1,"Species|Nothing"
"tl8","Nothing",2025-07-31 14:39:01,2025-07-31,"14:39:01",167331,2788.8,46.5,1.9,"E:/tenquille_sept_tagged/TL-8/21-09-2025/102RECNX","RCNX0092.JPG","Nothing",1,"Species|Nothing"
"tl8","Nothing",2025-08-02 14:34:21,2025-08-02,"14:34:21",172520,2875.3,47.9,2,"E:/tenquille_sept_tagged/TL-8/21-09-2025/102RECNX","RCNX0093.JPG","Nothing",1,"Species|Nothing"
"tl8","Nothing",2025-08-05 20:25:09,2025-08-05,"20:25:09",280248,4670.8,77.8,3.2,"E:/tenquille_sept_tagged/TL-8/21-09-2025/102RECNX","RCNX0098.JPG","Nothing",1,"Species|Nothing"
"tl8","Nothing",2025-08-09 13:13:49,2025-08-09,"13:13:49",316120,5268.7,87.8,3.7,"E:/tenquille_sept_tagged/TL-8/21-09-2025/102RECNX","RCNX0099.JPG","Nothing",1,"Species|Nothing"
"tl8","Nothing",2025-08-09 13:50:27,2025-08-09,"13:50:27",2198,36.6,0.6,0,"E:/tenquille_sept_tagged/TL-8/21-09-2025/102RECNX","RCNX0100.JPG","Nothing",1,"Species|Nothing"
"tl8","Nothing",2025-08-11 16:38:08,2025-08-11,"16:38:08",182861,3047.7,50.8,2.1,"E:/tenquille_sept_tagged/TL-8/21-09-2025/102RECNX","RCNX0101.JPG","Nothing",1,"Species|Nothing"
"tl8","Nothing",2025-08-12 16:08:33,2025-08-12,"16:08:33",84625,1410.4,23.5,1,"E:/tenquille_sept_tagged/TL-8/21-09-2025/102RECNX","RCNX0102.JPG","Nothing",2,"Species|Nothing"
"tl8","Nothing",2025-08-12 16:22:53,2025-08-12,"16:22:53",857,14.3,0.2,0,"E:/tenquille_sept_tagged/TL-8/21-09-2025/102RECNX","RCNX0104.JPG","Nothing",3,"Species|Nothing"
"tl8","Nothing",2025-08-13 16:14:04,2025-08-13,"16:14:04",85348,1422.5,23.7,1,"E:/tenquille_sept_tagged/TL-8/21-09-2025/102RECNX","RCNX0107.JPG","Nothing",1,"Species|Nothing"
"tl8","Nothing",2025-08-23 15:36:19,2025-08-23,"15:36:19",861735,14362.2,239.4,10,"E:/tenquille_sept_tagged/TL-8/21-09-2025/102RECNX","RCNX0111.JPG","Nothing",1,"Species|Nothing"
"tl8","Nothing",2025-08-26 16:23:22,2025-08-26,"16:23:22",262023,4367,72.8,3,"E:/tenquille_sept_tagged/TL-8/21-09-2025/102RECNX","RCNX0116.JPG","Nothing",1,"Species|Nothing"
"tl8","Nothing",2025-08-31 01:18:22,2025-08-31,"01:18:22",377700,6295,104.9,4.4,"E:/tenquille_sept_tagged/TL-8/21-09-2025/102RECNX","RCNX0118.JPG","Nothing",1,"Species|Nothing"
"tl8","Nothing",2025-09-03 21:04:14,2025-09-03,"21:04:14",330352,5505.9,91.8,3.8,"E:/tenquille_sept_tagged/TL-8/21-09-2025/102RECNX","RCNX0119.JPG","Nothing",1,"Species|Nothing"
"tl8","Nothing",2025-09-11 15:12:48,2025-09-11,"15:12:48",670114,11168.6,186.1,7.8,"E:/tenquille_sept_tagged/TL-8/21-09-2025/102RECNX","RCNX0122.JPG","Nothing",1,"Species|Nothing"
"tl8","People",2025-06-19 08:38:41,2025-06-19,"08:38:41",0,0,0,0,"E:/tenquille_sept_tagged/TL-8/21-09-2025/100RECNX","RCNX0001.JPG","People",19,"Species|People"
"tl8","People",2025-06-19 08:44:58,2025-06-19,"08:44:58",314,5.2,0.1,0,"E:/tenquille_sept_tagged/TL-8/21-09-2025/101RECNX","RCNX0001.JPG","People",13,"Species|People"
"tl8","People",2025-09-21 09:50:07,2025-09-21,"09:50:07",8121872,135364.5,2256.1,94,"E:/tenquille_sept_tagged/TL-8/21-09-2025/102RECNX","RCNX0129.JPG","People",8,"Species|People"
"tl8","Snowshoe hare",2025-06-30 01:19:40,2025-06-30,"01:19:40",0,0,0,0,"E:/tenquille_sept_tagged/TL-8/21-09-2025/102RECNX","RCNX0030.JPG","Snowshoe hare",2,"Species|Snowshoe hare"
"tl8","Snowshoe hare",2025-06-30 01:34:17,2025-06-30,"01:34:17",864,14.4,0.2,0,"E:/tenquille_sept_tagged/TL-8/21-09-2025/102RECNX","RCNX0032.JPG","Snowshoe hare",1,"Species|Snowshoe hare"
"tl8","Snowshoe hare",2025-08-17 02:27:40,2025-08-17,"02:27:40",4146803,69113.4,1151.9,48,"E:/tenquille_sept_tagged/TL-8/21-09-2025/102RECNX","RCNX0108.JPG","Snowshoe hare",1,"Species|Snowshoe hare"
"tl8","Snowshoe hare",2025-08-20 04:53:48,2025-08-20,"04:53:48",267968,4466.1,74.4,3.1,"E:/tenquille_sept_tagged/TL-8/21-09-2025/102RECNX","RCNX0110.JPG","Snowshoe hare",1,"Species|Snowshoe hare"
"tl8","Snowshoe hare",2025-08-31 01:18:19,2025-08-31,"01:18:19",937471,15624.5,260.4,10.8,"E:/tenquille_sept_tagged/TL-8/21-09-2025/102RECNX","RCNX0117.JPG","Snowshoe hare",1,"Species|Snowshoe hare"
"tl8","Snowshoe hare",2025-09-08 20:51:19,2025-09-08,"20:51:19",761580,12693,211.6,8.8,"E:/tenquille_sept_tagged/TL-8/21-09-2025/102RECNX","RCNX0121.JPG","Snowshoe hare",1,"Species|Snowshoe hare"
"tl8","Snowshoe hare",2025-09-12 02:53:08,2025-09-12,"02:53:08",280909,4681.8,78,3.2,"E:/tenquille_sept_tagged/TL-8/21-09-2025/102RECNX","RCNX0123.JPG","Snowshoe hare",3,"Species|Snowshoe hare"
"tl8","Snowshoe hare",2025-09-12 03:12:22,2025-09-12,"03:12:22",1114,18.6,0.3,0,"E:/tenquille_sept_tagged/TL-8/21-09-2025/102RECNX","RCNX0126.JPG","Snowshoe hare",1,"Species|Snowshoe hare"
"tl8","Snowshoe hare",2025-09-20 03:27:58,2025-09-20,"03:27:58",692136,11535.6,192.3,8,"E:/tenquille_sept_tagged/TL-8/21-09-2025/102RECNX","RCNX0128.JPG","Snowshoe hare",1,"Species|Snowshoe hare"
"tl9","Bear",2025-09-17 00:27:11,2025-09-17,"00:27:11",0,0,0,0,"E:/tenquille_sept_tagged/TL-9/21-09-2025/102RECNX","RCNX0141.JPG","Bear",3,"Species|Bear"
"tl9","Bird",2025-08-29 10:12:16,2025-08-29,"10:12:16",0,0,0,0,"E:/tenquille_sept_tagged/TL-9/21-09-2025/102RECNX","RCNX0101.JPG","Bird",2,"Species|Bird"
"tl9","Douglas squirrel",2025-08-23 07:39:53,2025-08-23,"07:39:53",0,0,0,0,"E:/tenquille_sept_tagged/TL-9/21-09-2025/102RECNX","RCNX0099.JPG","Douglas squirrel",1,"Species|Douglas squirrel"
"tl9","Grizzly bear",2025-08-22 16:55:04,2025-08-22,"16:55:04",0,0,0,0,"E:/tenquille_sept_tagged/TL-9/21-09-2025/102RECNX","RCNX0094.JPG","Grizzly bear",4,"Species|Grizzly bear"
"tl9","Grizzly bear",2025-08-30 22:35:13,2025-08-30,"22:35:13",711601,11860,197.7,8.2,"E:/tenquille_sept_tagged/TL-9/21-09-2025/102RECNX","RCNX0103.JPG","Grizzly bear",3,"Species|Grizzly bear"
"tl9","Mouse",2025-09-14 21:37:55,2025-09-14,"21:37:55",0,0,0,0,"E:/tenquille_sept_tagged/TL-9/21-09-2025/102RECNX","RCNX0127.JPG","Mouse",1,"Species|Mouse"
"tl9","Mule deer",2025-07-07 07:51:08,2025-07-07,"07:51:08",0,0,0,0,"E:/tenquille_sept_tagged/TL-9/21-09-2025/102RECNX","RCNX0006.JPG","Mule deer",6,"Species|Mule deer"
"tl9","Mule deer",2025-07-15 10:47:24,2025-07-15,"10:47:24",701745,11695.8,194.9,8.1,"E:/tenquille_sept_tagged/TL-9/21-09-2025/102RECNX","RCNX0013.JPG","Mule deer",2,"Species|Mule deer"
"tl9","Mule deer",2025-07-22 09:16:48,2025-07-22,"09:16:48",599362,9989.4,166.5,6.9,"E:/tenquille_sept_tagged/TL-9/21-09-2025/102RECNX","RCNX0018.JPG","Mule deer",8,"Species|Mule deer"
"tl9","Mule deer",2025-08-02 22:54:12,2025-08-02,"22:54:12",999429,16657.2,277.6,11.6,"E:/tenquille_sept_tagged/TL-9/21-09-2025/102RECNX","RCNX0083.JPG","Mule deer",6,"Species|Mule deer"
"tl9","Mule deer",2025-09-08 09:19:03,2025-09-08,"09:19:03",3147880,52464.7,874.4,36.4,"E:/tenquille_sept_tagged/TL-9/21-09-2025/102RECNX","RCNX0112.JPG","Mule deer",2,"Species|Mule deer"
"tl9","Nothing",2025-07-04 15:15:13,2025-07-04,"15:15:13",0,0,0,0,"E:/tenquille_sept_tagged/TL-9/21-09-2025/102RECNX","RCNX0005.JPG","Nothing",1,"Species|Nothing"
"tl9","Nothing",2025-07-15 10:47:21,2025-07-15,"10:47:21",934328,15572.1,259.5,10.8,"E:/tenquille_sept_tagged/TL-9/21-09-2025/102RECNX","RCNX0012.JPG","Nothing",2,"Species|Nothing"
"tl9","Nothing",2025-07-19 16:22:36,2025-07-19,"16:22:36",365708,6095.1,101.6,4.2,"E:/tenquille_sept_tagged/TL-9/21-09-2025/102RECNX","RCNX0016.JPG","Nothing",1,"Species|Nothing"
"tl9","Nothing",2025-07-19 19:59:17,2025-07-19,"19:59:17",13001,216.7,3.6,0.1,"E:/tenquille_sept_tagged/TL-9/21-09-2025/102RECNX","RCNX0017.JPG","Nothing",1,"Species|Nothing"
"tl9","Nothing",2025-07-22 09:17:05,2025-07-22,"09:17:05",220668,3677.8,61.3,2.6,"E:/tenquille_sept_tagged/TL-9/21-09-2025/102RECNX","RCNX0026.JPG","Nothing",1,"Species|Nothing"
"tl9","Nothing",2025-07-22 12:18:25,2025-07-22,"12:18:25",10880,181.3,3,0.1,"E:/tenquille_sept_tagged/TL-9/21-09-2025/102RECNX","RCNX0027.JPG","Nothing",2,"Species|Nothing"
"tl9","Nothing",2025-07-22 12:39:24,2025-07-22,"12:39:24",1101,18.4,0.3,0,"E:/tenquille_sept_tagged/TL-9/21-09-2025/102RECNX","RCNX0029.JPG","Nothing",1,"Species|Nothing"
"tl9","Nothing",2025-07-23 12:02:53,2025-07-23,"12:02:53",84209,1403.5,23.4,1,"E:/tenquille_sept_tagged/TL-9/21-09-2025/102RECNX","RCNX0030.JPG","Nothing",1,"Species|Nothing"
"tl9","Nothing",2025-07-23 12:10:27,2025-07-23,"12:10:27",454,7.6,0.1,0,"E:/tenquille_sept_tagged/TL-9/21-09-2025/102RECNX","RCNX0031.JPG","Nothing",2,"Species|Nothing"
"tl9","Nothing",2025-07-23 12:15:57,2025-07-23,"12:15:57",306,5.1,0.1,0,"E:/tenquille_sept_tagged/TL-9/21-09-2025/102RECNX","RCNX0033.JPG","Nothing",5,"Species|Nothing"
"tl9","Nothing",2025-07-23 12:27:54,2025-07-23,"12:27:54",338,5.6,0.1,0,"E:/tenquille_sept_tagged/TL-9/21-09-2025/102RECNX","RCNX0038.JPG","Nothing",8,"Species|Nothing"
"tl9","Nothing",2025-07-23 12:41:01,2025-07-23,"12:41:01",344,5.7,0.1,0,"E:/tenquille_sept_tagged/TL-9/21-09-2025/102RECNX","RCNX0046.JPG","Nothing",2,"Species|Nothing"
"tl9","Nothing",2025-07-23 13:12:57,2025-07-23,"13:12:57",1788,29.8,0.5,0,"E:/tenquille_sept_tagged/TL-9/21-09-2025/102RECNX","RCNX0048.JPG","Nothing",1,"Species|Nothing"
"tl9","Nothing",2025-07-23 15:59:57,2025-07-23,"15:59:57",10020,167,2.8,0.1,"E:/tenquille_sept_tagged/TL-9/21-09-2025/102RECNX","RCNX0049.JPG","Nothing",1,"Species|Nothing"
"tl9","Nothing",2025-07-23 17:03:05,2025-07-23,"17:03:05",3788,63.1,1.1,0,"E:/tenquille_sept_tagged/TL-9/21-09-2025/102RECNX","RCNX0050.JPG","Nothing",1,"Species|Nothing"
"tl9","Nothing",2025-07-25 17:14:02,2025-07-25,"17:14:02",173457,2890.9,48.2,2,"E:/tenquille_sept_tagged/TL-9/21-09-2025/102RECNX","RCNX0051.JPG","Nothing",1,"Species|Nothing"
"tl9","Nothing",2025-07-27 14:54:27,2025-07-27,"14:54:27",164425,2740.4,45.7,1.9,"E:/tenquille_sept_tagged/TL-9/21-09-2025/102RECNX","RCNX0052.JPG","Nothing",2,"Species|Nothing"
"tl9","Nothing",2025-07-27 15:24:08,2025-07-27,"15:24:08",1760,29.3,0.5,0,"E:/tenquille_sept_tagged/TL-9/21-09-2025/102RECNX","RCNX0054.JPG","Nothing",1,"Species|Nothing"
"tl9","Nothing",2025-07-27 15:44:35,2025-07-27,"15:44:35",1227,20.4,0.3,0,"E:/tenquille_sept_tagged/TL-9/21-09-2025/102RECNX","RCNX0055.JPG","Nothing",1,"Species|Nothing"
"tl9","Nothing",2025-07-27 16:05:40,2025-07-27,"16:05:40",1265,21.1,0.4,0,"E:/tenquille_sept_tagged/TL-9/21-09-2025/102RECNX","RCNX0056.JPG","Nothing",1,"Species|Nothing"
"tl9","Nothing",2025-07-27 16:23:58,2025-07-27,"16:23:58",1098,18.3,0.3,0,"E:/tenquille_sept_tagged/TL-9/21-09-2025/102RECNX","RCNX0057.JPG","Nothing",2,"Species|Nothing"
"tl9","Nothing",2025-07-27 16:34:34,2025-07-27,"16:34:34",348,5.8,0.1,0,"E:/tenquille_sept_tagged/TL-9/21-09-2025/102RECNX","RCNX0059.JPG","Nothing",1,"Species|Nothing"
"tl9","Nothing",2025-07-27 17:25:35,2025-07-27,"17:25:35",3061,51,0.8,0,"E:/tenquille_sept_tagged/TL-9/21-09-2025/102RECNX","RCNX0060.JPG","Nothing",2,"Species|Nothing"
"tl9","Nothing",2025-07-27 17:38:25,2025-07-27,"17:38:25",610,10.2,0.2,0,"E:/tenquille_sept_tagged/TL-9/21-09-2025/102RECNX","RCNX0062.JPG","Nothing",1,"Species|Nothing"
"tl9","Nothing",2025-07-27 17:48:56,2025-07-27,"17:48:56",631,10.5,0.2,0,"E:/tenquille_sept_tagged/TL-9/21-09-2025/102RECNX","RCNX0063.JPG","Nothing",1,"Species|Nothing"
"tl9","Nothing",2025-07-28 12:41:26,2025-07-28,"12:41:26",67950,1132.5,18.9,0.8,"E:/tenquille_sept_tagged/TL-9/21-09-2025/102RECNX","RCNX0064.JPG","Nothing",5,"Species|Nothing"
"tl9","Nothing",2025-07-28 15:34:20,2025-07-28,"15:34:20",10313,171.9,2.9,0.1,"E:/tenquille_sept_tagged/TL-9/21-09-2025/102RECNX","RCNX0069.JPG","Nothing",1,"Species|Nothing"
"tl9","Nothing",2025-07-28 17:31:57,2025-07-28,"17:31:57",7057,117.6,2,0.1,"E:/tenquille_sept_tagged/TL-9/21-09-2025/102RECNX","RCNX0070.JPG","Nothing",1,"Species|Nothing"
"tl9","Nothing",2025-07-29 13:34:09,2025-07-29,"13:34:09",72132,1202.2,20,0.8,"E:/tenquille_sept_tagged/TL-9/21-09-2025/102RECNX","RCNX0071.JPG","Nothing",1,"Species|Nothing"
"tl9","Nothing",2025-07-29 14:10:19,2025-07-29,"14:10:19",2170,36.2,0.6,0,"E:/tenquille_sept_tagged/TL-9/21-09-2025/102RECNX","RCNX0072.JPG","Nothing",1,"Species|Nothing"
"tl9","Nothing",2025-07-29 14:33:18,2025-07-29,"14:33:18",1379,23,0.4,0,"E:/tenquille_sept_tagged/TL-9/21-09-2025/102RECNX","RCNX0073.JPG","Nothing",1,"Species|Nothing"
"tl9","Nothing",2025-07-30 13:30:34,2025-07-30,"13:30:34",82636,1377.3,23,1,"E:/tenquille_sept_tagged/TL-9/21-09-2025/102RECNX","RCNX0074.JPG","Nothing",1,"Species|Nothing"
"tl9","Nothing",2025-07-30 17:02:22,2025-07-30,"17:02:22",12708,211.8,3.5,0.1,"E:/tenquille_sept_tagged/TL-9/21-09-2025/102RECNX","RCNX0075.JPG","Nothing",1,"Species|Nothing"
"tl9","Nothing",2025-07-31 14:00:18,2025-07-31,"14:00:18",75476,1257.9,21,0.9,"E:/tenquille_sept_tagged/TL-9/21-09-2025/102RECNX","RCNX0076.JPG","Nothing",1,"Species|Nothing"
"tl9","Nothing",2025-07-31 15:06:50,2025-07-31,"15:06:50",3992,66.5,1.1,0,"E:/tenquille_sept_tagged/TL-9/21-09-2025/102RECNX","RCNX0077.JPG","Nothing",1,"Species|Nothing"
"tl9","Nothing",2025-08-01 14:26:40,2025-08-01,"14:26:40",83990,1399.8,23.3,1,"E:/tenquille_sept_tagged/TL-9/21-09-2025/102RECNX","RCNX0078.JPG","Nothing",1,"Species|Nothing"
"tl9","Nothing",2025-08-02 11:58:03,2025-08-02,"11:58:03",77483,1291.4,21.5,0.9,"E:/tenquille_sept_tagged/TL-9/21-09-2025/102RECNX","RCNX0079.JPG","Nothing",1,"Species|Nothing"
"tl9","Nothing",2025-08-02 13:46:03,2025-08-02,"13:46:03",6480,108,1.8,0.1,"E:/tenquille_sept_tagged/TL-9/21-09-2025/102RECNX","RCNX0080.JPG","Nothing",1,"Species|Nothing"
"tl9","Nothing",2025-08-02 14:15:11,2025-08-02,"14:15:11",1748,29.1,0.5,0,"E:/tenquille_sept_tagged/TL-9/21-09-2025/102RECNX","RCNX0081.JPG","Nothing",1,"Species|Nothing"
"tl9","Nothing",2025-08-02 22:54:09,2025-08-02,"22:54:09",31138,519,8.7,0.4,"E:/tenquille_sept_tagged/TL-9/21-09-2025/102RECNX","RCNX0082.JPG","Nothing",2,"Species|Nothing"
"tl9","Nothing",2025-08-03 13:38:00,2025-08-03,"13:38:00",53015,883.6,14.7,0.6,"E:/tenquille_sept_tagged/TL-9/21-09-2025/102RECNX","RCNX0090.JPG","Nothing",1,"Species|Nothing"
"tl9","Nothing",2025-08-03 14:11:58,2025-08-03,"14:11:58",2038,34,0.6,0,"E:/tenquille_sept_tagged/TL-9/21-09-2025/102RECNX","RCNX0091.JPG","Nothing",1,"Species|Nothing"
"tl9","Nothing",2025-08-03 14:17:37,2025-08-03,"14:17:37",339,5.7,0.1,0,"E:/tenquille_sept_tagged/TL-9/21-09-2025/102RECNX","RCNX0092.JPG","Nothing",1,"Species|Nothing"
"tl9","Nothing",2025-08-11 10:50:03,2025-08-11,"10:50:03",678746,11312.4,188.5,7.9,"E:/tenquille_sept_tagged/TL-9/21-09-2025/102RECNX","RCNX0093.JPG","Nothing",1,"Species|Nothing"
"tl9","Nothing",2025-08-22 16:55:14,2025-08-22,"16:55:14",972311,16205.2,270.1,11.3,"E:/tenquille_sept_tagged/TL-9/21-09-2025/102RECNX","RCNX0098.JPG","Nothing",1,"Species|Nothing"
"tl9","Nothing",2025-08-23 07:39:55,2025-08-23,"07:39:55",53081,884.7,14.7,0.6,"E:/tenquille_sept_tagged/TL-9/21-09-2025/102RECNX","RCNX0100.JPG","Nothing",1,"Species|Nothing"
"tl9","Nothing",2025-09-01 14:08:03,2025-09-01,"14:08:03",800888,13348.1,222.5,9.3,"E:/tenquille_sept_tagged/TL-9/21-09-2025/102RECNX","RCNX0106.JPG","Nothing",3,"Species|Nothing"
"tl9","Nothing",2025-09-01 14:23:50,2025-09-01,"14:23:50",606,10.1,0.2,0,"E:/tenquille_sept_tagged/TL-9/21-09-2025/102RECNX","RCNX0109.JPG","Nothing",3,"Species|Nothing"
"tl9","Nothing",2025-09-12 14:58:36,2025-09-12,"14:58:36",952387,15873.1,264.6,11,"E:/tenquille_sept_tagged/TL-9/21-09-2025/102RECNX","RCNX0114.JPG","Nothing",1,"Species|Nothing"
"tl9","Nothing",2025-09-13 14:47:01,2025-09-13,"14:47:01",85705,1428.4,23.8,1,"E:/tenquille_sept_tagged/TL-9/21-09-2025/102RECNX","RCNX0115.JPG","Nothing",8,"Species|Nothing"
"tl9","Nothing",2025-09-13 15:03:41,2025-09-13,"15:03:41",412,6.9,0.1,0,"E:/tenquille_sept_tagged/TL-9/21-09-2025/102RECNX","RCNX0123.JPG","Nothing",4,"Species|Nothing"
"tl9","Nothing",2025-09-15 14:29:41,2025-09-15,"14:29:41",170253,2837.6,47.3,2,"E:/tenquille_sept_tagged/TL-9/21-09-2025/102RECNX","RCNX0128.JPG","Nothing",2,"Species|Nothing"
"tl9","Nothing",2025-09-15 14:40:39,2025-09-15,"14:40:39",379,6.3,0.1,0,"E:/tenquille_sept_tagged/TL-9/21-09-2025/102RECNX","RCNX0130.JPG","Nothing",5,"Species|Nothing"
"tl9","Nothing",2025-09-15 14:55:35,2025-09-15,"14:55:35",436,7.3,0.1,0,"E:/tenquille_sept_tagged/TL-9/21-09-2025/102RECNX","RCNX0135.JPG","Nothing",1,"Species|Nothing"
"tl9","Nothing",2025-09-16 13:41:31,2025-09-16,"13:41:31",81956,1365.9,22.8,1,"E:/tenquille_sept_tagged/TL-9/21-09-2025/102RECNX","RCNX0136.JPG","Nothing",1,"Species|Nothing"
"tl9","Nothing",2025-09-16 15:37:04,2025-09-16,"15:37:04",6933,115.6,1.9,0.1,"E:/tenquille_sept_tagged/TL-9/21-09-2025/102RECNX","RCNX0137.JPG","Nothing",1,"Species|Nothing"
"tl9","Nothing",2025-09-16 15:46:29,2025-09-16,"15:46:29",565,9.4,0.2,0,"E:/tenquille_sept_tagged/TL-9/21-09-2025/102RECNX","RCNX0138.JPG","Nothing",3,"Species|Nothing"
"tl9","Nothing",2025-09-19 06:23:19,2025-09-19,"06:23:19",225113,3751.9,62.5,2.6,"E:/tenquille_sept_tagged/TL-9/21-09-2025/102RECNX","RCNX0144.JPG","Nothing",1,"Species|Nothing"
"tl9","People",2025-06-19 10:59:20,2025-06-19,"10:59:20",0,0,0,0,"E:/tenquille_sept_tagged/TL-9/21-09-2025/100RECNX","RCNX0001.JPG","People",30,"Species|People"
"tl9","People",2025-06-19 11:15:29,2025-06-19,"11:15:29",667,11.1,0.2,0,"E:/tenquille_sept_tagged/TL-9/21-09-2025/102RECNX","RCNX0001.JPG","People",4,"Species|People"
"tl9","People",2025-09-21 12:12:09,2025-09-21,"12:12:09",8124980,135416.3,2256.9,94,"E:/tenquille_sept_tagged/TL-9/21-09-2025/102RECNX","RCNX0145.JPG","People",6,"Species|People"
